Nom;Reference_SKU;Prix_TTC;Devise;Disponibilite;Categorie;URL_Produit;URL_Image;Description
Châssis central d'occasion Huawei Ascend (Y330);5413;9.5;EUR;En stock;Huawei > Gamme Ascend > Ascend (Y330);https://www.pieces2mobile.com/chassis-central-d-occasion-huawei-ascend-y330.html;https://www.pieces2mobile.com/media/catalog/product/cache/08ce6ea9b7ea9e423fa7c2e2ae0fab3c/c/h/chassis_central_huawei_ascend_y330_occasion_1_.jpg;DIAGNOSTIC DE LA PANNE Le châssis central de votre Ascend (Y330) est abîmé, fendu ou cassé, il n'est donc plus valable. Il ne semble plus tenir en place ou ne maintient plus correctement les pièces internes. Les parties visibles (contours,...) de votre smartphone ou tablette Huawei sont abîmées, rayées et nuisent à l'esthétique générale. Heureusement, cette panne est réparable, et ce châssis centr...
Kit de vis Huawei Ascend (Y330);5419;5;EUR;En stock;Huawei > Gamme Ascend > Ascend (Y330);https://www.pieces2mobile.com/kit-de-vis-huawei-ascend-y330.html;https://www.pieces2mobile.com/media/catalog/product/cache/08ce6ea9b7ea9e423fa7c2e2ae0fab3c/v/i/vis_huawei_ascend_y330_occasion.jpg;DIAGNOSTIC DE LA PANNE Vous avez abîmé ou endommagé votre Ascend (Y330) par accident. Le kit complet, de vis de votre smartphone ou tablette Huawei ne fonctionne plus. Heureusement, cette panne est réparable, et cette pièce de qualité vous permet d'en effectuer le dépannage.NOS CONSEILS Lors de l'achat, il est conseillé de vérifier votre modèle de smartphone/tablette par sa référence plutôt que pa...
Caméra arrière Huawei Ascend (Y330);5418;12;EUR;En stock;Huawei > Gamme Ascend > Ascend (Y330);https://www.pieces2mobile.com/camera-arriere-huawei-ascend-y330.html;https://www.pieces2mobile.com/media/catalog/product/cache/08ce6ea9b7ea9e423fa7c2e2ae0fab3c/c/a/camera_avant_huawei_ascend_y330_occasion_1_.jpg;DIAGNOSTIC DE LA PANNEDepuis quelque temps, la caméra arrière de votre Ascend (Y330) ne fonctionne plus correctement.L’objectif de la caméra est abîmé, rayé ou cassé, ce qui vous empêche de prendre des photos nettes ou d’utiliser normalement votre appareil.La caméra arrière de votre smartphone ou tablette Huawei ne semble plus capable d’effectuer une mise au point correcte.Vous constatez une perte...
Nappe Vibreur Huawei Ascend (Y330);5417;9;EUR;En stock;Huawei > Gamme Ascend > Ascend (Y330);https://www.pieces2mobile.com/nappe-vibreur-huawei-ascend-y330.html;https://www.pieces2mobile.com/media/catalog/product/cache/08ce6ea9b7ea9e423fa7c2e2ae0fab3c/n/a/nappe_micro_vibreur_huawei_ascend_y330_occasion_2_.jpg;DIAGNOSTIC DE LA PANNE Vous avez abîmé ou endommagé votre Ascend (Y330) par accident. La nappe Vibreur de votre smartphone ou tablette Huawei ne fonctionne plus. Heureusement, cette panne est réparable, et cette pièce de qualité vous permet d'en effectuer le dépannage.NOS CONSEILS Lors de l'achat, il est conseillé de vérifier votre modèle de smartphone/tablette par sa référence plutôt que par son ...
Écran Huawei P9 Lite Noir Reconditionné (PIEC);5937;15.6;EUR;En stock;Huawei > Gamme P > P9 Lite (VNS-L31);https://www.pieces2mobile.com/ecran-huawei-p9-lite-vns-l31-noir.html;https://www.pieces2mobile.com/media/catalog/product/cache/08ce6ea9b7ea9e423fa7c2e2ae0fab3c/_/c/_cran_huawei_p9_lite_vns-l31_noir.jpg;Compatibilité : Huawei P9 Lite (VNS-L31/VNS-L21/VNS-L22/VNS-L23/VNS-L53) Écran Huawei P9 Lite Noir Reconditionné (PIEC) Neuf Vous venez de casser l’écran de votre précieux Huawei P9 Lite (VNS-L31) Noir et ne savez pas où trouver une offre d’écran P9 Lite (VNS-L31) Noir Neuf au meilleur prix ?Sur Pieces2Mobile.com bien évidemment ! Leader en vente de pièces détachées de smartphones aux particuliers...
Coque arrière d'occasion Huawei Ascend (Y330) Rose;6173;4.5;EUR;En stock;Huawei > Gamme Ascend > Ascend (Y330);https://www.pieces2mobile.com/coque-arriere-d-occasion-huawei-ascend-y330-rose.html;https://www.pieces2mobile.com/media/catalog/product/cache/08ce6ea9b7ea9e423fa7c2e2ae0fab3c/h/u/huawei-rose-y330.jpg;DIAGNOSTIC DE LA PANNE Par accident, la coque arrière de votre Ascend (Y330) est abîmée, rayée, fissurée ou cassée. La coque arrière de votre smartphone ou tablette Huawei n'adhère plus ou se décolle. Heureusement, cette panne est réparable, et cette coque arrière de qualité vous permet d'en effectuer le dépannage.NOS CONSEILS Lors de l'achat, il est conseillé de vérifier votre modèle de smartphon...
Écran Huawei P8 (GRA-L09) Blanc Reconditionné (PIEC);6231;15.6;EUR;En stock;Huawei > Gamme P > P8 (GRA-L09);https://www.pieces2mobile.com/ecran-huawei-p8-gra-l09-blanc-reconditionne.html;https://www.pieces2mobile.com/media/catalog/product/cache/08ce6ea9b7ea9e423fa7c2e2ae0fab3c/p/8/p8_ecran_2_.jpg;Écran Huawei P8 (GRA-L09) Blanc Reconditionné (PIEC) Neuf Vous venez de casser l’écran de votre précieux Huawei P8 (GRA-L09) Blanc et ne savez pas où trouver une offre d’écran P8 (GRA-L09) Blanc Neuf au meilleur prix ?Sur Pieces2Mobile.com bien évidemment ! Leader en vente de pièces détachées de smartphones aux particuliers et professionnels, nous proposons justement un écran de Huawei P8 (GRA-L09...
Écran Huawei P8 (GRA-L09) Noir Reconditionné (PIEC);6230;15.6;EUR;En stock;Huawei > Gamme P > P8 (GRA-L09);https://www.pieces2mobile.com/ecran-huawei-p8-gra-l09-noir-reconditionne.html;https://www.pieces2mobile.com/media/catalog/product/cache/08ce6ea9b7ea9e423fa7c2e2ae0fab3c/p/8/p8_ecran_3_.jpg;Écran Huawei P8 (GRA-L09) Noir Reconditionné (PIEC) Neuf Vous venez de casser l’écran de votre précieux Huawei P8 (GRA-L09) Noir et ne savez pas où trouver une offre d’écran P8 (GRA-L09) Noir Neuf au meilleur prix ?Sur Pieces2Mobile.com bien évidemment ! Leader en vente de pièces détachées de smartphones aux particuliers et professionnels, nous proposons justement un écran de Huawei P8 (GRA-L09) R...
Écran Huawei P8 (GRA-L09) Or Reconditionné (PIEC);6232;15.6;EUR;En stock;Huawei > Gamme P > P8 (GRA-L09);https://www.pieces2mobile.com/ecran-huawei-p8-gra-l09-or-reconditionne.html;https://www.pieces2mobile.com/media/catalog/product/cache/08ce6ea9b7ea9e423fa7c2e2ae0fab3c/p/8/p8_ecran_1__1.jpg;Écran Huawei P8 (GRA-L09) Or Reconditionné (PIEC) Neuf Vous venez de casser l’écran de votre précieux Huawei P8 (GRA-L09) Or et ne savez pas où trouver une offre d’écran P8 (GRA-L09) Or Neuf au meilleur prix ?Sur Pieces2Mobile.com bien évidemment ! Leader en vente de pièces détachées de smartphones aux particuliers et professionnels, nous proposons justement un écran de Huawei P8 (GRA-L09) Recondi...
Haut-parleur Huawei P8 (GRA-L09);6663;9;EUR;En stock;Huawei > Gamme P > P8 (GRA-L09);https://www.pieces2mobile.com/haut-parleur-huawei-p8-gra-l09.html;https://www.pieces2mobile.com/media/catalog/product/cache/08ce6ea9b7ea9e423fa7c2e2ae0fab3c/p/8/p8_hp_9e.jpg;DIAGNOSTIC DE LA PANNE Vous avez abîmé ou endommagé votre P8 (GRA-L09) par accident. Le haut-parleur de votre smartphone ou tablette Huawei ne fonctionne plus. Heureusement, cette panne est réparable, et cette pièce de qualité vous permet d'en effectuer le dépannage.NOS CONSEILS Lors de l'achat, il est conseillé de vérifier votre modèle de smartphone/tablette par sa référence plutôt que par son no...
Caméra arrière Huawei P8 Lite;6667;25;EUR;En stock;Huawei > Gamme P > P8 Lite (ALE-L21);https://www.pieces2mobile.com/camera-arriere-huawei-p8-lite.html;https://www.pieces2mobile.com/media/catalog/product/cache/08ce6ea9b7ea9e423fa7c2e2ae0fab3c/p/8/p8_cam_ar.jpg;DIAGNOSTIC DE LA PANNEDepuis quelque temps, la caméra arrière de votre P8 Lite ne fonctionne plus correctement.L’objectif de la caméra est abîmé, rayé ou cassé, ce qui vous empêche de prendre des photos nettes ou d’utiliser normalement votre appareil.La caméra arrière de votre smartphone ou tablette Huawei ne semble plus capable d’effectuer une mise au point correcte.Vous constatez une perte de qu...
Nappe Jack Huawei P8 (GRA-L09) ;6664;12;EUR;En stock;Huawei > Gamme P > P8 (GRA-L09);https://www.pieces2mobile.com/nappe-jack-huawei-p8-gra-l09.html;https://www.pieces2mobile.com/media/catalog/product/cache/08ce6ea9b7ea9e423fa7c2e2ae0fab3c/p/8/p8_nappe_jack_proxi_12e.jpg;DIAGNOSTIC DE LA PANNE Vous avez abîmé ou endommagé votre P8 (GRA-L09) par accident. La nappe Jack de votre smartphone ou tablette Huawei ne fonctionne plus. Heureusement, cette panne est réparable, et cette pièce de qualité vous permet d'en effectuer le dépannage.NOS CONSEILS Lors de l'achat, il est conseillé de vérifier votre modèle de smartphone/tablette par sa référence plutôt que par son nom....
Vibreur Huawei P8 (GRA-L09);6668;9;EUR;En stock;Huawei > Gamme P > P8 (GRA-L09);https://www.pieces2mobile.com/vibreur-huawei-p8-gra-l09.html;https://www.pieces2mobile.com/media/catalog/product/cache/08ce6ea9b7ea9e423fa7c2e2ae0fab3c/p/8/p8_vibreur.jpg;DIAGNOSTIC DE LA PANNE Vous avez abîmé ou endommagé votre P8 (GRA-L09) par accident. Le vibreur de votre smartphone ou tablette Huawei ne fonctionne plus. Heureusement, cette panne est réparable, et cette pièce de qualité vous permet d'en effectuer le dépannage.NOS CONSEILS Lors de l'achat, il est conseillé de vérifier votre modèle de smartphone/tablette par sa référence plutôt que par son nom. Ma...
Caméra avant Huawei P8 Lite;6666;15;EUR;En stock;Huawei > Gamme P > P8 Lite (ALE-L21);https://www.pieces2mobile.com/camera-avant-huawei-p8-lite.html;https://www.pieces2mobile.com/media/catalog/product/cache/08ce6ea9b7ea9e423fa7c2e2ae0fab3c/p/8/p8_cam_av.jpg;DIAGNOSTIC DE LA PANNE Depuis quelques temps, la caméra avant de votre P8 Lite ne fonctionne plus. L'objectif de la caméra est abîmé ou cassé, ce qui vous empêche de prendre des photos. La caméra avant de votre smartphone ou tablette Huawei ne semble plus capable de faire une mise au point correcte. Heureusement, cette panne est réparable, et cette caméra avant de qualité, vous permet d'en effectu...
Écran Huawei P8 Lite Or;6692;15.6;EUR;En stock;Huawei > Gamme P > P8 Lite (ALE-L21);https://www.pieces2mobile.com/ecran-huawei-p8-lite-or.html;https://www.pieces2mobile.com/media/catalog/product/cache/08ce6ea9b7ea9e423fa7c2e2ae0fab3c/p/8/p8_lite_ecran_2_.jpg;Écran Huawei P8 Lite Or Neuf Vous venez de casser l’écran de votre précieux Huawei P8 Lite Or et ne savez pas où trouver une offre d’écran P8 Lite Or Neuf au meilleur prix ?Sur Pieces2Mobile.com bien évidemment ! Leader en vente de pièces détachées de smartphones aux particuliers et professionnels, nous proposons justement un écran de Huawei P8 Lite Origine Neuf avec, afficheur LCD, vitre tactile....
Verre trempé Huawei P8 (GRA-L09);6718;3.6;EUR;En stock;Huawei > Gamme P > P8 (GRA-L09);https://www.pieces2mobile.com/verre-trempe-huawei-p8-gra-l09.html;https://www.pieces2mobile.com/media/catalog/product/cache/08ce6ea9b7ea9e423fa7c2e2ae0fab3c/t/e/tempered-glass_24.jpg;La photo est non contractuelle, la forme peut changer en fonction du modèle de smartphone (emplacement caméra, etc...), seule l'apparence demeure.CARACTÉRISTIQUESCompatible : Huawei P8 (GRA-L09)Inclus : Le verre trempé de protectionAvec : Technologie 2.5D (Polissage des angles et côtés du verre)Intégrale : NonConfidentiel : NonCouleur : TransparentÉpaisseur : 0.3 mm
Afficheur LCD Huawei Ascend (G620s) ;6934;3.6;EUR;En stock;Huawei > Gamme Ascend > Ascend (G620s);https://www.pieces2mobile.com/afficheur-lcd-huawei-ascend-g620s.html;https://www.pieces2mobile.com/media/catalog/product/cache/08ce6ea9b7ea9e423fa7c2e2ae0fab3c/h/u/huawei_g620s_49e.jpg;DIAGNOSTIC DE LA PANNE L'affichage de votre Ascend (G620s) reste inexistant ou totalement noir. Vous avez abîmé, rayé, fissuré ou cassé votre afficheur LCD par accident. L'écran, l'afficheur LCD ou la vitre tactile de votre smartphone ou tablette Huawei ne fonctionne plus. Heureusement, cette panne est réparable, et cet afficheur LCD de qualité vous permet d'en effectuer le dépannage.NOS CONSEILS ...
Caméra avant Huawei P8 (GRA-L09);6937;3.6;EUR;En stock;Huawei > Gamme P > P8 (GRA-L09);https://www.pieces2mobile.com/camera-avant-huawei-p8-gra-l09.html;https://www.pieces2mobile.com/media/catalog/product/cache/08ce6ea9b7ea9e423fa7c2e2ae0fab3c/p/8/p8_cam_av_15e.jpg;DIAGNOSTIC DE LA PANNE Depuis quelques temps, la caméra avant de votre P8 (GRA-L09) ne fonctionne plus. L'objectif de la caméra est abîmé ou cassé, ce qui vous empêche de prendre des photos. La caméra avant de votre smartphone ou tablette Huawei ne semble plus capable de faire une mise au point correcte. Heureusement, cette panne est réparable, et cette caméra avant de qualité, vous permet d'en ef...
Vitre tactile Huawei Ascend (G620s) Noir;6935;3.6;EUR;En stock;Huawei > Gamme Ascend > Ascend (G620s);https://www.pieces2mobile.com/vitre-tactile-huawei-ascend-g620s-noir.html;https://www.pieces2mobile.com/media/catalog/product/cache/08ce6ea9b7ea9e423fa7c2e2ae0fab3c/h/u/huawei_g620s_tactile_39e.jpg;DIAGNOSTIC DE LA PANNE Par accident, la vitre tactile de votre Ascend (G620s) est abîmée, rayée, fissurée ou cassée. La vitre tactile de votre smartphone ou tablette Huawei n'adhère plus ou se décolle. Heureusement, cette panne est réparable, et cette vitre tactile de qualité vous permet d'en effectuer le dépannage.NOS CONSEILS Lors de l'achat, il est conseillé de vérifier votre modèle de smartpho...
Caméra arrière Huawei P8 (GRA-L09);6936;3.6;EUR;En stock;Huawei > Gamme P > P8 (GRA-L09);https://www.pieces2mobile.com/camera-arriere-huawei-p8-gra-l09.html;https://www.pieces2mobile.com/media/catalog/product/cache/08ce6ea9b7ea9e423fa7c2e2ae0fab3c/p/8/p8_cam_arr_25e.jpg;DIAGNOSTIC DE LA PANNEDepuis quelque temps, la caméra arrière de votre P8 (GRA-L09) ne fonctionne plus correctement.L’objectif de la caméra est abîmé, rayé ou cassé, ce qui vous empêche de prendre des photos nettes ou d’utiliser normalement votre appareil.La caméra arrière de votre smartphone ou tablette Huawei ne semble plus capable d’effectuer une mise au point correcte.Vous constatez une perte ...
Vibreur Huawei P8 Lite;6938;9;EUR;En stock;Huawei > Gamme P > P8 Lite (ALE-L21);https://www.pieces2mobile.com/vibreur-huawei-p8-lite.html;https://www.pieces2mobile.com/media/catalog/product/cache/08ce6ea9b7ea9e423fa7c2e2ae0fab3c/p/8/p8_lite_9e.jpg;DIAGNOSTIC DE LA PANNE Vous avez abîmé ou endommagé votre P8 Lite par accident. Le vibreur de votre smartphone ou tablette Huawei ne fonctionne plus. Heureusement, cette panne est réparable, et cette pièce de qualité vous permet d'en effectuer le dépannage.NOS CONSEILS Lors de l'achat, il est conseillé de vérifier votre modèle de smartphone/tablette par sa référence plutôt que par son nom. Mais au...
Lecteur SIM Huawei P8 Lite (ALE-L21);6940;1.2;EUR;En stock;Huawei > Gamme P > P8 Lite (ALE-L21);https://www.pieces2mobile.com/lecteur-sim-huawei-p8-lite-ale-l21.html;https://www.pieces2mobile.com/media/catalog/product/cache/08ce6ea9b7ea9e423fa7c2e2ae0fab3c/p/8/p8_lite_sim_5e.jpg;DIAGNOSTIC DE LA PANNE Vous avez abîmé ou endommagé votre P8 Lite (ALE-L21) par accident. Le lecteur SIM de votre smartphone ou tablette Huawei ne fonctionne plus. Heureusement, cette panne est réparable, et cette pièce de qualité vous permet d'en effectuer le dépannage.NOS CONSEILS Lors de l'achat, il est conseillé de vérifier votre modèle de smartphone/tablette par sa référence plutôt que par so...
Module Haut-parleur Huawei P8 Lite;6939;2.4;EUR;En stock;Huawei > Gamme P > P8 Lite (ALE-L21);https://www.pieces2mobile.com/module-haut-parleur-huawei-p8-lite.html;https://www.pieces2mobile.com/media/catalog/product/cache/08ce6ea9b7ea9e423fa7c2e2ae0fab3c/p/8/p8_lite_15e.jpg;DIAGNOSTIC DE LA PANNE Vous avez abîmé ou endommagé votre P8 Lite par accident. Le module Haut-parleur de votre smartphone ou tablette Huawei ne fonctionne plus. Heureusement, cette panne est réparable, et cette pièce de qualité vous permet d'en effectuer le dépannage.NOS CONSEILS Lors de l'achat, il est conseillé de vérifier votre modèle de smartphone/tablette par sa référence plutôt que par son ...
Tiroir SIM Huawei P8 Lite Noir;6942;1.2;EUR;Rupture / sur commande;Huawei > Gamme P > P8 Lite (ALE-L21);https://www.pieces2mobile.com/tiroir-sim-huawei-p8-lite-noir.html;https://www.pieces2mobile.com/media/catalog/product/cache/08ce6ea9b7ea9e423fa7c2e2ae0fab3c/p/8/p8_lite_sim_noir.jpg;DIAGNOSTIC DE LA PANNE Vous avez abîmé ou endommagé votre P8 Lite par accident. Le tiroir SIM de votre smartphone ou tablette Huawei ne fonctionne plus. Heureusement, cette panne est réparable, et cette pièce de qualité vous permet d'en effectuer le dépannage.NOS CONSEILS Lors de l'achat, il est conseillé de vérifier votre modèle de smartphone/tablette par sa référence plutôt que par son nom. Mais...
Tiroir SIM Huawei P8 Lite Or;6943;1.2;EUR;En stock;Huawei > Gamme P > P8 Lite (ALE-L21);https://www.pieces2mobile.com/tiroir-sim-huawei-p8-lite-or.html;https://www.pieces2mobile.com/media/catalog/product/cache/08ce6ea9b7ea9e423fa7c2e2ae0fab3c/p/8/p8_lite_sim_or.jpg;DIAGNOSTIC DE LA PANNE Vous avez abîmé ou endommagé votre P8 Lite par accident. Le tiroir SIM de votre smartphone ou tablette Huawei ne fonctionne plus. Heureusement, cette panne est réparable, et cette pièce de qualité vous permet d'en effectuer le dépannage.NOS CONSEILS Lors de l'achat, il est conseillé de vérifier votre modèle de smartphone/tablette par sa référence plutôt que par son nom. Mais...
Lecteur SD Huawei P8 Lite (ALE-L21);6941;5;EUR;En stock;Huawei > Gamme P > P8 Lite (ALE-L21);https://www.pieces2mobile.com/lecteur-sd-huawei-p8-lite-ale-l21.html;https://www.pieces2mobile.com/media/catalog/product/cache/08ce6ea9b7ea9e423fa7c2e2ae0fab3c/p/8/p8_lite_sd_5e.jpg;DIAGNOSTIC DE LA PANNE Vous avez abîmé ou endommagé votre P8 Lite par accident. Le lecteur SD de votre smartphone ou tablette Huawei ne fonctionne plus. Heureusement, cette panne est réparable, et cette pièce de qualité vous permet d'en effectuer le dépannage.NOS CONSEILS Lors de l'achat, il est conseillé de vérifier votre modèle de smartphone/tablette par sa référence plutôt que par son nom. Mais...
Écouteur interne Huawei (Multi-modèles) 22030072;6949;1.18;EUR;En stock;Huawei > Gamme P > P8 Lite (ALE-L21);https://www.pieces2mobile.com/ecouteur-huawei-ascend-p7-p7-l10-p8-gra-l09-p8-lite-ale-l21-honor-8-pro-duk-l09-p8-lite-2017.html;https://www.pieces2mobile.com/media/catalog/product/cache/08ce6ea9b7ea9e423fa7c2e2ae0fab3c/_/c/_couteur_huawei_ascend_p7_p7-l10_p8_gra-l09_p8_lite_ale-l21_honor_8_pro_duk-l09_.jpg;Compatibilité : Ascend P7 (P7-L10) / P8 (GRA-L09) / P8 Lite (ALE-L21) / P8 Lite 2017 / P9 Lite (VNS-L21/VNS-L31) / P10 Lite Dual SIM (WAS-L21/WAS-LX1/WAS-LX1A) / P20 Lite Dual SIM (ANE-L21/ANE-LX1) / P Smart (FIG-L31) / Honor 7X Dual SIM (BND-L21) / Honor 8 Pro (DUK-L09)DIAGNOSTIC DE LA PANNE Vous avez abîmé ou endommagé votre modèle par accident. L'écouteur de votre smartphone ou tablette Huawei ...
Verre trempé Huawei P8 Lite (ALE-L21);7111;15;EUR;En stock;Huawei > Gamme P > P8 Lite (ALE-L21);https://www.pieces2mobile.com/verre-trempe-huawei-p8-lite-ale-l21.html;https://www.pieces2mobile.com/media/catalog/product/cache/08ce6ea9b7ea9e423fa7c2e2ae0fab3c/t/e/tempered-glass_19.jpg;La photo est non contractuelle, la forme peut changer en fonction du modèle de smartphone (emplacement caméra, etc...), seule l'apparence demeure.CARACTÉRISTIQUESCompatible : Huawei P8 Lite (ALE-L21)Inclus : Le verre trempé de protectionAvec : Technologie 2.5D (Polissage des angles et côtés du verre)Intégrale : NonConfidentiel : NonCouleur : TransparentÉpaisseur : 0.3 mm
Coque arrière d'occasion Huawei Ascend (G525) Noir;7152;5;EUR;En stock;Huawei > Gamme Ascend > Ascend (G525);https://www.pieces2mobile.com/coque-arriere-d-occasion-huawei-ascend-g525-noir.html;https://www.pieces2mobile.com/media/catalog/product/cache/08ce6ea9b7ea9e423fa7c2e2ae0fab3c/h/u/huawei-ascend-g525-coque-arri_re-noir.jpg;DIAGNOSTIC DE LA PANNE Par accident, la coque arrière de votre Ascend (G525) est abîmée, rayée, fissurée ou cassée. La coque arrière de votre smartphone ou tablette Huawei n'adhère plus ou se décolle. Heureusement, cette panne est réparable, et cette coque arrière de qualité vous permet d'en effectuer le dépannage.NOS CONSEILS Lors de l'achat, il est conseillé de vérifier votre modèle de smartphon...
Caméra arrière Huawei Ascend (G525);7156;25;EUR;En stock;Huawei > Gamme Ascend > Ascend (G525);https://www.pieces2mobile.com/camera-arriere-huawei-ascend-g525.html;https://www.pieces2mobile.com/media/catalog/product/cache/08ce6ea9b7ea9e423fa7c2e2ae0fab3c/h/u/huawei-ascend-g525-camera-arri_re.jpg;DIAGNOSTIC DE LA PANNEDepuis quelque temps, la caméra arrière de votre Ascend (G525) ne fonctionne plus correctement.L’objectif de la caméra est abîmé, rayé ou cassé, ce qui vous empêche de prendre des photos nettes ou d’utiliser normalement votre appareil.La caméra arrière de votre smartphone ou tablette Huawei ne semble plus capable d’effectuer une mise au point correcte.Vous constatez une perte...
Caméra avant Huawei Ascend (Y550);7159;1.2;EUR;En stock;Huawei > Gamme Ascend > Ascend (Y550);https://www.pieces2mobile.com/camera-avant-huawei-ascend-y550.html;https://www.pieces2mobile.com/media/catalog/product/cache/08ce6ea9b7ea9e423fa7c2e2ae0fab3c/y/5/y550-cam-av_1.jpg;DIAGNOSTIC DE LA PANNE Depuis quelques temps, la caméra avant de votre Ascend (Y550) ne fonctionne plus. L'objectif de la caméra est abîmé ou cassé, ce qui vous empêche de prendre des photos. La caméra avant de votre smartphone ou tablette Huawei ne semble plus capable de faire une mise au point correcte. Heureusement, cette panne est réparable, et cette caméra avant de qualité, vous permet d'en e...
Kit de vis Huawei Ascend (Y550);7160;1.2;EUR;En stock;Huawei > Gamme Ascend > Ascend (Y550);https://www.pieces2mobile.com/kit-de-vis-huawei-ascend-y550.html;https://www.pieces2mobile.com/media/catalog/product/cache/08ce6ea9b7ea9e423fa7c2e2ae0fab3c/y/5/y550-vis.jpg;DIAGNOSTIC DE LA PANNE Vous avez abîmé ou endommagé votre Ascend (Y550) par accident. Le kit complet, de vis de votre smartphone ou tablette Huawei ne fonctionne plus. Heureusement, cette panne est réparable, et cette pièce de qualité vous permet d'en effectuer le dépannage.NOS CONSEILS Lors de l'achat, il est conseillé de vérifier votre modèle de smartphone/tablette par sa référence plutôt que pa...
Kit de vis Huawei Ascend (G525);7157;5;EUR;En stock;Huawei > Gamme Ascend > Ascend (G525);https://www.pieces2mobile.com/kit-de-vis-huawei-ascend-g525.html;https://www.pieces2mobile.com/media/catalog/product/cache/08ce6ea9b7ea9e423fa7c2e2ae0fab3c/h/u/huawei-ascend-g525-vis.jpg;DIAGNOSTIC DE LA PANNE Vous avez abîmé ou endommagé votre Ascend (G525) par accident. Le kit complet, de vis de votre smartphone ou tablette Huawei ne fonctionne plus. Heureusement, cette panne est réparable, et cette pièce de qualité vous permet d'en effectuer le dépannage.NOS CONSEILS Lors de l'achat, il est conseillé de vérifier votre modèle de smartphone/tablette par sa référence plutôt que pa...
Châssis central d'occasion Huawei Ascend (G525) Noir;7154;6;EUR;En stock;Huawei > Gamme Ascend > Ascend (G525);https://www.pieces2mobile.com/chassis-central-d-occasion-huawei-ascend-g525-noir.html;https://www.pieces2mobile.com/media/catalog/product/cache/08ce6ea9b7ea9e423fa7c2e2ae0fab3c/h/u/huawei-ascend-g525-chassis.jpg;DIAGNOSTIC DE LA PANNE Le châssis central de votre Ascend (G525) est abîmé, fendu ou cassé, il n'est donc plus valable. Il ne semble plus tenir en place ou ne maintient plus correctement les pièces internes. Les parties visibles (contours,...) de votre smartphone ou tablette Huawei sont abîmées, rayées et nuisent à l'esthétique générale. Heureusement, cette panne est réparable, et ce châssis centr...
Coque arrière d'occasion Huawei Ascend (G525) Blanc;7153;5;EUR;En stock;Huawei > Gamme Ascend > Ascend (G525);https://www.pieces2mobile.com/coque-arriere-d-occasion-huawei-ascend-g525-blanc.html;https://www.pieces2mobile.com/media/catalog/product/cache/08ce6ea9b7ea9e423fa7c2e2ae0fab3c/h/u/huawei-ascend-g525-coque-arri_re-blanc.jpg;DIAGNOSTIC DE LA PANNE Par accident, la coque arrière de votre Ascend (G525) est abîmée, rayée, fissurée ou cassée. La coque arrière de votre smartphone ou tablette Huawei n'adhère plus ou se décolle. Heureusement, cette panne est réparable, et cette coque arrière de qualité vous permet d'en effectuer le dépannage.NOS CONSEILS Lors de l'achat, il est conseillé de vérifier votre modèle de smartphon...
Kit de vis Huawei Ascend (Y530);7170;1.2;EUR;En stock;Huawei > Gamme Ascend > Ascend (Y530);https://www.pieces2mobile.com/kit-de-vis-huawei-ascend-y530.html;https://www.pieces2mobile.com/media/catalog/product/cache/08ce6ea9b7ea9e423fa7c2e2ae0fab3c/y/5/y530-vis.jpg;DIAGNOSTIC DE LA PANNE Vous avez abîmé ou endommagé votre Ascend (Y530) par accident. Le kit complet, de vis de votre smartphone ou tablette Huawei ne fonctionne plus. Heureusement, cette panne est réparable, et cette pièce de qualité vous permet d'en effectuer le dépannage.NOS CONSEILS Lors de l'achat, il est conseillé de vérifier votre modèle de smartphone/tablette par sa référence plutôt que pa...
Nappe Capteur de proximité Huawei Ascend (Y530);7171;1.2;EUR;En stock;Huawei > Gamme Ascend > Ascend (Y530);https://www.pieces2mobile.com/nappe-capteur-de-proximite-huawei-ascend-y530.html;https://www.pieces2mobile.com/media/catalog/product/cache/08ce6ea9b7ea9e423fa7c2e2ae0fab3c/y/5/y530-nappe-proxi.jpg;DIAGNOSTIC DE LA PANNE Vous avez abîmé ou endommagé votre Ascend (Y530) par accident. La nappe capteur de proximité de votre smartphone ou tablette Huawei ne fonctionne plus. Heureusement, cette panne est réparable, et cette pièce de qualité vous permet d'en effectuer le dépannage.NOS CONSEILS Lors de l'achat, il est conseillé de vérifier votre modèle de smartphone/tablette par sa référence plutôt...
Module Vibreur Huawei Ascend (Y530);7172;1.2;EUR;En stock;Huawei > Gamme Ascend > Ascend (Y530);https://www.pieces2mobile.com/module-vibreur-huawei-ascend-y530.html;https://www.pieces2mobile.com/media/catalog/product/cache/08ce6ea9b7ea9e423fa7c2e2ae0fab3c/y/5/y530-module-vibreur.jpg;DIAGNOSTIC DE LA PANNE Vous avez abîmé ou endommagé votre Ascend (Y530) par accident. Le module Vibreur de votre smartphone ou tablette Huawei ne fonctionne plus. Heureusement, cette panne est réparable, et cette pièce de qualité vous permet d'en effectuer le dépannage.NOS CONSEILS Lors de l'achat, il est conseillé de vérifier votre modèle de smartphone/tablette par sa référence plutôt que par son...
Caméra avant Huawei Ascend (Y530);7169;1.2;EUR;En stock;Huawei > Gamme Ascend > Ascend (Y530);https://www.pieces2mobile.com/camera-avant-huawei-ascend-y530.html;https://www.pieces2mobile.com/media/catalog/product/cache/08ce6ea9b7ea9e423fa7c2e2ae0fab3c/y/5/y530-cam-av.jpg;DIAGNOSTIC DE LA PANNE Depuis quelques temps, la caméra avant de votre Ascend (Y530) ne fonctionne plus. L'objectif de la caméra est abîmé ou cassé, ce qui vous empêche de prendre des photos. La caméra avant de votre smartphone ou tablette Huawei ne semble plus capable de faire une mise au point correcte. Heureusement, cette panne est réparable, et cette caméra avant de qualité, vous permet d'en e...
Caméra arrière Huawei Ascend (Y530);7168;1.2;EUR;En stock;Huawei > Gamme Ascend > Ascend (Y530);https://www.pieces2mobile.com/camera-arriere-huawei-ascend-y530.html;https://www.pieces2mobile.com/media/catalog/product/cache/08ce6ea9b7ea9e423fa7c2e2ae0fab3c/y/5/y530-cam-ar.jpg;DIAGNOSTIC DE LA PANNEDepuis quelque temps, la caméra arrière de votre Ascend (Y530) ne fonctionne plus correctement.L’objectif de la caméra est abîmé, rayé ou cassé, ce qui vous empêche de prendre des photos nettes ou d’utiliser normalement votre appareil.La caméra arrière de votre smartphone ou tablette Huawei ne semble plus capable d’effectuer une mise au point correcte.Vous constatez une perte...
Coque arrière d'occasion Huawei Ascend (Y530) Noir;7167;1.2;EUR;En stock;Huawei > Gamme Ascend > Ascend (Y530);https://www.pieces2mobile.com/coque-arriere-d-occasion-huawei-ascend-y530-noir.html;https://www.pieces2mobile.com/media/catalog/product/cache/08ce6ea9b7ea9e423fa7c2e2ae0fab3c/y/5/y530-cache-arr-noir-occaz.jpg;DIAGNOSTIC DE LA PANNE Par accident, la coque arrière de votre Ascend (Y530) est abîmée, rayée, fissurée ou cassée. La coque arrière de votre smartphone ou tablette Huawei n'adhère plus ou se décolle. Heureusement, cette panne est réparable, et cette coque arrière de qualité vous permet d'en effectuer le dépannage.NOS CONSEILS Lors de l'achat, il est conseillé de vérifier votre modèle de smartphon...
Bouton Power / Volume d'occasion Huawei Ascend (Y530) Blanc ;7178;1.2;EUR;En stock;Huawei > Gamme Ascend > Ascend (Y530);https://www.pieces2mobile.com/bouton-power-volume-d-occasion-huawei-ascend-y530-blanc.html;https://www.pieces2mobile.com/media/catalog/product/cache/08ce6ea9b7ea9e423fa7c2e2ae0fab3c/y/5/y530-bouton-vol-power-blanc-occaz.jpg;DIAGNOSTIC DE LA PANNE Vous avez abîmé ou endommagé votre Ascend (Y530) par accident. Le bouton Power, Volume de votre smartphone ou tablette Huawei ne fonctionne plus. Heureusement, cette panne est réparable, et cette pièce de qualité vous permet d'en effectuer le dépannage.NOS CONSEILS Lors de l'achat, il est conseillé de vérifier votre modèle de smartphone/tablette par sa référence plutôt que p...
Châssis central d'occasion Huawei Ascend (Y530) Noir;7177;1.2;EUR;En stock;Huawei > Gamme Ascend > Ascend (Y530);https://www.pieces2mobile.com/chassis-central-d-occasion-huawei-ascend-y530-noir.html;https://www.pieces2mobile.com/media/catalog/product/cache/08ce6ea9b7ea9e423fa7c2e2ae0fab3c/y/5/y530-chassis-central-occaz.jpg;DIAGNOSTIC DE LA PANNE Le châssis central de votre Ascend (Y530) est abîmé, fendu ou cassé, il n'est donc plus valable. Il ne semble plus tenir en place ou ne maintient plus correctement les pièces internes. Les parties visibles (contours,...) de votre smartphone ou tablette Huawei sont abîmées, rayées et nuisent à l'esthétique générale. Heureusement, cette panne est réparable, et ce châssis centr...
Coque arrière d'occasion Huawei Ascend (Y530) Blanc;7176;5;EUR;En stock;Huawei > Gamme Ascend > Ascend (Y530);https://www.pieces2mobile.com/coque-arriere-d-occasion-huawei-ascend-y530-blanc.html;https://www.pieces2mobile.com/media/catalog/product/cache/08ce6ea9b7ea9e423fa7c2e2ae0fab3c/y/5/y530-cache-arr-blanc-occaz.jpg;DIAGNOSTIC DE LA PANNE Par accident, la coque arrière de votre Ascend (Y530) est abîmée, rayée, fissurée ou cassée. La coque arrière de votre smartphone ou tablette Huawei n'adhère plus ou se décolle. Heureusement, cette panne est réparable, et cette coque arrière de qualité vous permet d'en effectuer le dépannage.NOS CONSEILS Lors de l'achat, il est conseillé de vérifier votre modèle de smartphon...
Caméra avant Huawei Ascend (Y300);7184;1.2;EUR;En stock;Huawei > Gamme Ascend > Ascend (Y300);https://www.pieces2mobile.com/camera-avant-huawei-ascend-y300.html;https://www.pieces2mobile.com/media/catalog/product/cache/08ce6ea9b7ea9e423fa7c2e2ae0fab3c/y/3/y300-cam-av.jpg;DIAGNOSTIC DE LA PANNE Depuis quelques temps, la caméra avant de votre Ascend (Y300) ne fonctionne plus. L'objectif de la caméra est abîmé ou cassé, ce qui vous empêche de prendre des photos. La caméra avant de votre smartphone ou tablette Huawei ne semble plus capable de faire une mise au point correcte. Heureusement, cette panne est réparable, et cette caméra avant de qualité, vous permet d'en e...
Afficheur LCD d'occasion Huawei Ascend (Y300) ;7182;1.2;EUR;En stock;Huawei > Gamme Ascend > Ascend (Y300);https://www.pieces2mobile.com/afficheur-lcd-d-occasion-huawei-ascend-y300.html;https://www.pieces2mobile.com/media/catalog/product/cache/08ce6ea9b7ea9e423fa7c2e2ae0fab3c/y/3/y300-lcd-occaz.jpg;DIAGNOSTIC DE LA PANNE L'affichage de votre Ascend (Y300) reste inexistant ou totalement noir. Vous avez abîmé, rayé, fissuré ou cassé votre afficheur LCD par accident. L'écran, l'afficheur LCD ou la vitre tactile de votre smartphone ou tablette Huawei ne fonctionne plus. Heureusement, cette panne est réparable, et cet afficheur LCD de qualité vous permet d'en effectuer le dépannage.NOS CONSEILS L...
Caméra arrière Huawei Ascend (Y300);7183;1.2;EUR;En stock;Huawei > Gamme Ascend > Ascend (Y300);https://www.pieces2mobile.com/camera-arriere-huawei-ascend-y300.html;https://www.pieces2mobile.com/media/catalog/product/cache/08ce6ea9b7ea9e423fa7c2e2ae0fab3c/y/3/y300-cam-ar.jpg;DIAGNOSTIC DE LA PANNEDepuis quelque temps, la caméra arrière de votre Ascend (Y300) ne fonctionne plus correctement.L’objectif de la caméra est abîmé, rayé ou cassé, ce qui vous empêche de prendre des photos nettes ou d’utiliser normalement votre appareil.La caméra arrière de votre smartphone ou tablette Huawei ne semble plus capable d’effectuer une mise au point correcte.Vous constatez une perte...
Châssis central d'occasion Huawei Ascend (Y300) Noir;7186;1.2;EUR;En stock;Huawei > Gamme Ascend > Ascend (Y300);https://www.pieces2mobile.com/chassis-central-d-occasion-huawei-ascend-y300-noir.html;https://www.pieces2mobile.com/media/catalog/product/cache/08ce6ea9b7ea9e423fa7c2e2ae0fab3c/y/3/y300-chassis-central-noir-occaz.jpg;DIAGNOSTIC DE LA PANNE Le châssis central de votre Ascend (Y300) est abîmé, fendu ou cassé, il n'est donc plus valable. Il ne semble plus tenir en place ou ne maintient plus correctement les pièces internes. Les parties visibles (contours,...) de votre smartphone ou tablette Huawei sont abîmées, rayées et nuisent à l'esthétique générale. Heureusement, cette panne est réparable, et ce châssis centr...
Kit de vis Huawei Ascend (Y300);7191;1.2;EUR;En stock;Huawei > Gamme Ascend > Ascend (Y300);https://www.pieces2mobile.com/kit-de-vis-huawei-ascend-y300.html;https://www.pieces2mobile.com/media/catalog/product/cache/08ce6ea9b7ea9e423fa7c2e2ae0fab3c/y/3/y300-vis.jpg;DIAGNOSTIC DE LA PANNE Vous avez abîmé ou endommagé votre Ascend (Y300) par accident. Le kit complet, de vis de votre smartphone ou tablette Huawei ne fonctionne plus. Heureusement, cette panne est réparable, et cette pièce de qualité vous permet d'en effectuer le dépannage.NOS CONSEILS Lors de l'achat, il est conseillé de vérifier votre modèle de smartphone/tablette par sa référence plutôt que pa...
Coque arrière d'occasion Huawei Ascend (Y300) Blanc;7190;1.2;EUR;En stock;Huawei > Gamme Ascend > Ascend (Y300);https://www.pieces2mobile.com/coque-arriere-d-occasion-huawei-ascend-y300-blanc.html;https://www.pieces2mobile.com/media/catalog/product/cache/08ce6ea9b7ea9e423fa7c2e2ae0fab3c/y/3/y300-cache-batterie-blanc-occaz.jpg;DIAGNOSTIC DE LA PANNE Par accident, la coque arrière de votre Ascend (Y300) est abîmée, rayée, fissurée ou cassée. La coque arrière de votre smartphone ou tablette Huawei n'adhère plus ou se décolle. Heureusement, cette panne est réparable, et cette coque arrière de qualité vous permet d'en effectuer le dépannage.NOS CONSEILS Lors de l'achat, il est conseillé de vérifier votre modèle de smartphon...
Nappe Écouteur interne Huawei Ascend (Y300) ;7193;1.2;EUR;En stock;Huawei > Gamme Ascend > Ascend (Y300);https://www.pieces2mobile.com/nappe-ecouteur-huawei-ascend-y300.html;https://www.pieces2mobile.com/media/catalog/product/cache/08ce6ea9b7ea9e423fa7c2e2ae0fab3c/n/a/nappe_ecouteur_y300.jpg;DIAGNOSTIC DE LA PANNE Vous avez abîmé ou endommagé votre Ascend (Y300) par accident. La nappe Écouteur de votre smartphone ou tablette Huawei ne fonctionne plus. Heureusement, cette panne est réparable, et cette pièce de qualité vous permet d'en effectuer le dépannage.NOS CONSEILS Lors de l'achat, il est conseillé de vérifier votre modèle de smartphone/tablette par sa référence plutôt que par son...
Coque arrière d'occasion Huawei Ascend (Y300) Noir;7188;1.2;EUR;En stock;Huawei > Gamme Ascend > Ascend (Y300);https://www.pieces2mobile.com/coque-arriere-d-occasion-huawei-ascend-y300-noir.html;https://www.pieces2mobile.com/media/catalog/product/cache/08ce6ea9b7ea9e423fa7c2e2ae0fab3c/0/0/00-cache-noir-occaz.jpg;DIAGNOSTIC DE LA PANNE Par accident, la coque arrière de votre Ascend (Y300) est abîmée, rayée, fissurée ou cassée. La coque arrière de votre smartphone ou tablette Huawei n'adhère plus ou se décolle. Heureusement, cette panne est réparable, et cette coque arrière de qualité vous permet d'en effectuer le dépannage.NOS CONSEILS Lors de l'achat, il est conseillé de vérifier votre modèle de smartphon...
Châssis central d'occasion Huawei Ascend (Y300) Blanc;7187;1.2;EUR;En stock;Huawei > Gamme Ascend > Ascend (Y300);https://www.pieces2mobile.com/chassis-central-d-occasion-huawei-ascend-y300-blanc.html;https://www.pieces2mobile.com/media/catalog/product/cache/08ce6ea9b7ea9e423fa7c2e2ae0fab3c/y/3/y300-chassis-blanc-occaz.jpg;DIAGNOSTIC DE LA PANNE Le châssis central de votre Ascend (Y300) est abîmé, fendu ou cassé, il n'est donc plus valable. Il ne semble plus tenir en place ou ne maintient plus correctement les pièces internes. Les parties visibles (contours,...) de votre smartphone ou tablette Huawei sont abîmées, rayées et nuisent à l'esthétique générale. Heureusement, cette panne est réparable, et ce châssis centr...
Écran Huawei Mate 8 Blanc Reconditionné (PIEC);8021;10.8;EUR;En stock;Huawei > Gamme Mate > Mate 8;https://www.pieces2mobile.com/ecran-huawei-mate-8-blanc.html;https://www.pieces2mobile.com/media/catalog/product/cache/08ce6ea9b7ea9e423fa7c2e2ae0fab3c/m/a/mate_8_blanc.jpg;Écran Huawei Mate 8 Blanc Reconditionné (PIEC) Neuf Vous venez de casser l’écran de votre précieux Huawei Mate 8 Blanc et ne savez pas où trouver une offre d’écran Mate 8 Blanc Neuf au meilleur prix ?Sur Pieces2Mobile.com bien évidemment ! Leader en vente de pièces détachées de smartphones aux particuliers et professionnels, nous proposons justement un écran de Huawei Mate 8 Reconditionné Neuf ave...
Écran Huawei Mate 8 Or Reconditionné (PIEC);8022;10.8;EUR;En stock;Huawei > Gamme Mate > Mate 8;https://www.pieces2mobile.com/ecran-huawei-mate-8-or.html;https://www.pieces2mobile.com/media/catalog/product/cache/08ce6ea9b7ea9e423fa7c2e2ae0fab3c/m/a/mate_8_or.jpg;Écran Huawei Mate 8 Or Reconditionné (PIEC) Neuf Vous venez de casser l’écran de votre précieux Huawei Mate 8 Or et ne savez pas où trouver une offre d’écran Mate 8 Or Neuf au meilleur prix ?Sur Pieces2Mobile.com bien évidemment ! Leader en vente de pièces détachées de smartphones aux particuliers et professionnels, nous proposons justement un écran de Huawei Mate 8 Reconditionné Neuf avec, affich...
Tiroir SIM Huawei Ascend Mate 7 Noir;7426;9;EUR;En stock;Huawei > Gamme Mate > Ascend Mate 7;https://www.pieces2mobile.com/tiroir-sim-huawei-ascend-mate-7-noir.html;https://www.pieces2mobile.com/media/catalog/product/cache/08ce6ea9b7ea9e423fa7c2e2ae0fab3c/m/a/mate-7-sim-noir.jpg;DIAGNOSTIC DE LA PANNE Vous avez abîmé ou endommagé votre Ascend Mate 7 par accident. Le tiroir SIM de votre smartphone ou tablette Huawei ne fonctionne plus. Heureusement, cette panne est réparable, et cette pièce de qualité vous permet d'en effectuer le dépannage.NOS CONSEILS Lors de l'achat, il est conseillé de vérifier votre modèle de smartphone/tablette par sa référence plutôt que par son nom...
Tiroir SD Huawei Ascend Mate 7 Blanc;7430;7;EUR;En stock;Huawei > Gamme Mate > Ascend Mate 7;https://www.pieces2mobile.com/tiroir-sd-huawei-ascend-mate-7-blanc.html;https://www.pieces2mobile.com/media/catalog/product/cache/08ce6ea9b7ea9e423fa7c2e2ae0fab3c/m/a/mate-7-sd-blanc.jpg;DIAGNOSTIC DE LA PANNE Vous avez abîmé ou endommagé votre Ascend Mate 7 par accident. Le tiroir SD de votre smartphone ou tablette Huawei ne fonctionne plus. Heureusement, cette panne est réparable, et cette pièce de qualité vous permet d'en effectuer le dépannage.NOS CONSEILS Lors de l'achat, il est conseillé de vérifier votre modèle de smartphone/tablette par sa référence plutôt que par son nom....
Tiroir SIM Huawei Ascend Mate 7 Or;7428;9;EUR;En stock;Huawei > Gamme Mate > Ascend Mate 7;https://www.pieces2mobile.com/tiroir-sim-huawei-ascend-mate-7-or.html;https://www.pieces2mobile.com/media/catalog/product/cache/08ce6ea9b7ea9e423fa7c2e2ae0fab3c/m/a/mate-7-sim-or.jpg;DIAGNOSTIC DE LA PANNE Vous avez abîmé ou endommagé votre Ascend Mate 7 par accident. Le tiroir SIM de votre smartphone ou tablette Huawei ne fonctionne plus. Heureusement, cette panne est réparable, et cette pièce de qualité vous permet d'en effectuer le dépannage.NOS CONSEILS Lors de l'achat, il est conseillé de vérifier votre modèle de smartphone/tablette par sa référence plutôt que par son nom...
Tiroir SIM Huawei Ascend Mate 7 Blanc;7427;9;EUR;En stock;Huawei > Gamme Mate > Ascend Mate 7;https://www.pieces2mobile.com/tiroir-sim-huawei-ascend-mate-7-blanc.html;https://www.pieces2mobile.com/media/catalog/product/cache/08ce6ea9b7ea9e423fa7c2e2ae0fab3c/m/a/mate-7-sim-blanc.jpg;DIAGNOSTIC DE LA PANNE Vous avez abîmé ou endommagé votre Ascend Mate 7 par accident. Le tiroir SIM de votre smartphone ou tablette Huawei ne fonctionne plus. Heureusement, cette panne est réparable, et cette pièce de qualité vous permet d'en effectuer le dépannage.NOS CONSEILS Lors de l'achat, il est conseillé de vérifier votre modèle de smartphone/tablette par sa référence plutôt que par son nom...
Tiroir SD Huawei Ascend Mate 7 Noir;7429;7;EUR;En stock;Huawei > Gamme Mate > Ascend Mate 7;https://www.pieces2mobile.com/tiroir-sd-huawei-ascend-mate-7-noir.html;https://www.pieces2mobile.com/media/catalog/product/cache/08ce6ea9b7ea9e423fa7c2e2ae0fab3c/m/a/mate-7-sd-noir.jpg;DIAGNOSTIC DE LA PANNE Vous avez abîmé ou endommagé votre Ascend Mate 7 par accident. Le tiroir SD de votre smartphone ou tablette Huawei ne fonctionne plus. Heureusement, cette panne est réparable, et cette pièce de qualité vous permet d'en effectuer le dépannage.NOS CONSEILS Lors de l'achat, il est conseillé de vérifier votre modèle de smartphone/tablette par sa référence plutôt que par son nom....
Tiroir SD Huawei Ascend Mate 7 Or;7431;7;EUR;En stock;Huawei > Gamme Mate > Ascend Mate 7;https://www.pieces2mobile.com/tiroir-sd-huawei-ascend-mate-7-or.html;https://www.pieces2mobile.com/media/catalog/product/cache/08ce6ea9b7ea9e423fa7c2e2ae0fab3c/m/a/mate-7-sd-or.jpg;DIAGNOSTIC DE LA PANNE Vous avez abîmé ou endommagé votre Ascend Mate 7 par accident. Le tiroir SD de votre smartphone ou tablette Huawei ne fonctionne plus. Heureusement, cette panne est réparable, et cette pièce de qualité vous permet d'en effectuer le dépannage.NOS CONSEILS Lors de l'achat, il est conseillé de vérifier votre modèle de smartphone/tablette par sa référence plutôt que par son nom....
Caméra arrière Huawei Ascend Mate 7;7435;25;EUR;En stock;Huawei > Gamme Mate > Ascend Mate 7;https://www.pieces2mobile.com/camera-arriere-huawei-ascend-mate-7.html;https://www.pieces2mobile.com/media/catalog/product/cache/08ce6ea9b7ea9e423fa7c2e2ae0fab3c/m/a/mate-7-cam-arr.jpg;DIAGNOSTIC DE LA PANNEDepuis quelque temps, la caméra arrière de votre Ascend Mate 7 ne fonctionne plus correctement.L’objectif de la caméra est abîmé, rayé ou cassé, ce qui vous empêche de prendre des photos nettes ou d’utiliser normalement votre appareil.La caméra arrière de votre smartphone ou tablette Huawei ne semble plus capable d’effectuer une mise au point correcte.Vous constatez une perte...
Nappe Principale Huawei Ascend Mate 7;7433;2.4;EUR;En stock;Huawei > Gamme Mate > Ascend Mate 7;https://www.pieces2mobile.com/nappe-connexion-huawei-ascend-mate-7.html;https://www.pieces2mobile.com/media/catalog/product/cache/08ce6ea9b7ea9e423fa7c2e2ae0fab3c/m/a/mate-7-nappe-lcd.jpg;DIAGNOSTIC DE LA PANNE Vous avez abîmé ou endommagé votre Ascend Mate 7 par accident. La nappe connexion de votre smartphone ou tablette Huawei ne fonctionne plus. Heureusement, cette panne est réparable, et cette pièce de qualité vous permet d'en effectuer le dépannage.NOS CONSEILS Lors de l'achat, il est conseillé de vérifier votre modèle de smartphone/tablette par sa référence plutôt que par so...
Module Haut-parleur Huawei Ascend Mate 7;7437;9;EUR;En stock;Huawei > Gamme Mate > Ascend Mate 7;https://www.pieces2mobile.com/module-haut-parleur-huawei-ascend-mate-7.html;https://www.pieces2mobile.com/media/catalog/product/cache/08ce6ea9b7ea9e423fa7c2e2ae0fab3c/m/a/mate-7-hp.jpg;DIAGNOSTIC DE LA PANNE Vous avez abîmé ou endommagé votre Ascend Mate 7 par accident. Le module Haut-parleur de votre smartphone ou tablette Huawei ne fonctionne plus. Heureusement, cette panne est réparable, et cette pièce de qualité vous permet d'en effectuer le dépannage.NOS CONSEILS Lors de l'achat, il est conseillé de vérifier votre modèle de smartphone/tablette par sa référence plutôt que pa...
Nappe / Connecteur de Charge Huawei Ascend Mate 7;7432;3.6;EUR;En stock;Huawei > Gamme Mate > Ascend Mate 7;https://www.pieces2mobile.com/nappe-charge-huawei-ascend-mate-7.html;https://www.pieces2mobile.com/media/catalog/product/cache/08ce6ea9b7ea9e423fa7c2e2ae0fab3c/m/a/mate-7-charge.jpg;DIAGNOSTIC DE LA PANNE Vous avez abîmé ou endommagé votre Mate 7 par accident. La nappe Charge de votre smartphone ou tablette Huawei ne fonctionne plus. Heureusement, cette panne est réparable, et cette pièce de qualité vous permet d'en effectuer le dépannage.NOS CONSEILS Lors de l'achat, il est conseillé de vérifier votre modèle de smartphone/tablette par sa référence plutôt que par son nom. Mai...
Caméra avant Huawei Ascend Mate 7;7434;15;EUR;En stock;Huawei > Gamme Mate > Ascend Mate 7;https://www.pieces2mobile.com/camera-avant-huawei-ascend-mate-7.html;https://www.pieces2mobile.com/media/catalog/product/cache/08ce6ea9b7ea9e423fa7c2e2ae0fab3c/m/a/mate-7-cam-av.jpg;DIAGNOSTIC DE LA PANNE Depuis quelques temps, la caméra avant de votre Ascend Mate 7 ne fonctionne plus. L'objectif de la caméra est abîmé ou cassé, ce qui vous empêche de prendre des photos. La caméra avant de votre smartphone ou tablette Huawei ne semble plus capable de faire une mise au point correcte. Heureusement, cette panne est réparable, et cette caméra avant de qualité, vous permet d'en e...
Câble antenne Huawei Ascend Mate 7 Blanc;7436;6;EUR;En stock;Huawei > Gamme Mate > Ascend Mate 7;https://www.pieces2mobile.com/cable-antenne-huawei-ascend-mate-7-blanc.html;https://www.pieces2mobile.com/media/catalog/product/cache/08ce6ea9b7ea9e423fa7c2e2ae0fab3c/m/a/mate-7-antenne.jpg;DIAGNOSTIC DE LA PANNE Vous avez abîmé ou endommagé votre Ascend Mate 7 par accident. Le câble antenne de votre smartphone ou tablette Huawei ne fonctionne plus. Heureusement, cette panne est réparable, et cette pièce de qualité vous permet d'en effectuer le dépannage.NOS CONSEILS Lors de l'achat, il est conseillé de vérifier votre modèle de smartphone/tablette par sa référence plutôt que par son ...
Vitre tactile Huawei Ascend (G620s) Blanc;8196;4.32;EUR;En stock;Huawei > Gamme Ascend > Ascend (G620s);https://www.pieces2mobile.com/vitre-tactile-huawei-ascend-g620s-blanc.html;https://www.pieces2mobile.com/media/catalog/product/cache/08ce6ea9b7ea9e423fa7c2e2ae0fab3c/v/i/vitre_tactile_huawei_ascend_g620s_blanc.jpg;DIAGNOSTIC DE LA PANNE Par accident, la vitre tactile de votre Ascend (G620s) est abîmée, rayée, fissurée ou cassée. La vitre tactile de votre smartphone ou tablette Huawei n'adhère plus ou se décolle. Heureusement, cette panne est réparable, et cette vitre tactile de qualité vous permet d'en effectuer le dépannage.NOS CONSEILS Lors de l'achat, il est conseillé de vérifier votre modèle de smartpho...
Écran Huawei Ascend G7 Noir Reconditionné (PIEC);8202;10.8;EUR;En stock;Huawei > Gamme G > Ascend G7 (G7-L01);https://www.pieces2mobile.com/ecran-huawei-ascend-g7-g7-l01-noir.html;https://www.pieces2mobile.com/media/catalog/product/cache/08ce6ea9b7ea9e423fa7c2e2ae0fab3c/a/s/ascend-g7-ecran-complet-noir.jpg;Écran Huawei Ascend G7 Noir Reconditionné (PIEC) Neuf Vous venez de casser l’écran de votre précieux Huawei Ascend G7 (G7-L01) Noir et ne savez pas où trouver une offre d’écran Ascend G7 (G7-L01) Noir Neuf au meilleur prix ?Sur Pieces2Mobile.com bien évidemment ! Leader en vente de pièces détachées de smartphones aux particuliers et professionnels, nous proposons justement un écran de Huawei Ascen...
Écran Huawei Ascend G7 Blanc + Châssis Reconditionné (PIEC);8203;10.8;EUR;En stock;Huawei > Gamme G > Ascend G7 (G7-L01);https://www.pieces2mobile.com/ecran-complet-huawei-ascend-g7-g7-l01-blanc.html;https://www.pieces2mobile.com/media/catalog/product/cache/08ce6ea9b7ea9e423fa7c2e2ae0fab3c/_/c/_cran_complet_huawei_ascend_g7_g7-l01_blanc.jpg;Écran Huawei Ascend G7 Blanc + Châssis Reconditionné (PIEC) Neuf Vous venez de casser l’écran de votre précieux Huawei Ascend G7 (G7-L01) Blanc et ne savez pas où trouver une offre d’écran Ascend G7 (G7-L01) Blanc Neuf au meilleur prix ?Sur Pieces2Mobile.com bien évidemment ! Leader en vente de pièces détachées de smartphones aux particuliers et professionnels, nous proposons justement un écran co...
Tiroir SIM Huawei P8 (GRA-L09) Noir;8221;1.8;EUR;En stock;Huawei > Gamme P > P8 (GRA-L09);https://www.pieces2mobile.com/tiroir-sim-huawei-p8-gra-l09-noir.html;https://www.pieces2mobile.com/media/catalog/product/cache/08ce6ea9b7ea9e423fa7c2e2ae0fab3c/p/8/p8_tiroir_sim_9e_2_.jpg;DIAGNOSTIC DE LA PANNE Vous avez abîmé ou endommagé votre P8 (GRA-L09) par accident. Le tiroir SIM de votre smartphone ou tablette Huawei ne fonctionne plus. Heureusement, cette panne est réparable, et cette pièce de qualité vous permet d'en effectuer le dépannage.NOS CONSEILS Lors de l'achat, il est conseillé de vérifier votre modèle de smartphone/tablette par sa référence plutôt que par son nom....
Tiroir SIM Huawei P8 (GRA-L09) Or;8222;9;EUR;En stock;Huawei > Gamme P > P8 (GRA-L09);https://www.pieces2mobile.com/tiroir-sim-huawei-p8-gra-l09-or.html;https://www.pieces2mobile.com/media/catalog/product/cache/08ce6ea9b7ea9e423fa7c2e2ae0fab3c/p/8/p8_tiroir_sim_9e_1_.jpg;DIAGNOSTIC DE LA PANNE Vous avez abîmé ou endommagé votre P8 (GRA-L09) par accident. Le tiroir SIM de votre smartphone ou tablette Huawei ne fonctionne plus. Heureusement, cette panne est réparable, et cette pièce de qualité vous permet d'en effectuer le dépannage.NOS CONSEILS Lors de l'achat, il est conseillé de vérifier votre modèle de smartphone/tablette par sa référence plutôt que par son nom....
Caméra arrière Huawei Mate 8 ;9626;1.2;EUR;En stock;Huawei > Gamme Mate > Mate 8;https://www.pieces2mobile.com/camera-arriere-huawei-mate-8.html;https://www.pieces2mobile.com/media/catalog/product/cache/08ce6ea9b7ea9e423fa7c2e2ae0fab3c/m/a/mate_8_cam_ar.jpg;DIAGNOSTIC DE LA PANNEDepuis quelque temps, la caméra arrière de votre Mate 8 ne fonctionne plus correctement.L’objectif de la caméra est abîmé, rayé ou cassé, ce qui vous empêche de prendre des photos nettes ou d’utiliser normalement votre appareil.La caméra arrière de votre smartphone ou tablette Huawei ne semble plus capable d’effectuer une mise au point correcte.Vous constatez une perte de qua...
Haut-parleur Huawei Mate 8;9629;12;EUR;En stock;Huawei > Gamme Mate > Mate 8;https://www.pieces2mobile.com/haut-parleur-huawei-mate-8.html;https://www.pieces2mobile.com/media/catalog/product/cache/08ce6ea9b7ea9e423fa7c2e2ae0fab3c/m/a/mate_8_hp.jpg;DIAGNOSTIC DE LA PANNE Vous avez abîmé ou endommagé votre Mate 8 par accident. Le haut-parleur de votre smartphone ou tablette Huawei ne fonctionne plus. Heureusement, cette panne est réparable, et cette pièce de qualité vous permet d'en effectuer le dépannage.NOS CONSEILS Lors de l'achat, il est conseillé de vérifier votre modèle de smartphone/tablette par sa référence plutôt que par son nom. Mai...
Caméra avant Huawei Mate 8 ;9627;1.2;EUR;En stock;Huawei > Gamme Mate > Mate 8;https://www.pieces2mobile.com/camera-avant-huawei-mate-8.html;https://www.pieces2mobile.com/media/catalog/product/cache/08ce6ea9b7ea9e423fa7c2e2ae0fab3c/m/a/mate_8_cam_av.jpg;DIAGNOSTIC DE LA PANNE Depuis quelques temps, la caméra avant de votre Mate 8 ne fonctionne plus. L'objectif de la caméra est abîmé ou cassé, ce qui vous empêche de prendre des photos. La caméra avant de votre smartphone ou tablette Huawei ne semble plus capable de faire une mise au point correcte. Heureusement, cette panne est réparable, et cette caméra avant de qualité, vous permet d'en effectue...
Nappe HOME Huawei Mate 8 Or;9625;1.2;EUR;En stock;Huawei > Gamme Mate > Mate 8;https://www.pieces2mobile.com/nappe-home-huawei-mate-8-or.html;https://www.pieces2mobile.com/media/catalog/product/cache/08ce6ea9b7ea9e423fa7c2e2ae0fab3c/m/a/mate_8_nappe_home_bouton_or.jpg;DIAGNOSTIC DE LA PANNE Vous avez abîmé ou endommagé votre Mate 8 par accident. La nappe HOME de votre smartphone ou tablette Huawei ne fonctionne plus. Heureusement, cette panne est réparable, et cette pièce de qualité vous permet d'en effectuer le dépannage.NOS CONSEILS Lors de l'achat, il est conseillé de vérifier votre modèle de smartphone/tablette par sa référence plutôt que par son nom. Mais ...
Tiroir SD / SIM 2 Huawei P8 Lite Noir;8239;1.2;EUR;En stock;Huawei > Gamme P > P8 Lite (ALE-L21);https://www.pieces2mobile.com/tiroir-sd-sim-2-huawei-p8-lite-noir.html;https://www.pieces2mobile.com/media/catalog/product/cache/08ce6ea9b7ea9e423fa7c2e2ae0fab3c/p/8/p8_lite_sd_noir.jpg;DIAGNOSTIC DE LA PANNE Vous avez abîmé ou endommagé votre P8 Lite par accident. Le tiroir SD, SIM (nano) de votre smartphone ou tablette Huawei ne fonctionne plus. Heureusement, cette panne est réparable, et cette pièce de qualité vous permet d'en effectuer le dépannage.NOS CONSEILS Lors de l'achat, il est conseillé de vérifier votre modèle de smartphone/tablette par sa référence plutôt que par so...
Tiroir SIM Huawei P8 Lite Blanc;8237;2.4;EUR;En stock;Huawei > Gamme P > P8 Lite (ALE-L21);https://www.pieces2mobile.com/tiroir-sim-huawei-p8-lite-blanc.html;https://www.pieces2mobile.com/media/catalog/product/cache/08ce6ea9b7ea9e423fa7c2e2ae0fab3c/p/8/p8_lite_sim_blanc.jpg;DIAGNOSTIC DE LA PANNE Vous avez abîmé ou endommagé votre P8 Lite par accident. Le tiroir SIM de votre smartphone ou tablette Huawei ne fonctionne plus. Heureusement, cette panne est réparable, et cette pièce de qualité vous permet d'en effectuer le dépannage.NOS CONSEILS Lors de l'achat, il est conseillé de vérifier votre modèle de smartphone/tablette par sa référence plutôt que par son nom. Mais...
Tiroir SD / SIM 2 Huawei P8 Lite Blanc;8238;1.2;EUR;En stock;Huawei > Gamme P > P8 Lite (ALE-L21);https://www.pieces2mobile.com/tiroir-sd-sim-2-huawei-p8-lite-blanc.html;https://www.pieces2mobile.com/media/catalog/product/cache/08ce6ea9b7ea9e423fa7c2e2ae0fab3c/p/8/p8_lite_sd_blanc.jpg;DIAGNOSTIC DE LA PANNE Vous avez abîmé ou endommagé votre P8 Lite par accident. Le tiroir SD, SIM (nano) de votre smartphone ou tablette Huawei ne fonctionne plus. Heureusement, cette panne est réparable, et cette pièce de qualité vous permet d'en effectuer le dépannage.NOS CONSEILS Lors de l'achat, il est conseillé de vérifier votre modèle de smartphone/tablette par sa référence plutôt que par so...
Tiroir SD / SIM 2 Huawei P8 Lite Or;8240;1.2;EUR;En stock;Huawei > Gamme P > P8 Lite (ALE-L21);https://www.pieces2mobile.com/tiroir-sd-sim-2-huawei-p8-lite-or.html;https://www.pieces2mobile.com/media/catalog/product/cache/08ce6ea9b7ea9e423fa7c2e2ae0fab3c/p/8/p8_lite_sd_or.jpg;DIAGNOSTIC DE LA PANNE Vous avez abîmé ou endommagé votre P8 Lite par accident. Le tiroir SD, SIM (nano) de votre smartphone ou tablette Huawei ne fonctionne plus. Heureusement, cette panne est réparable, et cette pièce de qualité vous permet d'en effectuer le dépannage.NOS CONSEILS Lors de l'achat, il est conseillé de vérifier votre modèle de smartphone/tablette par sa référence plutôt que par so...
Lecteur SIM Huawei P8 (GRA-L09);8242;5;EUR;En stock;Huawei > Gamme P > P8 (GRA-L09);https://www.pieces2mobile.com/lecteur-sim-huawei-p8-gra-l09.html;https://www.pieces2mobile.com/media/catalog/product/cache/08ce6ea9b7ea9e423fa7c2e2ae0fab3c/p/8/p8.jpg;DIAGNOSTIC DE LA PANNE Vous avez abîmé ou endommagé votre P8 (GRA-L09) par accident. Le lecteur SIM de votre smartphone ou tablette Huawei ne fonctionne plus. Heureusement, cette panne est réparable, et cette pièce de qualité vous permet d'en effectuer le dépannage.NOS CONSEILS Lors de l'achat, il est conseillé de vérifier votre modèle de smartphone/tablette par sa référence plutôt que par son nom...
Lecteur SIM Huawei Ascend P7 (P7-L10);8241;0.66;EUR;En stock;Huawei > Gamme Ascend > Ascend P7 (P7-L10);https://www.pieces2mobile.com/lecteur-sim-huawei-ascend-p7-p7-l10.html;https://www.pieces2mobile.com/media/catalog/product/cache/08ce6ea9b7ea9e423fa7c2e2ae0fab3c/p/7/p7_5-4e.jpg;DIAGNOSTIC DE LA PANNE Vous avez abîmé ou endommagé votre Ascend P7 (P7-L10) par accident. Le lecteur SIM de votre smartphone ou tablette Huawei ne fonctionne plus. Heureusement, cette panne est réparable, et cette pièce de qualité vous permet d'en effectuer le dépannage.NOS CONSEILS Lors de l'achat, il est conseillé de vérifier votre modèle de smartphone/tablette par sa référence plutôt que par s...
Vitre tactile Huawei Ascend (Y330) Noir;9765;3.6;EUR;En stock;Huawei > Gamme Ascend > Ascend (Y330);https://www.pieces2mobile.com/vitre-tactile-huawei-ascend-y330-noir.html;https://www.pieces2mobile.com/media/catalog/product/cache/08ce6ea9b7ea9e423fa7c2e2ae0fab3c/h/u/huawei-y330-tactile.jpg;DIAGNOSTIC DE LA PANNE Par accident, la vitre tactile de votre Ascend (Y330) est abîmée, rayée, fissurée ou cassée. La vitre tactile de votre smartphone ou tablette Huawei n'adhère plus ou se décolle. Heureusement, cette panne est réparable, et cette vitre tactile de qualité vous permet d'en effectuer le dépannage.NOS CONSEILS Lors de l'achat, il est conseillé de vérifier votre modèle de smartphon...
Afficheur LCD Huawei Ascend (Y330);9766;3.6;EUR;En stock;Huawei > Gamme Ascend > Ascend (Y330);https://www.pieces2mobile.com/afficheur-lcd-huawei-ascend-y330.html;https://www.pieces2mobile.com/media/catalog/product/cache/08ce6ea9b7ea9e423fa7c2e2ae0fab3c/h/u/huawei-y330-lcd.jpg;DIAGNOSTIC DE LA PANNE L'affichage de votre Ascend (Y330) reste inexistant ou totalement noir. Vous avez abîmé, rayé, fissuré ou cassé votre afficheur LCD par accident. L'écran, l'afficheur LCD ou la vitre tactile de votre smartphone ou tablette Huawei ne fonctionne plus. Heureusement, cette panne est réparable, et cet afficheur LCD de qualité vous permet d'en effectuer le dépannage.NOS CONSEILS L...
Afficheur LCD Huawei Y635 ;9764;3.6;EUR;En stock;Huawei > Autres > Y635 (Y635-L01);https://www.pieces2mobile.com/afficheur-lcd-huawei-y635.html;https://www.pieces2mobile.com/media/catalog/product/cache/08ce6ea9b7ea9e423fa7c2e2ae0fab3c/a/f/afficheur_lcd_huawei_y635.jpg;DIAGNOSTIC DE LA PANNE L'affichage de votre Y635 reste inexistant ou totalement noir. Vous avez abîmé, rayé, fissuré ou cassé votre afficheur LCD par accident. L'écran, l'afficheur LCD ou la vitre tactile de votre smartphone ou tablette Huawei ne fonctionne plus. Heureusement, cette panne est réparable, et cet afficheur LCD de qualité vous permet d'en effectuer le dépannage.NOS CONSEILS Lors de l'...
Caméra arrière Huawei Ascend P7 (P7-L10) ;9779;25;EUR;En stock;Huawei > Gamme Ascend > Ascend P7 (P7-L10);https://www.pieces2mobile.com/camera-arriere-huawei-ascend-p7-p7-l10.html;https://www.pieces2mobile.com/media/catalog/product/cache/08ce6ea9b7ea9e423fa7c2e2ae0fab3c/c/a/cam-ar_41.jpg;DIAGNOSTIC DE LA PANNEDepuis quelque temps, la caméra arrière de votre Ascend P7 (P7-L10) ne fonctionne plus correctement.L’objectif de la caméra est abîmé, rayé ou cassé, ce qui vous empêche de prendre des photos nettes ou d’utiliser normalement votre appareil.La caméra arrière de votre smartphone ou tablette Huawei ne semble plus capable d’effectuer une mise au point correcte.Vous constatez une ...
Caméra avant Huawei Ascend P7 (P7-L10) ;9780;15;EUR;En stock;Huawei > Gamme Ascend > Ascend P7 (P7-L10);https://www.pieces2mobile.com/camera-avant-huawei-ascend-p7-p7-l10.html;https://www.pieces2mobile.com/media/catalog/product/cache/08ce6ea9b7ea9e423fa7c2e2ae0fab3c/c/a/cam-av_38.jpg;DIAGNOSTIC DE LA PANNE Depuis quelques temps, la caméra avant de votre Ascend P7 (P7-L10) ne fonctionne plus. L'objectif de la caméra est abîmé ou cassé, ce qui vous empêche de prendre des photos. La caméra avant de votre smartphone ou tablette Huawei ne semble plus capable de faire une mise au point correcte. Heureusement, cette panne est réparable, et cette caméra avant de qualité, vous permet d...
Châssis support interne d'occasion Huawei Ascend P7 (P7-L10) ;9784;7.5;EUR;En stock;Huawei > Gamme Ascend > Ascend P7 (P7-L10);https://www.pieces2mobile.com/chassis-support-interne-d-occasion-huawei-ascend-p7-p7-l10.html;https://www.pieces2mobile.com/media/catalog/product/cache/08ce6ea9b7ea9e423fa7c2e2ae0fab3c/c/h/ch_ssis_support_interne_d_occasion_huawei_ascend_p7_p7-l10_.jpg;DIAGNOSTIC DE LA PANNE Le châssis interne de votre Ascend P7 (P7-L10) est abîmé, fendu ou cassé, il n'est donc plus valable. Il ne semble plus tenir en place ou ne maintient plus correctement les pièces internes. Les parties visibles (contours,...) de votre smartphone ou tablette Huawei sont abîmées, rayées et nuisent à l'esthétique générale. Heureusement, cette panne est réparable, et ce châssis ...
Nappe HOME Huawei P9 (EVA-L09) Prestige Gold;8316;2.4;EUR;En stock;Huawei > Gamme P > P9 (EVA-L09);https://www.pieces2mobile.com/nappe-home-huawei-p9-eva-l09-prestige-gold.html;https://www.pieces2mobile.com/media/catalog/product/cache/08ce6ea9b7ea9e423fa7c2e2ae0fab3c/n/a/nappe_home_huawei_p9_eva-l09_or.jpg;DIAGNOSTIC DE LA PANNE Vous avez abîmé ou endommagé votre P9 (EVA-L09) par accident. La nappe HOME de votre smartphone ou tablette Huawei ne fonctionne plus. Heureusement, cette panne est réparable, et cette pièce de qualité vous permet d'en effectuer le dépannage.NOS CONSEILS Lors de l'achat, il est conseillé de vérifier votre modèle de smartphone/tablette par sa référence plutôt que par son nom....
Nappe HOME Huawei P9 (EVA-L09) Titanium Grey;8315;1.2;EUR;En stock;Huawei > Gamme P > P9 (EVA-L09);https://www.pieces2mobile.com/nappe-home-huawei-p9-eva-l09-titanium-grey.html;https://www.pieces2mobile.com/media/catalog/product/cache/08ce6ea9b7ea9e423fa7c2e2ae0fab3c/n/a/nappe_home_huawei_p9_eva-l09_noir.jpg;DIAGNOSTIC DE LA PANNE Vous avez abîmé ou endommagé votre P9 (EVA-L09) par accident. La nappe HOME de votre smartphone ou tablette Huawei ne fonctionne plus. Heureusement, cette panne est réparable, et cette pièce de qualité vous permet d'en effectuer le dépannage.NOS CONSEILS Lors de l'achat, il est conseillé de vérifier votre modèle de smartphone/tablette par sa référence plutôt que par son nom....
Nappe Principale (Carte mère / Charge) Huawei P9 (EVA-L09);8314;1.2;EUR;En stock;Huawei > Gamme P > P9 (EVA-L09);https://www.pieces2mobile.com/nappe-connexion-carte-mere-charge-huawei-p9-eva-l09.html;https://www.pieces2mobile.com/media/catalog/product/cache/08ce6ea9b7ea9e423fa7c2e2ae0fab3c/n/a/nappe_lcd_huawei_p9_eva-l09_.jpg;DIAGNOSTIC DE LA PANNE Vous avez abîmé ou endommagé votre P9 (EVA-L09) par accident. La nappe LCD de votre smartphone ou tablette Huawei ne fonctionne plus. Heureusement, cette panne est réparable, et cette pièce de qualité vous permet d'en effectuer le dépannage.NOS CONSEILS Lors de l'achat, il est conseillé de vérifier votre modèle de smartphone/tablette par sa référence plutôt que par son nom. ...
Nappe Power / Volume Huawei P9 (EVA-L09);8318;1.2;EUR;En stock;Huawei > Gamme P > P9 (EVA-L09);https://www.pieces2mobile.com/nappe-power-volume-huawei-p9-eva-l09.html;https://www.pieces2mobile.com/media/catalog/product/cache/08ce6ea9b7ea9e423fa7c2e2ae0fab3c/n/a/nappe_power_volume_huawei_p9_eva-l09_.jpg;DIAGNOSTIC DE LA PANNE Vous avez abîmé ou endommagé votre P9 (EVA-L09) par accident. La nappe Power, Volume de votre smartphone ou tablette Huawei ne fonctionne plus. Heureusement, cette panne est réparable, et cette pièce de qualité vous permet d'en effectuer le dépannage.NOS CONSEILS Lors de l'achat, il est conseillé de vérifier votre modèle de smartphone/tablette par sa référence plutôt que par...
Nappe HOME Huawei P9 (EVA-L09) Rose Gold;8317;2.4;EUR;En stock;Huawei > Gamme P > P9 (EVA-L09);https://www.pieces2mobile.com/nappe-home-huawei-p9-eva-l09-rose-gold.html;https://www.pieces2mobile.com/media/catalog/product/cache/08ce6ea9b7ea9e423fa7c2e2ae0fab3c/p/9/p9-nappe-bouton-home-rose.jpg;DIAGNOSTIC DE LA PANNE Vous avez abîmé ou endommagé votre P9 (EVA-L09) par accident. La nappe HOME de votre smartphone ou tablette Huawei ne fonctionne plus. Heureusement, cette panne est réparable, et cette pièce de qualité vous permet d'en effectuer le dépannage.NOS CONSEILS Lors de l'achat, il est conseillé de vérifier votre modèle de smartphone/tablette par sa référence plutôt que par son nom....
Nappe Jack Huawei P9 (EVA-L09);8319;1.2;EUR;En stock;Huawei > Gamme P > P9 (EVA-L09);https://www.pieces2mobile.com/nappe-jack-huawei-p9-eva-l09.html;https://www.pieces2mobile.com/media/catalog/product/cache/08ce6ea9b7ea9e423fa7c2e2ae0fab3c/n/a/nappe_jack_huawei_p9_eva-l09_.jpg;DIAGNOSTIC DE LA PANNE Vous avez abîmé ou endommagé votre P9 (EVA-L09) par accident. La nappe Jack de votre smartphone ou tablette Huawei ne fonctionne plus. Heureusement, cette panne est réparable, et cette pièce de qualité vous permet d'en effectuer le dépannage.NOS CONSEILS Lors de l'achat, il est conseillé de vérifier votre modèle de smartphone/tablette par sa référence plutôt que par son nom....
Tiroir SIM Huawei Nexus 6P Blanc;8345;8.4;EUR;En stock;Huawei > Autres > Nexus 6P;https://www.pieces2mobile.com/tiroir-sim-huawei-nexus-6p-blanc.html;https://www.pieces2mobile.com/media/catalog/product/cache/08ce6ea9b7ea9e423fa7c2e2ae0fab3c/n/e/nexus-6p-sim-blanc.jpg;DIAGNOSTIC DE LA PANNE Vous avez abîmé ou endommagé votre Nexus 6P par accident. Le tiroir SIM de votre smartphone ou tablette Huawei ne fonctionne plus. Heureusement, cette panne est réparable, et cette pièce de qualité vous permet d'en effectuer le dépannage.NOS CONSEILS Lors de l'achat, il est conseillé de vérifier votre modèle de smartphone/tablette par sa référence plutôt que par son nom. Mai...
Nappe LCD Huawei Nexus 6P;8341;12;EUR;En stock;Huawei > Autres > Nexus 6P;https://www.pieces2mobile.com/nappe-lcd-huawei-nexus-6p.html;https://www.pieces2mobile.com/media/catalog/product/cache/08ce6ea9b7ea9e423fa7c2e2ae0fab3c/n/e/nexus-6p.jpg;DIAGNOSTIC DE LA PANNE Vous avez abîmé ou endommagé votre Nexus 6P par accident. La nappe LCD de votre smartphone ou tablette Huawei ne fonctionne plus. Heureusement, cette panne est réparable, et cette pièce de qualité vous permet d'en effectuer le dépannage.NOS CONSEILS Lors de l'achat, il est conseillé de vérifier votre modèle de smartphone/tablette par sa référence plutôt que par son nom. Mais...
Tiroir SIM Huawei Nexus 6P Noir;8344;1.2;EUR;En stock;Huawei > Autres > Nexus 6P;https://www.pieces2mobile.com/tiroir-sim-huawei-nexus-6p-noir.html;https://www.pieces2mobile.com/media/catalog/product/cache/08ce6ea9b7ea9e423fa7c2e2ae0fab3c/n/e/nexus-6p-sim-noir.jpg;DIAGNOSTIC DE LA PANNE Vous avez abîmé ou endommagé votre Nexus 6P par accident. Le tiroir SIM de votre smartphone ou tablette Huawei ne fonctionne plus. Heureusement, cette panne est réparable, et cette pièce de qualité vous permet d'en effectuer le dépannage.NOS CONSEILS Lors de l'achat, il est conseillé de vérifier votre modèle de smartphone/tablette par sa référence plutôt que par son nom. Mai...
Nappe / Connecteur de Charge Huawei Nexus 6P;8343;1.2;EUR;En stock;Huawei > Autres > Nexus 6P;https://www.pieces2mobile.com/nappe-charge-huawei-nexus-6p.html;https://www.pieces2mobile.com/media/catalog/product/cache/08ce6ea9b7ea9e423fa7c2e2ae0fab3c/n/e/nexus-6p-charge.jpg;DIAGNOSTIC DE LA PANNE Vous avez abîmé ou endommagé votre Nexus 6P par accident. La nappe Charge de votre smartphone ou tablette Huawei ne fonctionne plus. Heureusement, cette panne est réparable, et cette pièce de qualité vous permet d'en effectuer le dépannage.NOS CONSEILS Lors de l'achat, il est conseillé de vérifier votre modèle de smartphone/tablette par sa référence plutôt que par son nom. M...
Nappe HOME Huawei Nexus 6P;8342;18;EUR;En stock;Huawei > Autres > Nexus 6P;https://www.pieces2mobile.com/nappe-home-huawei-nexus-6p.html;https://www.pieces2mobile.com/media/catalog/product/cache/08ce6ea9b7ea9e423fa7c2e2ae0fab3c/n/e/nexus-6p-home-flex.jpg;DIAGNOSTIC DE LA PANNE Vous avez abîmé ou endommagé votre Nexus 6P par accident. La nappe HOME de votre smartphone ou tablette Huawei ne fonctionne plus. Heureusement, cette panne est réparable, et cette pièce de qualité vous permet d'en effectuer le dépannage.NOS CONSEILS Lors de l'achat, il est conseillé de vérifier votre modèle de smartphone/tablette par sa référence plutôt que par son nom. Mai...
Tiroir SIM Huawei Nexus 6P Or;8346;8.4;EUR;En stock;Huawei > Autres > Nexus 6P;https://www.pieces2mobile.com/tiroir-sim-huawei-nexus-6p-or.html;https://www.pieces2mobile.com/media/catalog/product/cache/08ce6ea9b7ea9e423fa7c2e2ae0fab3c/n/e/nexus-6p-sim-or.jpg;DIAGNOSTIC DE LA PANNE Vous avez abîmé ou endommagé votre Nexus 6P par accident. Le tiroir SIM de votre smartphone ou tablette Huawei ne fonctionne plus. Heureusement, cette panne est réparable, et cette pièce de qualité vous permet d'en effectuer le dépannage.NOS CONSEILS Lors de l'achat, il est conseillé de vérifier votre modèle de smartphone/tablette par sa référence plutôt que par son nom. Mai...
Nappe Power / Volume Huawei Nexus 6P;8349;14.4;EUR;En stock;Huawei > Autres > Nexus 6P;https://www.pieces2mobile.com/nappe-power-volume-huawei-nexus-6p.html;https://www.pieces2mobile.com/media/catalog/product/cache/08ce6ea9b7ea9e423fa7c2e2ae0fab3c/n/e/nexus-6p-power-volume.jpg;DIAGNOSTIC DE LA PANNE Vous avez abîmé ou endommagé votre Nexus 6P par accident. La nappe Power, Volume de votre smartphone ou tablette Huawei ne fonctionne plus. Heureusement, cette panne est réparable, et cette pièce de qualité vous permet d'en effectuer le dépannage.NOS CONSEILS Lors de l'achat, il est conseillé de vérifier votre modèle de smartphone/tablette par sa référence plutôt que par son...
Caméra arrière Huawei Nexus 6P;8347;2.4;EUR;En stock;Huawei > Autres > Nexus 6P;https://www.pieces2mobile.com/camera-arriere-huawei-nexus-6p.html;https://www.pieces2mobile.com/media/catalog/product/cache/08ce6ea9b7ea9e423fa7c2e2ae0fab3c/n/e/nexus-6p-cam-ar.jpg;DIAGNOSTIC DE LA PANNEDepuis quelque temps, la caméra arrière de votre Nexus 6P ne fonctionne plus correctement.L’objectif de la caméra est abîmé, rayé ou cassé, ce qui vous empêche de prendre des photos nettes ou d’utiliser normalement votre appareil.La caméra arrière de votre smartphone ou tablette Huawei ne semble plus capable d’effectuer une mise au point correcte.Vous constatez une perte de q...
Caméra avant Huawei Nexus 6P;8348;20.4;EUR;En stock;Huawei > Autres > Nexus 6P;https://www.pieces2mobile.com/camera-avant-huawei-nexus-6p.html;https://www.pieces2mobile.com/media/catalog/product/cache/08ce6ea9b7ea9e423fa7c2e2ae0fab3c/n/e/nexus-6p-cam-av.jpg;DIAGNOSTIC DE LA PANNE Depuis quelques temps, la caméra avant de votre Nexus 6P ne fonctionne plus. L'objectif de la caméra est abîmé ou cassé, ce qui vous empêche de prendre des photos. La caméra avant de votre smartphone ou tablette Huawei ne semble plus capable de faire une mise au point correcte. Heureusement, cette panne est réparable, et cette caméra avant de qualité, vous permet d'en effect...
Adhésif avant (écran) Huawei P8 Lite (ALE-L21);8377;0.66;EUR;En stock;Huawei > Gamme P > P8 Lite (ALE-L21);https://www.pieces2mobile.com/adhesif-avant-ecran-huawei-p8-lite-ale-l21.html;https://www.pieces2mobile.com/media/catalog/product/cache/08ce6ea9b7ea9e423fa7c2e2ae0fab3c/p/8/p8-adhesif.jpg;DIAGNOSTIC DE LA PANNE Vous prévoyez de réparer la partie avant de votre P8 Lite (ALE-L21), il vous faudra donc recoller l'écran de ce dernier. L'adhésif avant de l'écran de votre smartphone ou tablette Huawei n'adhère plus et se décolle. Heureusement, cette panne est réparable, et cet adhésif avant de qualité, vous permet d'en effectuer le dépannage.NOS CONSEILS Avant d'utiliser l'adhésif et de c...
Adhésif avant (écran) Huawei Ascend Mate 7;8378;0.66;EUR;En stock;Huawei > Gamme Mate > Ascend Mate 7;https://www.pieces2mobile.com/adhesif-avant-ecran-huawei-ascend-mate-7.html;https://www.pieces2mobile.com/media/catalog/product/cache/08ce6ea9b7ea9e423fa7c2e2ae0fab3c/a/d/adh_sif_avant_cran_huawei_ascend_mate_7.jpg;DIAGNOSTIC DE LA PANNE Vous prévoyez de réparer la partie avant de votre Mate 7, il vous faudra donc recoller l'écran de ce dernier. L'adhésif avant de l'écran de votre smartphone ou tablette Huawei n'adhère plus et se décolle. Heureusement, cette panne est réparable, et cet adhésif avant de qualité, vous permet d'en effectuer le dépannage.NOS CONSEILS Avant d'utiliser l'adhésif et de coller un éc...
Adhésif avant (écran) Huawei Ascend G7 (G7-L01);8379;3.6;EUR;En stock;Huawei > Gamme G > Ascend G7 (G7-L01);https://www.pieces2mobile.com/adhesif-avant-ecran-huawei-ascend-g7-g7-l01.html;https://www.pieces2mobile.com/media/catalog/product/cache/08ce6ea9b7ea9e423fa7c2e2ae0fab3c/g/7/g7.jpg;DIAGNOSTIC DE LA PANNE Vous prévoyez de réparer la partie avant de votre Ascend G7 (G7-L01), il vous faudra donc recoller l'écran de ce dernier. L'adhésif avant de l'écran de votre smartphone ou tablette Huawei n'adhère plus et se décolle. Heureusement, cette panne est réparable, et cet adhésif avant de qualité, vous permet d'en effectuer le dépannage.NOS CONSEILS Avant d'utiliser l'adhésif et de ...
Écran Huawei G8 Blanc Reconditionné (PIEC);9997;3.6;EUR;En stock;Huawei > Gamme G > G8;https://www.pieces2mobile.com/ecran-huawei-g8-blanc.html;https://www.pieces2mobile.com/media/catalog/product/cache/08ce6ea9b7ea9e423fa7c2e2ae0fab3c/_/c/_cran_huawei_g8_blanc.jpg;Écran Huawei G8 Blanc Reconditionné (PIEC) Neuf Vous venez de casser l’écran de votre précieux Huawei G8 Blanc et ne savez pas où trouver une offre d’écran G8 Blanc Neuf au meilleur prix ?Sur Pieces2Mobile.com bien évidemment ! Leader en vente de pièces détachées de smartphones aux particuliers et professionnels, nous proposons justement un écran de Huawei G8 Reconditionné Neuf avec, afficheur LCD...
Écran Huawei G8 Noir Reconditionné (PIEC);9996;3.6;EUR;Rupture / sur commande;Huawei > Gamme G > G8;https://www.pieces2mobile.com/ecran-huawei-g8-noir.html;https://www.pieces2mobile.com/media/catalog/product/cache/08ce6ea9b7ea9e423fa7c2e2ae0fab3c/_/c/_cran_huawei_g8_noir.jpg;Écran Huawei G8 Noir Reconditionné (PIEC) Neuf Vous venez de casser l’écran de votre précieux Huawei G8 Noir et ne savez pas où trouver une offre d’écran G8 Noir Neuf au meilleur prix ?Sur Pieces2Mobile.com bien évidemment ! Leader en vente de pièces détachées de smartphones aux particuliers et professionnels, nous proposons justement un écran de Huawei G8 Reconditionné Neuf avec, afficheur LCD, v...
Tiroir SD / SIM 2 Huawei P8 (GRA-L09) Noir;8440;1.2;EUR;En stock;Huawei > Gamme P > P8 (GRA-L09);https://www.pieces2mobile.com/tiroir-sd-sim-2-huawei-p8-gra-l09-noir.html;https://www.pieces2mobile.com/media/catalog/product/cache/08ce6ea9b7ea9e423fa7c2e2ae0fab3c/t/i/tiroir_sd_huawei_p8_gra-l09_noir.jpg;DIAGNOSTIC DE LA PANNE Vous avez abîmé ou endommagé votre P8 (GRA-L09) par accident. Le tiroir SD, SIM (nano) de votre smartphone ou tablette Huawei ne fonctionne plus. Heureusement, cette panne est réparable, et cette pièce de qualité vous permet d'en effectuer le dépannage.NOS CONSEILS Lors de l'achat, il est conseillé de vérifier votre modèle de smartphone/tablette par sa référence plutôt que p...
Vitre cache caméra arrière Huawei Mate 8 Or;8520;7.2;EUR;En stock;Huawei > Gamme Mate > Mate 8;https://www.pieces2mobile.com/vitre-cache-camera-arriere-huawei-mate-8-or.html;https://www.pieces2mobile.com/media/catalog/product/cache/08ce6ea9b7ea9e423fa7c2e2ae0fab3c/v/i/vitre_cache_cam_ra_arri_re_huawei_mate_8_or.jpg;DIAGNOSTIC DE LA PANNELa vitre cache caméra arrière de votre Mate 8 est abîmée, rayée, fissurée ou cassée à la suite d’un choc, d’une chute ou d’une usure accidentelle.La vitre cache caméra arrière de votre smartphone ou tablette Huawei n’adhère plus correctement, se soulève ou commence à se décoller.L’aspect de votre appareil est dégradé et vous souhaitez remplacer la vitre cache caméra arrière p...
Vitre cache caméra arrière Huawei Mate 8 Blanc;8519;7.2;EUR;En stock;Huawei > Gamme Mate > Mate 8;https://www.pieces2mobile.com/vitre-cache-camera-arriere-huawei-mate-8-blanc.html;https://www.pieces2mobile.com/media/catalog/product/cache/08ce6ea9b7ea9e423fa7c2e2ae0fab3c/v/i/vitre_cache_cam_ra_arri_re_huawei_mate_8_blanc.jpg;DIAGNOSTIC DE LA PANNELa vitre cache caméra arrière de votre Mate 8 est abîmée, rayée, fissurée ou cassée à la suite d’un choc, d’une chute ou d’une usure accidentelle.La vitre cache caméra arrière de votre smartphone ou tablette Huawei n’adhère plus correctement, se soulève ou commence à se décoller.L’aspect de votre appareil est dégradé et vous souhaitez remplacer la vitre cache caméra arrière p...
Vitre cache caméra arrière Huawei Mate 8 Noir;8518;1.2;EUR;En stock;Huawei > Gamme Mate > Mate 8;https://www.pieces2mobile.com/vitre-cache-camera-arriere-huawei-mate-8-noir.html;https://www.pieces2mobile.com/media/catalog/product/cache/08ce6ea9b7ea9e423fa7c2e2ae0fab3c/v/i/vitre_cache_cam_ra_arri_re_huawei_mate_8_noir.jpg;DIAGNOSTIC DE LA PANNELa vitre cache caméra arrière de votre Mate 8 est abîmée, rayée, fissurée ou cassée à la suite d’un choc, d’une chute ou d’une usure accidentelle.La vitre cache caméra arrière de votre smartphone ou tablette Huawei n’adhère plus correctement, se soulève ou commence à se décoller.L’aspect de votre appareil est dégradé et vous souhaitez remplacer la vitre cache caméra arrière p...
Nappe / Connecteur de Charge Huawei Mate 8;8542;18;EUR;En stock;Huawei > Gamme Mate > Mate 8;https://www.pieces2mobile.com/nappe-charge-huawei-mate-8.html;https://www.pieces2mobile.com/media/catalog/product/cache/08ce6ea9b7ea9e423fa7c2e2ae0fab3c/n/a/nappe_charge_huawei_mate_8.jpg;DIAGNOSTIC DE LA PANNE Vous avez abîmé ou endommagé votre Mate 8 par accident. La nappe Charge de votre smartphone ou tablette Huawei ne fonctionne plus. Heureusement, cette panne est réparable, et cette pièce de qualité vous permet d'en effectuer le dépannage.NOS CONSEILS Lors de l'achat, il est conseillé de vérifier votre modèle de smartphone/tablette par sa référence plutôt que par son nom. Mai...
Tiroir SIM / SD Huawei P9 Rose Gold;8564;2.4;EUR;En stock;Huawei > Gamme P > P9 (EVA-L09);https://www.pieces2mobile.com/tiroir-sim-huawei-p9-eva-l09-rose-gold.html;https://www.pieces2mobile.com/media/catalog/product/cache/08ce6ea9b7ea9e423fa7c2e2ae0fab3c/h/u/huawei-p9-tiroir-sim-sd-rose-gold.jpg;DIAGNOSTIC DE LA PANNE Vous avez abîmé ou endommagé votre P9 par accident. Le tiroir SD, SIM de votre smartphone ou tablette Huawei ne fonctionne plus. Heureusement, cette panne est réparable, et cette pièce de qualité vous permet d'en effectuer le dépannage.NOS CONSEILS Lors de l'achat, il est conseillé de vérifier votre modèle de smartphone/tablette par sa référence plutôt que par son nom. Mais ...
Nappe HOME Huawei P9 (EVA-L09) Mystic Silver;8563;2.4;EUR;En stock;Huawei > Gamme P > P9 (EVA-L09);https://www.pieces2mobile.com/nappe-home-huawei-p9-eva-l09-mystic-silver.html;https://www.pieces2mobile.com/media/catalog/product/cache/08ce6ea9b7ea9e423fa7c2e2ae0fab3c/n/a/nappe_home_huawei_p9_eva-l09_argent.jpg;DIAGNOSTIC DE LA PANNE Vous avez abîmé ou endommagé votre P9 (EVA-L09) par accident. La nappe HOME de votre smartphone ou tablette Huawei ne fonctionne plus. Heureusement, cette panne est réparable, et cette pièce de qualité vous permet d'en effectuer le dépannage.NOS CONSEILS Lors de l'achat, il est conseillé de vérifier votre modèle de smartphone/tablette par sa référence plutôt que par son nom....
Nappe Principale Antenne Huawei P9 (EVA-L09);8566;2.4;EUR;En stock;Huawei > Gamme P > P9 (EVA-L09);https://www.pieces2mobile.com/nappe-connexion-antenne-huawei-p9-eva-l09.html;https://www.pieces2mobile.com/media/catalog/product/cache/08ce6ea9b7ea9e423fa7c2e2ae0fab3c/n/a/nappe_connexion_antenne_huawei_p9_eva-l09_.jpg;DIAGNOSTIC DE LA PANNE Vous avez abîmé ou endommagé votre P9 (EVA-L09) par accident. La nappe de connexion de votre smartphone ou tablette Huawei ne fonctionne plus. Heureusement, cette panne est réparable, et cette pièce de qualité vous permet d'en effectuer le dépannage.NOS CONSEILS Lors de l'achat, il est conseillé de vérifier votre modèle de smartphone/tablette par sa référence plutôt que par ...
Nappe Haut-parleur Huawei P9 (EVA-L09);8565;2.4;EUR;En stock;Huawei > Gamme P > P9 (EVA-L09);https://www.pieces2mobile.com/nappe-haut-parleur-huawei-p9-eva-l09.html;https://www.pieces2mobile.com/media/catalog/product/cache/08ce6ea9b7ea9e423fa7c2e2ae0fab3c/n/a/nappe_haut-parleur_huawei_p9_eva-l09_.jpg;DIAGNOSTIC DE LA PANNE Vous avez abîmé ou endommagé votre P9 (EVA-L09) par accident. La nappe Haut-parleur de votre smartphone ou tablette Huawei ne fonctionne plus. Heureusement, cette panne est réparable, et cette pièce de qualité vous permet d'en effectuer le dépannage.NOS CONSEILS Lors de l'achat, il est conseillé de vérifier votre modèle de smartphone/tablette par sa référence plutôt que par ...
Caméra arrière Huawei P9 (EVA-L09) / P9 Plus (VIE-AL10) / Honor 8 (FRD-L09);8567;7.2;EUR;En stock;Huawei > Gamme P > P9 (EVA-L09);https://www.pieces2mobile.com/camera-arriere-huawei-p9-eva-l09-p9-plus-vie-al10-honor-8-frd-l09.html;https://www.pieces2mobile.com/media/catalog/product/cache/08ce6ea9b7ea9e423fa7c2e2ae0fab3c/c/a/cam_ra_arri_re_huawei_p9_eva-l09_.jpg;DIAGNOSTIC DE LA PANNEDepuis quelque temps, la caméra arrière de votre P9 (EVA-L09) / P9 Plus (VIE-AL10) / Honor 8 (FRD-L09) ne fonctionne plus correctement.L’objectif de la caméra est abîmé, rayé ou cassé, ce qui vous empêche de prendre des photos nettes ou d’utiliser normalement votre appareil.La caméra arrière de votre smartphone ou tablette Huawei ne semble plus capable d’effectuer une mise au...
Caméra avant Huawei P9 (EVA-L09);8568;4.8;EUR;En stock;Huawei > Gamme P > P9 (EVA-L09);https://www.pieces2mobile.com/camera-avant-huawei-p9-eva-l09.html;https://www.pieces2mobile.com/media/catalog/product/cache/08ce6ea9b7ea9e423fa7c2e2ae0fab3c/c/a/cam_ra_avant_huawei_p9_eva-l09_.jpg;DIAGNOSTIC DE LA PANNE Depuis quelques temps, la caméra avant de votre P9 (EVA-L09) ne fonctionne plus. L'objectif de la caméra est abîmé ou cassé, ce qui vous empêche de prendre des photos. La caméra avant de votre smartphone ou tablette Huawei ne semble plus capable de faire une mise au point correcte. Heureusement, cette panne est réparable, et cette caméra avant de qualité, vous permet d'en ef...
Coque arrière Huawei P8 Lite (ALE-L21) Blanc;8588;15;EUR;En stock;Huawei > Gamme P > P8 Lite (ALE-L21);https://www.pieces2mobile.com/coque-arriere-huawei-p8-lite-ale-l21-blanc.html;https://www.pieces2mobile.com/media/catalog/product/cache/08ce6ea9b7ea9e423fa7c2e2ae0fab3c/c/o/coque_arri_re_huawei_p8_lite_ale-l21_blanc.jpg;DIAGNOSTIC DE LA PANNE Par accident, la coque arrière de votre P8 Lite (ALE-L21) est abîmée, rayée, fissurée ou cassée. La coque arrière de votre smartphone ou tablette Huawei n'adhère plus ou se décolle. Heureusement, cette panne est réparable, et cette coque arrière de qualité vous permet d'en effectuer le dépannage.NOS CONSEILS Lors de l'achat, il est conseillé de vérifier votre modèle de smart...
Vitre cache caméra arrière Huawei P9 (EVA-L09) Or;8770;3.96;EUR;En stock;Huawei > Gamme P > P9 (EVA-L09);https://www.pieces2mobile.com/vitre-cache-camera-arriere-huawei-p9-eva-l09-or.html;https://www.pieces2mobile.com/media/catalog/product/cache/08ce6ea9b7ea9e423fa7c2e2ae0fab3c/v/i/vitre_cache_cam_ra_arri_re_huawei_p9_eva-l09_or.jpg;DIAGNOSTIC DE LA PANNELa vitre cache caméra arrière de votre P9 (EVA-L09) est abîmée, rayée, fissurée ou cassée à la suite d’un choc, d’une chute ou d’une usure accidentelle.La vitre cache caméra arrière de votre smartphone ou tablette Huawei n’adhère plus correctement, se soulève ou commence à se décoller.L’aspect de votre appareil est dégradé et vous souhaitez remplacer la vitre cache caméra arr...
Vitre cache caméra arrière Huawei P9 (EVA-L09) Noir;3225;3.96;EUR;En stock;Huawei > Gamme P > P9 (EVA-L09);https://www.pieces2mobile.com/vitre-cache-camera-arriere-huawei-p9-eva-l09-noir.html;https://www.pieces2mobile.com/media/catalog/product/cache/08ce6ea9b7ea9e423fa7c2e2ae0fab3c/v/i/vitre_cache_cam_ra_arri_re_huawei_p9_eva-l09_noir.jpg;DIAGNOSTIC DE LA PANNELa vitre cache caméra arrière de votre P9 (EVA-L09) est abîmée, rayée, fissurée ou cassée à la suite d’un choc, d’une chute ou d’une usure accidentelle.La vitre cache caméra arrière de votre smartphone ou tablette Huawei n’adhère plus correctement, se soulève ou commence à se décoller.L’aspect de votre appareil est dégradé et vous souhaitez remplacer la vitre cache caméra arr...
Vitre cache caméra arrière Huawei P9 (EVA-L09) Blanc;5479;3.96;EUR;En stock;Huawei > Gamme P > P9 (EVA-L09);https://www.pieces2mobile.com/vitre-cache-camera-arriere-huawei-p9-eva-l09-blanc.html;https://www.pieces2mobile.com/media/catalog/product/cache/08ce6ea9b7ea9e423fa7c2e2ae0fab3c/v/i/vitre_cache_cam_ra_arri_re_huawei_p9_eva-l09_blanc.jpg;DIAGNOSTIC DE LA PANNELa vitre cache caméra arrière de votre P9 (EVA-L09) est abîmée, rayée, fissurée ou cassée à la suite d’un choc, d’une chute ou d’une usure accidentelle.La vitre cache caméra arrière de votre smartphone ou tablette Huawei n’adhère plus correctement, se soulève ou commence à se décoller.L’aspect de votre appareil est dégradé et vous souhaitez remplacer la vitre cache caméra arr...
Coque arrière Huawei P9 (EVA-L09) Or;8772;12;EUR;En stock;Huawei > Gamme P > P9 (EVA-L09);https://www.pieces2mobile.com/coque-arriere-huawei-p9-eva-l09-or.html;https://www.pieces2mobile.com/media/catalog/product/cache/08ce6ea9b7ea9e423fa7c2e2ae0fab3c/c/o/coque_arri_re_huawei_p9_eva-l09_or_1_.jpg;DIAGNOSTIC DE LA PANNE Par accident, la coque arrière de votre P9 (EVA-L09) est abîmée, rayée, fissurée ou cassée. La coque arrière de votre smartphone ou tablette Huawei n'adhère plus ou se décolle. Heureusement, cette panne est réparable, et cette coque arrière de qualité vous permet d'en effectuer le dépannage.NOS CONSEILS Lors de l'achat, il est conseillé de vérifier votre modèle de smartphone...
Tiroir SIM / SD Charge Huawei Mate 8 Blanc;8777;10.8;EUR;En stock;Huawei > Gamme Mate > Mate 8;https://www.pieces2mobile.com/tiroir-sim-sd-charge-huawei-mate-8-blanc.html;https://www.pieces2mobile.com/media/catalog/product/cache/08ce6ea9b7ea9e423fa7c2e2ae0fab3c/t/i/tiroir_sim_sd_charge_huawei_mate_8_blanc.jpg;DIAGNOSTIC DE LA PANNE Vous avez abîmé ou endommagé votre Mate 8 par accident. Le tiroir SD, SIM de votre smartphone ou tablette Huawei ne fonctionne plus. Heureusement, cette panne est réparable, et cette pièce de qualité vous permet d'en effectuer le dépannage.NOS CONSEILS Lors de l'achat, il est conseillé de vérifier votre modèle de smartphone/tablette par sa référence plutôt que par son nom. M...
Châssis central Huawei P9 Lite (VNS-L31) Noir;8773;34.8;EUR;En stock;Huawei > Gamme P > P9 Lite (VNS-L31);https://www.pieces2mobile.com/chassis-central-huawei-p9-lite-vns-l31-noir.html;https://www.pieces2mobile.com/media/catalog/product/cache/08ce6ea9b7ea9e423fa7c2e2ae0fab3c/c/h/ch_ssis_central_huawei_p9_lite_vns-l31_noir.jpg;DIAGNOSTIC DE LA PANNE Le châssis central de votre P9 Lite (VNS-L31) est abîmé, fendu ou cassé, il n'est donc plus valable. Il ne semble plus tenir en place ou ne maintient plus correctement les pièces internes. Les parties visibles (contours,...) de votre smartphone ou tablette Huawei sont abîmées, rayées et nuisent à l'esthétique générale. Heureusement, cette panne est réparable, et ce châssis c...
Châssis central Huawei P9 Lite (VNS-L31) Blanc;8774;34.8;EUR;En stock;Huawei > Gamme P > P9 Lite (VNS-L31);https://www.pieces2mobile.com/chassis-central-huawei-p9-lite-vns-l31-blanc.html;https://www.pieces2mobile.com/media/catalog/product/cache/08ce6ea9b7ea9e423fa7c2e2ae0fab3c/c/h/ch_ssis_central_huawei_p9_lite_vns-l31_blanc_1_.jpg;DIAGNOSTIC DE LA PANNE Le châssis central de votre P9 Lite (VNS-L31) est abîmé, fendu ou cassé, il n'est donc plus valable. Il ne semble plus tenir en place ou ne maintient plus correctement les pièces internes. Les parties visibles (contours,...) de votre smartphone ou tablette Huawei sont abîmées, rayées et nuisent à l'esthétique générale. Heureusement, cette panne est réparable, et ce châssis c...
Coque arrière Huawei P9 Lite (VNS-L31) Blanc;8775;8.4;EUR;En stock;Huawei > Gamme P > P9 Lite (VNS-L31);https://www.pieces2mobile.com/coque-arriere-huawei-p9-lite-vns-l31-blanc.html;https://www.pieces2mobile.com/media/catalog/product/cache/08ce6ea9b7ea9e423fa7c2e2ae0fab3c/c/o/coque_arri_re_huawei_p9_lite_vns-l31_blanc_1.jpg;DIAGNOSTIC DE LA PANNE Par accident, la coque arrière de votre P9 Lite (VNS-L31) est abîmée, rayée, fissurée ou cassée. La coque arrière de votre smartphone ou tablette Huawei n'adhère plus ou se décolle. Heureusement, cette panne est réparable, et cette coque arrière de qualité vous permet d'en effectuer le dépannage.NOS CONSEILS Lors de l'achat, il est conseillé de vérifier votre modèle de smart...
Batterie Huawei P Smart / P8 Lite 2017 / P9 / P10 Lite / P20 Lite / Honor 9 Lite / Y7 2018 / Y6 2018 Origine HB366481ECW;8814;12;EUR;Rupture / sur commande;Huawei > Gamme P > P9 (EVA-L09);https://www.pieces2mobile.com/batterie-hb366481ecw-huawei-origine.html;https://www.pieces2mobile.com/media/catalog/product/cache/08ce6ea9b7ea9e423fa7c2e2ae0fab3c/b/a/batterie_hb366481ecw_huawei_origine.jpg;Compatibilité : P Smart / P8 Lite 2017 / P9 (EVA-L09) / P9 Lite (VNS-L31) / P9 Lite 2017 / P10 Lite (WAS-L03T) / P20 Lite / Honor 5C / Honor 6X (BLN-AL10) / Honor 7 Lite / Honor 8 (FRD-L09) / Honor 9 LiteBatterie Huawei P Smart / P8 Lite 2017 / P9 / P10 Lite / P20 Lite / Honor 9 Lite / Y7 2018 / Y6 2018 Origine HB366481ECW neuveLa batterie de votre smartphone P Smart / P8 Lite 2017 / P9 / P10 Lite...
Batterie Huawei Ascend Mate 7 Origine HB417094EBC;8816;24;EUR;Rupture / sur commande;Huawei > Gamme Mate > Ascend Mate 7;https://www.pieces2mobile.com/batterie-hb417094ebc-huawei-ascend-mate-7-origine.html;https://www.pieces2mobile.com/media/catalog/product/cache/08ce6ea9b7ea9e423fa7c2e2ae0fab3c/b/a/batterie_hb417094ebc_huawei_ascend_mate_7_origine.jpg;Batterie Huawei Ascend Mate 7 Origine HB417094EBC neuveLa batterie de votre smartphone Ascend Mate 7 se décharge rapidement, son autonomie baisse fortement ou l’appareil s’éteint de manière inopinée, et vous cherchez où acheter une batterie Ascend Mate 7 au meilleur prix ?Sur Pieces2Mobile.com bien évidemment ! Leader en vente de pièces détachées de smartphones aux particuliers et professionnels, ...
Écouteur interne Huawei P9 (EVA-L09) / Honor 8 (FRD-L09) / P10 (VTR-L09);8813;4.8;EUR;En stock;Huawei > Gamme P > P9 (EVA-L09);https://www.pieces2mobile.com/ecouteur-huawei-p9-eva-l09-p9-lite-vns-l31-honor-8-frd-l09-p10-vtr-l09.html;https://www.pieces2mobile.com/media/catalog/product/cache/08ce6ea9b7ea9e423fa7c2e2ae0fab3c/_/c/_couteur_huawei_p9_eva-l09_p9_lite_vns-l31_.jpg;DIAGNOSTIC DE LA PANNE Vous avez abîmé ou endommagé votre P9 (EVA-L09) / Honor 8 (FRD-L09) / P10 (VTR-L09) par accident. L'écouteur de votre smartphone ou tablette Huawei ne fonctionne plus. Heureusement, cette panne est réparable, et cette pièce de qualité vous permet d'en effectuer le dépannage.NOS CONSEILS Lors de l'achat, il est conseillé de vérifier votre modèle de smartphone/tablette par sa ...
Batterie Huawei Mate 8 Origine HB396693ECW;8815;13.2;EUR;En stock;Huawei > Gamme Mate > Mate 8;https://www.pieces2mobile.com/batterie-hb396693ecw-huawei-mate-8-origine.html;https://www.pieces2mobile.com/media/catalog/product/cache/08ce6ea9b7ea9e423fa7c2e2ae0fab3c/b/a/batterie_hb396693ecw_huawei_mate_8_origine.jpg;Batterie Huawei Mate 8 Origine HB396693ECW neuveLa batterie de votre smartphone Mate 8 se décharge rapidement, son autonomie baisse fortement ou l’appareil s’éteint de manière inopinée, et vous cherchez où acheter une batterie Mate 8 au meilleur prix ?Sur Pieces2Mobile.com bien évidemment ! Leader en vente de pièces détachées de smartphones aux particuliers et professionnels, nous proposons justem...
Connecteur de charge Huawei Ascend Mate 7;8826;4.8;EUR;En stock;Huawei > Gamme Mate > Ascend Mate 7;https://www.pieces2mobile.com/connecteur-de-charge-huawei-ascend-mate-7.html;https://www.pieces2mobile.com/media/catalog/product/cache/08ce6ea9b7ea9e423fa7c2e2ae0fab3c/c/o/connecteur_de_charge_huawei_ascend_mate_7.jpg;DIAGNOSTIC DE LA PANNE Vous avez abîmé ou endommagé votre Mate 7 par accident. Le connecteur de charge de votre smartphone ou tablette Huawei ne fonctionne plus. Heureusement, cette panne est réparable, et cette pièce de qualité vous permet d'en effectuer le dépannage.NOS CONSEILS Lors de l'achat, il est conseillé de vérifier votre modèle de smartphone/tablette par sa référence plutôt que par son ...
Connecteur de charge Huawei P9 (EVA-L09);8829;4.8;EUR;En stock;Huawei > Gamme P > P9 (EVA-L09);https://www.pieces2mobile.com/connecteur-de-charge-huawei-p9-eva-l09.html;https://www.pieces2mobile.com/media/catalog/product/cache/08ce6ea9b7ea9e423fa7c2e2ae0fab3c/c/o/connecteur_de_charge_huawei_p9_eva-l09_.jpg;DIAGNOSTIC DE LA PANNE Vous avez abîmé ou endommagé votre P9 (EVA-L09) par accident. Le connecteur de charge de votre smartphone ou tablette Huawei ne fonctionne plus. Heureusement, cette panne est réparable, et cette pièce de qualité vous permet d'en effectuer le dépannage.NOS CONSEILS Lors de l'achat, il est conseillé de vérifier votre modèle de smartphone/tablette par sa référence plutôt que pa...
Nappe Jack Huawei P9 Lite (VNS-L31);8830;9.6;EUR;En stock;Huawei > Gamme P > P9 Lite (VNS-L31);https://www.pieces2mobile.com/nappe-jack-huawei-p9-lite-vns-l31.html;https://www.pieces2mobile.com/media/catalog/product/cache/08ce6ea9b7ea9e423fa7c2e2ae0fab3c/n/a/nappe_jack_huawei_p9_lite_vns-l31_.jpg;DIAGNOSTIC DE LA PANNE Vous avez abîmé ou endommagé votre P9 Lite (VNS-L31) par accident. La nappe Jack de votre smartphone ou tablette Huawei ne fonctionne plus. Heureusement, cette panne est réparable, et cette pièce de qualité vous permet d'en effectuer le dépannage.NOS CONSEILS Lors de l'achat, il est conseillé de vérifier votre modèle de smartphone/tablette par sa référence plutôt que par son...
Caméra arrière Huawei P9 Lite (VNS-L31);8831;24;EUR;En stock;Huawei > Gamme P > P9 Lite (VNS-L31);https://www.pieces2mobile.com/camera-arriere-huawei-p9-lite-vns-l31.html;https://www.pieces2mobile.com/media/catalog/product/cache/08ce6ea9b7ea9e423fa7c2e2ae0fab3c/c/a/cam_ra_arri_re_huawei_p9_lite_vns-l31_.jpg;DIAGNOSTIC DE LA PANNEDepuis quelque temps, la caméra arrière de votre P9 Lite (VNS-L31) ne fonctionne plus correctement.L’objectif de la caméra est abîmé, rayé ou cassé, ce qui vous empêche de prendre des photos nettes ou d’utiliser normalement votre appareil.La caméra arrière de votre smartphone ou tablette Huawei ne semble plus capable d’effectuer une mise au point correcte.Vous constatez une p...
Nappe / Connecteur de Charge Huawei P9 Lite (VNS-L31);8832;16.8;EUR;En stock;Huawei > Gamme P > P9 Lite (VNS-L31);https://www.pieces2mobile.com/nappe-charge-huawei-p9-lite-vns-l31.html;https://www.pieces2mobile.com/media/catalog/product/cache/08ce6ea9b7ea9e423fa7c2e2ae0fab3c/n/a/nappe_charge_huawei_p9_lite_vns-l31_.jpg;DIAGNOSTIC DE LA PANNE Vous avez abîmé ou endommagé votre P9 Lite (VNS-L31) par accident. La nappe Charge de votre smartphone ou tablette Huawei ne fonctionne plus. Heureusement, cette panne est réparable, et cette pièce de qualité vous permet d'en effectuer le dépannage.NOS CONSEILS Lors de l'achat, il est conseillé de vérifier votre modèle de smartphone/tablette par sa référence plutôt que par s...
Vibreur Huawei P9 Lite (VNS-L31);8835;10.8;EUR;En stock;Huawei > Gamme P > P9 Lite (VNS-L31);https://www.pieces2mobile.com/vibreur-huawei-p9-lite-vns-l31.html;https://www.pieces2mobile.com/media/catalog/product/cache/08ce6ea9b7ea9e423fa7c2e2ae0fab3c/v/i/vibreur_huawei_p9_lite_vns-l31__2.jpg;DIAGNOSTIC DE LA PANNE Vous avez abîmé ou endommagé votre P9 Lite (VNS-L31) par accident. Le vibreur de votre smartphone ou tablette Huawei ne fonctionne plus. Heureusement, cette panne est réparable, et cette pièce de qualité vous permet d'en effectuer le dépannage.NOS CONSEILS Lors de l'achat, il est conseillé de vérifier votre modèle de smartphone/tablette par sa référence plutôt que par son no...
Tiroir SIM / SD Huawei P8 Lite 2017 / P9 Lite / P9 Lite 2017 Noir;8838;10.8;EUR;En stock;Huawei > Gamme P > P9 Lite (VNS-L31);https://www.pieces2mobile.com/tiroir-sim-sd-huawei-p9-lite-vns-l31-p9-lite-2017-pra-la1-noir.html;https://www.pieces2mobile.com/media/catalog/product/cache/08ce6ea9b7ea9e423fa7c2e2ae0fab3c/t/i/tiroir_sim_sd_huawei_p9_lite_vns-l31_noir.jpg;DIAGNOSTIC DE LA PANNE Vous avez abîmé ou endommagé votre P8 Lite 2017 / P9 Lite / P9 Lite 2017 par accident. Le tiroir SD, SIM de votre smartphone ou tablette Huawei ne fonctionne plus. Heureusement, cette panne est réparable, et cette pièce de qualité vous permet d'en effectuer le dépannage.NOS CONSEILS Lors de l'achat, il est conseillé de vérifier votre modèle de smartphone/tablette par sa réfé...
Caméra avant Huawei P9 Lite (VNS-L31);8833;18;EUR;En stock;Huawei > Gamme P > P9 Lite (VNS-L31);https://www.pieces2mobile.com/camera-avant-huawei-p9-lite-vns-l31.html;https://www.pieces2mobile.com/media/catalog/product/cache/08ce6ea9b7ea9e423fa7c2e2ae0fab3c/c/a/cam_ra_avant_huawei_p9_lite_vns-l31_.jpg;DIAGNOSTIC DE LA PANNE Depuis quelques temps, la caméra avant de votre P9 Lite (VNS-L31) ne fonctionne plus. L'objectif de la caméra est abîmé ou cassé, ce qui vous empêche de prendre des photos. La caméra avant de votre smartphone ou tablette Huawei ne semble plus capable de faire une mise au point correcte. Heureusement, cette panne est réparable, et cette caméra avant de qualité, vous permet d'...
Nappe / Bouton HOME P9 Lite (VNS-L31) Noir;8836;12;EUR;En stock;Huawei > Gamme P > P9 Lite (VNS-L31);https://www.pieces2mobile.com/nappe-bouton-home-p9-lite-vns-l31-noir.html;https://www.pieces2mobile.com/media/catalog/product/cache/08ce6ea9b7ea9e423fa7c2e2ae0fab3c/n/a/nappe_bouton_home_p9_lite_vns-l31_noir.jpg;DIAGNOSTIC DE LA PANNE Vous avez abîmé ou endommagé votre P9 Lite (VNS-L31) par accident. La nappe HOME de votre smartphone ou tablette Huawei ne fonctionne plus. Heureusement, cette panne est réparable, et cette pièce de qualité vous permet d'en effectuer le dépannage.NOS CONSEILS Lors de l'achat, il est conseillé de vérifier votre modèle de smartphone/tablette par sa référence plutôt que par son...
Nappe / Bouton HOME P9 Lite (VNS-L31) Blanc;8837;12;EUR;En stock;Huawei > Gamme P > P9 Lite (VNS-L31);https://www.pieces2mobile.com/nappe-bouton-home-p9-lite-vns-l31-blanc.html;https://www.pieces2mobile.com/media/catalog/product/cache/08ce6ea9b7ea9e423fa7c2e2ae0fab3c/n/a/nappe_bouton_home_p9_lite_vns-l31_blanc.jpg;DIAGNOSTIC DE LA PANNE Vous avez abîmé ou endommagé votre P9 Lite (VNS-L31) par accident. La nappe HOME de votre smartphone ou tablette Huawei ne fonctionne plus. Heureusement, cette panne est réparable, et cette pièce de qualité vous permet d'en effectuer le dépannage.NOS CONSEILS Lors de l'achat, il est conseillé de vérifier votre modèle de smartphone/tablette par sa référence plutôt que par son...
Tiroir SIM / SD Huawei P8 Lite 2017 / P9 Lite / P9 Lite 2017 Blanc;8839;10.8;EUR;En stock;Huawei > Gamme P > P9 Lite (VNS-L31);https://www.pieces2mobile.com/tiroir-sim-sd-huawei-p9-lite-vns-l31-p9-lite-2017-pra-la1-blanc.html;https://www.pieces2mobile.com/media/catalog/product/cache/08ce6ea9b7ea9e423fa7c2e2ae0fab3c/t/i/tiroir_sim_sd_huawei_p9_lite_vns-l31_blanc.jpg;DIAGNOSTIC DE LA PANNE Vous avez abîmé ou endommagé votre P8 Lite 2017 / P9 Lite / P9 Lite 2017 par accident. Le tiroir SD, SIM de votre smartphone ou tablette Huawei ne fonctionne plus. Heureusement, cette panne est réparable, et cette pièce de qualité vous permet d'en effectuer le dépannage.NOS CONSEILS Lors de l'achat, il est conseillé de vérifier votre modèle de smartphone/tablette par sa réfé...
Cache (Haut) Huawei Nexus 6P Noir;8843;12;EUR;En stock;Huawei > Autres > Nexus 6P;https://www.pieces2mobile.com/cache-haut-huawei-nexus-6p-noir.html;https://www.pieces2mobile.com/media/catalog/product/cache/08ce6ea9b7ea9e423fa7c2e2ae0fab3c/c/a/cache_du_haut_huawei_nexus_6p.jpg;DIAGNOSTIC DE LA PANNE Vous avez abîmé ou endommagé votre Nexus 6P par accident. Le cache du haut de votre smartphone ou tablette Huawei ne fonctionne plus. Heureusement, cette panne est réparable, et cette pièce de qualité vous permet d'en effectuer le dépannage.NOS CONSEILS Lors de l'achat, il est conseillé de vérifier votre modèle de smartphone/tablette par sa référence plutôt que par son nom. ...
Cache (Bas) Huawei Nexus 6P Noir;8844;15.6;EUR;En stock;Huawei > Autres > Nexus 6P;https://www.pieces2mobile.com/cache-bas-huawei-nexus-6p-noir.html;https://www.pieces2mobile.com/media/catalog/product/cache/08ce6ea9b7ea9e423fa7c2e2ae0fab3c/c/a/cache_du_bas_huawei_nexus_6p_noir.jpg;DIAGNOSTIC DE LA PANNE Vous avez abîmé ou endommagé votre Nexus 6P par accident. Le cache du bas de votre smartphone ou tablette Huawei ne fonctionne plus. Heureusement, cette panne est réparable, et cette pièce de qualité vous permet d'en effectuer le dépannage.NOS CONSEILS Lors de l'achat, il est conseillé de vérifier votre modèle de smartphone/tablette par sa référence plutôt que par son nom. M...
Cache (Bas) Huawei Nexus 6P Argent;8846;15.6;EUR;En stock;Huawei > Autres > Nexus 6P;https://www.pieces2mobile.com/cache-bas-huawei-nexus-6p-argent.html;https://www.pieces2mobile.com/media/catalog/product/cache/08ce6ea9b7ea9e423fa7c2e2ae0fab3c/c/a/cache_du_bas_huawei_nexus_6p_argent.jpg;DIAGNOSTIC DE LA PANNE Vous avez abîmé ou endommagé votre Nexus 6P par accident. Le cache du bas de votre smartphone ou tablette Huawei ne fonctionne plus. Heureusement, cette panne est réparable, et cette pièce de qualité vous permet d'en effectuer le dépannage.NOS CONSEILS Lors de l'achat, il est conseillé de vérifier votre modèle de smartphone/tablette par sa référence plutôt que par son nom. M...
Cache (Bas) Huawei Nexus 6P Blanc;8845;10.8;EUR;En stock;Huawei > Autres > Nexus 6P;https://www.pieces2mobile.com/cache-bas-huawei-nexus-6p-blanc.html;https://www.pieces2mobile.com/media/catalog/product/cache/08ce6ea9b7ea9e423fa7c2e2ae0fab3c/c/a/cache_du_bas_huawei_nexus_6p_blanc.jpg;DIAGNOSTIC DE LA PANNE Vous avez abîmé ou endommagé votre Nexus 6P par accident. Le cache du bas de votre smartphone ou tablette Huawei ne fonctionne plus. Heureusement, cette panne est réparable, et cette pièce de qualité vous permet d'en effectuer le dépannage.NOS CONSEILS Lors de l'achat, il est conseillé de vérifier votre modèle de smartphone/tablette par sa référence plutôt que par son nom. M...
Tiroir SIM / SD Huawei P9 Mystic Silver;10224;2.4;EUR;En stock;Huawei > Gamme P > P9 (EVA-L09);https://www.pieces2mobile.com/tiroir-sim-huawei-p9-eva-l09-mystic-silver.html;https://www.pieces2mobile.com/media/catalog/product/cache/08ce6ea9b7ea9e423fa7c2e2ae0fab3c/h/u/huawei-p9-tiroir-sim-sd-mystic-silver.jpg;DIAGNOSTIC DE LA PANNE Vous avez abîmé ou endommagé votre P9 par accident. Le tiroir SD, SIM de votre smartphone ou tablette Huawei ne fonctionne plus. Heureusement, cette panne est réparable, et cette pièce de qualité vous permet d'en effectuer le dépannage.NOS CONSEILS Lors de l'achat, il est conseillé de vérifier votre modèle de smartphone/tablette par sa référence plutôt que par son nom. Mais ...
Adhésif avant (écran) Huawei P9 (EVA-L09);7990;3.6;EUR;En stock;Huawei > Gamme P > P9 (EVA-L09);https://www.pieces2mobile.com/adhesif-avant-ecran-huawei-p9-eva-l09.html;https://www.pieces2mobile.com/media/catalog/product/cache/08ce6ea9b7ea9e423fa7c2e2ae0fab3c/a/d/adh_sif_avant_cran_huawei_p9_eva-l09_.jpg;DIAGNOSTIC DE LA PANNE Vous prévoyez de réparer la partie avant de votre P9 (EVA-L09), il vous faudra donc recoller l'écran de ce dernier. L'adhésif avant de l'écran de votre smartphone ou tablette Huawei n'adhère plus et se décolle. Heureusement, cette panne est réparable, et cet adhésif avant de qualité, vous permet d'en effectuer le dépannage.NOS CONSEILS Avant d'utiliser l'adhésif et de coller...
Coque arrière Huawei P9 Lite (VNS-L31) Or;9091;12;EUR;En stock;Huawei > Gamme P > P9 Lite (VNS-L31);https://www.pieces2mobile.com/coque-arriere-huawei-p9-lite-vns-l31-or.html;https://www.pieces2mobile.com/media/catalog/product/cache/08ce6ea9b7ea9e423fa7c2e2ae0fab3c/c/o/coque_arri_re_huawei_p9_lite_vns-l31_or.jpg;DIAGNOSTIC DE LA PANNE Par accident, la coque arrière de votre P9 Lite (VNS-L31) est abîmée, rayée, fissurée ou cassée. La coque arrière de votre smartphone ou tablette Huawei n'adhère plus ou se décolle. Heureusement, cette panne est réparable, et cette coque arrière de qualité vous permet d'en effectuer le dépannage.NOS CONSEILS Lors de l'achat, il est conseillé de vérifier votre modèle de smart...
Adhésif avant (écran) Huawei Mate 8;9662;3.6;EUR;En stock;Huawei > Gamme Mate > Mate 8;https://www.pieces2mobile.com/adhesif-avant-ecran-huawei-mate-8.html;https://www.pieces2mobile.com/media/catalog/product/cache/08ce6ea9b7ea9e423fa7c2e2ae0fab3c/a/d/adh_sif_avant_cran_huawei_mate_8_1.jpg;DIAGNOSTIC DE LA PANNE Vous prévoyez de réparer la partie avant de votre Mate 8, il vous faudra donc recoller l'écran de ce dernier. L'adhésif avant de l'écran de votre smartphone ou tablette Huawei n'adhère plus et se décolle. Heureusement, cette panne est réparable, et cet adhésif avant de qualité, vous permet d'en effectuer le dépannage.NOS CONSEILS Avant d'utiliser l'adhésif et de coller un éc...
Caméra arrière Huawei Mate 9 (MHA-L09);10278;24;EUR;En stock;Huawei > Gamme Mate > Mate 9 (MHA-L09);https://www.pieces2mobile.com/camera-arriere-huawei-mate-9-mha-l09.html;https://www.pieces2mobile.com/media/catalog/product/cache/08ce6ea9b7ea9e423fa7c2e2ae0fab3c/c/a/cam_ra_arri_re_huawei_mate_9_mha-l09_.jpg;DIAGNOSTIC DE LA PANNEDepuis quelque temps, la caméra arrière de votre Mate 9 (MHA-L09) ne fonctionne plus correctement.L’objectif de la caméra est abîmé, rayé ou cassé, ce qui vous empêche de prendre des photos nettes ou d’utiliser normalement votre appareil.La caméra arrière de votre smartphone ou tablette Huawei ne semble plus capable d’effectuer une mise au point correcte.Vous constatez une pe...
Caméra avant Huawei Mate 9 (MHA-L09);10279;18;EUR;En stock;Huawei > Gamme Mate > Mate 9 (MHA-L09);https://www.pieces2mobile.com/camera-avant-huawei-mate-9-mha-l09.html;https://www.pieces2mobile.com/media/catalog/product/cache/08ce6ea9b7ea9e423fa7c2e2ae0fab3c/c/a/cam_ra_avant_huawei_mate_9_mha-l09_.jpg;DIAGNOSTIC DE LA PANNE Depuis quelques temps, la caméra avant de votre Mate 9 (MHA-L09) ne fonctionne plus. L'objectif de la caméra est abîmé ou cassé, ce qui vous empêche de prendre des photos. La caméra avant de votre smartphone ou tablette Huawei ne semble plus capable de faire une mise au point correcte. Heureusement, cette panne est réparable, et cette caméra avant de qualité, vous permet d'e...
Tiroir SIM / SD Huawei Mate 9 (MHA-L09) Noir;10285;9.6;EUR;En stock;Huawei > Gamme Mate > Mate 9 (MHA-L09);https://www.pieces2mobile.com/tiroir-sim-sd-huawei-mate-9-mha-l09-noir.html;https://www.pieces2mobile.com/media/catalog/product/cache/08ce6ea9b7ea9e423fa7c2e2ae0fab3c/t/i/tiroir_sim_sd_huawei_mate_9_mha-l09_noir_2.jpg;DIAGNOSTIC DE LA PANNE Vous avez abîmé ou endommagé votre Mate 9 (MHA-L09) par accident. Le tiroir SD, SIM de votre smartphone ou tablette Huawei ne fonctionne plus. Heureusement, cette panne est réparable, et cette pièce de qualité vous permet d'en effectuer le dépannage.NOS CONSEILS Lors de l'achat, il est conseillé de vérifier votre modèle de smartphone/tablette par sa référence plutôt que par ...
Nappe LCD Huawei Mate 9 (MHA-L09);10282;13.2;EUR;En stock;Huawei > Gamme Mate > Mate 9 (MHA-L09);https://www.pieces2mobile.com/nappe-lcd-huawei-mate-9-mha-l09.html;https://www.pieces2mobile.com/media/catalog/product/cache/08ce6ea9b7ea9e423fa7c2e2ae0fab3c/n/a/nappe_lcd_huawei_mate_9_mha-l09_.jpg;DIAGNOSTIC DE LA PANNE Vous avez abîmé ou endommagé votre Mate 9 (MHA-L09) par accident. La nappe LCD de votre smartphone ou tablette Huawei ne fonctionne plus. Heureusement, cette panne est réparable, et cette pièce de qualité vous permet d'en effectuer le dépannage.NOS CONSEILS Lors de l'achat, il est conseillé de vérifier votre modèle de smartphone/tablette par sa référence plutôt que par son n...
Câble antenne Huawei Mate 9 (MHA-L09);10284;8.4;EUR;En stock;Huawei > Gamme Mate > Mate 9 (MHA-L09);https://www.pieces2mobile.com/cable-antenne-huawei-mate-9-mha-l09.html;https://www.pieces2mobile.com/media/catalog/product/cache/08ce6ea9b7ea9e423fa7c2e2ae0fab3c/c/_/c_ble_antenne_huawei_mate_9_mha-l09_.jpg;DIAGNOSTIC DE LA PANNE Vous avez abîmé ou endommagé votre Mate 9 (MHA-L09) par accident. Le câble antenne de votre smartphone ou tablette Huawei ne fonctionne plus. Heureusement, cette panne est réparable, et cette pièce de qualité vous permet d'en effectuer le dépannage.NOS CONSEILS Lors de l'achat, il est conseillé de vérifier votre modèle de smartphone/tablette par sa référence plutôt que par s...
Module Haut-parleur Huawei Mate 9 (MHA-L09);10280;10.8;EUR;En stock;Huawei > Gamme Mate > Mate 9 (MHA-L09);https://www.pieces2mobile.com/module-haut-parleur-huawei-mate-9-mha-l09.html;https://www.pieces2mobile.com/media/catalog/product/cache/08ce6ea9b7ea9e423fa7c2e2ae0fab3c/m/o/module_haut-parleur_huawei_mate_9_mha-l09_.jpg;DIAGNOSTIC DE LA PANNE Vous avez abîmé ou endommagé votre Mate 9 (MHA-L09) par accident. Le module Haut-parleur de votre smartphone ou tablette Huawei ne fonctionne plus. Heureusement, cette panne est réparable, et cette pièce de qualité vous permet d'en effectuer le dépannage.NOS CONSEILS Lors de l'achat, il est conseillé de vérifier votre modèle de smartphone/tablette par sa référence plutôt que...
Nappe Micro Huawei Mate 9 (MHA-L09);10283;8.4;EUR;En stock;Huawei > Gamme Mate > Mate 9 (MHA-L09);https://www.pieces2mobile.com/nappe-micro-huawei-mate-9-mha-l09.html;https://www.pieces2mobile.com/media/catalog/product/cache/08ce6ea9b7ea9e423fa7c2e2ae0fab3c/n/a/nappe_micro_huawei_mate_9_mha-l09_.jpg;DIAGNOSTIC DE LA PANNE Vous avez abîmé ou endommagé votre Mate 9 (MHA-L09) par accident. La nappe micro de votre smartphone ou tablette Huawei ne fonctionne plus. Heureusement, cette panne est réparable, et cette pièce de qualité vous permet d'en effectuer le dépannage.NOS CONSEILS Lors de l'achat, il est conseillé de vérifier votre modèle de smartphone/tablette par sa référence plutôt que par son...
Tiroir SIM / SD Huawei Mate 9 (MHA-L09) Argent;10286;9.6;EUR;En stock;Huawei > Gamme Mate > Mate 9 (MHA-L09);https://www.pieces2mobile.com/tiroir-sim-sd-huawei-mate-9-mha-l09-argent.html;https://www.pieces2mobile.com/media/catalog/product/cache/08ce6ea9b7ea9e423fa7c2e2ae0fab3c/t/i/tiroir_sim_sd_huawei_mate_9_mha-l09_argent_2.jpg;DIAGNOSTIC DE LA PANNE Vous avez abîmé ou endommagé votre Mate 9 (MHA-L09) par accident. Le tiroir SD, SIM de votre smartphone ou tablette Huawei ne fonctionne plus. Heureusement, cette panne est réparable, et cette pièce de qualité vous permet d'en effectuer le dépannage.NOS CONSEILS Lors de l'achat, il est conseillé de vérifier votre modèle de smartphone/tablette par sa référence plutôt que par ...
Tiroir SIM / SD Huawei Mate 9 (MHA-L09) Or;10287;9.6;EUR;En stock;Huawei > Gamme Mate > Mate 9 (MHA-L09);https://www.pieces2mobile.com/tiroir-sim-sd-huawei-mate-9-mha-l09-or.html;https://www.pieces2mobile.com/media/catalog/product/cache/08ce6ea9b7ea9e423fa7c2e2ae0fab3c/t/i/tiroir_sim_sd_huawei_mate_9_mha-l09_or_2.jpg;DIAGNOSTIC DE LA PANNE Vous avez abîmé ou endommagé votre Mate 9 (MHA-L09) par accident. Le tiroir SD, SIM de votre smartphone ou tablette Huawei ne fonctionne plus. Heureusement, cette panne est réparable, et cette pièce de qualité vous permet d'en effectuer le dépannage.NOS CONSEILS Lors de l'achat, il est conseillé de vérifier votre modèle de smartphone/tablette par sa référence plutôt que par ...
Écran Huawei P8 Lite 2017 Blanc Reconditionné (PIEC);10364;24;EUR;En stock;Huawei > Gamme P > P8 Lite 2017;https://www.pieces2mobile.com/ecran-huawei-p8-lite-2017-blanc.html;https://www.pieces2mobile.com/media/catalog/product/cache/08ce6ea9b7ea9e423fa7c2e2ae0fab3c/_/c/_cran_huawei_p8_lite_2017_blanc.jpg;Écran Huawei P8 Lite 2017 Blanc Reconditionné (PIEC) Neuf Vous venez de casser l’écran de votre précieux Huawei P8 Lite 2017 Blanc et ne savez pas où trouver une offre d’écran P8 Lite 2017 Blanc Neuf au meilleur prix ?Sur Pieces2Mobile.com bien évidemment ! Leader en vente de pièces détachées de smartphones aux particuliers et professionnels, nous proposons justement un écran de Huawei P8 Lite 201...
Nappe / Connecteur de Charge Huawei Mate 9 (MHA-L09);10391;20.4;EUR;En stock;Huawei > Gamme Mate > Mate 9 (MHA-L09);https://www.pieces2mobile.com/nappe-charge-huawei-mate-9-mha-l09.html;https://www.pieces2mobile.com/media/catalog/product/cache/08ce6ea9b7ea9e423fa7c2e2ae0fab3c/n/a/nappe_charge_huawei_mate_9_mha-l09_.jpg;DIAGNOSTIC DE LA PANNE Vous avez abîmé ou endommagé votre Mate 9 (MHA-L09) par accident. La nappe Charge de votre smartphone ou tablette Huawei ne fonctionne plus. Heureusement, cette panne est réparable, et cette pièce de qualité vous permet d'en effectuer le dépannage.NOS CONSEILS Lors de l'achat, il est conseillé de vérifier votre modèle de smartphone/tablette par sa référence plutôt que par so...
Écran Huawei P10 Blanc Reconditionné (PIEC);10420;18;EUR;En stock;Huawei > Gamme P > P10 (VTR-L09);https://www.pieces2mobile.com/ecran-huawei-p10-vtr-l09-blanc.html;https://www.pieces2mobile.com/media/catalog/product/cache/08ce6ea9b7ea9e423fa7c2e2ae0fab3c/_/c/_cran_huawei_p10_vtr-al00_blanc.jpg;Écran Huawei P10 Blanc Reconditionné (PIEC) Neuf Vous venez de casser l’écran de votre précieux Huawei P10 (VTR-L09) Blanc et ne savez pas où trouver une offre d’écran P10 (VTR-L09) Blanc Neuf au meilleur prix ?Sur Pieces2Mobile.com bien évidemment ! Leader en vente de pièces détachées de smartphones aux particuliers et professionnels, nous proposons justement un écran de Huawei P10 (VTR-L09) Reco...
Écran Huawei P10 Lite Noir Reconditionné (PIEC);10417;15.6;EUR;En stock;Huawei > Gamme P > P10 Lite (WAS-L03T);https://www.pieces2mobile.com/ecran-huawei-p10-lite-was-l03t-noir.html;https://www.pieces2mobile.com/media/catalog/product/cache/08ce6ea9b7ea9e423fa7c2e2ae0fab3c/_/c/_cran_huawei_p10_lite_was-l03t_noir.jpg;Compatibilité : Huawei P10 Lite (WARSAW-L21) / P10 Lite Dual SIM (WAS-LX1/WAS-LX1A/WAS-LX2/WAS-LX2J/WAS-LX3)Écran Huawei P10 Lite Noir Reconditionné (PIEC) Neuf Vous venez de casser l’écran de votre précieux Huawei P10 Lite (WAS-L03T) Noir et ne savez pas où trouver une offre d’écran P10 Lite (WAS-L03T) Noir Neuf au meilleur prix ?Sur Pieces2Mobile.com bien évidemment ! Leader en vente de pièces d...
Écran Huawei P10 Lite Blanc Reconditionné (PIEC);10418;15.6;EUR;En stock;Huawei > Gamme P > P10 Lite (WAS-L03T);https://www.pieces2mobile.com/ecran-huawei-p10-lite-was-l03t-blanc.html;https://www.pieces2mobile.com/media/catalog/product/cache/08ce6ea9b7ea9e423fa7c2e2ae0fab3c/_/c/_cran_huawei_p10_lite_was-l03t_blanc.jpg;Compatibilité : Huawei P10 Lite (WARSAW-L21) / P10 Lite Dual SIM (WAS-LX1/WAS-LX1A/WAS-LX2/WAS-LX2J/WAS-LX3)Écran Huawei P10 Lite Blanc Reconditionné (PIEC) Neuf Vous venez de casser l’écran de votre précieux Huawei P10 Lite (WAS-L03T) Blanc et ne savez pas où trouver une offre d’écran P10 Lite (WAS-L03T) Blanc Neuf au meilleur prix ?Sur Pieces2Mobile.com bien évidemment ! Leader en vente de pièce...
Écran Huawei Nova Blanc Origine;10432;18;EUR;En stock;Huawei > Gamme Nova > Nova (CAN-L01);https://www.pieces2mobile.com/ecran-huawei-nova-can-l01-blanc.html;https://www.pieces2mobile.com/media/catalog/product/cache/08ce6ea9b7ea9e423fa7c2e2ae0fab3c/_/c/_cran_huawei_nova_can-l01l11_blanc.jpg;Compatibilité : Huawei Nova (CAN-L01/CAN-L02/CAN-L03) / Nova Dual SIM (CAN-L11)Écran Huawei Nova Blanc Origine Neuf Vous venez de casser l’écran de votre précieux Huawei Nova (CAN-L01) Blanc et ne savez pas où trouver une offre d’écran Nova (CAN-L01) Blanc Neuf au meilleur prix ?Sur Pieces2Mobile.com bien évidemment ! Leader en vente de pièces détachées de smartphones aux particuliers et professio...
Écran Huawei Nova Or Origine;10433;18;EUR;En stock;Huawei > Gamme Nova > Nova (CAN-L01);https://www.pieces2mobile.com/ecran-huawei-nova-can-l01-or.html;https://www.pieces2mobile.com/media/catalog/product/cache/08ce6ea9b7ea9e423fa7c2e2ae0fab3c/_/c/_cran_huawei_nova_can-l01l11_or.jpg;Compatibilité : Huawei Nova (CAN-L01/CAN-L02/CAN-L03) / Nova Dual SIM (CAN-L11)Écran Huawei Nova Or Origine Neuf Vous venez de casser l’écran de votre précieux Huawei Nova (CAN-L01) Or et ne savez pas où trouver une offre d’écran Nova (CAN-L01) Or Neuf au meilleur prix ?Sur Pieces2Mobile.com bien évidemment ! Leader en vente de pièces détachées de smartphones aux particuliers et professionnels, no...
Vibreur Huawei P9 (EVA-L09) / Mate 9 (MHA-L09);5556;2.4;EUR;En stock;Huawei > Gamme P > P9 (EVA-L09);https://www.pieces2mobile.com/vibreur-huawei-p9-eva-l09-mate-9-mha-l09.html;https://www.pieces2mobile.com/media/catalog/product/cache/08ce6ea9b7ea9e423fa7c2e2ae0fab3c/v/i/vibreur_huawei_p9_lite_vns-l31__1_1.jpg;DIAGNOSTIC DE LA PANNE Vous avez abîmé ou endommagé votre P9 (EVA-L09) / Mate 9 (MHA-L09) par accident. Le vibreur de votre smartphone ou tablette Huawei ne fonctionne plus. Heureusement, cette panne est réparable, et cette pièce de qualité vous permet d'en effectuer le dépannage.NOS CONSEILS Lors de l'achat, il est conseillé de vérifier votre modèle de smartphone/tablette par sa référence plutôt ...
Batterie Huawei Mate S (CRR-L09) Origine HB436178EBW;7214;6;EUR;Rupture / sur commande;Huawei > Gamme Mate > Mate S (CRR-L09);https://www.pieces2mobile.com/batterie-hb436178ebw-huawei-mate-s-crr-l09-origine.html;https://www.pieces2mobile.com/media/catalog/product/cache/08ce6ea9b7ea9e423fa7c2e2ae0fab3c/b/a/batterie_hb436178ebw_huawei_mate_s_crr-ul00_origine.jpg;Batterie Huawei Mate S (CRR-L09) Origine HB436178EBW neuveLa batterie de votre smartphone Mate S (CRR-L09) se décharge rapidement, son autonomie baisse fortement ou l’appareil s’éteint de manière inopinée, et vous cherchez où acheter une batterie Mate S (CRR-L09) au meilleur prix ?Sur Pieces2Mobile.com bien évidemment ! Leader en vente de pièces détachées de smartphones aux particuliers et profess...
Nappe / Connecteur de Charge Huawei P8 Lite 2017;7798;3.65;EUR;En stock;Huawei > Gamme P > P8 Lite 2017;https://www.pieces2mobile.com/nappe-charge-huawei-p8-lite-2017.html;https://www.pieces2mobile.com/media/catalog/product/cache/08ce6ea9b7ea9e423fa7c2e2ae0fab3c/n/a/nappe_charge_huawei_p8_lite_2017_1_.jpg;DIAGNOSTIC DE LA PANNE Vous avez abîmé ou endommagé votre P8 Lite 2017 par accident. La nappe Charge de votre smartphone ou tablette Huawei ne fonctionne plus. Heureusement, cette panne est réparable, et cette pièce de qualité vous permet d'en effectuer le dépannage.NOS CONSEILS Lors de l'achat, il est conseillé de vérifier votre modèle de smartphone/tablette par sa référence plutôt que par son no...
Module Haut-parleur Huawei P8 Lite 2017;7797;12;EUR;En stock;Huawei > Gamme P > P8 Lite 2017;https://www.pieces2mobile.com/module-haut-parleur-huawei-p8-lite-2017.html;https://www.pieces2mobile.com/media/catalog/product/cache/08ce6ea9b7ea9e423fa7c2e2ae0fab3c/m/o/module_haut-parleur_huawei_p8_lite_2017.jpg;DIAGNOSTIC DE LA PANNE Vous avez abîmé ou endommagé votre P8 Lite 2017 par accident. Le module Haut-parleur de votre smartphone ou tablette Huawei ne fonctionne plus. Heureusement, cette panne est réparable, et cette pièce de qualité vous permet d'en effectuer le dépannage.NOS CONSEILS Lors de l'achat, il est conseillé de vérifier votre modèle de smartphone/tablette par sa référence plutôt que par...
Nappe Power / Volume Huawei P8 Lite 2017;7820;10.8;EUR;En stock;Huawei > Gamme P > P8 Lite 2017;https://www.pieces2mobile.com/nappe-power-volume-huawei-p8-lite-2017.html;https://www.pieces2mobile.com/media/catalog/product/cache/08ce6ea9b7ea9e423fa7c2e2ae0fab3c/n/a/nappe_power_volume_huawei_p8_lite_2017.jpg;DIAGNOSTIC DE LA PANNE Vous avez abîmé ou endommagé votre P8 Lite 2017 par accident. La nappe Power, Volume de votre smartphone ou tablette Huawei ne fonctionne plus. Heureusement, cette panne est réparable, et cette pièce de qualité vous permet d'en effectuer le dépannage.NOS CONSEILS Lors de l'achat, il est conseillé de vérifier votre modèle de smartphone/tablette par sa référence plutôt que par...
Nappe Principale Huawei P8 Lite 2017;7825;12;EUR;En stock;Huawei > Gamme P > P8 Lite 2017;https://www.pieces2mobile.com/nappe-connexion-huawei-p8-lite-2017.html;https://www.pieces2mobile.com/media/catalog/product/cache/08ce6ea9b7ea9e423fa7c2e2ae0fab3c/n/a/nappe_connexion_huawei_p8_lite_2017.jpg;DIAGNOSTIC DE LA PANNE Vous avez abîmé ou endommagé votre P8 Lite 2017 par accident. La nappe connexion de votre smartphone ou tablette Huawei ne fonctionne plus. Heureusement, cette panne est réparable, et cette pièce de qualité vous permet d'en effectuer le dépannage.NOS CONSEILS Lors de l'achat, il est conseillé de vérifier votre modèle de smartphone/tablette par sa référence plutôt que par son...
Haut-parleur Huawei P10 (VTR-L09);7889;9.6;EUR;En stock;Huawei > Gamme P > P10 (VTR-L09);https://www.pieces2mobile.com/haut-parleur-huawei-p10-vtr-l09.html;https://www.pieces2mobile.com/media/catalog/product/cache/08ce6ea9b7ea9e423fa7c2e2ae0fab3c/h/a/haut-parleur_huawei_p10_vtr-l09_.jpg;DIAGNOSTIC DE LA PANNE Vous avez abîmé ou endommagé votre P10 (VTR-L09) par accident. Le haut-parleur de votre smartphone ou tablette Huawei ne fonctionne plus. Heureusement, cette panne est réparable, et cette pièce de qualité vous permet d'en effectuer le dépannage.NOS CONSEILS Lors de l'achat, il est conseillé de vérifier votre modèle de smartphone/tablette par sa référence plutôt que par son n...
Caméra arrière Huawei P10 (VTR-L09);7867;8.4;EUR;En stock;Huawei > Gamme P > P10 (VTR-L09);https://www.pieces2mobile.com/camera-arriere-huawei-p10-vtr-l09.html;https://www.pieces2mobile.com/media/catalog/product/cache/08ce6ea9b7ea9e423fa7c2e2ae0fab3c/c/a/cam_ra_arri_re_huawei_p10_vtr-l09_.jpg;DIAGNOSTIC DE LA PANNEDepuis quelque temps, la caméra arrière de votre P10 (VTR-L09) ne fonctionne plus correctement.L’objectif de la caméra est abîmé, rayé ou cassé, ce qui vous empêche de prendre des photos nettes ou d’utiliser normalement votre appareil.La caméra arrière de votre smartphone ou tablette Huawei ne semble plus capable d’effectuer une mise au point correcte.Vous constatez une perte...
Nappe HOME Huawei P8 Lite 2017 Blanc;7854;9.6;EUR;En stock;Huawei > Gamme P > P8 Lite 2017;https://www.pieces2mobile.com/nappe-home-huawei-p8-lite-2017-blanc.html;https://www.pieces2mobile.com/media/catalog/product/cache/08ce6ea9b7ea9e423fa7c2e2ae0fab3c/n/a/nappe_home_huawei_p8_lite_2017_blanc.jpg;DIAGNOSTIC DE LA PANNE Vous avez abîmé ou endommagé votre P8 Lite 2017 par accident. La nappe HOME de votre smartphone ou tablette Huawei ne fonctionne plus. Heureusement, cette panne est réparable, et cette pièce de qualité vous permet d'en effectuer le dépannage.NOS CONSEILS Lors de l'achat, il est conseillé de vérifier votre modèle de smartphone/tablette par sa référence plutôt que par son nom....
Nappe Capteur de proximité Huawei P8 Lite 2017;7865;20.4;EUR;En stock;Huawei > Gamme P > P8 Lite 2017;https://www.pieces2mobile.com/nappe-capteur-de-proximite-huawei-p8-lite-2017.html;https://www.pieces2mobile.com/media/catalog/product/cache/08ce6ea9b7ea9e423fa7c2e2ae0fab3c/n/a/nappe_capteur_de_proximit_huawei_p8_lite_2017.jpg;DIAGNOSTIC DE LA PANNE Vous avez abîmé ou endommagé votre P8 Lite 2017 par accident. La nappe capteur de proximité de votre smartphone ou tablette Huawei ne fonctionne plus. Heureusement, cette panne est réparable, et cette pièce de qualité vous permet d'en effectuer le dépannage.NOS CONSEILS Lors de l'achat, il est conseillé de vérifier votre modèle de smartphone/tablette par sa référence plutôt ...
Nappe HOME Huawei P8 Lite 2017 Or;7858;9.6;EUR;En stock;Huawei > Gamme P > P8 Lite 2017;https://www.pieces2mobile.com/nappe-home-huawei-p8-lite-2017-or.html;https://www.pieces2mobile.com/media/catalog/product/cache/08ce6ea9b7ea9e423fa7c2e2ae0fab3c/n/a/nappe_home_huawei_p8_lite_2017_or.jpg;DIAGNOSTIC DE LA PANNE Vous avez abîmé ou endommagé votre P8 Lite 2017 par accident. La nappe HOME de votre smartphone ou tablette Huawei ne fonctionne plus. Heureusement, cette panne est réparable, et cette pièce de qualité vous permet d'en effectuer le dépannage.NOS CONSEILS Lors de l'achat, il est conseillé de vérifier votre modèle de smartphone/tablette par sa référence plutôt que par son nom....
Nappe Power / Volume Huawei P10 (VTR-L09);7903;9.6;EUR;En stock;Huawei > Gamme P > P10 (VTR-L09);https://www.pieces2mobile.com/nappe-power-volume-huawei-p10-vtr-l09.html;https://www.pieces2mobile.com/media/catalog/product/cache/08ce6ea9b7ea9e423fa7c2e2ae0fab3c/n/a/nappe_power_volume_huawei_p10_vtr-l09_.jpg;DIAGNOSTIC DE LA PANNE Vous avez abîmé ou endommagé votre P10 (VTR-L09) par accident. La nappe Power, Volume de votre smartphone ou tablette Huawei ne fonctionne plus. Heureusement, cette panne est réparable, et cette pièce de qualité vous permet d'en effectuer le dépannage.NOS CONSEILS Lors de l'achat, il est conseillé de vérifier votre modèle de smartphone/tablette par sa référence plutôt que pa...
Tiroir SIM / SD Huawei Nova Or;7978;8.4;EUR;En stock;Huawei > Gamme Nova > Nova (CAN-L01);https://www.pieces2mobile.com/tiroir-sim-huawei-nova-can-l01-or.html;https://www.pieces2mobile.com/media/catalog/product/cache/08ce6ea9b7ea9e423fa7c2e2ae0fab3c/h/u/huawei-nova-tiroir-sim-sd-or.jpg;Compatibilité : Huawei Nova (CAN-L01)DIAGNOSTIC DE LA PANNE Vous avez abîmé ou endommagé votre Nova par accident. Le tiroir SD, SIM de votre smartphone ou tablette Huawei ne fonctionne plus. Heureusement, cette panne est réparable, et cette pièce de qualité vous permet d'en effectuer le dépannage.NOS CONSEILS Lors de l'achat, il est conseillé de vérifier votre modèle de smartphone/tablette par sa ...
Nappe Jack Huawei P10 (VTR-L09);7897;3.6;EUR;En stock;Huawei > Gamme P > P10 (VTR-L09);https://www.pieces2mobile.com/nappe-jack-huawei-p10-vtr-l09.html;https://www.pieces2mobile.com/media/catalog/product/cache/08ce6ea9b7ea9e423fa7c2e2ae0fab3c/n/a/nappe_jack_huawei_p10_vtr-l09_.jpg;DIAGNOSTIC DE LA PANNE Vous avez abîmé ou endommagé votre P10 (VTR-L09) par accident. La nappe Jack de votre smartphone ou tablette Huawei ne fonctionne plus. Heureusement, cette panne est réparable, et cette pièce de qualité vous permet d'en effectuer le dépannage.NOS CONSEILS Lors de l'achat, il est conseillé de vérifier votre modèle de smartphone/tablette par sa référence plutôt que par son nom...
Nappe / Connecteur de Charge Huawei Nova (CAN-L01);7957;16.8;EUR;En stock;Huawei > Gamme Nova > Nova (CAN-L01);https://www.pieces2mobile.com/nappe-charge-huawei-nova-can-l01.html;https://www.pieces2mobile.com/media/catalog/product/cache/08ce6ea9b7ea9e423fa7c2e2ae0fab3c/n/a/nappe_charge_huawei_nova_can-l01_.jpg;DIAGNOSTIC DE LA PANNE Vous avez abîmé ou endommagé votre Nova (CAN-L01) par accident. La nappe Charge de votre smartphone ou tablette Huawei ne fonctionne plus. Heureusement, cette panne est réparable, et cette pièce de qualité vous permet d'en effectuer le dépannage.NOS CONSEILS Lors de l'achat, il est conseillé de vérifier votre modèle de smartphone/tablette par sa référence plutôt que par son ...
Nappe Power / Volume Huawei Nova (CAN-L01);7975;9.6;EUR;En stock;Huawei > Gamme Nova > Nova (CAN-L01);https://www.pieces2mobile.com/nappe-power-volume-huawei-nova-can-l01.html;https://www.pieces2mobile.com/media/catalog/product/cache/08ce6ea9b7ea9e423fa7c2e2ae0fab3c/n/a/nappe_power_volume_huawei_nova_can-l01_.jpg;DIAGNOSTIC DE LA PANNE Vous avez abîmé ou endommagé votre Nova (CAN-L01) par accident. La nappe Power, Volume de votre smartphone ou tablette Huawei ne fonctionne plus. Heureusement, cette panne est réparable, et cette pièce de qualité vous permet d'en effectuer le dépannage.NOS CONSEILS Lors de l'achat, il est conseillé de vérifier votre modèle de smartphone/tablette par sa référence plutôt que p...
Nappe Jack Huawei Nova (CAN-L01);7960;8.4;EUR;En stock;Huawei > Gamme Nova > Nova (CAN-L01);https://www.pieces2mobile.com/nappe-jack-huawei-nova-can-l01.html;https://www.pieces2mobile.com/media/catalog/product/cache/08ce6ea9b7ea9e423fa7c2e2ae0fab3c/n/a/nappe_jack_huawei_nova_can-l01_.jpg;DIAGNOSTIC DE LA PANNE Vous avez abîmé ou endommagé votre Nova (CAN-L01) par accident. La nappe Jack de votre smartphone ou tablette Huawei ne fonctionne plus. Heureusement, cette panne est réparable, et cette pièce de qualité vous permet d'en effectuer le dépannage.NOS CONSEILS Lors de l'achat, il est conseillé de vérifier votre modèle de smartphone/tablette par sa référence plutôt que par son no...
Nappe / Bouton HOME Huawei Nova (CAN-L01) / Mate 9 (MHA-L09) Or;9002;10.8;EUR;En stock;Huawei > Gamme Nova > Nova (CAN-L01);https://www.pieces2mobile.com/nappe-bouton-home-huawei-nova-can-l01-mate-9-mha-l09-or.html;https://www.pieces2mobile.com/media/catalog/product/cache/08ce6ea9b7ea9e423fa7c2e2ae0fab3c/n/a/nappe_bouton_home_huawei_nova_can-l01_mate_9_mha-l09_or.jpg;DIAGNOSTIC DE LA PANNE Vous avez abîmé ou endommagé votre Nova (CAN-L01) / Mate 9 (MHA-L09) par accident. La nappe HOME de votre smartphone ou tablette Huawei ne fonctionne plus. Heureusement, cette panne est réparable, et cette pièce de qualité vous permet d'en effectuer le dépannage.NOS CONSEILS Lors de l'achat, il est conseillé de vérifier votre modèle de smartphone/tablette par sa référence pl...
Connecteur de charge Huawei P9 Lite (VNS-L31);9021;2.4;EUR;En stock;Huawei > Gamme P > P9 Lite (VNS-L31);https://www.pieces2mobile.com/connecteur-de-charge-huawei-p9-lite-vns-l31.html;https://www.pieces2mobile.com/media/catalog/product/cache/08ce6ea9b7ea9e423fa7c2e2ae0fab3c/c/o/connecteur_de_charge_huawei_p9_lite_vns-l31__1.jpg;DIAGNOSTIC DE LA PANNE Vous avez abîmé ou endommagé votre P9 Lite (VNS-L31) par accident. Le connecteur de charge de votre smartphone ou tablette Huawei ne fonctionne plus. Heureusement, cette panne est réparable, et cette pièce de qualité vous permet d'en effectuer le dépannage.NOS CONSEILS Lors de l'achat, il est conseillé de vérifier votre modèle de smartphone/tablette par sa référence plutôt q...
Nappe / Bouton HOME Huawei Nova (CAN-L01) / Mate 9 (MHA-L09) Noir;7987;10.8;EUR;En stock;Huawei > Gamme Nova > Nova (CAN-L01);https://www.pieces2mobile.com/nappe-bouton-home-huawei-nova-can-l01-mate-9-mha-l09-noir.html;https://www.pieces2mobile.com/media/catalog/product/cache/08ce6ea9b7ea9e423fa7c2e2ae0fab3c/n/a/nappe_bouton_home_huawei_nova_can-l01_mate_9_mha-l09_noir.jpg;DIAGNOSTIC DE LA PANNE Vous avez abîmé ou endommagé votre Nova (CAN-L01) / Mate 9 (MHA-L09) par accident. La nappe HOME de votre smartphone ou tablette Huawei ne fonctionne plus. Heureusement, cette panne est réparable, et cette pièce de qualité vous permet d'en effectuer le dépannage.NOS CONSEILS Lors de l'achat, il est conseillé de vérifier votre modèle de smartphone/tablette par sa référence pl...
Nappe / Bouton HOME Huawei Nova (CAN-L01) / Mate 9 (MHA-L09) Blanc;7994;10.8;EUR;En stock;Huawei > Gamme Nova > Nova (CAN-L01);https://www.pieces2mobile.com/nappe-bouton-home-huawei-nova-can-l01-mate-9-mha-l09-blanc.html;https://www.pieces2mobile.com/media/catalog/product/cache/08ce6ea9b7ea9e423fa7c2e2ae0fab3c/n/a/nappe_bouton_home_huawei_nova_can-l01_mate_9_mha-l09_blanc.jpg;DIAGNOSTIC DE LA PANNE Vous avez abîmé ou endommagé votre Nova (CAN-L01) / Mate 9 (MHA-L09) par accident. La nappe HOME de votre smartphone ou tablette Huawei ne fonctionne plus. Heureusement, cette panne est réparable, et cette pièce de qualité vous permet d'en effectuer le dépannage.NOS CONSEILS Lors de l'achat, il est conseillé de vérifier votre modèle de smartphone/tablette par sa référence pl...
Nappe / Connecteur de Charge Huawei P10 Lite (WAS-L03T);9038;19.2;EUR;En stock;Huawei > Gamme P > P10 Lite (WAS-L03T);https://www.pieces2mobile.com/nappe-charge-huawei-p10-lite-was-l03t.html;https://www.pieces2mobile.com/media/catalog/product/cache/08ce6ea9b7ea9e423fa7c2e2ae0fab3c/n/a/nappe_charge_huawei_p10_lite_was-l03t_.jpg;DIAGNOSTIC DE LA PANNE Vous avez abîmé ou endommagé votre P10 Lite (WAS-L03T) par accident. La nappe Charge de votre smartphone ou tablette Huawei ne fonctionne plus. Heureusement, cette panne est réparable, et cette pièce de qualité vous permet d'en effectuer le dépannage.NOS CONSEILS Lors de l'achat, il est conseillé de vérifier votre modèle de smartphone/tablette par sa référence plutôt que par...
Nappe Principale Huawei P10 Lite (WAS-L03T);9039;10.8;EUR;En stock;Huawei > Gamme P > P10 Lite (WAS-L03T);https://www.pieces2mobile.com/nappe-connexion-huawei-p10-lite-was-l03t.html;https://www.pieces2mobile.com/media/catalog/product/cache/08ce6ea9b7ea9e423fa7c2e2ae0fab3c/n/a/nappe_connexion_huawei_p10_lite_was-l03t_.jpg;DIAGNOSTIC DE LA PANNE Vous avez abîmé ou endommagé votre P10 Lite (WAS-L03T) par accident. La nappe connexion de votre smartphone ou tablette Huawei ne fonctionne plus. Heureusement, cette panne est réparable, et cette pièce de qualité vous permet d'en effectuer le dépannage.NOS CONSEILS Lors de l'achat, il est conseillé de vérifier votre modèle de smartphone/tablette par sa référence plutôt que ...
Vitre arrière Huawei P8 Lite 2017 Noir;9319;7.2;EUR;En stock;Huawei > Gamme P > P8 Lite 2017;https://www.pieces2mobile.com/vitre-arriere-huawei-p8-lite-2017-noir.html;https://www.pieces2mobile.com/media/catalog/product/cache/08ce6ea9b7ea9e423fa7c2e2ae0fab3c/c/o/coque_arri_re_huawei_p8_lite_2017_noir.jpg;DIAGNOSTIC DE LA PANNELa coque arrière de votre P8 Lite 2017 est abîmée, rayée, fissurée, cassée ou fortement usée à la suite d’un choc ou d’une chute.La coque arrière de votre smartphone ou tablette Huawei P8 Lite 2017 n’adhère plus correctement, se soulève ou commence à se décoller.La partie arrière de votre appareil est endommagée et vous souhaitez retrouver une finition propre ainsi qu’une pro...
Vitre arrière Huawei P8 Lite 2017 Blanc;9322;12;EUR;Rupture / sur commande;Huawei > Gamme P > P8 Lite 2017;https://www.pieces2mobile.com/vitre-arriere-huawei-p8-lite-2017-blanc.html;https://www.pieces2mobile.com/media/catalog/product/cache/08ce6ea9b7ea9e423fa7c2e2ae0fab3c/c/o/coque_arri_re_huawei_p8_lite_2017_blanc.jpg;DIAGNOSTIC DE LA PANNELa coque arrière de votre P8 Lite 2017 est abîmée, rayée, fissurée, cassée ou fortement usée à la suite d’un choc ou d’une chute.La coque arrière de votre smartphone ou tablette Huawei P8 Lite 2017 n’adhère plus correctement, se soulève ou commence à se décoller.La partie arrière de votre appareil est endommagée et vous souhaitez retrouver une finition propre ainsi qu’une pro...
Vitre arrière Huawei P8 Lite 2017 Or;9328;7.2;EUR;En stock;Huawei > Gamme P > P8 Lite 2017;https://www.pieces2mobile.com/vitre-arriere-huawei-p8-lite-2017-or.html;https://www.pieces2mobile.com/media/catalog/product/cache/08ce6ea9b7ea9e423fa7c2e2ae0fab3c/v/i/vitre_arri_re_huawei_p8_lite_2017_or.jpg;DIAGNOSTIC DE LA PANNELa coque arrière de votre P8 Lite 2017 est abîmée, rayée, fissurée, cassée ou fortement usée à la suite d’un choc ou d’une chute.La coque arrière de votre smartphone ou tablette Huawei P8 Lite 2017 n’adhère plus correctement, se soulève ou commence à se décoller.La partie arrière de votre appareil est endommagée et vous souhaitez retrouver une finition propre ainsi qu’une pro...
Adhésif avant (écran) Huawei Mate 9 (MHA-L09);9598;3.6;EUR;En stock;Huawei > Gamme Mate > Mate 9 (MHA-L09);https://www.pieces2mobile.com/adhesif-avant-ecran-huawei-mate-9-mha-l09.html;https://www.pieces2mobile.com/media/catalog/product/cache/08ce6ea9b7ea9e423fa7c2e2ae0fab3c/a/d/adh_sif_avant_cran_huawei_mate_9_mha-l09_.jpg;DIAGNOSTIC DE LA PANNE Vous prévoyez de réparer la partie avant de votre Mate 9 (MHA-L09), il vous faudra donc recoller l'écran de ce dernier. L'adhésif avant de l'écran de votre smartphone ou tablette Huawei n'adhère plus et se décolle. Heureusement, cette panne est réparable, et cet adhésif avant de qualité, vous permet d'en effectuer le dépannage.NOS CONSEILS Avant d'utiliser l'adhésif et de co...
Batterie Huawei Honor 9 / Honor 9 Premium / P10 Origine HB386280ECW;9796;14.4;EUR;Rupture / sur commande;Huawei > Gamme P > P10 (VTR-L09);https://www.pieces2mobile.com/batterie-hb386280ecw-huawei-honor-9-honor-9-premium-p10-origine.html;https://www.pieces2mobile.com/media/catalog/product/cache/08ce6ea9b7ea9e423fa7c2e2ae0fab3c/b/a/batterie_hb396689ecw_huawei_mate_9_mha-l09_origine.jpg;Compatibilité : Huawei Honor 9 / Honor 9 Premium / Stanford-TL10 / Stanford-AL20 / Stanford-L19 / Stanford-AL10 / Stanford-L09 / Stanford-TL20 / Stanford-L09S / Stanford-L29 / P10Batterie Huawei Honor 9 / Honor 9 Premium / P10 Origine HB386280ECW neuveLa batterie de votre smartphone Honor 9 / Honor 9 Premium / P10 se décharge rapidement, son autonomie baisse fortement ou l’appareil s’éteint de man...
Écran Huawei Mate S Noir + Châssis Reconditionné (PIEC);7912;48;EUR;En stock;Huawei > Gamme Mate > Mate S (CRR-L09);https://www.pieces2mobile.com/ecran-complet-huawei-mate-s-crr-l09-noir.html;https://www.pieces2mobile.com/media/catalog/product/cache/08ce6ea9b7ea9e423fa7c2e2ae0fab3c/_/c/_cran_complet_huawei_mate_s_crr-l09_noir.jpg;Écran Huawei Mate S Noir + Châssis Reconditionné (PIEC) Neuf Vous venez de casser l’écran de votre précieux Huawei Mate S (CRR-L09) Noir et ne savez pas où trouver une offre d’écran Mate S (CRR-L09) Noir Neuf au meilleur prix ?Sur Pieces2Mobile.com bien évidemment ! Leader en vente de pièces détachées de smartphones aux particuliers et professionnels, nous proposons justement un écran complet de H...
Écran Huawei P10 Lite Or + Châssis Reconditionné (PIEC);9962;24;EUR;En stock;Huawei > Gamme P > P10 Lite (WAS-L03T);https://www.pieces2mobile.com/ecran-complet-huawei-p10-lite-was-l03t-or.html;https://www.pieces2mobile.com/media/catalog/product/cache/08ce6ea9b7ea9e423fa7c2e2ae0fab3c/_/c/_cran_complet_huawei_p10_lite_was-l03t_or_1_.jpg;Compatibilité : Huawei P10 Lite (WARSAW-L21) / P10 Lite Dual SIM (WAS-LX1/WAS-LX1A/WAS-LX2/WAS-LX2J/WAS-LX3)Écran Huawei P10 Lite Or + Châssis Reconditionné (PIEC) Neuf Vous venez de casser l’écran de votre précieux Huawei P10 Lite (WAS-L03T) Or et ne savez pas où trouver une offre d’écran P10 Lite (WAS-L03T) Or Neuf au meilleur prix ?Sur Pieces2Mobile.com bien évidemment ! Leader en vente de pièc...
Écran Huawei P10 Lite Noir + Châssis Reconditionné (PIEC);9783;23.42;EUR;Rupture / sur commande;Huawei > Gamme P > P10 Lite (WAS-L03T);https://www.pieces2mobile.com/ecran-complet-huawei-p10-lite-was-l03t-noir.html;https://www.pieces2mobile.com/media/catalog/product/cache/08ce6ea9b7ea9e423fa7c2e2ae0fab3c/_/c/_cran_complet_huawei_p10_lite_was-l03t_noir_1_.jpg;Compatibilité : Huawei P10 Lite (WARSAW-L21) / P10 Lite Dual SIM (WAS-LX1/WAS-LX1A/WAS-LX2/WAS-LX2J/WAS-LX3)Écran Huawei P10 Lite Noir + Châssis Reconditionné (PIEC) Neuf Vous venez de casser l’écran de votre précieux Huawei P10 Lite (WAS-L03T) Noir et ne savez pas où trouver une offre d’écran P10 Lite (WAS-L03T) Noir Neuf au meilleur prix ?Sur Pieces2Mobile.com bien évidemment ! Leader en vente d...
Écran Huawei P10 Lite Blanc + Châssis Reconditionné (PIEC);9791;36;EUR;En stock;Huawei > Gamme P > P10 Lite (WAS-L03T);https://www.pieces2mobile.com/ecran-complet-huawei-p10-lite-was-l03t-blanc.html;https://www.pieces2mobile.com/media/catalog/product/cache/08ce6ea9b7ea9e423fa7c2e2ae0fab3c/_/c/_cran_complet_huawei_p10_lite_was-l03t_blanc_1_.jpg;Compatibilité : Huawei P10 Lite (WARSAW-L21) / P10 Lite Dual SIM (WAS-LX1/WAS-LX1A/WAS-LX2/WAS-LX2J/WAS-LX3)Écran Huawei P10 Lite Blanc + Châssis Reconditionné (PIEC) Neuf Vous venez de casser l’écran de votre précieux Huawei P10 Lite (WAS-L03T) Blanc et ne savez pas où trouver une offre d’écran P10 Lite (WAS-L03T) Blanc Neuf au meilleur prix ?Sur Pieces2Mobile.com bien évidemment ! Leader en vent...
Écran Huawei P10 Lite (WAS-L03T) Bleu Reconditionné (PIEC);10575;15.6;EUR;En stock;Huawei > Gamme P > P10 Lite (WAS-L03T);https://www.pieces2mobile.com/ecran-huawei-p10-lite-was-l03t-bleu.html;https://www.pieces2mobile.com/media/catalog/product/cache/08ce6ea9b7ea9e423fa7c2e2ae0fab3c/_/c/_cran_huawei_p10_lite_was-l03t_bleu.jpg;Compatibilité : Huawei P10 Lite (WARSAW-L21) / P10 Lite Dual SIM (WAS-LX1/WAS-LX1A/WAS-LX2/WAS-LX2J/WAS-LX3)Écran Huawei P10 Lite (WAS-L03T) Bleu Reconditionné (PIEC) Neuf Vous venez de casser l’écran de votre précieux Huawei P10 Lite (WAS-L03T) Bleu et ne savez pas où trouver une offre d’écran P10 Lite (WAS-L03T) Bleu Neuf au meilleur prix ?Sur Pieces2Mobile.com bien évidemment ! Leader en vente ...
Nappe Principale (Charge / Carte Mère) Huawei P10 (VTR-L09);10586;12;EUR;En stock;Huawei > Gamme P > P10 (VTR-L09);https://www.pieces2mobile.com/nappe-connexion-charge-carte-mere-huawei-p10-vtr-l09.html;https://www.pieces2mobile.com/media/catalog/product/cache/08ce6ea9b7ea9e423fa7c2e2ae0fab3c/n/a/nappe_connexion_charge_carte_m_re_huawei_p10_vtr-l09_.jpg;DIAGNOSTIC DE LA PANNE Vous avez abîmé ou endommagé votre P10 (VTR-L09) par accident. La nappe connexion de votre smartphone ou tablette Huawei ne fonctionne plus. Heureusement, cette panne est réparable, et cette pièce de qualité vous permet d'en effectuer le dépannage.NOS CONSEILS Lors de l'achat, il est conseillé de vérifier votre modèle de smartphone/tablette par sa référence plutôt que par so...
Écran Huawei P8 Lite 2017 Noir + Châssis / Batterie Origine;10589;31.2;EUR;Rupture / sur commande;Huawei > Gamme P > P8 Lite 2017;https://www.pieces2mobile.com/ecran-complet-batterie-huawei-p8-lite-2017-noir-origine.html;https://www.pieces2mobile.com/media/catalog/product/cache/08ce6ea9b7ea9e423fa7c2e2ae0fab3c/h/u/huawei-p8-lite-2017-ecran-chassis-batterie-noir-02351dmr.jpg;Écran Huawei P8 Lite 2017 Noir + Châssis / Batterie Origine Neuf Vous venez de casser l’écran de votre précieux Huawei P8 Lite 2017 Noir et ne savez pas où trouver une offre d’écran P8 Lite 2017 Noir Neuf au meilleur prix ?Sur Pieces2Mobile.com bien évidemment ! Leader en vente de pièces détachées de smartphones aux particuliers et professionnels, nous proposons justement un écran complet de Huawe...
Écran Huawei P8 Lite 2017 Blanc + Châssis / Batterie Origine;10590;30;EUR;Rupture / sur commande;Huawei > Gamme P > P8 Lite 2017;https://www.pieces2mobile.com/ecran-complet-batterie-huawei-p8-lite-2017-blanc-origine.html;https://www.pieces2mobile.com/media/catalog/product/cache/08ce6ea9b7ea9e423fa7c2e2ae0fab3c/h/u/huawei-p8-lite-2017-ecran-chassis-batterie-blanc-02351dng.jpg;Écran Huawei P8 Lite 2017 Blanc + Châssis / Batterie Origine Neuf Vous venez de casser l’écran de votre précieux Huawei P8 Lite 2017 Blanc et ne savez pas où trouver une offre d’écran P8 Lite 2017 Blanc Neuf au meilleur prix ?Sur Pieces2Mobile.com bien évidemment ! Leader en vente de pièces détachées de smartphones aux particuliers et professionnels, nous proposons justement un écran complet de Hu...
Écran Huawei P8 Lite 2017 Or + Châssis / Batterie Origine;10591;34.8;EUR;Rupture / sur commande;Huawei > Gamme P > P8 Lite 2017;https://www.pieces2mobile.com/ecran-complet-batterie-huawei-p8-lite-2017-or-origine.html;https://www.pieces2mobile.com/media/catalog/product/cache/08ce6ea9b7ea9e423fa7c2e2ae0fab3c/h/u/huawei-p8-lite-2017-ecran-chassis-batterie-or-02351dnf.jpg;Écran Huawei P8 Lite 2017 Or + Châssis / Batterie Origine Neuf Vous venez de casser l’écran de votre précieux Huawei P8 Lite 2017 Or et ne savez pas où trouver une offre d’écran P8 Lite 2017 Or Neuf au meilleur prix ?Sur Pieces2Mobile.com bien évidemment ! Leader en vente de pièces détachées de smartphones aux particuliers et professionnels, nous proposons justement un écran complet de Huawei P8 L...
Vitre arrière Huawei P8 Lite 2017 Blanc Origine;10593;10.8;EUR;Rupture / sur commande;Huawei > Gamme P > P8 Lite 2017;https://www.pieces2mobile.com/vitre-arriere-huawei-p8-lite-2017-blanc-origine.html;https://www.pieces2mobile.com/media/catalog/product/cache/08ce6ea9b7ea9e423fa7c2e2ae0fab3c/h/u/huawei-p8-lite-2017-vitre-arriere-blanc-origine.jpg;DIAGNOSTIC DE LA PANNELa vitre arrière de votre P8 Lite 2017 est abîmée, rayée, fissurée, cassée ou fortement usée à la suite d’un choc ou d’une chute.La vitre arrière de votre smartphone ou tablette Huawei P8 Lite 2017 n’adhère plus correctement, se soulève ou commence à se décoller.La partie arrière de votre appareil est endommagée et vous souhaitez retrouver une finition propre ainsi qu’une pro...
Nappe / Bouton HOME Huawei P10 Lite (WAS-L03T) Or;10642;9.6;EUR;En stock;Huawei > Gamme P > P10 Lite (WAS-L03T);https://www.pieces2mobile.com/nappe-bouton-home-huawei-p10-lite-was-l03t-or.html;https://www.pieces2mobile.com/media/catalog/product/cache/08ce6ea9b7ea9e423fa7c2e2ae0fab3c/n/a/nappe_bouton_home_huawei_p10_lite_was-l03t_or.jpg;DIAGNOSTIC DE LA PANNE Vous avez abîmé ou endommagé votre P10 Lite (WAS-L03T) par accident. La nappe HOME de votre smartphone ou tablette Huawei ne fonctionne plus. Heureusement, cette panne est réparable, et cette pièce de qualité vous permet d'en effectuer le dépannage.NOS CONSEILS Lors de l'achat, il est conseillé de vérifier votre modèle de smartphone/tablette par sa référence plutôt que par s...
Nappe / Bouton HOME Huawei P10 Lite (WAS-L03T) Noir;10640;9.6;EUR;En stock;Huawei > Gamme P > P10 Lite (WAS-L03T);https://www.pieces2mobile.com/nappe-bouton-home-huawei-p10-lite-was-l03t-noir.html;https://www.pieces2mobile.com/media/catalog/product/cache/08ce6ea9b7ea9e423fa7c2e2ae0fab3c/n/a/nappe_bouton_home_huawei_p10_lite_was-l03t_noir.jpg;DIAGNOSTIC DE LA PANNE Vous avez abîmé ou endommagé votre P10 Lite (WAS-L03T) par accident. La nappe HOME de votre smartphone ou tablette Huawei ne fonctionne plus. Heureusement, cette panne est réparable, et cette pièce de qualité vous permet d'en effectuer le dépannage.NOS CONSEILS Lors de l'achat, il est conseillé de vérifier votre modèle de smartphone/tablette par sa référence plutôt que par s...
Nappe / Bouton HOME Huawei P10 Lite (WAS-L03T) Blanc;10641;9.6;EUR;En stock;Huawei > Gamme P > P10 Lite (WAS-L03T);https://www.pieces2mobile.com/nappe-bouton-home-huawei-p10-lite-was-l03t-blanc.html;https://www.pieces2mobile.com/media/catalog/product/cache/08ce6ea9b7ea9e423fa7c2e2ae0fab3c/n/a/nappe_bouton_home_huawei_p10_lite_was-l03t_blanc.jpg;DIAGNOSTIC DE LA PANNE Vous avez abîmé ou endommagé votre P10 Lite (WAS-L03T) par accident. La nappe HOME de votre smartphone ou tablette Huawei ne fonctionne plus. Heureusement, cette panne est réparable, et cette pièce de qualité vous permet d'en effectuer le dépannage.NOS CONSEILS Lors de l'achat, il est conseillé de vérifier votre modèle de smartphone/tablette par sa référence plutôt que par s...
Écran Huawei Nova 2 Blanc + Châssis Origine;10667;30;EUR;En stock;Huawei > Gamme Nova > Nova 2 (PIC-AL00);https://www.pieces2mobile.com/ecran-complet-huawei-nova-2-pic-al00-blanc.html;https://www.pieces2mobile.com/media/catalog/product/cache/08ce6ea9b7ea9e423fa7c2e2ae0fab3c/_/c/_cran_complet_huawei_nova_2_pic-al00_blanc.jpg;Écran Huawei Nova 2 Blanc + Châssis Origine Neuf Vous venez de casser l’écran de votre précieux Huawei Nova 2 (PIC-AL00) Blanc et ne savez pas où trouver une offre d’écran Nova 2 (PIC-AL00) Blanc Neuf au meilleur prix ?Sur Pieces2Mobile.com bien évidemment ! Leader en vente de pièces détachées de smartphones aux particuliers et professionnels, nous proposons justement un écran complet de Huawei No...
Écran Huawei Nova 2 Noir + Châssis Origine;10666;30;EUR;En stock;Huawei > Gamme Nova > Nova 2 (PIC-AL00);https://www.pieces2mobile.com/ecran-complet-huawei-nova-2-pic-al00-noir.html;https://www.pieces2mobile.com/media/catalog/product/cache/08ce6ea9b7ea9e423fa7c2e2ae0fab3c/_/c/_cran_complet_huawei_nova_2_pic-al00_noir.jpg;Écran Huawei Nova 2 Noir + Châssis Origine Neuf Vous venez de casser l’écran de votre précieux Huawei Nova 2 (PIC-AL00) Noir et ne savez pas où trouver une offre d’écran Nova 2 (PIC-AL00) Noir Neuf au meilleur prix ?Sur Pieces2Mobile.com bien évidemment ! Leader en vente de pièces détachées de smartphones aux particuliers et professionnels, nous proposons justement un écran complet de Huawei Nova ...
Écran Huawei Mate 10 Lite Noir Graphite Reconditionné (PIEC);10737;41.09;EUR;Rupture / sur commande;Huawei > Gamme Mate > Mate 10 Lite;https://www.pieces2mobile.com/ecran-huawei-mate-10-lite-noir-graphite-reconditionne.html;https://www.pieces2mobile.com/media/catalog/product/cache/08ce6ea9b7ea9e423fa7c2e2ae0fab3c/_/c/_cran_huawei_mate_10_lite_noir_reconditionn_.jpg;Écran Huawei Mate 10 Lite Noir Graphite Reconditionné (PIEC) Neuf Vous venez de casser l’écran de votre précieux Huawei Mate 10 Lite / Nova 2i Noir et ne savez pas où trouver une offre d’écran Mate 10 Lite / Nova 2i Noir Neuf au meilleur prix ?Sur Pieces2Mobile.com bien évidemment ! Leader en vente de pièces détachées de smartphones aux particuliers et professionnels, nous proposons justement un é...
Écran Huawei P10 Noir + Châssis / Batterie Origine;10763;54;EUR;Rupture / sur commande;Huawei > Gamme P > P10 (VTR-L09);https://www.pieces2mobile.com/ecran-complet-batterie-huawei-p10-vtr-l09-noir.html;https://www.pieces2mobile.com/media/catalog/product/cache/08ce6ea9b7ea9e423fa7c2e2ae0fab3c/_/c/_cran_complet_huawei_p10_vtr-l09_noir_3.jpg;Écran Huawei P10 Noir + Châssis / Batterie Origine Neuf Vous venez de casser l’écran de votre précieux Huawei P10 (VTR-L09) Noir et ne savez pas où trouver une offre d’écran P10 (VTR-L09) Noir Neuf au meilleur prix ?Sur Pieces2Mobile.com bien évidemment ! Leader en vente de pièces détachées de smartphones aux particuliers et professionnels, nous proposons justement un écran complet de Huawei P10 (...
Écran Huawei Mate 10 Lite Noir Graphite + Châssis / Batterie Origine;10798;66;EUR;Rupture / sur commande;Huawei > Gamme Mate > Mate 10 Lite;https://www.pieces2mobile.com/ecran-complet-batterie-huawei-mate-10-lite-noir-graphite-origine.html;https://www.pieces2mobile.com/media/catalog/product/cache/08ce6ea9b7ea9e423fa7c2e2ae0fab3c/_/c/_cran_huawei_mate_10_lite_noir_origine_1.jpg;Compatibilité : Mate 10 Lite (Rhone-L21 / Rhone-L02 / Rhone-L01 / Rhone-L22 / Rhone-L03 / Rhone-L23)Écran Huawei Mate 10 Lite Noir Graphite + Châssis / Batterie Origine Neuf Vous venez de casser l’écran de votre précieux Huawei Mate 10 Lite (RNE-L01, RNE-L21) Noir et ne savez pas où trouver une offre d’écran Mate 10 Lite (RNE-L01, RNE-L21) Noir Neuf au meilleur prix ?Sur Pieces2Mobile.com bien évi...
Écran Huawei Mate 10 Pro Bleu + Châssis / Batterie Origine;10807;226.8;EUR;Rupture / sur commande;Huawei > Gamme Mate > Mate 10 Pro (BLA-L09);https://www.pieces2mobile.com/ecran-complet-batterie-huawei-mate-10-pro-bla-l09-bleu-origine.html;https://www.pieces2mobile.com/media/catalog/product/cache/08ce6ea9b7ea9e423fa7c2e2ae0fab3c/_/c/_cran_huawei_mate_10_pro_bla-l09_bleu_origine.jpg;Compatibilité : Mate 10 Pro (BLA-L09C / BLA-L29C / BLA-L29B / BLA-AL00B)Écran Huawei Mate 10 Pro Bleu + Châssis / Batterie Origine Neuf Vous venez de casser l’écran de votre précieux Huawei Mate 10 Pro (BLA-L09) Bleu et ne savez pas où trouver une offre d’écran Mate 10 Pro (BLA-L09) Bleu Neuf au meilleur prix ?Sur Pieces2Mobile.com bien évidemment ! Leader en vente de pièces détachées de smartphon...
Tiroir SIM Huawei Mate 10 Lite Noir;10803;7.2;EUR;En stock;Huawei > Gamme Mate > Mate 10 Lite;https://www.pieces2mobile.com/tiroir-sim-huawei-mate-10-lite-noir.html;https://www.pieces2mobile.com/media/catalog/product/cache/08ce6ea9b7ea9e423fa7c2e2ae0fab3c/t/i/tiroir_sim_huawei_mate_10_lite_noir.jpg;Compatibilité : Mate 10 Lite (Rhone-L21 / Rhone-L22 / Rhone-L22in / Rhone-L02 / Rhone-L22id / Rhone-L01)DIAGNOSTIC DE LA PANNE Vous avez abîmé ou endommagé votre Mate 10 Lite par accident. Le tiroir SIM de votre smartphone ou tablette Huawei ne fonctionne plus. Heureusement, cette panne est réparable, et cette pièce de qualité vous permet d'en effectuer le dépannage.NOS CONSEILS Lors de l'achat, i...
Haut-parleur Huawei Mate 10 Lite;10802;7.2;EUR;En stock;Huawei > Gamme Mate > Mate 10 Lite;https://www.pieces2mobile.com/haut-parleur-huawei-mate-10-lite.html;https://www.pieces2mobile.com/media/catalog/product/cache/08ce6ea9b7ea9e423fa7c2e2ae0fab3c/h/a/haut-parleur_huawei_mate_10_lite.jpg;Compatibilité : Mate 10 Lite (Rhone-L21 / Rhone-L22 / Rhone-L02 / Rhone-L22in / Rhone-L23 / Rhone-L22id / Rhone-L01 / Rhone-L03 / Rhone-L03AR / Rhone-L22JP)DIAGNOSTIC DE LA PANNE Vous avez abîmé ou endommagé votre Mate 10 Lite par accident. Le haut-parleur de votre smartphone ou tablette Huawei ne fonctionne plus. Heureusement, cette panne est réparable, et cette pièce de qualité vous permet d'en ...
Caméra avant (2 MP) Huawei Mate 10 Lite;10801;14.4;EUR;En stock;Huawei > Gamme Mate > Mate 10 Lite;https://www.pieces2mobile.com/camera-avant-huawei-mate-10-lite.html;https://www.pieces2mobile.com/media/catalog/product/cache/08ce6ea9b7ea9e423fa7c2e2ae0fab3c/c/a/cam_ra_avant_huawei_mate_10_lite.jpg;Compatibilité : Mate 10 Lite (Rhone-AL00 / Rhone-L21 / Rhone-L22 / Rhone-L02 / Rhone-L22in / Rhone-L23 / Rhone-L22id / Rhone-L01 / Rhone-L03 / Hawaii-TL00)DIAGNOSTIC DE LA PANNE Depuis quelques temps, la caméra avant de votre Mate 10 Lite ne fonctionne plus. L'objectif de la caméra est abîmé ou cassé, ce qui vous empêche de prendre des photos. La caméra avant de votre smartphone ou tablette Huawei...
Caméra arrière Huawei Mate 10 Lite / P20 Lite;7873;4.13;EUR;En stock;Huawei > Gamme Mate > Mate 10 Lite;https://www.pieces2mobile.com/camera-arriere-huawei-mate-10-lite-p20-lite.html;https://www.pieces2mobile.com/media/catalog/product/cache/08ce6ea9b7ea9e423fa7c2e2ae0fab3c/h/u/huawei-mate-10-lite-p20-lite-camera-arriere.jpg;Compatibilité : Mate 10 Lite (Rhone-AL00 / Rhone-L21 / Rhone-L22 / Rhone-L02 / Rhone-L22in / Rhone-L23 / Rhone-L22id / Rhone-L01 / Rhone-L03 / Hawaii-TL00) / P20 LiteDIAGNOSTIC DE LA PANNEDepuis quelque temps, la caméra arrière de votre Mate 10 Lite / P20 Lite ne fonctionne plus correctement.L’objectif de la caméra est abîmé, rayé ou cassé, ce qui vous empêche de prendre des photos nettes ou d’uti...
Nappe / Connecteur de Charge Huawei Mate 10 Pro;10866;5.26;EUR;En stock;Huawei > Gamme Mate > Mate 10 Pro (BLA-L09);https://www.pieces2mobile.com/nappe-charge-huawei-mate-10-pro-bla-l09.html;https://www.pieces2mobile.com/media/catalog/product/cache/08ce6ea9b7ea9e423fa7c2e2ae0fab3c/h/u/huawei-mate-10-pro-nappe-charge-03024thj.jpg;DIAGNOSTIC DE LA PANNE Vous avez abîmé ou endommagé votre Mate 10 Pro (BLA-L09) par accident. La nappe Charge de votre smartphone ou tablette Huawei ne fonctionne plus. Heureusement, cette panne est réparable, et cette pièce de qualité vous permet d'en effectuer le dépannage.NOS CONSEILS Lors de l'achat, il est conseillé de vérifier votre modèle de smartphone/tablette par sa référence plutôt que p...
Écran Huawei Mate S Blanc + Châssis Reconditionné (PIEC);10875;42;EUR;En stock;Huawei > Gamme Mate > Mate S (CRR-L09);https://www.pieces2mobile.com/ecran-complet-huawei-mate-s-crr-l09-blanc.html;https://www.pieces2mobile.com/media/catalog/product/cache/08ce6ea9b7ea9e423fa7c2e2ae0fab3c/_/c/_cran_complet_huawei_mate_s_crr-l09_blanc_2_.jpg;Écran Huawei Mate S Blanc + Châssis Reconditionné (PIEC) Neuf Vous venez de casser l’écran de votre précieux Huawei Mate S (CRR-L09) Blanc et ne savez pas où trouver une offre d’écran Mate S (CRR-L09) Blanc Neuf au meilleur prix ?Sur Pieces2Mobile.com bien évidemment ! Leader en vente de pièces détachées de smartphones aux particuliers et professionnels, nous proposons justement un écran complet d...
Écran Huawei P10 Blanc + Châssis / Batterie Origine;10876;58.8;EUR;Rupture / sur commande;Huawei > Gamme P > P10 (VTR-L09);https://www.pieces2mobile.com/ecran-complet-batterie-huawei-p10-vtr-l09-blanc.html;https://www.pieces2mobile.com/media/catalog/product/cache/08ce6ea9b7ea9e423fa7c2e2ae0fab3c/_/c/_cran_complet_huawei_p10_vtr-l09_blanc_1.jpg;Écran Huawei P10 Blanc + Châssis / Batterie Origine Neuf Vous venez de casser l’écran de votre précieux Huawei P10 (VTR-L09) Blanc et ne savez pas où trouver une offre d’écran P10 (VTR-L09) Blanc Neuf au meilleur prix ?Sur Pieces2Mobile.com bien évidemment ! Leader en vente de pièces détachées de smartphones aux particuliers et professionnels, nous proposons justement un écran complet de Huawei P1...
Nappe Power / Volume Huawei Mate 10 (ALP-L09);10886;14.4;EUR;En stock;Huawei > Gamme Mate > Mate 10 (ALP-L09);https://www.pieces2mobile.com/nappe-power-volume-huawei-mate-10-alp-l09.html;https://www.pieces2mobile.com/media/catalog/product/cache/08ce6ea9b7ea9e423fa7c2e2ae0fab3c/n/a/nappe_power_volume_huawei_mate_10_alp-l09_.jpg;DIAGNOSTIC DE LA PANNE Vous avez abîmé ou endommagé votre Mate 10 (ALP-L09) par accident. La nappe Power, Volume de votre smartphone ou tablette Huawei ne fonctionne plus. Heureusement, cette panne est réparable, et cette pièce de qualité vous permet d'en effectuer le dépannage.NOS CONSEILS Lors de l'achat, il est conseillé de vérifier votre modèle de smartphone/tablette par sa référence plutôt qu...
Tiroir SIM Huawei Mate 10 (ALP-L09) Or;10888;7.8;EUR;En stock;Huawei > Gamme Mate > Mate 10 (ALP-L09);https://www.pieces2mobile.com/tiroir-sim-huawei-mate-10-alp-l09-or.html;https://www.pieces2mobile.com/media/catalog/product/cache/08ce6ea9b7ea9e423fa7c2e2ae0fab3c/t/i/tiroir_sim_huawei_mate_10_alp-l09_or_1.jpg;DIAGNOSTIC DE LA PANNE Vous avez abîmé ou endommagé votre Mate 10 (ALP-L09) par accident. Le tiroir SIM de votre smartphone ou tablette Huawei ne fonctionne plus. Heureusement, cette panne est réparable, et cette pièce de qualité vous permet d'en effectuer le dépannage.NOS CONSEILS Lors de l'achat, il est conseillé de vérifier votre modèle de smartphone/tablette par sa référence plutôt que par son...
Nappe Principale (Charge / Carte mère) Huawei Mate 10 (ALP-L09);10884;14.4;EUR;En stock;Huawei > Gamme Mate > Mate 10 (ALP-L09);https://www.pieces2mobile.com/nappe-connexion-charge-carte-mere-huawei-mate-10-alp-l09.html;https://www.pieces2mobile.com/media/catalog/product/cache/08ce6ea9b7ea9e423fa7c2e2ae0fab3c/n/a/nappe_connexion_charge_carte_m_re_huawei_mate_10_alp-l09_.jpg;DIAGNOSTIC DE LA PANNE Vous avez abîmé ou endommagé votre Mate 10 (ALP-L09) par accident. La nappe connexion de votre smartphone ou tablette Huawei ne fonctionne plus. Heureusement, cette panne est réparable, et cette pièce de qualité vous permet d'en effectuer le dépannage.NOS CONSEILS Lors de l'achat, il est conseillé de vérifier votre modèle de smartphone/tablette par sa référence plutôt que pa...
Nappe Jack Huawei Mate 10 (ALP-L09);10885;9.6;EUR;En stock;Huawei > Gamme Mate > Mate 10 (ALP-L09);https://www.pieces2mobile.com/nappe-jack-huawei-mate-10-alp-l09.html;https://www.pieces2mobile.com/media/catalog/product/cache/08ce6ea9b7ea9e423fa7c2e2ae0fab3c/n/a/nappe_jack_huawei_mate_10_alp-l09_.jpg;DIAGNOSTIC DE LA PANNE Vous avez abîmé ou endommagé votre Mate 10 (ALP-L09) par accident. La nappe Jack de votre smartphone ou tablette Huawei ne fonctionne plus. Heureusement, cette panne est réparable, et cette pièce de qualité vous permet d'en effectuer le dépannage.NOS CONSEILS Lors de l'achat, il est conseillé de vérifier votre modèle de smartphone/tablette par sa référence plutôt que par son...
Tiroir SIM Huawei Mate 10 (ALP-L09) Noir;10887;7.8;EUR;En stock;Huawei > Gamme Mate > Mate 10 (ALP-L09);https://www.pieces2mobile.com/tiroir-sim-huawei-mate-10-alp-l09-noir.html;https://www.pieces2mobile.com/media/catalog/product/cache/08ce6ea9b7ea9e423fa7c2e2ae0fab3c/t/i/tiroir_sim_huawei_mate_10_alp-l09_noir.jpg;DIAGNOSTIC DE LA PANNE Vous avez abîmé ou endommagé votre Mate 10 (ALP-L09) par accident. Le tiroir SIM de votre smartphone ou tablette Huawei ne fonctionne plus. Heureusement, cette panne est réparable, et cette pièce de qualité vous permet d'en effectuer le dépannage.NOS CONSEILS Lors de l'achat, il est conseillé de vérifier votre modèle de smartphone/tablette par sa référence plutôt que par son...
Écran Huawei P10 Lite Noir + Châssis / Batterie Origine;10954;42;EUR;Rupture / sur commande;Huawei > Gamme P > P10 Lite (WAS-L03T);https://www.pieces2mobile.com/ecran-complet-batterie-huawei-p10-lite-was-l03t-noir.html;https://www.pieces2mobile.com/media/catalog/product/cache/08ce6ea9b7ea9e423fa7c2e2ae0fab3c/_/c/_cran_complet_batterie_huawei_p10_lite_was-l03t_noir.jpg;Compatibilité : Huawei P10 Lite (WARSAW-L21) / P10 Lite Dual SIM (WAS-LX1/WAS-LX1A/WAS-LX2/WAS-LX2J/WAS-LX3)Écran Huawei P10 Lite Noir + Châssis / Batterie Origine Neuf Vous venez de casser l’écran de votre précieux Huawei P10 Lite (WAS-L03T) Noir et ne savez pas où trouver une offre d’écran P10 Lite (WAS-L03T) Noir Neuf au meilleur prix ?Sur Pieces2Mobile.com bien évidemment ! Leader en vente de ...
Nappe / Bouton HOME Huawei P10 Lite (WAS-L03T) Argent;11019;9.6;EUR;En stock;Huawei > Gamme P > P10 Lite (WAS-L03T);https://www.pieces2mobile.com/nappe-bouton-home-huawei-p10-lite-was-l03t-argent.html;https://www.pieces2mobile.com/media/catalog/product/cache/08ce6ea9b7ea9e423fa7c2e2ae0fab3c/n/a/nappe_bouton_home_huawei_p10_lite_was-l03t_or_1.jpg;DIAGNOSTIC DE LA PANNE Vous avez abîmé ou endommagé votre P10 Lite (WAS-L03T) par accident. La nappe HOME de votre smartphone ou tablette Huawei ne fonctionne plus. Heureusement, cette panne est réparable, et cette pièce de qualité vous permet d'en effectuer le dépannage.NOS CONSEILS Lors de l'achat, il est conseillé de vérifier votre modèle de smartphone/tablette par sa référence plutôt que par s...
Écran Huawei P Smart Noir + Châssis / Batterie Origine;11027;54;EUR;Rupture / sur commande;Huawei > Gamme P > P Smart (FIG-LX1);https://www.pieces2mobile.com/ecran-complet-batterie-huawei-p-smart-fig-lx1-noir-origine.html;https://www.pieces2mobile.com/media/catalog/product/cache/08ce6ea9b7ea9e423fa7c2e2ae0fab3c/_/c/_cran_complet_vitre_tactile_lcd_batterie_huawei_p_smart_fig-lx1_noir_origine.jpg;Écran Huawei P Smart Noir + Châssis / Batterie Origine Neuf Vous venez de casser l’écran de votre précieux Huawei P Smart (FIG-LX1) Noir et ne savez pas où trouver une offre d’écran P Smart (FIG-LX1) Noir Neuf au meilleur prix ?Sur Pieces2Mobile.com bien évidemment ! Leader en vente de pièces détachées de smartphones aux particuliers et professionnels, nous proposons justement un écran complet de ...
Écran Huawei P Smart Blanc + Châssis / Batterie Origine;11028;42;EUR;Rupture / sur commande;Huawei > Gamme P > P Smart (FIG-LX1);https://www.pieces2mobile.com/ecran-complet-batterie-huawei-p-smart-fig-lx1-blanc-origine.html;https://www.pieces2mobile.com/media/catalog/product/cache/08ce6ea9b7ea9e423fa7c2e2ae0fab3c/_/c/_cran_complet_vitre_tactile_lcd_batterie_huawei_p_smart_fig-lx1_blanc_origine.jpg;Écran Huawei P Smart Blanc + Châssis / Batterie Origine Neuf Vous venez de casser l’écran de votre précieux Huawei P Smart (FIG-LX1) Blanc et ne savez pas où trouver une offre d’écran P Smart (FIG-LX1) Blanc Neuf au meilleur prix ?Sur Pieces2Mobile.com bien évidemment ! Leader en vente de pièces détachées de smartphones aux particuliers et professionnels, nous proposons justement un écran complet ...
Écran Huawei P20 Lite Noir Reconditionné (PIEC);11054;8.4;EUR;En stock;Huawei > Gamme P > P20 Lite (ALE-LX1);https://www.pieces2mobile.com/ecran-huawei-p20-lite-noir-reconditionne.html;https://www.pieces2mobile.com/media/catalog/product/cache/08ce6ea9b7ea9e423fa7c2e2ae0fab3c/h/u/huawei-p20-lite-ecran-noir-reconditionne.jpg;Compatibilité : Huawei P20 Lite (ANE-L21)Écran Huawei P20 Lite Noir Reconditionné (PIEC) Neuf Vous venez de casser l’écran de votre précieux Huawei P20 Lite Noir et ne savez pas où trouver une offre d’écran P20 Lite Noir Neuf au meilleur prix ?Sur Pieces2Mobile.com bien évidemment ! Leader en vente de pièces détachées de smartphones aux particuliers et professionnels, nous proposons justement un é...
Vitre arrière Huawei P20 Bleu;11094;12;EUR;Rupture / sur commande;Huawei > Gamme P > P20 (EML-L09);https://www.pieces2mobile.com/vitre-arriere-huawei-p20-bleu.html;https://www.pieces2mobile.com/media/catalog/product/cache/08ce6ea9b7ea9e423fa7c2e2ae0fab3c/h/u/huawei-p20-vitre-arriere-bleu-generique.jpg;DIAGNOSTIC DE LA PANNELa vitre arrière de votre P20 est abîmée, rayée, fissurée, cassée ou fortement usée à la suite d’un choc ou d’une chute.La vitre arrière de votre smartphone ou tablette Huawei P20 n’adhère plus correctement, se soulève ou commence à se décoller.La partie arrière de votre appareil est endommagée et vous souhaitez retrouver une finition propre ainsi qu’une protection adaptée.He...
Nappe / Connecteur de Charge Huawei P Smart (FIG-LX1) Noir;11124;5.09;EUR;Rupture / sur commande;Huawei > Gamme P > P Smart (FIG-LX1);https://www.pieces2mobile.com/nappe-charge-huawei-p-smart-fig-lx1-noir.html;https://www.pieces2mobile.com/media/catalog/product/cache/08ce6ea9b7ea9e423fa7c2e2ae0fab3c/n/a/nappe_charge_huawei_p_smart_fig-lx1_noir.jpg;DIAGNOSTIC DE LA PANNE Vous avez abîmé ou endommagé votre P Smart (FIG-LX1) par accident. La nappe Charge de votre smartphone ou tablette Huawei ne fonctionne plus. Heureusement, cette panne est réparable, et cette pièce de qualité vous permet d'en effectuer le dépannage.NOS CONSEILS Lors de l'achat, il est conseillé de vérifier votre modèle de smartphone/tablette par sa référence plutôt que par s...
Caméra arrière Huawei P Smart (FIG-LX1) / Honor 9 Lite (LLD-L31);11119;6.05;EUR;En stock;Huawei > Gamme P > P Smart (FIG-LX1);https://www.pieces2mobile.com/camera-arriere-huawei-p-smart-fig-lx1-honor-9-lite-lld-l31.html;https://www.pieces2mobile.com/media/catalog/product/cache/08ce6ea9b7ea9e423fa7c2e2ae0fab3c/c/a/cam_ra_arri_re_huawei_p_smart_fig-lx1_honor_9_lite_lld-l31_.jpg;DIAGNOSTIC DE LA PANNEDepuis quelque temps, la caméra arrière de votre P Smart (FIG-LX1) / Honor 9 Lite (LLD-L31) ne fonctionne plus correctement.L’objectif de la caméra est abîmé, rayé ou cassé, ce qui vous empêche de prendre des photos nettes ou d’utiliser normalement votre appareil.La caméra arrière de votre smartphone ou tablette Huawei ne semble plus capable d’effectuer une mise au point corr...
Tiroir SIM / SD Huawei P20 Lite Noir;11125;2.1;EUR;En stock;Huawei > Gamme P > P20 Lite (ALE-LX1);https://www.pieces2mobile.com/tiroir-sim-sd-huawei-p20-lite-noir.html;https://www.pieces2mobile.com/media/catalog/product/cache/08ce6ea9b7ea9e423fa7c2e2ae0fab3c/h/u/huawei-p20-lite-tiroir-sim-sd-noir-51661hkk.jpg;DIAGNOSTIC DE LA PANNE Vous avez abîmé ou endommagé votre P20 Lite par accident. Le tiroir SD, SIM de votre smartphone ou tablette Huawei ne fonctionne plus. Heureusement, cette panne est réparable, et cette pièce de qualité vous permet d'en effectuer le dépannage.NOS CONSEILS Lors de l'achat, il est conseillé de vérifier votre modèle de smartphone/tablette par sa référence plutôt que par son nom....
Tiroir SIM / SIM 2 Huawei P20 Pro Noir;11128;7.8;EUR;Rupture / sur commande;Huawei > Gamme P > P20 Pro (CLT-L04);https://www.pieces2mobile.com/tiroir-sim-sd-huawei-p20-pro-noir.html;https://www.pieces2mobile.com/media/catalog/product/cache/08ce6ea9b7ea9e423fa7c2e2ae0fab3c/h/u/huawei-p20-pro-tiroir-sim-sim-2-noir-51661jck.jpg;DIAGNOSTIC DE LA PANNE Vous avez abîmé ou endommagé votre P20 Pro (CLT-L04) par accident. Le tiroir SIM, SIM 2 de votre smartphone ou tablette Huawei ne fonctionne plus. Heureusement, cette panne est réparable, et cette pièce de qualité vous permet d'en effectuer le dépannage.NOS CONSEILS Lors de l'achat, il est conseillé de vérifier votre modèle de smartphone/tablette par sa référence plutôt que ...
Caméra avant Huawei P20 / P20 Pro;11129;3.01;EUR;En stock;Huawei > Gamme P > P20 (EML-L09);https://www.pieces2mobile.com/camera-avant-huawei-p20-p20-pro.html;https://www.pieces2mobile.com/media/catalog/product/cache/08ce6ea9b7ea9e423fa7c2e2ae0fab3c/h/u/huawei-p20-p20-pro-camera-avant-23060293.jpg;DIAGNOSTIC DE LA PANNE Depuis quelques temps, la caméra avant de votre P20 (EML-L09) / P20 Pro (CLT-L04) ne fonctionne plus. L'objectif de la caméra est abîmé ou cassé, ce qui vous empêche de prendre des photos. La caméra avant de votre smartphone ou tablette Huawei ne semble plus capable de faire une mise au point correcte. Heureusement, cette panne est réparable, et cette caméra avant de qualité...
Nappe / Connecteur de Charge Huawei P20 Pro;11127;3.64;EUR;En stock;Huawei > Gamme P > P20 Pro (CLT-L04);https://www.pieces2mobile.com/nappe-charge-huawei-p20-pro.html;https://www.pieces2mobile.com/media/catalog/product/cache/08ce6ea9b7ea9e423fa7c2e2ae0fab3c/h/u/huawei-p20-pro-nappe-charge-03024uws.jpg;DIAGNOSTIC DE LA PANNE Vous avez abîmé ou endommagé votre P20 Pro (CLT-L04) par accident. La nappe Charge de votre smartphone ou tablette Huawei ne fonctionne plus. Heureusement, cette panne est réparable, et cette pièce de qualité vous permet d'en effectuer le dépannage.NOS CONSEILS Lors de l'achat, il est conseillé de vérifier votre modèle de smartphone/tablette par sa référence plutôt que par s...
Module Haut-parleur Huawei P20 Lite;11148;3.25;EUR;En stock;Huawei > Gamme P > P20 Lite (ALE-LX1);https://www.pieces2mobile.com/module-haut-parleur-vibreur-huawei-p20-lite.html;https://www.pieces2mobile.com/media/catalog/product/cache/08ce6ea9b7ea9e423fa7c2e2ae0fab3c/h/u/huawei-p20-lite-module-haut-parleur.jpg;DIAGNOSTIC DE LA PANNE Vous avez abîmé ou endommagé votre P20 Lite par accident. Le module Haut-parleur de votre smartphone ou tablette Huawei ne fonctionne plus. Heureusement, cette panne est réparable, et cette pièce de qualité vous permet d'en effectuer le dépannage.NOS CONSEILS Lors de l'achat, il est conseillé de vérifier votre modèle de smartphone/tablette par sa référence plutôt que par son...
Nappe / Connecteur de Charge / Jack Huawei P20 Lite;11149;5.18;EUR;Rupture / sur commande;Huawei > Gamme P > P20 Lite (ALE-LX1);https://www.pieces2mobile.com/nappe-charge-jack-huawei-p20-lite.html;https://www.pieces2mobile.com/media/catalog/product/cache/08ce6ea9b7ea9e423fa7c2e2ae0fab3c/h/u/huawei-p20-lite-nappe-charge-jack.jpg;DIAGNOSTIC DE LA PANNE Vous avez abîmé ou endommagé votre P20 Lite par accident. La nappe Charge, Jack de votre smartphone ou tablette Huawei ne fonctionne plus. Heureusement, cette panne est réparable, et cette pièce de qualité vous permet d'en effectuer le dépannage.NOS CONSEILS Lors de l'achat, il est conseillé de vérifier votre modèle de smartphone/tablette par sa référence plutôt que par son ...
Caméra avant Huawei P20 Lite;11147;21.6;EUR;En stock;Huawei > Gamme P > P20 Lite (ALE-LX1);https://www.pieces2mobile.com/camera-avant-huawei-p20-lite.html;https://www.pieces2mobile.com/media/catalog/product/cache/08ce6ea9b7ea9e423fa7c2e2ae0fab3c/h/u/huawei-p20-lite-camera-avant.jpg;DIAGNOSTIC DE LA PANNE Depuis quelques temps, la caméra avant de votre P20 Lite ne fonctionne plus. L'objectif de la caméra est abîmé ou cassé, ce qui vous empêche de prendre des photos. La caméra avant de votre smartphone ou tablette Huawei ne semble plus capable de faire une mise au point correcte. Heureusement, cette panne est réparable, et cette caméra avant de qualité, vous permet d'en effect...
Support Cache carte mère Huawei P20 Lite;11153;20.4;EUR;En stock;Huawei > Gamme P > P20 Lite (ALE-LX1);https://www.pieces2mobile.com/support-cache-carte-mere-huawei-p20-lite.html;https://www.pieces2mobile.com/media/catalog/product/cache/08ce6ea9b7ea9e423fa7c2e2ae0fab3c/h/u/huawei-p20-lite-support-cache-carte-mere.jpg;DIAGNOSTIC DE LA PANNE Vous avez abîmé ou endommagé votre P20 Lite par accident. Le support carte mère de votre smartphone ou tablette Huawei ne fonctionne plus. Heureusement, cette panne est réparable, et cette pièce de qualité vous permet d'en effectuer le dépannage.NOS CONSEILS Lors de l'achat, il est conseillé de vérifier votre modèle de smartphone/tablette par sa référence plutôt que par son ...
Nappe Principale (Charge / Carte mère) Huawei P20 Lite;11150;12;EUR;En stock;Huawei > Gamme P > P20 Lite (ALE-LX1);https://www.pieces2mobile.com/nappe-connexion-charge-carte-mere-huawei-p20-lite.html;https://www.pieces2mobile.com/media/catalog/product/cache/08ce6ea9b7ea9e423fa7c2e2ae0fab3c/h/u/huawei-p20-lite-nappe-connexion-charge-carte-mere.jpg;DIAGNOSTIC DE LA PANNE Vous avez abîmé ou endommagé votre P20 Lite par accident. La nappe connexion de votre smartphone ou tablette Huawei ne fonctionne plus. Heureusement, cette panne est réparable, et cette pièce de qualité vous permet d'en effectuer le dépannage.NOS CONSEILS Lors de l'achat, il est conseillé de vérifier votre modèle de smartphone/tablette par sa référence plutôt que par son nom...
Nappe Principale / Lecteur d'empreintes Huawei P20 Lite;11151;4.8;EUR;En stock;Huawei > Gamme P > P20 Lite (ALE-LX1);https://www.pieces2mobile.com/nappe-connexion-lecteur-d-empreintes-huawei-p20-lite.html;https://www.pieces2mobile.com/media/catalog/product/cache/08ce6ea9b7ea9e423fa7c2e2ae0fab3c/h/u/huawei-p20-lite-nappe-connexion-lecteur-d_empreintes.jpg;DIAGNOSTIC DE LA PANNE Vous avez abîmé ou endommagé votre P20 Lite par accident. La nappe connexion de votre smartphone ou tablette Huawei ne fonctionne plus. Heureusement, cette panne est réparable, et cette pièce de qualité vous permet d'en effectuer le dépannage.NOS CONSEILS Lors de l'achat, il est conseillé de vérifier votre modèle de smartphone/tablette par sa référence plutôt que par son nom...
Écran Huawei P20 Noir Origine;11172;70.8;EUR;Rupture / sur commande;Huawei > Gamme P > P20 (EML-L09);https://www.pieces2mobile.com/ecran-huawei-p20-noir-origine.html;https://www.pieces2mobile.com/media/catalog/product/cache/08ce6ea9b7ea9e423fa7c2e2ae0fab3c/h/u/huawei-p20-ecran-chassis-noir-02351wkf.jpg;Écran Huawei P20 Noir Origine Neuf Vous venez de casser l’écran de votre précieux Huawei P20 Noir et ne savez pas où trouver une offre d’écran P20 Noir Neuf au meilleur prix ?Sur Pieces2Mobile.com bien évidemment ! Leader en vente de pièces détachées de smartphones aux particuliers et professionnels, nous proposons justement un écran complet de Huawei P20 Origine Neuf avec, afficheur LCD, vitre ta...
Vitre arrière Huawei P20 Noir Origine;11173;9.6;EUR;Rupture / sur commande;Huawei > Gamme P > P20 (EML-L09);https://www.pieces2mobile.com/vitre-arriere-huawei-p20-noir-origine.html;https://www.pieces2mobile.com/media/catalog/product/cache/08ce6ea9b7ea9e423fa7c2e2ae0fab3c/h/u/huawei-p20-vitre-arriere-noir-02351wkv.jpg;DIAGNOSTIC DE LA PANNELa vitre arrière de votre P20 est abîmée, rayée, fissurée, cassée ou fortement usée à la suite d’un choc ou d’une chute.La vitre arrière de votre smartphone ou tablette Huawei P20 n’adhère plus correctement, se soulève ou commence à se décoller.La partie arrière de votre appareil est endommagée et vous souhaitez retrouver une finition propre ainsi qu’une protection adaptée.He...
Écran Huawei P20 Lite Bleu + Châssis / Batterie Origine;11175;42;EUR;Rupture / sur commande;Huawei > Gamme P > P20 Lite (ALE-LX1);https://www.pieces2mobile.com/ecran-chassis-batterie-huawei-p20-lite-bleu-origine.html;https://www.pieces2mobile.com/media/catalog/product/cache/08ce6ea9b7ea9e423fa7c2e2ae0fab3c/h/u/huawei-p20-lite-ecran-chassis-batterie-bleu-02351vuv.jpg;Compatibilité : Huawei P20 Lite (ANE-L21)Écran Huawei P20 Lite Bleu + Châssis / Batterie Origine Neuf Vous venez de casser l’écran de votre précieux Huawei P20 Lite Bleu et ne savez pas où trouver une offre d’écran P20 Lite Bleu Neuf au meilleur prix ?Sur Pieces2Mobile.com bien évidemment ! Leader en vente de pièces détachées de smartphones aux particuliers et professionnels, nous proposons justem...
Écran Huawei P20 Lite Noir + Châssis / Batterie Origine;11174;46.8;EUR;Rupture / sur commande;Huawei > Gamme P > P20 Lite (ALE-LX1);https://www.pieces2mobile.com/ecran-chassis-batterie-huawei-p20-lite-noir-origine.html;https://www.pieces2mobile.com/media/catalog/product/cache/08ce6ea9b7ea9e423fa7c2e2ae0fab3c/h/u/huawei-p20-lite-ecran-chassis-batterie-noir-02351vpr.jpg;Compatibilité : Huawei P20 Lite (ANE-L21)Écran Huawei P20 Lite Noir + Châssis / Batterie Origine Neuf Vous venez de casser l’écran de votre précieux Huawei P20 Lite Noir et ne savez pas où trouver une offre d’écran P20 Lite Noir Neuf au meilleur prix ?Sur Pieces2Mobile.com bien évidemment ! Leader en vente de pièces détachées de smartphones aux particuliers et professionnels, nous proposons justem...
Vitre arrière Huawei P20 Pro Noir Origine;11181;20.4;EUR;Rupture / sur commande;Huawei > Gamme P > P20 Pro (CLT-L04);https://www.pieces2mobile.com/vitre-arriere-huawei-p20-pro-noir-origine.html;https://www.pieces2mobile.com/media/catalog/product/cache/08ce6ea9b7ea9e423fa7c2e2ae0fab3c/h/u/huawei-p20-pro-vitre-arriere-noir-02351wrr.jpg;DIAGNOSTIC DE LA PANNELa vitre arrière de votre P20 Pro (CLT-L04) est abîmée, rayée, fissurée, cassée ou fortement usée à la suite d’un choc ou d’une chute.La vitre arrière de votre smartphone ou tablette Huawei P20 Pro (CLT-L04) n’adhère plus correctement, se soulève ou commence à se décoller.La partie arrière de votre appareil est endommagée et vous souhaitez retrouver une finition propre ainsi ...
Vitre arrière Huawei P20 Pro Midnight Bleu Origine;11182;26.4;EUR;Rupture / sur commande;Huawei > Gamme P > P20 Pro (CLT-L04);https://www.pieces2mobile.com/vitre-arriere-huawei-p20-pro-bleu-origine.html;https://www.pieces2mobile.com/media/catalog/product/cache/08ce6ea9b7ea9e423fa7c2e2ae0fab3c/h/u/huawei-p20-pro-vitre-arriere-bleu-02351wrt.jpg;DIAGNOSTIC DE LA PANNELa vitre arrière de votre P20 Pro (CLT-L04) est abîmée, rayée, fissurée, cassée ou fortement usée à la suite d’un choc ou d’une chute.La vitre arrière de votre smartphone ou tablette Huawei P20 Pro (CLT-L04) n’adhère plus correctement, se soulève ou commence à se décoller.La partie arrière de votre appareil est endommagée et vous souhaitez retrouver une finition propre ainsi ...
Vitre arrière Huawei P20 Lite Bleu Origine;11177;8.4;EUR;Rupture / sur commande;Huawei > Gamme P > P20 Lite (ALE-LX1);https://www.pieces2mobile.com/vitre-arriere-huawei-p20-lite-bleu-origine.html;https://www.pieces2mobile.com/media/catalog/product/cache/08ce6ea9b7ea9e423fa7c2e2ae0fab3c/h/u/huawei-p20-lite-vitre-arriere-bleu-02351vnu.jpg;DIAGNOSTIC DE LA PANNELa vitre arrière de votre P20 Lite (ALE-LX1) est abîmée, rayée, fissurée, cassée ou fortement usée à la suite d’un choc ou d’une chute.La vitre arrière de votre smartphone ou tablette Huawei P20 Lite (ALE-LX1) n’adhère plus correctement, se soulève ou commence à se décoller.La partie arrière de votre appareil est endommagée et vous souhaitez retrouver une finition propre ains...
Vitre arrière Huawei P20 Lite Noir Origine;11176;6;EUR;En stock;Huawei > Gamme P > P20 Lite (ALE-LX1);https://www.pieces2mobile.com/vitre-arriere-huawei-p20-lite-noir-origine.html;https://www.pieces2mobile.com/media/catalog/product/cache/08ce6ea9b7ea9e423fa7c2e2ae0fab3c/h/u/huawei-p20-lite-vitre-arriere-noir-02351vnt.jpg;DIAGNOSTIC DE LA PANNELa vitre arrière de votre P20 Lite (ALE-LX1) est abîmée, rayée, fissurée, cassée ou fortement usée à la suite d’un choc ou d’une chute.La vitre arrière de votre smartphone ou tablette Huawei P20 Lite (ALE-LX1) n’adhère plus correctement, se soulève ou commence à se décoller.La partie arrière de votre appareil est endommagée et vous souhaitez retrouver une finition propre ains...
Écran Huawei P20 Pro Midnight Bleu + Châssis / Batterie Origine;11180;216;EUR;Rupture / sur commande;Huawei > Gamme P > P20 Pro (CLT-L04);https://www.pieces2mobile.com/ecran-chassis-batterie-huawei-p20-pro-bleu-origine.html;https://www.pieces2mobile.com/media/catalog/product/cache/08ce6ea9b7ea9e423fa7c2e2ae0fab3c/h/u/huawei-p20-pro-ecran-chassis-batterie-bleu-02351wtp.jpg;Compatibilité : Huawei P20 Pro (CLT-L04/CLT-L09/CLT-C29)Écran Huawei P20 Pro Midnight Bleu + Châssis / Batterie Origine Neuf Vous venez de casser l’écran de votre précieux Huawei P20 Pro (CLT-L04) Bleu et ne savez pas où trouver une offre d’écran P20 Pro (CLT-L04) Bleu Neuf au meilleur prix ?Sur Pieces2Mobile.com bien évidemment ! Leader en vente de pièces détachées de smartphones aux particuliers...
Écran Huawei P20 Pro Noir + Châssis / Batterie Origine;11179;180;EUR;Rupture / sur commande;Huawei > Gamme P > P20 Pro (CLT-L04);https://www.pieces2mobile.com/ecran-chassis-batterie-huawei-p20-pro-noir-origine.html;https://www.pieces2mobile.com/media/catalog/product/cache/08ce6ea9b7ea9e423fa7c2e2ae0fab3c/h/u/huawei-p20-pro-ecran-chassis-batterie-noir-02351wqk.jpg;Compatibilité : Huawei P20 Pro (CLT-L04/CLT-L09/CLT-C29)Écran Huawei P20 Pro Noir + Châssis / Batterie Origine Neuf Vous venez de casser l’écran de votre précieux Huawei P20 Pro (CLT-L04) Noir et ne savez pas où trouver une offre d’écran P20 Pro (CLT-L04) Noir Neuf au meilleur prix ?Sur Pieces2Mobile.com bien évidemment ! Leader en vente de pièces détachées de smartphones aux particuliers et profe...
Batterie Huawei P20 Pro / Mate 10 Pro / Mate 10 / Mate 20 / Honor View 20 Origine;11183;18;EUR;Rupture / sur commande;Huawei > Gamme Mate > Mate 10 (ALP-L09);https://www.pieces2mobile.com/batterie-huawei-p20-pro-mate-10-pro-mate-10-origine.html;https://www.pieces2mobile.com/media/catalog/product/cache/08ce6ea9b7ea9e423fa7c2e2ae0fab3c/h/u/huwaei-p20-pro-mate-10-pro-mate-10-batterie-origine-24022342_2.jpg;Batterie Huawei P20 Pro / Mate 10 Pro / Mate 10 / Mate 20 / Honor View 20 Origine neuveLa batterie de votre smartphone P20 Pro (CLT-L04) / Mate 10 Pro (BLA-L09) / Mate 10 (ALP-L09) / Mate 20 / Honor View 20 / Honor 20 Pro se décharge rapidement, son autonomie baisse fortement ou l’appareil s’éteint de manière inopinée, et vous cherchez où acheter une batterie P20 Pro (CLT-L04) / Mate 10 Pro (BLA-L...
Nappe Principale Huawei P Smart (FIG-LX1);11184;2.14;EUR;En stock;Huawei > Gamme P > P Smart (FIG-LX1);https://www.pieces2mobile.com/nappe-connexion-huawei-p-smart-fig-lx1.html;https://www.pieces2mobile.com/media/catalog/product/cache/08ce6ea9b7ea9e423fa7c2e2ae0fab3c/h/u/huawei-p-smart-nappe-connexion.jpg;DIAGNOSTIC DE LA PANNE Vous avez abîmé ou endommagé votre P Smart (FIG-LX1) par accident. La nappe connexion de votre smartphone ou tablette Huawei ne fonctionne plus. Heureusement, cette panne est réparable, et cette pièce de qualité vous permet d'en effectuer le dépannage.NOS CONSEILS Lors de l'achat, il est conseillé de vérifier votre modèle de smartphone/tablette par sa référence plutôt que pa...
Nappe Capteur de proximité Huawei P Smart (FIG-LX1);11185;2.38;EUR;En stock;Huawei > Gamme P > P Smart (FIG-LX1);https://www.pieces2mobile.com/nappe-capteur-de-proximite-huawei-p-smart-fig-lx1.html;https://www.pieces2mobile.com/media/catalog/product/cache/08ce6ea9b7ea9e423fa7c2e2ae0fab3c/h/u/huawei-p-smart-nappe-capteur-de-proximite.jpg;DIAGNOSTIC DE LA PANNE Vous avez abîmé ou endommagé votre P Smart (FIG-LX1) par accident. La nappe capteur de proximité de votre smartphone ou tablette Huawei ne fonctionne plus. Heureusement, cette panne est réparable, et cette pièce de qualité vous permet d'en effectuer le dépannage.NOS CONSEILS Lors de l'achat, il est conseillé de vérifier votre modèle de smartphone/tablette par sa référence pl...
Caméra avant Huawei P Smart (FIG-LX1);6753;4.8;EUR;En stock;Huawei > Gamme P > P Smart (FIG-LX1);https://www.pieces2mobile.com/camera-avant-huawei-p-smart-fig-lx1.html;https://www.pieces2mobile.com/media/catalog/product/cache/08ce6ea9b7ea9e423fa7c2e2ae0fab3c/c/a/cam_ra_avant_huawei_p_smart_fig-lx1_.jpg;DIAGNOSTIC DE LA PANNE Depuis quelques temps, la caméra avant de votre P Smart (FIG-LX1) ne fonctionne plus. L'objectif de la caméra est abîmé ou cassé, ce qui vous empêche de prendre des photos. La caméra avant de votre smartphone ou tablette Huawei ne semble plus capable de faire une mise au point correcte. Heureusement, cette panne est réparable, et cette caméra avant de qualité, vous permet d'...
Nappe Principale Lecteur d'empreintes Huawei P Smart (FIG-LX1);11186;14.4;EUR;En stock;Huawei > Gamme P > P Smart (FIG-LX1);https://www.pieces2mobile.com/nappe-connexion-lecteur-d-empreintes-huawei-p-smart-fig-lx1.html;https://www.pieces2mobile.com/media/catalog/product/cache/08ce6ea9b7ea9e423fa7c2e2ae0fab3c/n/a/nappe_connexion_lecteur_d_empreintes_huawei_p_smart_fig-lx1_.jpg;DIAGNOSTIC DE LA PANNE Vous avez abîmé ou endommagé votre P Smart (FIG-LX1) par accident. La nappe connexion de votre smartphone ou tablette Huawei ne fonctionne plus. Heureusement, cette panne est réparable, et cette pièce de qualité vous permet d'en effectuer le dépannage.NOS CONSEILS Lors de l'achat, il est conseillé de vérifier votre modèle de smartphone/tablette par sa référence plutôt que pa...
Module Haut-parleur Huawei P Smart (FIG-LX1);11188;3.58;EUR;En stock;Huawei > Gamme P > P Smart (FIG-LX1);https://www.pieces2mobile.com/module-haut-parleur-huawei-p-smart-fig-lx1.html;https://www.pieces2mobile.com/media/catalog/product/cache/08ce6ea9b7ea9e423fa7c2e2ae0fab3c/m/o/module_haut-parleur_huawei_p_smart_fig-lx1_.jpg;DIAGNOSTIC DE LA PANNE Vous avez abîmé ou endommagé votre P Smart (FIG-LX1) par accident. Le module Haut-parleur de votre smartphone ou tablette Huawei ne fonctionne plus. Heureusement, cette panne est réparable, et cette pièce de qualité vous permet d'en effectuer le dépannage.NOS CONSEILS Lors de l'achat, il est conseillé de vérifier votre modèle de smartphone/tablette par sa référence plutôt qu...
Kit Support Huawei P Smart;6752;24;EUR;En stock;Huawei > Gamme P > P Smart (FIG-LX1);https://www.pieces2mobile.com/kit-support-huawei-p-smart-fig-lx1.html;https://www.pieces2mobile.com/media/catalog/product/cache/08ce6ea9b7ea9e423fa7c2e2ae0fab3c/h/u/huawei-p-smart-kit-support.jpg;DIAGNOSTIC DE LA PANNE Vous avez abîmé ou endommagé votre P Smart (FIG-LX1) par accident. Le kit support de votre smartphone ou tablette Huawei ne fonctionne plus. Heureusement, cette panne est réparable, et cette pièce de qualité vous permet d'en effectuer le dépannage.NOS CONSEILS Lors de l'achat, il est conseillé de vérifier votre modèle de smartphone/tablette par sa référence plutôt que par so...
Kit de vis Huawei P Smart (FIG-LX1);11187;6;EUR;En stock;Huawei > Gamme P > P Smart (FIG-LX1);https://www.pieces2mobile.com/kit-de-vis-huawei-p-smart-fig-lx1.html;https://www.pieces2mobile.com/media/catalog/product/cache/08ce6ea9b7ea9e423fa7c2e2ae0fab3c/k/i/kit_de_vis_huawei_p_smart_fig-lx1_.jpg;DIAGNOSTIC DE LA PANNE Vous avez abîmé ou endommagé votre P Smart (FIG-LX1) par accident. Le kit complet, de vis de votre smartphone ou tablette Huawei ne fonctionne plus. Heureusement, cette panne est réparable, et cette pièce de qualité vous permet d'en effectuer le dépannage.NOS CONSEILS Lors de l'achat, il est conseillé de vérifier votre modèle de smartphone/tablette par sa référence plutôt qu...
Tiroir SIM / SD Huawei P Smart Or;6596;8.4;EUR;En stock;Huawei > Gamme P > P Smart (FIG-LX1);https://www.pieces2mobile.com/tiroir-sim-huawei-p-smart-fig-lx1-or.html;https://www.pieces2mobile.com/media/catalog/product/cache/08ce6ea9b7ea9e423fa7c2e2ae0fab3c/h/u/huawei-p-smart-tiroir-sim-sd-or.jpg;Compatibilité : P Smart (FIG-LX1 / FIG-LX2 / FIG-LX3 / FIG-LA1)DIAGNOSTIC DE LA PANNE Vous avez abîmé ou endommagé votre P Smart (FIG-LX1) par accident. Le tiroir SD, SIM de votre smartphone ou tablette Huawei ne fonctionne plus. Heureusement, cette panne est réparable, et cette pièce de qualité vous permet d'en effectuer le dépannage.NOS CONSEILS Lors de l'achat, il est conseillé de vérifier votr...
Câble antenne Huawei P Smart (FIG-LX1) Noir;5101;4.8;EUR;En stock;Huawei > Gamme P > P Smart (FIG-LX1);https://www.pieces2mobile.com/cable-antenne-huawei-p-smart-fig-lx1-noir.html;https://www.pieces2mobile.com/media/catalog/product/cache/08ce6ea9b7ea9e423fa7c2e2ae0fab3c/c/_/c_ble_antenne_huawei_p_smart_fig-lx1_noir.jpg;DIAGNOSTIC DE LA PANNE Vous avez abîmé ou endommagé votre P Smart (FIG-LX1) par accident. Le cache antenne de votre smartphone ou tablette Huawei ne fonctionne plus. Heureusement, cette panne est réparable, et cette pièce de qualité vous permet d'en effectuer le dépannage.NOS CONSEILS Lors de l'achat, il est conseillé de vérifier votre modèle de smartphone/tablette par sa référence plutôt que par ...
Vitre cache caméra arrière Huawei P20;11282;0.9;EUR;En stock;Huawei > Gamme P > P20 (EML-L09);https://www.pieces2mobile.com/vitre-cache-camera-arriere-huawei-p20.html;https://www.pieces2mobile.com/media/catalog/product/cache/08ce6ea9b7ea9e423fa7c2e2ae0fab3c/h/u/huawei-p20-vitre-cache-camera.jpg;DIAGNOSTIC DE LA PANNELa vitre cache caméra arrière de votre P20 est abîmée, rayée, fissurée ou cassée à la suite d’un choc, d’une chute ou d’une usure accidentelle.La vitre cache caméra arrière de votre smartphone ou tablette Huawei n’adhère plus correctement, se soulève ou commence à se décoller.L’aspect de votre appareil est dégradé et vous souhaitez remplacer la vitre cache caméra arrière pour...
Vitre cache caméra arrière Huawei P20 Pro;11280;1.96;EUR;En stock;Huawei > Gamme P > P20 Pro (CLT-L04);https://www.pieces2mobile.com/vitre-cache-camera-arriere-huawei-p20-pro.html;https://www.pieces2mobile.com/media/catalog/product/cache/08ce6ea9b7ea9e423fa7c2e2ae0fab3c/h/u/huawei-p20-pro-vitre-cache-camera.jpg;DIAGNOSTIC DE LA PANNELa vitre cache caméra arrière de votre P20 Pro (CLT-L04) est abîmée, rayée, fissurée ou cassée à la suite d’un choc, d’une chute ou d’une usure accidentelle.La vitre cache caméra arrière de votre smartphone ou tablette Huawei n’adhère plus correctement, se soulève ou commence à se décoller.L’aspect de votre appareil est dégradé et vous souhaitez remplacer la vitre cache camér...
Vitre cache caméra arrière Huawei P20 Lite;11281;2.4;EUR;En stock;Huawei > Gamme P > P20 Lite (ALE-LX1);https://www.pieces2mobile.com/vitre-cache-camera-arriere-huawei-p20-lite.html;https://www.pieces2mobile.com/media/catalog/product/cache/08ce6ea9b7ea9e423fa7c2e2ae0fab3c/h/u/huawei-p20-lite-vitre-cache-camera_1.jpg;DIAGNOSTIC DE LA PANNELa vitre cache caméra arrière de votre P20 Lite est abîmée, rayée, fissurée ou cassée à la suite d’un choc, d’une chute ou d’une usure accidentelle.La vitre cache caméra arrière de votre smartphone ou tablette Huawei n’adhère plus correctement, se soulève ou commence à se décoller.L’aspect de votre appareil est dégradé et vous souhaitez remplacer la vitre cache caméra arrière...
Nappe Lecteur d'empreintes Huawei P10 Lite (WAS-L03T);11303;7.8;EUR;En stock;Huawei > Gamme P > P10 Lite (WAS-L03T);https://www.pieces2mobile.com/nappe-lecteur-d-empreintes-huawei-p10-lite-was-l03t.html;https://www.pieces2mobile.com/media/catalog/product/cache/08ce6ea9b7ea9e423fa7c2e2ae0fab3c/n/a/nappe_lecteur_d_empreintes_huawei_p10_lite_was-l03t_.jpg;DIAGNOSTIC DE LA PANNE Vous avez abîmé ou endommagé votre P10 Lite (WAS-L03T) par accident. La nappe de votre smartphone ou tablette Huawei ne fonctionne plus. Heureusement, cette panne est réparable, et cette pièce de qualité vous permet d'en effectuer le dépannage.NOS CONSEILS Lors de l'achat, il est conseillé de vérifier votre modèle de smartphone/tablette par sa référence plutôt que par son no...
Écran Huawei Y6 Pro 2017 Blanc Reconditionné (PIEC);11312;15.6;EUR;En stock;Huawei > Gamme Y > Y6 Pro 2017;https://www.pieces2mobile.com/ecran-huawei-y6-pro-2017-blanc.html;https://www.pieces2mobile.com/media/catalog/product/cache/08ce6ea9b7ea9e423fa7c2e2ae0fab3c/_/c/_cran_huawei_y6_pro_2017_blanc.jpg;Écran Huawei Y6 Pro 2017 Blanc Reconditionné (PIEC) Neuf Vous venez de casser l’écran de votre précieux Huawei Y6 Pro 2017 Blanc et ne savez pas où trouver une offre d’écran Y6 Pro 2017 Blanc Neuf au meilleur prix ?Sur Pieces2Mobile.com bien évidemment ! Leader en vente de pièces détachées de smartphones aux particuliers et professionnels, nous proposons justement un écran de Huawei Y6 Pro 2017 Re...
Écran Huawei Nova 2 Plus Blanc Reconditionné (PIEC);8929;20.4;EUR;En stock;Huawei > Gamme Nova > Nova 2 Plus;https://www.pieces2mobile.com/ecran-huawei-nova-2-plus-blanc.html;https://www.pieces2mobile.com/media/catalog/product/cache/08ce6ea9b7ea9e423fa7c2e2ae0fab3c/_/c/_cran_huawei_nova_2_plus_blanc.jpg;Écran Huawei Nova 2 Plus Blanc Reconditionné (PIEC) Neuf Vous venez de casser l’écran de votre précieux Huawei Nova 2 Plus Blanc et ne savez pas où trouver une offre d’écran Nova 2 Plus Blanc Neuf au meilleur prix ?Sur Pieces2Mobile.com bien évidemment ! Leader en vente de pièces détachées de smartphones aux particuliers et professionnels, nous proposons justement un écran de Huawei Nova 2 Plus Re...
Écran Huawei Nova 2 Plus Noir Reconditionné (PIEC);7640;24;EUR;En stock;Huawei > Gamme Nova > Nova 2 Plus;https://www.pieces2mobile.com/ecran-huawei-nova-2-plus-noir.html;https://www.pieces2mobile.com/media/catalog/product/cache/08ce6ea9b7ea9e423fa7c2e2ae0fab3c/_/c/_cran_huawei_nova_2_plus_noir.jpg;Écran Huawei Nova 2 Plus Noir Reconditionné (PIEC) Neuf Vous venez de casser l’écran de votre précieux Huawei Nova 2 Plus Noir et ne savez pas où trouver une offre d’écran Nova 2 Plus Noir Neuf au meilleur prix ?Sur Pieces2Mobile.com bien évidemment ! Leader en vente de pièces détachées de smartphones aux particuliers et professionnels, nous proposons justement un écran de Huawei Nova 2 Plus Recon...
Tiroir SIM / SD Huawei Nova Noir;11422;8.4;EUR;En stock;Huawei > Gamme Nova > Nova (CAN-L01);https://www.pieces2mobile.com/tiroir-sim-huawei-nova-can-l01-noir.html;https://www.pieces2mobile.com/media/catalog/product/cache/08ce6ea9b7ea9e423fa7c2e2ae0fab3c/h/u/huawei-nova-tiroir-sim-sd-noir.jpg;Compatibilité : Huawei Nova (CAN-L01)DIAGNOSTIC DE LA PANNE Vous avez abîmé ou endommagé votre Nova par accident. Le tiroir SD, SIM de votre smartphone ou tablette Huawei ne fonctionne plus. Heureusement, cette panne est réparable, et cette pièce de qualité vous permet d'en effectuer le dépannage.NOS CONSEILS Lors de l'achat, il est conseillé de vérifier votre modèle de smartphone/tablette par sa ...
Tiroir SIM / SD Huawei Nova Argent;11423;8.4;EUR;En stock;Huawei > Gamme Nova > Nova (CAN-L01);https://www.pieces2mobile.com/tiroir-sim-huawei-nova-can-l01-argent.html;https://www.pieces2mobile.com/media/catalog/product/cache/08ce6ea9b7ea9e423fa7c2e2ae0fab3c/h/u/huawei-nova-tiroir-sim-sd-argent.jpg;Compatibilité : Huawei Nova (CAN-L01)DIAGNOSTIC DE LA PANNE Vous avez abîmé ou endommagé votre Nova par accident. Le tiroir SD, SIM de votre smartphone ou tablette Huawei ne fonctionne plus. Heureusement, cette panne est réparable, et cette pièce de qualité vous permet d'en effectuer le dépannage.NOS CONSEILS Lors de l'achat, il est conseillé de vérifier votre modèle de smartphone/tablette par sa ...
Écran Huawei P10 Lite Blanc + Châssis / Batterie Origine;11448;24;EUR;Rupture / sur commande;Huawei > Gamme P > P10 Lite (WAS-L03T);https://www.pieces2mobile.com/ecran-chassis-batterie-huawei-p10-lite-blanc-origine.html;https://www.pieces2mobile.com/media/catalog/product/cache/08ce6ea9b7ea9e423fa7c2e2ae0fab3c/e/c/ecran-chassis-batterie-huawei-p10-lite-blanc-origine.jpg;Compatibilité : Huawei P10 Lite (WARSAW-L21) / P10 Lite Dual SIM (WAS-LX1/WAS-LX1A/WAS-LX2/WAS-LX2J/WAS-LX3)Écran Huawei P10 Lite Blanc + Châssis / Batterie Origine Neuf Vous venez de casser l’écran de votre précieux Huawei P10 Lite Blanc et ne savez pas où trouver une offre d’écran P10 Lite Blanc Neuf au meilleur prix ?Sur Pieces2Mobile.com bien évidemment ! Leader en vente de pièces détachées de...
Écran Huawei P10 Lite Bleu + Châssis / Batterie Origine;11450;34.8;EUR;Rupture / sur commande;Huawei > Gamme P > P10 Lite (WAS-L03T);https://www.pieces2mobile.com/ecran-chassis-batterie-huawei-p10-lite-bleu-origine.html;https://www.pieces2mobile.com/media/catalog/product/cache/08ce6ea9b7ea9e423fa7c2e2ae0fab3c/e/c/ecran-chassis-batterie-huawei-p10-lite-bleu-origine.jpg;Compatibilité : Huawei P10 Lite (WARSAW-L21) / P10 Lite Dual SIM (WAS-LX1/WAS-LX1A/WAS-LX2/WAS-LX2J/WAS-LX3)Écran Huawei P10 Lite Bleu + Châssis / Batterie Origine Neuf Vous venez de casser l’écran de votre précieux Huawei P10 Lite Bleu et ne savez pas où trouver une offre d’écran P10 Lite Bleu Neuf au meilleur prix ?Sur Pieces2Mobile.com bien évidemment ! Leader en vente de pièces détachées de sm...
Écran Huawei P10 Lite Or + Châssis / Batterie Origine;11449;30;EUR;Rupture / sur commande;Huawei > Gamme P > P10 Lite (WAS-L03T);https://www.pieces2mobile.com/ecran-chassis-batterie-huawei-p10-lite-or-origine.html;https://www.pieces2mobile.com/media/catalog/product/cache/08ce6ea9b7ea9e423fa7c2e2ae0fab3c/e/c/ecran-chassis-batterie-huawei-p10-lite-or-origine.jpg;Compatibilité : Huawei P10 Lite (WARSAW-L21) / P10 Lite Dual SIM (WAS-LX1/WAS-LX1A/WAS-LX2/WAS-LX2J/WAS-LX3)Écran Huawei P10 Lite Or + Châssis / Batterie Origine Neuf Vous venez de casser l’écran de votre précieux Huawei P10 Lite Or et ne savez pas où trouver une offre d’écran P10 Lite Or Neuf au meilleur prix ?Sur Pieces2Mobile.com bien évidemment ! Leader en vente de pièces détachées de smartpho...
Écran Huawei P20 Lite Rose + Châssis / Batterie Origine;11451;70.8;EUR;Rupture / sur commande;Huawei > Gamme P > P20 Lite (ALE-LX1);https://www.pieces2mobile.com/ecran-chassis-batterie-huawei-p20-lite-rose-origine.html;https://www.pieces2mobile.com/media/catalog/product/cache/08ce6ea9b7ea9e423fa7c2e2ae0fab3c/h/u/huawei-p20-lite-ecran-chassis-batterie-rose-02351vuw.jpg;Compatibilité : Huawei P20 Lite (ANE-L21)Écran Huawei P20 Lite Rose + Châssis / Batterie Origine Neuf Vous venez de casser l’écran de votre précieux Huawei P20 Lite Noir et ne savez pas où trouver une offre d’écran P20 Lite Noir Neuf au meilleur prix ?Sur Pieces2Mobile.com bien évidemment ! Leader en vente de pièces détachées de smartphones aux particuliers et professionnels, nous proposons justem...
Vitre arrière Huawei P20 Lite Rose Origine;11463;11.4;EUR;En stock;Huawei > Gamme P > P20 Lite (ALE-LX1);https://www.pieces2mobile.com/vitre-arriere-huawei-p20-lite-rose-origine.html;https://www.pieces2mobile.com/media/catalog/product/cache/08ce6ea9b7ea9e423fa7c2e2ae0fab3c/h/u/huawei-p20-lite-vitre-arriere-rose-02351vqy.jpg;DIAGNOSTIC DE LA PANNELa vitre arrière de votre P20 Lite (ALE-LX1) est abîmée, rayée, fissurée, cassée ou fortement usée à la suite d’un choc ou d’une chute.La vitre arrière de votre smartphone ou tablette Huawei P20 Lite (ALE-LX1) n’adhère plus correctement, se soulève ou commence à se décoller.La partie arrière de votre appareil est endommagée et vous souhaitez retrouver une finition propre ains...
Batterie Huawei Mate 9 / Mate 9 Pro Origine HB396689ECW;884;7.2;EUR;Rupture / sur commande;Huawei > Gamme Mate > Mate 9 (MHA-L09);https://www.pieces2mobile.com/batterie-hb396689ecw-huawei-mate-9-mate-9-pro-origine.html;https://www.pieces2mobile.com/media/catalog/product/cache/08ce6ea9b7ea9e423fa7c2e2ae0fab3c/h/u/huwaei-mate-9-mate-9-pro-batterie-origine-hb396689ecw-24022291.jpg;Compatibilité : Huawei Mate 9 (MHA-L09/MHA-L29) / Mate 9 Pro (LON-L29)Batterie Huawei Mate 9 / Mate 9 Pro Origine HB396689ECW neuveLa batterie de votre smartphone Mate 9 / Mate 9 Pro se décharge rapidement, son autonomie baisse fortement ou l’appareil s’éteint de manière inopinée, et vous cherchez où acheter une batterie Mate 9 / Mate 9 Pro au meilleur prix ?Sur Pieces2Mobile.com bien évidemment !...
Coque arrière / Châssis Huawei Mate 10 Lite Bleu Origine;850;22.8;EUR;En stock;Huawei > Gamme Mate > Mate 10 Lite;https://www.pieces2mobile.com/coque-arriere-chassis-huawei-mate-10-lite-bleu-origine.html;https://www.pieces2mobile.com/media/catalog/product/cache/08ce6ea9b7ea9e423fa7c2e2ae0fab3c/h/u/huawei-mate-10-lite-coque-arriere-chassis-bleu-02351qxm.jpg;Compatibilité : Huawei Mate 10 Lite (RNE-L01/RNE-L21)DIAGNOSTIC DE LA PANNELa coque arrière de votre Mate 10 Lite est abîmée, rayée, fissurée, cassée ou fortement usée à la suite d’un choc ou d’une chute.La coque arrière de votre smartphone ou tablette Huawei Mate 10 Lite n’adhère plus correctement, se soulève ou commence à se décoller.La partie arrière de votre appareil est endommagée et vous sou...
Écran Huawei Y6 2017 / Nova Young Blanc Reconditionné (PIEC) ;3151;58.8;EUR;En stock;Huawei > Gamme Nova > Nova Young;https://www.pieces2mobile.com/catalog/product/view/id/11407/;https://www.pieces2mobile.com/media/catalog/product/cache/08ce6ea9b7ea9e423fa7c2e2ae0fab3c/_/c/_cran_huawei_y6_2017_nova_young_blanc.jpg;Écran Huawei Y6 2017 / Nova Young Blanc Reconditionné (PIEC) Neuf Vous venez de casser l’écran de votre précieux Huawei Y6 2017 / Nova Young Blanc et ne savez pas où trouver une offre d’écran Y6 2017 / Nova Young Blanc Neuf au meilleur prix ?Sur Pieces2Mobile.com bien évidemment ! Leader en vente de pièces détachées de smartphones aux particuliers et professionnels, nous proposons justement un écr...
Écran Huawei Y6 2017 / Nova Young Noir Reconditionné (PIEC);3142;15.6;EUR;En stock;Huawei > Gamme Nova > Nova Young;https://www.pieces2mobile.com/ecran-huawei-y6-2017-nova-young-noir.html;https://www.pieces2mobile.com/media/catalog/product/cache/08ce6ea9b7ea9e423fa7c2e2ae0fab3c/_/c/_cran_huawei_y6_2017_nova_young_noir.jpg;Écran Huawei Y6 2017 / Nova Young Noir Reconditionné (PIEC) Neuf Vous venez de casser l’écran de votre précieux Huawei Y6 2017 / Nova Young Noir et ne savez pas où trouver une offre d’écran Y6 2017 / Nova Young Noir Neuf au meilleur prix ?Sur Pieces2Mobile.com bien évidemment ! Leader en vente de pièces détachées de smartphones aux particuliers et professionnels, nous proposons justement un écran ...
Écran Huawei Y6 2018 Blanc Reconditionné (PIEC);3171;15.6;EUR;En stock;Huawei > Gamme Y > Y6 2018;https://www.pieces2mobile.com/ecran-huawei-y6-2018-blanc.html;https://www.pieces2mobile.com/media/catalog/product/cache/08ce6ea9b7ea9e423fa7c2e2ae0fab3c/h/u/huawei-y6-2018-ecran-blanc-reconditionne.jpg;Écran Huawei Y6 2018 Blanc Reconditionné (PIEC) Neuf Vous venez de casser l’écran de votre précieux Huawei Y6 2018 Blanc et ne savez pas où trouver une offre d’écran Y6 2018 Blanc Neuf au meilleur prix ?Sur Pieces2Mobile.com bien évidemment ! Leader en vente de pièces détachées de smartphones aux particuliers et professionnels, nous proposons justement un écran de Huawei Y6 2018 Reconditionné Neuf...
Écran Huawei Y6 2017 / Nova Young Or Reconditionné (PIEC);3152;15.6;EUR;En stock;Huawei > Gamme Nova > Nova Young;https://www.pieces2mobile.com/ecran-huawei-y6-2017-nova-young-or.html;https://www.pieces2mobile.com/media/catalog/product/cache/08ce6ea9b7ea9e423fa7c2e2ae0fab3c/_/c/_cran_huawei_y6_2017_nova_young_or.jpg;Écran Huawei Y6 2017 / Nova Young Or Reconditionné (PIEC) Neuf Vous venez de casser l’écran de votre précieux Huawei Y6 2017 / Nova Young Or et ne savez pas où trouver une offre d’écran Y6 2017 / Nova Young Or Neuf au meilleur prix ?Sur Pieces2Mobile.com bien évidemment ! Leader en vente de pièces détachées de smartphones aux particuliers et professionnels, nous proposons justement un écran de Hua...
Écran Huawei Mate 10 Noir Reconditionné (PIEC);9974;36;EUR;En stock;Huawei > Gamme Mate > Mate 10 (ALP-L09);https://www.pieces2mobile.com/ecran-huawei-mate-10-noir.html;https://www.pieces2mobile.com/media/catalog/product/cache/08ce6ea9b7ea9e423fa7c2e2ae0fab3c/h/u/huawei-mate-10-ecran-noir.jpg;Compatibilité : Huawei Mate 10 (ALP-L09)Écran Huawei Mate 10 Noir Reconditionné (PIEC) Neuf Vous venez de casser l’écran de votre précieux Huawei Mate 10 Noir et ne savez pas où trouver une offre d’écran Mate 10 Noir Neuf au meilleur prix ?Sur Pieces2Mobile.com bien évidemment ! Leader en vente de pièces détachées de smartphones aux particuliers et professionnels, nous proposons justement un écran...
Écran Huawei Y7 2018 Blanc Reconditionné (PIEC);9097;18;EUR;En stock;Huawei > Gamme Y > Y7 2018;https://www.pieces2mobile.com/ecran-huawei-y7-2018-blanc.html;https://www.pieces2mobile.com/media/catalog/product/cache/08ce6ea9b7ea9e423fa7c2e2ae0fab3c/h/u/huawei-y7-2018-ecran-blanc.jpg;Écran Huawei Y7 2018 Blanc Reconditionné (PIEC) Neuf Vous venez de casser l’écran de votre précieux Huawei Y7 2018 Blanc et ne savez pas où trouver une offre d’écran Y7 2018 Blanc Neuf au meilleur prix ?Sur Pieces2Mobile.com bien évidemment ! Leader en vente de pièces détachées de smartphones aux particuliers et professionnels, nous proposons justement un écran de Huawei Y7 2018 Reconditionné Neuf...
Nappe Power / Volume Huawei P20;11468;1.82;EUR;En stock;Huawei > Gamme P > P20 (EML-L09);https://www.pieces2mobile.com/nappe-power-volume-huawei-p20.html;https://www.pieces2mobile.com/media/catalog/product/cache/08ce6ea9b7ea9e423fa7c2e2ae0fab3c/h/u/huawei-p20-nappe-power-volume.jpg;Compatibilité : Huawei P20 (EML-L09)DIAGNOSTIC DE LA PANNE Vous avez abîmé ou endommagé votre P20 par accident. La nappe Power, Volume de votre smartphone ou tablette Huawei ne fonctionne plus. Heureusement, cette panne est réparable, et cette pièce de qualité vous permet d'en effectuer le dépannage.NOS CONSEILS Lors de l'achat, il est conseillé de vérifier votre modèle de smartphone/tablette par ...
Caméra arrière Huawei P20;11469;26.4;EUR;En stock;Huawei > Gamme P > P20 (EML-L09);https://www.pieces2mobile.com/camera-arriere-huawei-p20.html;https://www.pieces2mobile.com/media/catalog/product/cache/08ce6ea9b7ea9e423fa7c2e2ae0fab3c/h/u/huawei-p20-camera-arriere.jpg;Compatibilité : Huawei P20 (EML-L09)DIAGNOSTIC DE LA PANNEDepuis quelque temps, la caméra arrière de votre P20 ne fonctionne plus correctement.L’objectif de la caméra est abîmé, rayé ou cassé, ce qui vous empêche de prendre des photos nettes ou d’utiliser normalement votre appareil.La caméra arrière de votre smartphone ou tablette Huawei ne semble plus capable d’effectuer une mise au point correct...
Nappe / Connecteur de Charge Huawei P20;11467;4.56;EUR;En stock;Huawei > Gamme P > P20 (EML-L09);https://www.pieces2mobile.com/nappe-charge-huawei-p20.html;https://www.pieces2mobile.com/media/catalog/product/cache/08ce6ea9b7ea9e423fa7c2e2ae0fab3c/h/u/huawei-p20-nappe-charge.jpg;Compatibilité : Huawei P20 (EML-L09)DIAGNOSTIC DE LA PANNE Vous avez abîmé ou endommagé votre P20 par accident. La nappe Charge de votre smartphone ou tablette Huawei ne fonctionne plus. Heureusement, cette panne est réparable, et cette pièce de qualité vous permet d'en effectuer le dépannage.NOS CONSEILS Lors de l'achat, il est conseillé de vérifier votre modèle de smartphone/tablette par sa réfé...
Nappe Power Huawei P20 Pro;11471;1.56;EUR;En stock;Huawei > Gamme P > P20 Pro (CLT-L04);https://www.pieces2mobile.com/nappe-power-huawei-p20-pro.html;https://www.pieces2mobile.com/media/catalog/product/cache/08ce6ea9b7ea9e423fa7c2e2ae0fab3c/h/u/huawei-p20-pro-nappe-power.jpg;Compatibilité : Huawei P20 Pro (CLT-L04)DIAGNOSTIC DE LA PANNE Vous avez abîmé ou endommagé votre P20 Pro par accident. La nappe Power de votre smartphone ou tablette Huawei ne fonctionne plus. Heureusement, cette panne est réparable, et cette pièce de qualité vous permet d'en effectuer le dépannage.NOS CONSEILS Lors de l'achat, il est conseillé de vérifier votre modèle de smartphone/tablette par ...
Nappe Lecteur d'empreintes Huawei P20 Lite Noir;11477;18;EUR;En stock;Huawei > Gamme P > P20 Lite (ALE-LX1);https://www.pieces2mobile.com/nappe-lecteur-d-empreintes-huawei-p20-lite-noir.html;https://www.pieces2mobile.com/media/catalog/product/cache/08ce6ea9b7ea9e423fa7c2e2ae0fab3c/h/u/huawei-p20-lite-nappe-lecteur-d_empreintes-noir.jpg;Compatibilité : Huawei P20 Lite (ALE-LX1)DIAGNOSTIC DE LA PANNE Vous avez abîmé ou endommagé votre P20 Lite par accident. La nappe de votre smartphone ou tablette Huawei ne fonctionne plus. Heureusement, cette panne est réparable, et cette pièce de qualité vous permet d'en effectuer le dépannage.NOS CONSEILS Lors de l'achat, il est conseillé de vérifier votre modèle de smartphone/tablette par sa r...
Nappe Power / Volume Huawei P20 Lite;11476;1.39;EUR;En stock;Huawei > Gamme P > P20 Lite (ALE-LX1);https://www.pieces2mobile.com/nappe-power-volume-huawei-p20-lite.html;https://www.pieces2mobile.com/media/catalog/product/cache/08ce6ea9b7ea9e423fa7c2e2ae0fab3c/h/u/huawei-p20-lite-nappe-power-volume.jpg;Compatibilité : Huawei P20 Lite (ALE-LX1)DIAGNOSTIC DE LA PANNE Vous avez abîmé ou endommagé votre P20 Lite par accident. La nappe Power, Volume de votre smartphone ou tablette Huawei ne fonctionne plus. Heureusement, cette panne est réparable, et cette pièce de qualité vous permet d'en effectuer le dépannage.NOS CONSEILS Lors de l'achat, il est conseillé de vérifier votre modèle de smartphone/tab...
Nappe Lecteur d'empreintes Huawei P20 Lite Bleu;11478;22.8;EUR;En stock;Huawei > Gamme P > P20 Lite (ALE-LX1);https://www.pieces2mobile.com/nappe-lecteur-d-empreintes-huawei-p20-lite-bleu.html;https://www.pieces2mobile.com/media/catalog/product/cache/08ce6ea9b7ea9e423fa7c2e2ae0fab3c/h/u/huawei-p20-lite-nappe-lecteur-d_empreintes-bleu.jpg;Compatibilité : Huawei P20 Lite (ALE-LX1)DIAGNOSTIC DE LA PANNE Vous avez abîmé ou endommagé votre P20 Lite par accident. La nappe de votre smartphone ou tablette Huawei ne fonctionne plus. Heureusement, cette panne est réparable, et cette pièce de qualité vous permet d'en effectuer le dépannage.NOS CONSEILS Lors de l'achat, il est conseillé de vérifier votre modèle de smartphone/tablette par sa r...
Nappe Capteur de luminosité Huawei P20 Pro;11475;1.76;EUR;En stock;Huawei > Gamme P > P20 Pro (CLT-L04);https://www.pieces2mobile.com/nappe-connexion-lecteur-d-empreintes-huawei-p20-pro.html;https://www.pieces2mobile.com/media/catalog/product/cache/08ce6ea9b7ea9e423fa7c2e2ae0fab3c/h/u/huawei-p20-pro-nappe-capteur-de-luminosite.jpg;DIAGNOSTIC DE LA PANNE Vous avez abîmé ou endommagé votre P20 Pro par accident. La nappe capteur de luminosité de votre smartphone ou tablette Huawei ne fonctionne plus. Heureusement, cette panne est réparable, et cette pièce de qualité vous permet d'en effectuer le dépannage.NOS CONSEILS Lors de l'achat, il est conseillé de vérifier votre modèle de smartphone/tablette par sa référence plutôt que ...
Nappe Lecteur d'empreintes Huawei P20 / P20 Pro;11479;5.83;EUR;Rupture / sur commande;Huawei > Gamme P > P20 (EML-L09);https://www.pieces2mobile.com/nappe-lecteur-d-empreintes-huawei-p20-p20-pro.html;https://www.pieces2mobile.com/media/catalog/product/cache/08ce6ea9b7ea9e423fa7c2e2ae0fab3c/h/u/huawei-p20-p20-pro-nappe-lecteur-d_empreintes.jpg;Compatibilité : Huawei P20 (EML-L09) / P20 Pro (CLT-L04)DIAGNOSTIC DE LA PANNE Vous avez abîmé ou endommagé votre P20 / P20 Pro par accident. La nappe de votre smartphone ou tablette Huawei ne fonctionne plus. Heureusement, cette panne est réparable, et cette pièce de qualité vous permet d'en effectuer le dépannage.NOS CONSEILS Lors de l'achat, il est conseillé de vérifier votre modèle de smartpho...
Nappe Capteur de proximité Huawei P20 Pro;11474;14.4;EUR;En stock;Huawei > Gamme P > P20 Pro (CLT-L04);https://www.pieces2mobile.com/nappe-capteur-de-proximite-huawei-p20-pro.html;https://www.pieces2mobile.com/media/catalog/product/cache/08ce6ea9b7ea9e423fa7c2e2ae0fab3c/h/u/huawei-p20-pro-nappe-capteur-de-proximite.jpg;Compatibilité : Huawei P20 Pro (CLT-L04)DIAGNOSTIC DE LA PANNE Vous avez abîmé ou endommagé votre P20 Pro par accident. La nappe capteur de proximité de votre smartphone ou tablette Huawei ne fonctionne plus. Heureusement, cette panne est réparable, et cette pièce de qualité vous permet d'en effectuer le dépannage.NOS CONSEILS Lors de l'achat, il est conseillé de vérifier votre modèle de smartphon...
Écran Huawei P Smart Plus / Nova 3i Reconditionné (PIEC);11493;10.48;EUR;En stock;Huawei > Gamme P > P Smart Plus ;https://www.pieces2mobile.com/ecran-huawei-p-smart-plus.html;https://www.pieces2mobile.com/media/catalog/product/cache/08ce6ea9b7ea9e423fa7c2e2ae0fab3c/h/u/huawei-p-smart-plus-ecran.jpg;Compatibilité : Huawei P Smart Plus / Nova 3iÉcran Huawei P Smart Plus / Nova 3i Reconditionné (PIEC) Neuf Vous venez de casser l’écran de votre précieux Huawei P Smart Plus / Nova 3i (INE-LX2) et ne savez pas où trouver une offre d’écran P Smart Plus / Nova 3i (INE-LX2) Neuf au meilleur prix ?Sur Pieces2Mobile.com bien évidemment ! Leader en vente de pièces détachées de smartphones aux particulie...
Vitre arrière Huawei P8 Lite 2017 Or Origine;11541;8.4;EUR;Rupture / sur commande;Huawei > Gamme P > P8 Lite 2017;https://www.pieces2mobile.com/vitre-arriere-huawei-p8-lite-2017-or-origine.html;https://www.pieces2mobile.com/media/catalog/product/cache/08ce6ea9b7ea9e423fa7c2e2ae0fab3c/h/u/huawei-p8-lite-2017-vitre-arriere-or-02351dlx.jpg;DIAGNOSTIC DE LA PANNELa vitre arrière de votre P8 Lite 2017 est abîmée, rayée, fissurée, cassée ou fortement usée à la suite d’un choc ou d’une chute.La vitre arrière de votre smartphone ou tablette Huawei P8 Lite 2017 n’adhère plus correctement, se soulève ou commence à se décoller.La partie arrière de votre appareil est endommagée et vous souhaitez retrouver une finition propre ainsi qu’une pro...
Écran Huawei Y6 2018 Blanc + Châssis Origine;11549;28.8;EUR;Rupture / sur commande;Huawei > Gamme Y > Y6 2018;https://www.pieces2mobile.com/ecran-huawei-y6-2018-blanc-chassis-origine.html;https://www.pieces2mobile.com/media/catalog/product/cache/08ce6ea9b7ea9e423fa7c2e2ae0fab3c/h/u/huawei-y6-2018-ecran-chassis-blanc-02351wlk_1.jpg;Écran Huawei Y6 2018 Blanc + Châssis Origine Neuf Vous venez de casser l’écran de votre précieux Huawei Y6 2018 Blanc et ne savez pas où trouver une offre d’écran Y6 2018 Blanc Neuf au meilleur prix ?Sur Pieces2Mobile.com bien évidemment ! Leader en vente de pièces détachées de smartphones aux particuliers et professionnels, nous proposons justement un écran complet de Huawei Y6 2018 Origine Neuf ...
Écran Huawei Y6 2018 Noir + Châssis Origine;11548;34.8;EUR;Rupture / sur commande;Huawei > Gamme Y > Y6 2018;https://www.pieces2mobile.com/ecran-huawei-y6-2018-noir-chassis-origine.html;https://www.pieces2mobile.com/media/catalog/product/cache/08ce6ea9b7ea9e423fa7c2e2ae0fab3c/h/u/huawei-y6-2018-ecran-chassis-noir-02351wlj_1.jpg;Écran Huawei Y6 2018 Noir + Châssis Origine Neuf Vous venez de casser l’écran de votre précieux Huawei Y6 2018 Noir et ne savez pas où trouver une offre d’écran Y6 2018 Noir Neuf au meilleur prix ?Sur Pieces2Mobile.com bien évidemment ! Leader en vente de pièces détachées de smartphones aux particuliers et professionnels, nous proposons justement un écran complet de Huawei Y6 2018 Origine Neuf ave...
Écran Huawei P20 Pro Violet Twilight + Châssis / Batterie Origine;11630;264;EUR;Rupture / sur commande;Huawei > Gamme P > P20 Pro (CLT-L04);https://www.pieces2mobile.com/ecran-huawei-p20-pro-violet-twilight-chassis-batterie-origine.html;https://www.pieces2mobile.com/media/catalog/product/cache/08ce6ea9b7ea9e423fa7c2e2ae0fab3c/h/u/huawei-p20-pro-ecran-chassis-batterie-violet-twilight-02351wtu.jpg;Écran Huawei P20 Pro Violet Twilight + Châssis / Batterie Origine Neuf Vous venez de casser l’écran de votre précieux Huawei P20 Pro (CLT-L04) Violet et ne savez pas où trouver une offre d’écran P20 Pro (CLT-L04) Violet Neuf au meilleur prix ?Sur Pieces2Mobile.com bien évidemment ! Leader en vente de pièces détachées de smartphones aux particuliers et professionnels, nous proposons justement un éc...
Écran Huawei Mate 10 Noir + Châssis / Batterie Origine;11634;66;EUR;En stock;Huawei > Gamme Mate > Mate 10 (ALP-L09);https://www.pieces2mobile.com/ecran-huawei-mate-10-noir-chassis-batterie-origine.html;https://www.pieces2mobile.com/media/catalog/product/cache/08ce6ea9b7ea9e423fa7c2e2ae0fab3c/h/u/huawei-mate-10-ecran-chassis-batterie-noir-02351qah.jpg;Écran Huawei Mate 10 Noir + Châssis / Batterie Origine Neuf Vous venez de casser l’écran de votre précieux Huawei Mate 10 Noir et ne savez pas où trouver une offre d’écran Mate 10 Noir Neuf au meilleur prix ?Sur Pieces2Mobile.com bien évidemment ! Leader en vente de pièces détachées de smartphones aux particuliers et professionnels, nous proposons justement un écran complet de Huawei Mate 10 Origi...
Écran Huawei P20 Lite Or + Châssis / Batterie Origine;11632;58.8;EUR;Rupture / sur commande;Huawei > Gamme P > P20 Lite (ALE-LX1);https://www.pieces2mobile.com/ecran-huawei-p20-lite-or-chassis-batterie-origine.html;https://www.pieces2mobile.com/media/catalog/product/cache/08ce6ea9b7ea9e423fa7c2e2ae0fab3c/h/u/huawei-p20-lite-ecran-chassis-batterie-or-02351wrn.jpg;Écran Huawei P20 Lite Or + Châssis / Batterie Origine Neuf Vous venez de casser l’écran de votre précieux Huawei P20 Lite Or et ne savez pas où trouver une offre d’écran P20 Lite Or Neuf au meilleur prix ?Sur Pieces2Mobile.com bien évidemment ! Leader en vente de pièces détachées de smartphones aux particuliers et professionnels, nous proposons justement un écran complet de Huawei P20 Lite Origine...
Coque arrière / Châssis Huawei Mate 10 Lite Noir Origine;11678;19.2;EUR;Rupture / sur commande;Huawei > Gamme Mate > Mate 10 Lite;https://www.pieces2mobile.com/coque-arriere-chassis-huawei-mate-10-lite-noir-origine.html;https://www.pieces2mobile.com/media/catalog/product/cache/08ce6ea9b7ea9e423fa7c2e2ae0fab3c/h/u/huawei-mate-10-lite-coque-arriere-chassis-noir-02351qpc.jpg;DIAGNOSTIC DE LA PANNELa arrière de votre Mate 10 Lite est abîmée, rayée, fissurée, cassée ou fortement usée à la suite d’un choc ou d’une chute.La arrière de votre smartphone ou tablette Huawei Mate 10 Lite n’adhère plus correctement, se soulève ou commence à se décoller.La partie arrière de votre appareil est endommagée et vous souhaitez retrouver une finition propre ainsi qu’une protection adap...
Vitre arrière Huawei P20 Bleu Origine;11676;14.4;EUR;Rupture / sur commande;Huawei > Gamme P > P20 (EML-L09);https://www.pieces2mobile.com/vitre-arriere-huawei-p20-bleu-origine.html;https://www.pieces2mobile.com/media/catalog/product/cache/08ce6ea9b7ea9e423fa7c2e2ae0fab3c/h/u/huawei-p20-vitre-arriere-bleu-02351wku.jpg;DIAGNOSTIC DE LA PANNELa vitre arrière de votre P20 est abîmée, rayée, fissurée, cassée ou fortement usée à la suite d’un choc ou d’une chute.La vitre arrière de votre smartphone ou tablette Huawei P20 n’adhère plus correctement, se soulève ou commence à se décoller.La partie arrière de votre appareil est endommagée et vous souhaitez retrouver une finition propre ainsi qu’une protection adaptée.He...
Vitre arrière Huawei Mate 10 Pro Gris ;11679;8.4;EUR;Rupture / sur commande;Huawei > Gamme Mate > Mate 10 Pro (BLA-L09);https://www.pieces2mobile.com/vitre-arriere-huawei-mate-10-pro-gris.html;https://www.pieces2mobile.com/media/catalog/product/cache/08ce6ea9b7ea9e423fa7c2e2ae0fab3c/c/o/coque-arriere-huawei-mate-10-pro-02351rwg-gris_1.jpg;DIAGNOSTIC DE LA PANNELa vitre arrière de votre Mate 10 Pro est abîmée, rayée, fissurée, cassée ou fortement usée à la suite d’un choc ou d’une chute.La vitre arrière de votre smartphone ou tablette Huawei Mate 10 Pro n’adhère plus correctement, se soulève ou commence à se décoller.La partie arrière de votre appareil est endommagée et vous souhaitez retrouver une finition propre ainsi qu’une prote...
Écran Huawei Mate 20 Lite Reconditionné (PIEC);11720;10.48;EUR;En stock;Huawei > Gamme Mate > Mate 20 Lite;https://www.pieces2mobile.com/ecran-huawei-mate-20-lite.html;https://www.pieces2mobile.com/media/catalog/product/cache/08ce6ea9b7ea9e423fa7c2e2ae0fab3c/h/u/huawei-mate-20-lite-ecran_1.jpg;Écran Huawei Mate 20 Lite Reconditionné (PIEC) Neuf Vous venez de casser l’écran de votre précieux Huawei Mate 20 Lite et ne savez pas où trouver une offre d’écran Mate 20 Lite Neuf au meilleur prix ?Sur Pieces2Mobile.com bien évidemment ! Leader en vente de pièces détachées de smartphones aux particuliers et professionnels, nous proposons justement un écran de Huawei Mate 20 Lite Reconditionné Ne...
Vitre arrière Huawei Mate 20 Lite Bleu Origine;11735;10.8;EUR;Rupture / sur commande;Huawei > Gamme Mate > Mate 20 Lite;https://www.pieces2mobile.com/vitre-arriere-huawei-mate-20-lite-bleu-origine.html;https://www.pieces2mobile.com/media/catalog/product/cache/08ce6ea9b7ea9e423fa7c2e2ae0fab3c/h/u/huawei-mate-20-lite-vitre-arriere-bleu-02352dkr.jpg;DIAGNOSTIC DE LA PANNELa vitre arrière de votre Mate 20 Lite est abîmée, rayée, fissurée, cassée ou fortement usée à la suite d’un choc ou d’une chute.La vitre arrière de votre smartphone ou tablette Huawei Mate 20 Lite n’adhère plus correctement, se soulève ou commence à se décoller.La partie arrière de votre appareil est endommagée et vous souhaitez retrouver une finition propre ainsi qu’une pro...
Vitre arrière Huawei Mate 20 Lite Or Origine;11736;26.4;EUR;Rupture / sur commande;Huawei > Gamme Mate > Mate 20 Lite;https://www.pieces2mobile.com/vitre-arriere-huawei-mate-20-lite-or-origine.html;https://www.pieces2mobile.com/media/catalog/product/cache/08ce6ea9b7ea9e423fa7c2e2ae0fab3c/h/u/huawei-mate-20-lite-vitre-arriere-or-02352dks.jpg;DIAGNOSTIC DE LA PANNELa vitre arrière de votre Mate 20 Lite est abîmée, rayée, fissurée, cassée ou fortement usée à la suite d’un choc ou d’une chute.La vitre arrière de votre smartphone ou tablette Huawei Mate 20 Lite n’adhère plus correctement, se soulève ou commence à se décoller.La partie arrière de votre appareil est endommagée et vous souhaitez retrouver une finition propre ainsi qu’une pro...
Écran Huawei Mate 20 Lite Or + Châssis / Batterie Origine;11733;60;EUR;Rupture / sur commande;Huawei > Gamme Mate > Mate 20 Lite;https://www.pieces2mobile.com/ecran-huawei-mate-20-lite-or-chassis-batterie-origine.html;https://www.pieces2mobile.com/media/catalog/product/cache/08ce6ea9b7ea9e423fa7c2e2ae0fab3c/h/u/huawei-mate-20-lite-ecran-chassis-batterie-or-02352dkn.jpg;Écran Huawei Mate 20 Lite Or + Châssis / Batterie Origine Neuf Vous venez de casser l’écran de votre précieux Huawei Mate 20 Lite Or et ne savez pas où trouver une offre d’écran Mate 20 Lite Or Neuf au meilleur prix ?Sur Pieces2Mobile.com bien évidemment ! Leader en vente de pièces détachées de smartphones aux particuliers et professionnels, nous proposons justement un écran complet de Huawei Mate...
Vitre arrière Huawei Mate 20 Lite Noir Origine;11734;12;EUR;Rupture / sur commande;Huawei > Gamme Mate > Mate 20 Lite;https://www.pieces2mobile.com/vitre-arriere-huawei-mate-20-lite-noir-origine.html;https://www.pieces2mobile.com/media/catalog/product/cache/08ce6ea9b7ea9e423fa7c2e2ae0fab3c/h/u/huawei-mate-20-lite-vitre-arriere-noir-02352dkp.jpg;DIAGNOSTIC DE LA PANNELa vitre arrière de votre Mate 20 Lite est abîmée, rayée, fissurée, cassée ou fortement usée à la suite d’un choc ou d’une chute.La vitre arrière de votre smartphone ou tablette Huawei Mate 20 Lite n’adhère plus correctement, se soulève ou commence à se décoller.La partie arrière de votre appareil est endommagée et vous souhaitez retrouver une finition propre ainsi qu’une pro...
Écran Huawei Mate 20 Lite Noir + Châssis / Batterie Origine;11731;66;EUR;Rupture / sur commande;Huawei > Gamme Mate > Mate 20 Lite;https://www.pieces2mobile.com/ecran-huawei-mate-20-lite-noir-chassis-batterie-origine.html;https://www.pieces2mobile.com/media/catalog/product/cache/08ce6ea9b7ea9e423fa7c2e2ae0fab3c/h/u/huawei-mate-20-lite-ecran-chassis-batterie-noir-02352dkk.jpg;Écran Huawei Mate 20 Lite Noir + Châssis / Batterie Origine Neuf Vous venez de casser l’écran de votre précieux Huawei Mate 20 Lite Noir et ne savez pas où trouver une offre d’écran Mate 20 Lite Noir Neuf au meilleur prix ?Sur Pieces2Mobile.com bien évidemment ! Leader en vente de pièces détachées de smartphones aux particuliers et professionnels, nous proposons justement un écran complet de Huawe...
Écran Huawei Mate 20 Lite Bleu + Châssis / Batterie Origine;11732;58.8;EUR;Rupture / sur commande;Huawei > Gamme Mate > Mate 20 Lite;https://www.pieces2mobile.com/ecran-huawei-mate-20-lite-bleu-chassis-batterie-origine.html;https://www.pieces2mobile.com/media/catalog/product/cache/08ce6ea9b7ea9e423fa7c2e2ae0fab3c/h/u/huawei-mate-20-lite-ecran-chassis-batterie-bleu-02352dkm_1.jpg;Écran Huawei Mate 20 Lite Bleu + Châssis / Batterie Origine Neuf Vous venez de casser l’écran de votre précieux Huawei Mate 20 Lite Bleu et ne savez pas où trouver une offre d’écran Mate 20 Lite Bleu Neuf au meilleur prix ?Sur Pieces2Mobile.com bien évidemment ! Leader en vente de pièces détachées de smartphones aux particuliers et professionnels, nous proposons justement un écran complet de Huawe...
Écran Huawei Mate 20 Pro Noir + Châssis + Batterie Origine;11744;132;EUR;Rupture / sur commande;Huawei > Gamme Mate > Mate 20 Pro (LYA-L09);https://www.pieces2mobile.com/ecran-huawei-mate-20-pro-noir-chassis-origine.html;https://www.pieces2mobile.com/media/catalog/product/cache/08ce6ea9b7ea9e423fa7c2e2ae0fab3c/h/u/huawei-mate-20-pro-ecran-chassis-noir-02352frl.jpg;Écran Huawei Mate 20 Pro Noir + Châssis + Batterie Origine Neuf Vous venez de casser l’écran de votre précieux Huawei Mate 20 Pro Noir et ne savez pas où trouver une offre d’écran OLED Mate 20 Pro Noir Neuf au meilleur prix ?Sur Pieces2Mobile.com bien évidemment ! Leader en vente de pièces détachées de smartphones aux particuliers et professionnels, nous proposons justement un écran complet de Hua...
Tiroir SIM / SIM 2 / SD Huawei Mate 20 Lite Or;11742;4.8;EUR;En stock;Huawei > Gamme Mate > Mate 20 Lite;https://www.pieces2mobile.com/tiroir-sim-sim-2-sd-huawei-mate-20-lite-or.html;https://www.pieces2mobile.com/media/catalog/product/cache/08ce6ea9b7ea9e423fa7c2e2ae0fab3c/h/u/huawei-mate-20-lite-tiroir-sim-sim-2-sd-or-51661kax.jpg;DIAGNOSTIC DE LA PANNE Vous avez abîmé ou endommagé votre Mate 20 Lite par accident. Le tiroir SD, SIM, SIM 2 de votre smartphone ou tablette Huawei ne fonctionne plus. Heureusement, cette panne est réparable, et cette pièce de qualité vous permet d'en effectuer le dépannage.NOS CONSEILS Lors de l'achat, il est conseillé de vérifier votre modèle de smartphone/tablette par sa référence plutôt que p...
Tiroir SIM / SIM 2 / SD Huawei Mate 20 Lite Bleu;11741;10.8;EUR;En stock;Huawei > Gamme Mate > Mate 20 Lite;https://www.pieces2mobile.com/tiroir-sim-sim-2-sd-huawei-mate-20-lite-bleu.html;https://www.pieces2mobile.com/media/catalog/product/cache/08ce6ea9b7ea9e423fa7c2e2ae0fab3c/h/u/huawei-mate-20-lite-tiroir-sim-sim-2-sd-bleu-51661kaw.jpg;DIAGNOSTIC DE LA PANNE Vous avez abîmé ou endommagé votre Mate 20 Lite par accident. Le tiroir SD, SIM, SIM 2 de votre smartphone ou tablette Huawei ne fonctionne plus. Heureusement, cette panne est réparable, et cette pièce de qualité vous permet d'en effectuer le dépannage.NOS CONSEILS Lors de l'achat, il est conseillé de vérifier votre modèle de smartphone/tablette par sa référence plutôt que p...
Caméra avant Huawei Mate 20 Lite;11738;42;EUR;En stock;Huawei > Gamme Mate > Mate 20 Lite;https://www.pieces2mobile.com/camera-avant-huawei-mate-20-lite.html;https://www.pieces2mobile.com/media/catalog/product/cache/08ce6ea9b7ea9e423fa7c2e2ae0fab3c/h/u/huawei-mate-20-lite-camera-avant-23060329_1.jpg;DIAGNOSTIC DE LA PANNE Depuis quelques temps, la caméra avant de votre Mate 20 Lite ne fonctionne plus. L'objectif de la caméra est abîmé ou cassé, ce qui vous empêche de prendre des photos. La caméra avant de votre smartphone ou tablette Huawei ne semble plus capable de faire une mise au point correcte. Heureusement, cette panne est réparable, et cette caméra avant de qualité, vous permet d'en ef...
Caméra avant (2MP) Huawei Mate 20 Lite;11739;14.4;EUR;En stock;Huawei > Gamme Mate > Mate 20 Lite;https://www.pieces2mobile.com/camera-avant-2mp-huawei-mate-20-lite.html;https://www.pieces2mobile.com/media/catalog/product/cache/08ce6ea9b7ea9e423fa7c2e2ae0fab3c/h/u/huawei-mate-20-lite-camera-avant-2mp-23060327.jpg;DIAGNOSTIC DE LA PANNE Depuis quelques temps, la caméra avant de votre Mate 20 Lite ne fonctionne plus. L'objectif de la caméra est abîmé ou cassé, ce qui vous empêche de prendre des photos. La caméra avant de votre smartphone ou tablette Huawei ne semble plus capable de faire une mise au point correcte. Heureusement, cette panne est réparable, et cette caméra avant de qualité, vous permet d'en ef...
Haut-parleur Huawei Mate 20 Lite / P Smart Plus;11743;2.92;EUR;En stock;Huawei > Gamme P > P Smart Plus ;https://www.pieces2mobile.com/haut-parleur-huawei-mate-20-lite-p-smart-plus.html;https://www.pieces2mobile.com/media/catalog/product/cache/08ce6ea9b7ea9e423fa7c2e2ae0fab3c/h/u/huawei-mate-20-lite-p-smart-plus-haut-parleur-22020324.jpg;DIAGNOSTIC DE LA PANNE Vous avez abîmé ou endommagé votre Mate 20 Lite / P Smart Plus par accident. Le haut-parleur de votre smartphone ou tablette Huawei ne fonctionne plus. Heureusement, cette panne est réparable, et cette pièce de qualité vous permet d'en effectuer le dépannage.NOS CONSEILS Lors de l'achat, il est conseillé de vérifier votre modèle de smartphone/tablette par sa référence plutôt...
Vitre arrière Huawei Mate 20 Pro Midnight Blue Origine;11748;30;EUR;Rupture / sur commande;Huawei > Gamme Mate > Mate 20 Pro (LYA-L09);https://www.pieces2mobile.com/vitre-arriere-huawei-mate-20-pro-midnight-blue-origine.html;https://www.pieces2mobile.com/media/catalog/product/cache/08ce6ea9b7ea9e423fa7c2e2ae0fab3c/h/u/huawei-mate-20-pro-vitre-arri_re-midnight-blue-02352gde.jpg;DIAGNOSTIC DE LA PANNELa vitre arrière de votre Mate 20 Pro est abîmée, rayée, fissurée, cassée ou fortement usée à la suite d’un choc ou d’une chute.La vitre arrière de votre smartphone ou tablette Huawei Mate 20 Pro n’adhère plus correctement, se soulève ou commence à se décoller.La partie arrière de votre appareil est endommagée et vous souhaitez retrouver une finition propre ainsi qu’une prote...
Vitre arrière Huawei Mate 20 Pro Noir Origine;11747;24;EUR;Rupture / sur commande;Huawei > Gamme Mate > Mate 20 Pro (LYA-L09);https://www.pieces2mobile.com/vitre-arriere-huawei-mate-20-pro-noir-origine.html;https://www.pieces2mobile.com/media/catalog/product/cache/08ce6ea9b7ea9e423fa7c2e2ae0fab3c/h/u/huawei-mate-20-pro-vitre-arriere-noir-02352gdc.jpg;DIAGNOSTIC DE LA PANNELa vitre arrière de votre Mate 20 Pro est abîmée, rayée, fissurée, cassée ou fortement usée à la suite d’un choc ou d’une chute.La vitre arrière de votre smartphone ou tablette Huawei Mate 20 Pro n’adhère plus correctement, se soulève ou commence à se décoller.La partie arrière de votre appareil est endommagée et vous souhaitez retrouver une finition propre ainsi qu’une prote...
Vitre arrière Huawei Mate 20 Pro Violet Twilight Origine;11749;26.4;EUR;Rupture / sur commande;Huawei > Gamme Mate > Mate 20 Pro (LYA-L09);https://www.pieces2mobile.com/vitre-arriere-huawei-mate-20-pro-violet-twilight-origine.html;https://www.pieces2mobile.com/media/catalog/product/cache/08ce6ea9b7ea9e423fa7c2e2ae0fab3c/h/u/huawei-mate-20-pro-vitre-arriere-violet-twilight-02352gdg.jpg;DIAGNOSTIC DE LA PANNELa vitre arrière de votre Mate 20 Pro est abîmée, rayée, fissurée, cassée ou fortement usée à la suite d’un choc ou d’une chute.La vitre arrière de votre smartphone ou tablette Huawei Mate 20 Pro n’adhère plus correctement, se soulève ou commence à se décoller.La partie arrière de votre appareil est endommagée et vous souhaitez retrouver une finition propre ainsi qu’une prote...
Batterie Huawei Mate 20 Pro / P30 Pro Origine HB486486ECW;11750;19.2;EUR;Rupture / sur commande;Huawei > Gamme Mate > Mate 20 Pro (LYA-L09);https://www.pieces2mobile.com/batterie-huawei-mate-20-pro-p30-pro-origine-hb486486ecw.html;https://www.pieces2mobile.com/media/catalog/product/cache/08ce6ea9b7ea9e423fa7c2e2ae0fab3c/h/u/huawei-mate-20-pro-batterie-origine-hb486486ecw-24022762.jpg;Batterie Huawei Mate 20 Pro / P30 Pro Origine HB486486ECW neuveLa batterie de votre smartphone Mate 20 Pro / P30 Pro se décharge rapidement, son autonomie baisse fortement ou l’appareil s’éteint de manière inopinée, et vous cherchez où acheter une batterie Mate 20 Pro / P30 Pro au meilleur prix ?Sur Pieces2Mobile.com bien évidemment ! Leader en vente de pièces détachées de smartphones aux particul...
Écran Huawei Mate 20 Pro Midnight Blue + Châssis Origine;11745;120;EUR;Rupture / sur commande;Huawei > Gamme Mate > Mate 20 Pro (LYA-L09);https://www.pieces2mobile.com/ecran-huawei-mate-20-pro-midnight-blue-chassis-origine.html;https://www.pieces2mobile.com/media/catalog/product/cache/08ce6ea9b7ea9e423fa7c2e2ae0fab3c/h/u/huawei-mate-20-pro-ecran-chassis-midnight-blue-02352gfx.jpg;Écran Huawei Mate 20 Pro Midnight Blue + Châssis Origine Neuf Vous venez de casser l’écran de votre précieux Huawei Mate 20 Pro Bleu et ne savez pas où trouver une offre d’écran Mate 20 Pro Bleu Neuf au meilleur prix ?Sur Pieces2Mobile.com bien évidemment ! Leader en vente de pièces détachées de smartphones aux particuliers et professionnels, nous proposons justement un écran complet de Huawei Mat...
Écran Huawei Mate 20 Pro Violet Twilight + Châssis + Batterie;11746;120;EUR;Rupture / sur commande;Huawei > Gamme Mate > Mate 20 Pro (LYA-L09);https://www.pieces2mobile.com/ecran-huawei-mate-20-pro-violet-twilight-chassis-batterie.html;https://www.pieces2mobile.com/media/catalog/product/cache/08ce6ea9b7ea9e423fa7c2e2ae0fab3c/h/u/huawei-mate-20-pro-ecran-chassis-violet-twilight-02352ggc.jpg;Écran Huawei Mate 20 Pro Violet Twilight + Châssis + Batterie Neuf Vous venez de casser l’écran de votre précieux Huawei Mate 20 Pro Violet et ne savez pas où trouver une offre d’écran Mate 20 Pro Violet Neuf au meilleur prix ?Sur Pieces2Mobile.com bien évidemment ! Leader en vente de pièces détachées de smartphones aux particuliers et professionnels, nous proposons justement un écran complet de H...
Tiroir SIM Huawei Mate 20 Pro Midnight Blue;11755;2.4;EUR;En stock;Huawei > Gamme Mate > Mate 20 Pro (LYA-L09);https://www.pieces2mobile.com/tiroir-sim-huawei-mate-20-pro-midnight-blue.html;https://www.pieces2mobile.com/media/catalog/product/cache/08ce6ea9b7ea9e423fa7c2e2ae0fab3c/h/u/huawei-mate-20-pro-tiroir-sim-midnight-blue-51661kcs.jpg;DIAGNOSTIC DE LA PANNE Vous avez abîmé ou endommagé votre Mate 20 Pro par accident. Le tiroir SIM de votre smartphone ou tablette Huawei ne fonctionne plus. Heureusement, cette panne est réparable, et cette pièce de qualité vous permet d'en effectuer le dépannage.NOS CONSEILS Lors de l'achat, il est conseillé de vérifier votre modèle de smartphone/tablette par sa référence plutôt que par son nom. ...
Haut-parleur Huawei Mate 20 Pro;11752;6;EUR;En stock;Huawei > Gamme Mate > Mate 20 Pro (LYA-L09);https://www.pieces2mobile.com/haut-parleur-huawei-mate-20-pro.html;https://www.pieces2mobile.com/media/catalog/product/cache/08ce6ea9b7ea9e423fa7c2e2ae0fab3c/h/u/huawei-mate-20-pro-haut-parleur-22020322.jpg;DIAGNOSTIC DE LA PANNE Vous avez abîmé ou endommagé votre Mate 20 Pro par accident. Le haut-parleur de votre smartphone ou tablette Huawei ne fonctionne plus. Heureusement, cette panne est réparable, et cette pièce de qualité vous permet d'en effectuer le dépannage.NOS CONSEILS Lors de l'achat, il est conseillé de vérifier votre modèle de smartphone/tablette par sa référence plutôt que par son nom...
Tiroir SIM Huawei Mate 20 Pro Noir;11754;2.4;EUR;En stock;Huawei > Gamme Mate > Mate 20 Pro (LYA-L09);https://www.pieces2mobile.com/tiroir-sim-huawei-mate-20-pro-noir.html;https://www.pieces2mobile.com/media/catalog/product/cache/08ce6ea9b7ea9e423fa7c2e2ae0fab3c/h/u/huawei-mate-20-pro-tiroir-sim-noir-51661kcr.jpg;DIAGNOSTIC DE LA PANNE Vous avez abîmé ou endommagé votre Mate 20 Pro par accident. Le tiroir SIM de votre smartphone ou tablette Huawei ne fonctionne plus. Heureusement, cette panne est réparable, et cette pièce de qualité vous permet d'en effectuer le dépannage.NOS CONSEILS Lors de l'achat, il est conseillé de vérifier votre modèle de smartphone/tablette par sa référence plutôt que par son nom. ...
Tiroir SIM Huawei Mate 20 Pro Violet Twilight;11756;2.4;EUR;En stock;Huawei > Gamme Mate > Mate 20 Pro (LYA-L09);https://www.pieces2mobile.com/tiroir-sim-huawei-mate-20-pro-violet-twilight.html;https://www.pieces2mobile.com/media/catalog/product/cache/08ce6ea9b7ea9e423fa7c2e2ae0fab3c/h/u/huawei-mate-20-pro-tiroir-sim-violet-twilight-51661klq.jpg;DIAGNOSTIC DE LA PANNE Vous avez abîmé ou endommagé votre Mate 20 Pro par accident. Le tiroir SIM de votre smartphone ou tablette Huawei ne fonctionne plus. Heureusement, cette panne est réparable, et cette pièce de qualité vous permet d'en effectuer le dépannage.NOS CONSEILS Lors de l'achat, il est conseillé de vérifier votre modèle de smartphone/tablette par sa référence plutôt que par son nom. ...
