"Nom";"Reference_SKU";"Prix_TTC";"Devise";"Disponibilite";"Categorie";"URL_Produit";"URL_Image";"Description_Courte";"Description_Longue"
"D-Power K6055 Écouteur type-C pour iPhone 15/16/17";"19609";"6";"EUR";"En stock";"Accessoires > Audio > Écouteurs";"https://www.pieces2mobile.com/ecouteur-d-power-type-c-pour-iphone.html";"https://www.pieces2mobile.com/media/catalog/product/cache/08ce6ea9b7ea9e423fa7c2e2ae0fab3c/p/s/psd-_-jour_6_3.jpg";"D-Power K6055 Écouteur type-C pour iPhone 15/16/17. ReparMonPhone, principal grossiste en pièces détachées pour mobiles en Europe. Envois gratuits dès 35 euros. Comptes professionnels.";"écouteurs filaires K6055   Ce produit de la marque  est tout ce dont vous avez besoin pour écouter de la musique ou toute autre chose sur un téléphone ou un ordinateur sans avoir à gêner les personnes qui sont à côté de vous. Vous pouvez également l’utiliser pour mieux entendre lorsque vous vous retrouvez dans des environnements bruyants afin de couvrir le bruit environnant. Il dispose d’un câble d’une longueur de  qui vous offre une certaine mobilité.  Puissance sonore  Ce modèle K6055 de la marque  dispose d’une puissance de , d’une réponse en fréquence de  et d’une sensibilité de .  Consommation  Ce produit dispose d’une impédance de . On recommande en général un maximum de 64 Ohms pour les appareils mobiles pour ne pas les décharger trop vite et nuire trop significativement à leur autonomie.  Dimensions  Le diamètre des écouteurs est de .  Compatibilité  Le modèle K6055 de la marque  est compatible avec les appareils suivants : iPad, iPhone.  Caractéristiques   Prise audio : USB Type-C Réponse en fréquence :  Sensibilité :  Impédance :  Puissance d’entrée maximale :  Longueur du câble :  Couleur : Blanc   Inclus : écouteurs filaires, micro.  Remarque : ce produit est livré ."
"Chargeur secteur USB-C 140W MW2M3ZM/A Blanc Origine";"23167";"119";"EUR";"En stock";"Apple > IPad > iPad Pro 10.5"" (2017)";"https://www.pieces2mobile.com/chargeur-secteur-usb-c-140w-mw2m3zm-a-blanc-origine.html";"https://www.pieces2mobile.com/media/catalog/product/cache/08ce6ea9b7ea9e423fa7c2e2ae0fab3c/c/h/chargeur-apple-usb-c-140w-mlyu3zma-blanc-origine-1_2_1.jpg";"Chargeur secteur USB-C 140W MW2M3ZM/A Blanc Origine. ReparMonPhone, principal grossiste en pièces détachées pour mobiles en Europe. Envois gratuits dès 35 euros. Comptes professionnels.";"Chargeur Secteur USB-C 140W d'Origine Apple (Référence MW2M3ZM/A) en Blanc
Optimisez l'alimentation de vos appareils de haute technologie grâce au chargeur secteur USB-C 140W d'origine constructeur. Conçu spécifiquement pour répondre aux exigences énergétiques des ordinateurs portables les plus performants, cet adaptateur secteur de référence MW2M3ZM/A assure une recharge ultra-rapide, stable et totalement sécurisée. C'est l'accessoire indispensable pour retrouver les performances initiales de votre matériel sans aucun compromis.

Une puissance de charge maximale pour votre MacBook Pro
Avec sa puissance délivrée de 140 Watts, ce bloc d'alimentation secteur est particulièrement recommandé pour les modèles de MacBook Pro de grande taille (notamment les versions 16 pouces), tout en restant compatible avec l'ensemble des appareils prenant en charge la charge via USB-C. Grâce à la gestion intelligente du courant, il s'adapte aux besoins spécifiques de la batterie connectée afin d'éviter toute surchauffe et de prolonger la durée de vie de vos composants.

La garantie d'une pièce d'origine constructeur
Spécialiste de la pièce détachée et des accessoires pour smartphones et MacBook, ReparMonPhone s'engage à vous fournir du matériel officiel. Ce modèle MW2M3ZM/A de couleur blanche est une pièce d'origine, fabriquée selon les standards stricts de la marque. Choisir une alimentation d'origine vous préserve des risques de sous-tension, de courts-circuits ou d'usure prématurée de la carte mère de votre ordinateur.

Caractéristiques principales du produit :

    Compatibilité étendue : Idéal pour MacBook Pro et tout autre appareil mobile équipé d'un port de charge USB-C exigeant une forte puissance.
    Technologie de charge rapide : Permet de récupérer un pourcentage maximal de batterie en un temps record.
    Sécurité intégrée : Protection avancée contre les surcharges thermiques et électriques.
    Design épuré : Finition blanche officielle, compacte et facile à transporter au quotidien.


Pourquoi commander votre chargeur 140W sur ReparMonPhone ?
En achetant votre adaptateur secteur USB-C sur notre boutique en ligne, vous bénéficiez d'une expertise reconnue dans le domaine des composants et accessoires de remplacement. Ce produit dispose d'une garantie constructeur de 12 mois, vous assurant une totale tranquillité d'esprit en cas de dysfonctionnement technique. Profitez d'une expédition rapide et d'un service client à votre écoute pour redonner toute sa puissance à votre espace de travail mobile.
Note : Le câble de charge USB-C est vendu séparément."
"Stylet tactile à recharge magnétique Usams US-ZB264 Transparent Noir";"20403";"23.32";"EUR";"Rupture / sur commande";"Apple > IPad > iPad 2018 9.7"" (6e Gen.)";"https://www.pieces2mobile.com/stylet-tactile-a-recharge-magnetique-usams-us-zb264-transparent-noir.html";"https://www.pieces2mobile.com/media/catalog/product/cache/08ce6ea9b7ea9e423fa7c2e2ae0fab3c/s/t/stylet-tactile-a-recharge-magnetique-usams-us-zb264-transparent-noir.jpg";"Stylet tactile à recharge magnétique Usams US-ZB264 Transparent Noir. ReparMonPhone, principal grossiste en pièces détachées pour mobiles en Europe. Envois gratuits dès 35 euros. Comptes professionnels.";"Découvrez le stylet capacitif actif USAMS US-ZB264, un accessoire élégant et performant conçu pour tous les amateurs de prise de note ou de dessin numérique. Avec son design noir transparent raffiné, ce stylet offre une prise en main confortable grâce à son corps léger de seulement 14 grammes, fabriqué en matériaux résistants (PC + ABS) et une pointe fine de 1 mm qui assure une grande précision. 

Pensé pour une expérience fluide, il intègre la technologie Bluetooth 5.1 pour une connexion stable, et se distingue par sa sensibilité à l’inclinaison, permettant de moduler naturellement l’épaisseur ou l’ombrage du trait selon l’angle du stylet, comme un vrai crayon. Parfait pour dessiner, écrire ou annoter avec réalisme et fluidité.

Le stylet dispose d’un système de chargement magnétique pratique : il se fixe automatiquement sur le côté de votre iPad compatible et se recharge sans aucun câble. Sa batterie de 100 mAh offre jusqu’à 8 heures d’autonomie et se recharge complètement en environ 2 heures.

Compact et bien pensé (165 mm de long pour 9 mm de diamètre), il est facile à transporter et se synchronise automatiquement avec les iPads sortis après 2018, garantissant une compatibilité parfaite pour une utilisation sans tracas.

Le coffret contient le stylet, une pointe de rechange ainsi qu’un manuel d’utilisation pour une prise en main rapide.
"
"Coque Protection ANTICHOC iPad 10.9"" (10e Gen.) / iPad 2025 11"" (11e Gen.) Noir";"20250";"15.55";"EUR";"Rupture / sur commande";"Accessoires > Protection > Coques";"https://www.pieces2mobile.com/coque-protection-antichoc-ipad-10-9-10e-gen-ipad-2025-11-11e-gen-noir.html";"https://www.pieces2mobile.com/media/catalog/product/cache/08ce6ea9b7ea9e423fa7c2e2ae0fab3c/c/o/coque-protection-anti-shock-ipad-10.9-10e-gen.-ipad-11e-gen-noir-3.jpg";"Coque Protection ANTICHOC iPad 10.9"" (10e Gen.) / iPad 2025 11"" (11e Gen.) Noir. ReparMonPhone, principal grossiste en pièces détachées pour mobiles en Europe. Envois gratuits dès 35 euros. Comptes professionnels.";"CARACTÉRISTIQUESCompatible :  iPad 10.9"" (10e Gen.) / iPad 2025 11"" (11e Gen.)Inclus : La coque de protectionAvec : Anti-ChocMarque : Modèle : iPad 10.9"" (10e Gen.) / iPad 2025 11"" (11e Gen.)Couleur externe : NoirCouleur interne : NoirTexture : LisseMatière : Extérieur Silicone doux / Intérieur Plastique DurType : "
"Adaptateur USB‑C vers Lightning Apple A2868 MUQX3ZM/A Blanc Origine";"21486";"35";"EUR";"En stock";"Accessoires > Autres > Adaptateurs";"https://www.pieces2mobile.com/adaptateur-usb-c-vers-lightning-apple-a2868-muqx3zm-a-blanc-origine.html";"https://www.pieces2mobile.com/media/catalog/product/cache/08ce6ea9b7ea9e423fa7c2e2ae0fab3c/a/d/adaptateur-usb_c-vers-lightning-apple-muqx3zma-blanc-origine-1_2_.jpg";"Adaptateur USB‑C vers Lightning Apple A2868 MUQX3ZM/A Blanc Origine. ReparMonPhone, principal grossiste en pièces de rechange pour mobiles en Europe. Envois gratuits dès 35 euros. Comptes professionnels.";"Adaptateur Apple USB‑C vers Mini‑Jack 3,5 mm - MU7E2ZM/A
Intensifiez votre expérience audio avec l'Adaptateur Apple USB‑C vers mini‑jack 3,5 mm, la passerelle idéale pour connecter vos équipements audio traditionnels, tels que casques, écouteurs ou enceintes, à vos appareils modernes dotés d'un port USB-C. Conçu spécialement pour les utilisateurs de la dernière génération d'iPhone, d'iPad Pro, et de Mac, cet adaptateur original assure une transition fluide et une qualité sonore exceptionnelle.
Points Forts :

    Connectivité Facile : Connectez sans effort vos appareils audio via une prise mini‑jack 3,5 mm à tout dispositif équipé d'un port USB‑C.
    Vaste Compatibilité : Idéal pour la gamme iPhone 15, ainsi que divers modèles d'iPad et de Mac, cet adaptateur facilite une intégration audio sans soucis.
    Authenticité Apple : Bénéficiez de la qualité et de la durabilité garanties par une conception Apple originale.
    Design Raffiné : Profitez d'un design sobre et élégant qui complète parfaitement votre collection d'accessoires Apple.
    Usage Polyvalent : Parfait pour écouter de la musique, gérer des appels ou transférer des données tout en conservant une qualité audio supérieure.

Pourquoi Opter pour Cet Adaptateur ?
L'Adaptateur USB‑C vers mini‑jack 3,5 mm MU7E2ZM/A est essentiel pour les mélomanes et les professionnels exigeant une connectivité sans faille et une fidélité sonore. Ne vous séparez plus de vos écouteurs favoris à cause du passage à l'USB-C. Cet adaptateur est la clé pour continuer à profiter pleinement de votre collection audio.
Découvrez cet accessoire indispensable chez ReparMonPhone et vivez une expérience auditive de haute qualité, grâce à une solution simple et efficace. L'adaptateur Apple USB‑C vers mini‑jack 3,5 mm est votre allié pour préserver la richesse de vos musiques et médias, assurant une clarté sonore incomparable."
"Vitre tactile iPad 10.9"" (10e Gen.) 2022 / (11e Gen.) 2025 Origine";"16382";"21.72";"EUR";"En stock";"Apple > IPad > iPad 2022 10.9"" (10e Gen)";"https://www.pieces2mobile.com/vitre-tactile-ipad-10-9-10e-gen-origine.html";"https://www.pieces2mobile.com/media/catalog/product/cache/08ce6ea9b7ea9e423fa7c2e2ae0fab3c/v/i/vitre-tactile-ipad-10.9-10e-gen.-origine.jpg";"Vitre tactile iPad 10.9"" (10e Gen.) 2022 / (11e Gen.) 2025 Origine. ReparMonPhone, principal grossiste en pièces détachées pour mobiles en Europe. Envois gratuits dès 35 euros. Comptes professionnels.";" Vitre tactile iPad 10.9"" (10e Gen.) 2022 / (11e Gen.) 2025 Origine Neuf Vous venez de casser l’écran de votre précieux Apple iPad 10.9"" (10e Gen.) 2022 / (11e Gen.) 2025 Noir et ne savez pas où trouver une offre d’écran  iPad 10.9"" (10e Gen.) 2022 / (11e Gen.) 2025 Noir Neuf au meilleur prix ?Sur ReparMonPhone.com bien évidemment ! Leader en vente de pièces détachées de smartphones aux particuliers et professionnels, nous proposons justement un vitre tactile de Apple iPad 10.9"" (10e Gen.) 2022 / (11e Gen.) 2025 Origine Neuf vitre tactile. De quoi remplacer rapidement votre écran de iPad 10.9"" (10e Gen.) 2022 / (11e Gen.) 2025 cassé au prix le plus bas.Afin de réaliser une opération sans surprise, achetez notre écran  de Apple iPad 10.9"" (10e Gen.) 2022 / (11e Gen.) 2025 Noir Origine Neuf. Toutes les pièces vendues par ReparMonPhone sont de qualité et permettent de conserver une expérience optimale avec votre téléphone iPad 10.9"" (10e Gen.) 2022 / (11e Gen.) 2025.Certains se demandent quel est le site mieux indiqué pour un achat d’écran Apple iPad 10.9"" (10e Gen.) 2022 / (11e Gen.) 2025 Noir pas cher ? De toute évidence ReparMonPhone.com, le partenaire de tous les professionnels de la réparation en France et en Europe. Ajoutez l’écran Origine Apple iPad 10.9"" (10e Gen.) 2022 / (11e Gen.) 2025 Noir à votre panier, validez votre commande et nous le livrons à l’adresse de votre choix dans les plus brefs délais !DIAGNOSTIC DE PANNE D’ÉCRAN DE Apple iPad 10.9"" (10e Gen.) 2022 / (11e Gen.) 2025 NoirL’écran de votre iPad 10.9"" (10e Gen.) 2022 / (11e Gen.) 2025 ne s’allume plus ou reste totalement noir.On a abîmé, rayé ou fissuré ou fragmenté l’écran ou la vitre tactile de votre Apple iPad 10.9"" (10e Gen.) 2022 / (11e Gen.) 2025 Noir par accident.L’écran ou l’afficheur du téléphone iPad 10.9"" (10e Gen.) 2022 / (11e Gen.) 2025 connaissent des dysfonctionnements.Heureusement nous avons la solution, notre écran Apple iPad 10.9"" (10e Gen.) 2022 / (11e Gen.) 2025 Noir vitre tactile vous permet d’en effectuer le remplacement dans de bonnes conditions pour d’excellents résultats.NOS CONSEILS EN MATIÈRE DE REMPLACEMENT D’ÉCRANS DE SMARTPHONE Apple iPad 10.9"" (10e Gen.) 2022 / (11e Gen.) 2025 NoirAvant l’achat, il est vivement recommandé de vérifier le modèle exact du téléphone iPad 10.9"" (10e Gen.) 2022 / (11e Gen.) 2025 avec sa référence plutôt que par son simple nom commercial, car il existe parfois plusieurs déclinaisons de modèles de smartphones Apple regroupées sous une même appellation et certaines versions se ressemblent beaucoup et sont souvent confondues.Prenez soin de ne pas pincer ou déchirer les nappes présentes attachées à l’écran  de votre Apple iPad 10.9"" (10e Gen.) 2022 / (11e Gen.) 2025, il ne faut surtout pas les endommager.Lors de la fixation du bloc-écran de iPad 10.9"" (10e Gen.) 2022 / (11e Gen.) 2025 Noir, faites attention aux petits débris qui pourraient briser l’écran et aux poussières qui peuvent nuire à la cohésion des composants.GARANTIE ÉCRAN Origine Apple ReparMonPhoneÉcran de iPad 10.9"" (10e Gen.) 2022 / (11e Gen.) 2025 Noir Origine Neuf testé et vérifié avec une qualité et une durée de vie optimale.Assurance du caractère fonctionnel de l’écran Origine, en vue d’une remise en état sans tracas de votre écran.Une politique de retour souple et efficace de l’écran Origine iPad 10.9"" (10e Gen.) 2022 / (11e Gen.) 2025 Noir.INFORMATIONS SUPPLÉMENTAIRES ÉCRAN  Apple iPad 10.9"" (10e Gen.) 2022 / (11e Gen.) 2025 Origine NeufRéf. constructeur : Résolution (taille) : "
"AirTag 2ème Génération (pack de 1) MFE94ZM/A Origine";"23215";"37.2";"EUR";"En stock";"Apple > IPad > iPad Pro 11"" (2018)";"https://www.pieces2mobile.com/airtag-2eme-generation-pack-de-1-a2187-mfe94zm-a-origine.html";"https://www.pieces2mobile.com/media/catalog/product/cache/08ce6ea9b7ea9e423fa7c2e2ae0fab3c/a/i/airtag-2eme-generation-pack-de-1-mfe94zma-origine.jpg";"AirTag 2ème Génération (pack de 1) MFE94ZM/A Origine. ReparMonPhone, principal grossiste en pièces détachées pour mobiles en Europe. Envois gratuits dès 35 euros. Comptes professionnels.";"Un accessoire smartphone indispensable pour sécuriser vos objets au quotidien
Reconnu pour son exigence dans la sélection de pièces détachées et d'équipements de haute technologie pour téléphones, ReparMonPhone vous propose l'AirTag Apple de 2ème Génération (modèle d'origine MFE94ZM/A). Ce tracker connecté haut de gamme s'intègre harmonieusement à vos clés, bagages ou appareils nomades pour vous offrir une tranquillité d'esprit totale. En étendant notre catalogue à ces accessoires smartphone officiels, nous vous garantissons un produit d'origine constructeur alliant excellence logicielle et fiabilité matérielle absolue.
Configuration requise et compatibilité logicielle stricte
Pour pouvoir appairer et utiliser cet AirTag de seconde génération sur le réseau mondial Apple, vos appareils doivent impérativement intégrer les dernières architectures logicielles de la marque. La configuration requise stipule l'utilisation d'un compte Apple actif combiné aux versions minimales suivantes :

Gamme iPhone compatibles : L'association et le suivi nécessitent un iPhone équipé du système iOS 26.2.1 (ou une version ultérieure).
Modèles d'iPad compatibles : L'intégration est parfaitement prise en charge sur les tablettes Apple dotées d'iPadOS 26.1 (ou une version ultérieure), vous permettant de suivre vos objets directement depuis l'application Localiser de votre iPad.

Puce UWB de 2ème Génération : la Localisation précise améliorée
L'atout majeur de ce nouvel AirTag réside dans sa portée étendue et son haut-parleur amplifié. Grâce à sa puce Ultra Wideband (UWB) de nouvelle génération, l'affichage d'une flèche directionnelle millimétrique vous guide directement vers l'objet égaré. Veuillez noter que cette fonctionnalité de ""Localisation précise améliorée"" requiert la puissance matérielle des puces UWB correspondantes, disponibles sur les smartphones Apple récents :

Toute la gamme iPhone 15 (Standard, Plus, Pro, Pro Max)
La gamme iPhone 16, Pro et Pro Max
La gamme iPhone 17 ainsi que l'iPhone Air

Remarque : Les modèles d'iPad et les versions d'iPhone antérieures ne disposant pas de cette puce UWB spécifique restent pleinement compatibles avec la localisation classique sur carte et le déclenchement sonore à distance.
Confidentialité maximale et design industriel premium
Apple place la sécurité des données au cœur de l'AirTag 2ème Génération. Aucun historique ni donnée de localisation n'est stocké physiquement dans l'appareil. De plus, des fonctionnalités d'alerte avancées vous préviennent automatiquement si un tracker inconnu se déplace avec vous, empêchant ainsi tout suivi indésirable. Conçu dans des matériaux robustes combinant plastique recyclé et acier inoxydable poli, cet AirTag résiste aux aléas climatiques grâce à sa certification d'étanchéité IP67. Sa pile longue durée offre une autonomie prolongée et se remplace facilement en quelques secondes.
Pourquoi choisir vos produits Apple d'origine chez ReparMonPhone ?
Commander votre matériel connecté sur notre boutique en ligne, c'est s'assurer d'obtenir un produit authentique adossé à un service client rigoureux et professionnel.

Garantie 12 mois : Cet AirTag de 2ème Génération d'origine bénéficiant d'une garantie commerciale complète d'un an, vous assure un achat serein et sécurisé.
Expédition et livraison rapide : Nous traitons et emballons vos commandes avec le plus grand soin pour vous garantir une réception rapide au sein de votre atelier ou à votre domicile.
Expertise technique premium : Nos équipes valident scrupuleusement la provenance et l'authenticité de chaque accessoire pour vous proposer uniquement des équipements de qualité constructeur.
"
"Adaptateur USB‑C vers Apple Pencil Apple A2869 MWML3ZM/A Blanc Origine";"21487";"10";"EUR";"En stock";"Apple > IPad > iPad 2022 10.9"" (10e Gen)";"https://www.pieces2mobile.com/adaptateur-usb-c-vers-apple-pencil-apple-a2869-mwml3zm-a-blanc-origine.html";"https://www.pieces2mobile.com/media/catalog/product/cache/08ce6ea9b7ea9e423fa7c2e2ae0fab3c/a/d/adaptateur-usb_c-vers-apple-pencil-apple-mwml3zm_a-blanc-origine-1.jpg";"Adaptateur USB‑C vers Apple Pencil Apple A2869 MWML3ZM/A Blanc Origine. ReparMonPhone, principal grossiste en pièces de rechange pour mobiles en Europe. Envois gratuits dès 35 euros. Comptes professionnels.";"Adaptateur Apple USB‑C vers Mini‑Jack 3,5 mm - MU7E2ZM/A
Intensifiez votre expérience audio avec l'Adaptateur Apple USB‑C vers mini‑jack 3,5 mm, la passerelle idéale pour connecter vos équipements audio traditionnels, tels que casques, écouteurs ou enceintes, à vos appareils modernes dotés d'un port USB-C. Conçu spécialement pour les utilisateurs de la dernière génération d'iPhone, d'iPad Pro, et de Mac, cet adaptateur original assure une transition fluide et une qualité sonore exceptionnelle.
Points Forts :

    Connectivité Facile : Connectez sans effort vos appareils audio via une prise mini‑jack 3,5 mm à tout dispositif équipé d'un port USB‑C.
    Vaste Compatibilité : Idéal pour la gamme iPhone 15, ainsi que divers modèles d'iPad et de Mac, cet adaptateur facilite une intégration audio sans soucis.
    Authenticité Apple : Bénéficiez de la qualité et de la durabilité garanties par une conception Apple originale.
    Design Raffiné : Profitez d'un design sobre et élégant qui complète parfaitement votre collection d'accessoires Apple.
    Usage Polyvalent : Parfait pour écouter de la musique, gérer des appels ou transférer des données tout en conservant une qualité audio supérieure.

Pourquoi Opter pour Cet Adaptateur ?
L'Adaptateur USB‑C vers mini‑jack 3,5 mm MU7E2ZM/A est essentiel pour les mélomanes et les professionnels exigeant une connectivité sans faille et une fidélité sonore. Ne vous séparez plus de vos écouteurs favoris à cause du passage à l'USB-C. Cet adaptateur est la clé pour continuer à profiter pleinement de votre collection audio.
Découvrez cet accessoire indispensable chez ReparMonPhone et vivez une expérience auditive de haute qualité, grâce à une solution simple et efficace. L'adaptateur Apple USB‑C vers mini‑jack 3,5 mm est votre allié pour préserver la richesse de vos musiques et médias, assurant une clarté sonore incomparable."
"Batterie iPad Air 4 / Air 5 / iPad 2022 10.9"" (10e Gen.) A2288";"21201";"27.16";"EUR";"En stock";"Apple > IPad > iPad Air 4";"https://www.pieces2mobile.com/batterie-ipad-air-4-air-5-ipad-2022-10-9-10e-gen.html";"https://www.pieces2mobile.com/media/catalog/product/cache/08ce6ea9b7ea9e423fa7c2e2ae0fab3c/b/a/batterie-ipad-air-4-air-5-ipad-2022-10.9-10e-gen..jpg";"Batterie iPad Air 4 / Air 5 / iPad 2022 10.9"" (10e Gen.) A2288. ReparMonPhone, principal grossiste en pièces détachées pour mobiles en Europe. Envois gratuits dès 35 euros. Comptes professionnels.";" Batterie iPad Air 4 / Air 5 / iPad 2022 10.9"" (10e Gen.) A2288 neuveLa batterie de votre smartphone iPad Air 4 / Air 5 / iPad 2022 10.9"" (10e Gen.) se décharge rapidement, son autonomie baisse fortement ou l’appareil s’éteint de manière inopinée, et vous cherchez où acheter une batterie iPad Air 4 / Air 5 / iPad 2022 10.9"" (10e Gen.) au meilleur prix ?Sur ReparMonPhone.com bien évidemment ! Leader en vente de pièces détachées de smartphones aux particuliers et professionnels, nous proposons justement la batterie A2288 de iPad Air 4 / Air 5 / iPad 2022 10.9"" (10e Gen.) Générique. De quoi remplacer rapidement une batterie de iPad Air 4 / Air 5 / iPad 2022 10.9"" (10e Gen.) en fin de vie avec une pièce fiable et à prix compétitif.Pour réaliser votre réparation dans de bonnes conditions, choisissez notre batterie A2288 de iPad Air 4 / Air 5 / iPad 2022 10.9"" (10e Gen.) Générique neuve. Toutes les pièces vendues par ReparMonPhone sont sélectionnées avec soin afin de conserver une expérience optimale avec votre téléphone Apple iPad Air 4 / Air 5 / iPad 2022 10.9"" (10e Gen.).Si vous vous demandez quel site choisir pour un achat de batterie iPad Air 4 / Air 5 / iPad 2022 10.9"" (10e Gen.) pas cher et fiable, ReparMonPhone est un partenaire reconnu des professionnels de la réparation en France et en Europe. Ajoutez la batterie Générique iPad Air 4 / Air 5 / iPad 2022 10.9"" (10e Gen.) à votre panier, validez votre commande et nous la livrons à l’adresse de votre choix dans les plus brefs délais.DIAGNOSTIC DE PANNE DE BATTERIE DE iPad Air 4 / Air 5 / iPad 2022 10.9"" (10e Gen.)Votre iPad Air 4 / Air 5 / iPad 2022 10.9"" (10e Gen.) ne s’allume plus s’il n’est pas en charge ou son autonomie est significativement réduite.Dans les réglages de l’iPad Air 4 / Air 5 / iPad 2022 10.9"" (10e Gen.), le pourcentage indiquant l’état de santé de la batterie est bas.L’iPad Air 4 / Air 5 / iPad 2022 10.9"" (10e Gen.) s’éteint de lui-même alors que son niveau de batterie semble encore suffisant.Heureusement, nous avons la solution. Notre batterie iPad Air 4 / Air 5 / iPad 2022 10.9"" (10e Gen.) vous permet d’en effectuer le remplacement dans de bonnes conditions pour retrouver une autonomie plus stable et une utilisation plus confortable.NOS CONSEILS EN MATIÈRE DE REMPLACEMENT DE BATTERIES D’iPad Air 4 / Air 5 / iPad 2022 10.9"" (10e Gen.)Avant l’achat, il est vivement recommandé de vérifier le modèle exact du téléphone iPad Air 4 / Air 5 / iPad 2022 10.9"" (10e Gen.) d’Apple avec la référence de la batterie, car il existe de nombreux modèles de téléphones Apple et certaines versions se ressemblent beaucoup et peuvent être confondues.Prenez soin de démonter avec précaution la batterie A2288 d’iPad Air 4 / Air 5 / iPad 2022 10.9"" (10e Gen.), car il ne faut surtout pas l’endommager.Lors de la fixation de la batterie d’iPad Air 4 / Air 5 / iPad 2022 10.9"" (10e Gen.), faites attention aux petits débris et aux poussières qui peuvent nuire à la cohésion des composants.GARANTIE BATTERIE A2288 Générique Apple ReparMonPhoneBatterie d’iPad Air 4 / Air 5 / iPad 2022 10.9"" (10e Gen.) Générique état neuf testée et vérifiée avec une qualité et une durée de vie optimale.Assurance du caractère fonctionnel de la batterie Générique, pour retrouver une meilleure autonomie sur votre iPad Air 4 / Air 5 / iPad 2022 10.9"" (10e Gen.).Une politique de retour souple et efficace pour accompagner votre achat de batterie Générique iPad Air 4 / Air 5 / iPad 2022 10.9"" (10e Gen.).INFORMATIONS SUPPLÉMENTAIRES BATTERIE iPad Air 4 / Air 5 / iPad 2022 10.9"" (10e Gen.) Générique neuveLes batteries A2288 neuves sont pourvues d’une charge d’usine, qu’il est conseillé de laisser se décharger complètement.Afin d’améliorer l’optimisation de la batterie, une fois que la charge d’usine atteint 5 % à 10 %, un cycle de charge complet jusqu’à 100 % sans interruption est recommandé.Par la suite, pour assurer de bonnes performances, il est conseillé d’effectuer autant que possible ces mêmes cycles de charge.Réf. constructeur&nbsp;: A2288Capacité&nbsp;: "
"Afficheur LCD iPad 10.9"" (10e Gen.) 2022 Reconditionné (PIEC)";"16339";"117.72";"EUR";"Rupture / sur commande";"Apple > IPad > iPad 2022 10.9"" (10e Gen)";"https://www.pieces2mobile.com/afficheur-lcd-ipad-10-9-10e-gen-2022-noir-reconditionne.html";"https://www.pieces2mobile.com/media/catalog/product/cache/08ce6ea9b7ea9e423fa7c2e2ae0fab3c/e/c/ecran-ipad-10.9-10e-gen.-2022-noir-reconditionne_1.jpg";"Afficheur LCD iPad 10.9"" (10e Gen.) 2022 Reconditionné (PIEC). ReparMonPhone, principal grossiste en pièces de rechange pour mobiles en Europe. Envois gratuits dès 35 euros. Comptes professionnels.";" Afficheur LCD iPad 10.9"" (10e Gen.) 2022 Reconditionné (PIEC) Neuf Vous venez de casser l’écran de votre précieux Apple iPad 10.9"" (10e Gen.) 2022 Noir et ne savez pas où trouver une offre d’écran   LCD iPad 10.9"" (10e Gen.) 2022 Noir Neuf au meilleur prix ?Sur ReparMonPhone.com bien évidemment ! Leader en vente de pièces détachées de smartphones aux particuliers et professionnels, nous proposons justement un écran de Apple iPad 10.9"" (10e Gen.) 2022 Reconditionné Neuf . De quoi remplacer rapidement votre écran de iPad 10.9"" (10e Gen.) 2022 cassé au prix le plus bas.Afin de réaliser une opération sans surprise, achetez notre écran   LCD de Apple iPad 10.9"" (10e Gen.) 2022 Noir Reconditionné Neuf. Toutes les pièces vendues par ReparMonPhone sont de qualité et permettent de conserver une expérience optimale avec votre téléphone iPad 10.9"" (10e Gen.) 2022.Certains se demandent quel est le site mieux indiqué pour un achat d’écran Apple iPad 10.9"" (10e Gen.) 2022 Noir pas cher ? De toute évidence ReparMonPhone.com, le partenaire de tous les professionnels de la réparation en France et en Europe. Ajoutez l’écran Reconditionné Apple iPad 10.9"" (10e Gen.) 2022 Noir à votre panier, validez votre commande et nous le livrons à l’adresse de votre choix dans les plus brefs délais !DIAGNOSTIC DE PANNE D’ÉCRAN DE Apple iPad 10.9"" (10e Gen.) 2022 NoirL’écran de votre iPad 10.9"" (10e Gen.) 2022 ne s’allume plus ou reste totalement noir.On a abîmé, rayé ou fissuré ou fragmenté l’écran ou la vitre tactile de votre Apple iPad 10.9"" (10e Gen.) 2022 Noir par accident.L’écran ou l’afficheur du téléphone iPad 10.9"" (10e Gen.) 2022 connaissent des dysfonctionnements.Heureusement nous avons la solution, notre écran Apple iPad 10.9"" (10e Gen.) 2022 Noir  vous permet d’en effectuer le remplacement dans de bonnes conditions pour d’excellents résultats.NOS CONSEILS EN MATIÈRE DE REMPLACEMENT D’ÉCRANS DE SMARTPHONE Apple iPad 10.9"" (10e Gen.) 2022 NoirAvant l’achat, il est vivement recommandé de vérifier le modèle exact du téléphone iPad 10.9"" (10e Gen.) 2022 avec sa référence plutôt que par son simple nom commercial, car il existe parfois plusieurs déclinaisons de modèles de smartphones Apple regroupées sous une même appellation et certaines versions se ressemblent beaucoup et sont souvent confondues.Prenez soin de ne pas pincer ou déchirer les nappes présentes attachées à l’écran   LCD de votre Apple iPad 10.9"" (10e Gen.) 2022, il ne faut surtout pas les endommager.Lors de la fixation du bloc-écran de iPad 10.9"" (10e Gen.) 2022 Noir, faites attention aux petits débris qui pourraient briser l’écran et aux poussières qui peuvent nuire à la cohésion des composants.GARANTIE ÉCRAN Reconditionné Apple ReparMonPhoneÉcran de iPad 10.9"" (10e Gen.) 2022 Noir Reconditionné Neuf testé et vérifié avec une qualité et une durée de vie optimale.Assurance du caractère fonctionnel de l’écran Reconditionné, en vue d’une remise en état sans tracas de votre écran.Une politique de retour souple et efficace de l’écran Reconditionné iPad 10.9"" (10e Gen.) 2022 Noir.INFORMATIONS SUPPLÉMENTAIRES ÉCRAN   LCD Apple iPad 10.9"" (10e Gen.) 2022 Reconditionné NeufRéf. constructeur : Résolution (taille) : 1640 x 2360 px (10.90"") "
"Nappe / Connecteur de Charge iPad 10.9"" (10e Gen.) 2022 Rose";"20148";"9.22";"EUR";"Rupture / sur commande";"Apple > IPad > iPad 2022 10.9"" (10e Gen)";"https://www.pieces2mobile.com/nappe-connecteur-de-charge-ipad-10-9-10e-gen-2022-rose.html";"https://www.pieces2mobile.com/media/catalog/product/cache/08ce6ea9b7ea9e423fa7c2e2ae0fab3c/n/a/nappe-plus-connecteur-de-charge-ipad-10.9-10e-gen.-2022-rose.jpg";"Nappe / Connecteur de Charge iPad 10.9"" (10e Gen.) 2022 Rose. ReparMonPhone, principal grossiste en pièces de rechange pour mobiles en Europe. Envois gratuits dès 35 euros. Comptes professionnels.";" DIAGNOSTIC DE LA PANNE  Vous avez abîmé ou endommagé votre iPad 10.9"" (10e Gen.) 2022 par accident. La nappe connecteur de charge de votre smartphone ou tablette Apple ne fonctionne plus.  Heureusement, cette panne est réparable, et cette pièce de qualité vous permet d'en effectuer le dépannage.NOS CONSEILS  Lors de l'achat, il est conseillé de vérifier votre modèle de smartphone/tablette par sa référence plutôt que par son nom. Mais aussi de bien vérifier les versions disponibles qui peuvent changer les spécificités des pièces (attention aux confusions comme SIM / SD ou Power / Volume). Attention à ne pas pincer, déchirer les nappes, ou abîmer les pièces de rechange. Restez vigilant, certaines pièces nécessitent des compétences et un matériel de soudure adéquat.  LES GARANTIES ReparMonPhone  Nos pièces sont testées, pour une durée de vie optimale. Garanties fonctionnelles, pour une réparation sans tracas. Une politique de retours souples et rapides. "
"Nappe / Connecteur de Charge iPad 10.9"" (10e Gen.) 2022 Argent";"19967";"10.32";"EUR";"En stock";"Apple > IPad > iPad 2022 10.9"" (10e Gen)";"https://www.pieces2mobile.com/nappe-connecteur-de-charge-ipad-10-9-10e-gen-2022-argent.html";"https://www.pieces2mobile.com/media/catalog/product/cache/08ce6ea9b7ea9e423fa7c2e2ae0fab3c/n/a/nappe-plus-connecteur-de-charge-ipad-10.9-10e-gen.-2022-argent.jpg";"Nappe / Connecteur de Charge iPad 10.9"" (10e Gen.) 2022 Argent. ReparMonPhone, principal grossiste en pièces détachées pour mobiles en Europe. Envois gratuits dès 35 euros. Comptes professionnels.";" DIAGNOSTIC DE LA PANNE  Vous avez abîmé ou endommagé votre iPad 10.9"" (10e Gen.) 2022 par accident. La nappe connecteur de charge de votre smartphone ou tablette Apple ne fonctionne plus.  Heureusement, cette panne est réparable, et cette pièce de qualité vous permet d'en effectuer le dépannage.NOS CONSEILS  Lors de l'achat, il est conseillé de vérifier votre modèle de smartphone/tablette par sa référence plutôt que par son nom. Mais aussi de bien vérifier les versions disponibles qui peuvent changer les spécificités des pièces (attention aux confusions comme SIM / SD ou Power / Volume). Attention à ne pas pincer, déchirer les nappes, ou abîmer les pièces de rechange. Restez vigilant, certaines pièces nécessitent des compétences et un matériel de soudure adéquat.  LES GARANTIES ReparMonPhone  Nos pièces sont testées, pour une durée de vie optimale. Garanties fonctionnelles, pour une réparation sans tracas. Une politique de retours souples et rapides. "
"Nappe / Connecteur de Charge iPad 10.9"" (10e Gen.) 2022 Bleu";"20147";"12.43";"EUR";"En stock";"Apple > IPad > iPad 2022 10.9"" (10e Gen)";"https://www.pieces2mobile.com/nappe-connecteur-de-charge-ipad-10-9-10e-gen-2022-bleu.html";"https://www.pieces2mobile.com/media/catalog/product/cache/08ce6ea9b7ea9e423fa7c2e2ae0fab3c/n/a/nappe-plus-connecteur-de-charge-ipad-10.9-10e-gen.-2022-bleu.jpg";"Nappe / Connecteur de Charge iPad 10.9"" (10e Gen.) 2022 Bleu. ReparMonPhone, principal grossiste en pièces détachées pour mobiles en Europe. Envois gratuits dès 35 euros. Comptes professionnels.";" DIAGNOSTIC DE LA PANNE  Vous avez abîmé ou endommagé votre iPad 10.9"" (10e Gen.) 2022 par accident. La nappe connecteur de charge de votre smartphone ou tablette Apple ne fonctionne plus.  Heureusement, cette panne est réparable, et cette pièce de qualité vous permet d'en effectuer le dépannage.NOS CONSEILS  Lors de l'achat, il est conseillé de vérifier votre modèle de smartphone/tablette par sa référence plutôt que par son nom. Mais aussi de bien vérifier les versions disponibles qui peuvent changer les spécificités des pièces (attention aux confusions comme SIM / SD ou Power / Volume). Attention à ne pas pincer, déchirer les nappes, ou abîmer les pièces de rechange. Restez vigilant, certaines pièces nécessitent des compétences et un matériel de soudure adéquat.  LES GARANTIES ReparMonPhone  Nos pièces sont testées, pour une durée de vie optimale. Garanties fonctionnelles, pour une réparation sans tracas. Une politique de retours souples et rapides. "
"Housse Grainé Simili-cuir iPad 10.9"" (10e génération) 2022 Noir";"15836";"19.99";"EUR";"En stock";"Accessoires > Protection > Housses et Étuis";"https://www.pieces2mobile.com/housse-graine-simili-cuir-ipad-10-9-10e-generation-2022-noir.html";"https://www.pieces2mobile.com/media/catalog/product/cache/08ce6ea9b7ea9e423fa7c2e2ae0fab3c/m/e/mercury-tab-grain-noir_4_1_1.jpg";"Housse Grainé Simili-cuir iPad 10.9"" (10e génération) 2022 Noir. ReparMonPhone, principal grossiste en pièces détachées pour mobiles en Europe. Envois gratuits dès 35 euros. Comptes professionnels.";"La photo est non contractuelle, la forme peut changer en fonction du modèle de smartphone (emplacement caméra, etc...), seule l'apparence demeure.CARACTÉRISTIQUESCompatible : Alivo iPad 2022 10.9"" (10e Gen) Inclus : La housse de protectionAvec : Ouverture Caméra, Ouverture Charge, Ouverture Écouteur, Ouverture Jack, Rabat magnétique, Rangement porte-cartes, Structure thermo-mouléeMarque : /Modèle : iPad 2022 10.9"" (10e Gen) Couleur externe : NoirCouleur interne : NoirTexture : GrainéMatière : Extérieur Simili-cuir / Intérieur Silicone semi-rigideType : /Livré avec emballage."
"Coque Renforcée Pepkoo iPad 10.9"" (10e Gen.) Gris";"16401";"21.6";"EUR";"En stock";"Accessoires > Protection > Coques";"https://www.pieces2mobile.com/coque-renforcee-pepkoo-ipad-10-9-10e-gen-gris.html";"https://www.pieces2mobile.com/media/catalog/product/cache/08ce6ea9b7ea9e423fa7c2e2ae0fab3c/c/o/coque-renforcee-ipad-9.7-6eme-gen-5eme-gen-air-2-air-1-pepkoo-noir-8610_1.jpg";"Coque Renforcée Pepkoo iPad 10.9"" (10e Gen.) Gris. ReparMonPhone, principal grossiste en pièces détachées pour mobiles en Europe. Envois gratuits dès 35 euros. Comptes professionnels.";""
"Nappe Power iPad 10.9"" (10e Gen.) 2022 Argent";"19968";"12.71";"EUR";"En stock";"Apple > IPad > iPad 2022 10.9"" (10e Gen)";"https://www.pieces2mobile.com/nappe-power-ipad-10-9-10e-gen-2022-argent.html";"https://www.pieces2mobile.com/media/catalog/product/cache/08ce6ea9b7ea9e423fa7c2e2ae0fab3c/n/a/nappe-power-ipad-10.9-10e-gen.-2022.jpg";"Nappe Power iPad 10.9"" (10e Gen.) 2022 Argent. ReparMonPhone, principal grossiste en pièces de rechange pour mobiles en Europe. Envois gratuits dès 35 euros. Comptes professionnels.";" DIAGNOSTIC DE LA PANNE  Vous avez abîmé ou endommagé votre iPad 10.9"" (10e Gen.) 2022 par accident. La nappe Power de votre smartphone ou tablette Apple ne fonctionne plus.  Heureusement, cette panne est réparable, et cette pièce de qualité vous permet d'en effectuer le dépannage.NOS CONSEILS  Lors de l'achat, il est conseillé de vérifier votre modèle de smartphone/tablette par sa référence plutôt que par son nom. Mais aussi de bien vérifier les versions disponibles qui peuvent changer les spécificités des pièces (attention aux confusions comme SIM / SD ou Power / Volume). Attention à ne pas pincer, déchirer les nappes, ou abîmer les pièces de rechange. Restez vigilant, certaines pièces nécessitent des compétences et un matériel de soudure adéquat.  LES GARANTIES ReparMonPhone  Nos pièces sont testées, pour une durée de vie optimale. Garanties fonctionnelles, pour une réparation sans tracas. Une politique de retours souples et rapides. "
"Câble Apple Tissé USB-C vers USB-C (1m) 60W MW493ZM/A Blanc Origine";"18864";"20.4";"EUR";"Rupture / sur commande";"Apple > IPad > iPad Pro 11"" (2018)";"https://www.pieces2mobile.com/cable-apple-tisse-usb-c-vers-usb-c-1m-60w-mw493zm-a-blanc-origine.html";"https://www.pieces2mobile.com/media/catalog/product/cache/08ce6ea9b7ea9e423fa7c2e2ae0fab3c/c/a/cable-usb-c-vers-usb-c-2m-240w-mu2g3zma-blanc-1_1.jpg";"Câble Apple Tissé USB-C vers USB-C (1m) 60W MW493ZM/A Blanc Origine. ReparMonPhone, principal grossiste en pièces de rechange pour mobiles en Europe. Envois gratuits dès 35 euros. Comptes professionnels.";"Câble USB Type-C vers USB Type-C pour iPad, iPhone, Mac iPhone / iPad / Mac / AirPods Connectez votre iPad, iPhone, Mac iPhone / iPad / Mac / AirPods doté d’un connecteur USB Type-C grâce au câble Apple à n’importe lequel de vos appareils équipés d’un port USB Type-C. D’une longueur de 1 m, le câble USB Type-C/USB Type-C Blanc fait partie des accessoires indispensables qui doivent accompagner partout votre iPad, iPhone, Mac iPhone / iPad / Mac / AirPods en toute occasion. Le câble Apple MW493ZM/A offre une compatibilité optimale avec les appareils iPad, iPhone, Mac iPhone / iPad / Mac / AirPods pour tous les usages susmentionnés."
"Écouteurs Apple AirPods 4 Blanc MXP63ZM/A Origine";"18835";"144";"EUR";"Rupture / sur commande";"Apple > IPad > iPad Air 2 (2014)";"https://www.pieces2mobile.com/ecouteurs-apple-airpods-4-blanc-mxp63zm-a-origine.html";"https://www.pieces2mobile.com/media/catalog/product/cache/08ce6ea9b7ea9e423fa7c2e2ae0fab3c/e/c/ecouteurs-airpods-4eme-generation-avec-bo_tier-de-charge-usb-c-blanc-origine-1.jpg";"Écouteurs Apple AirPods 4 Blanc MXP63ZM/A Origine. ReparMonPhone, principal grossiste en pièces de rechange pour mobiles en Europe. Envois gratuits dès 35 euros. Comptes professionnels.";"Les AirPods 4 se distinguent par leur technologie audio avancée, incluant un transducteur Apple à haute excursion et un amplificateur à gamme dynamique élevée, offrant une qualité sonore exceptionnelle, avec des basses profondes et des aigus clairs. L'audio spatial personnalisé avec suivi dynamique des mouvements de la tête crée une expérience immersive en trois dimensions, tandis que l'égalisation adaptative ajuste automatiquement le son en fonction de la forme de vos oreilles. 

Côté capteurs, les AirPods 4 sont équipés de micros beamforming, d'un capteur optique intra-auriculaire, et de plusieurs accéléromètres permettant de détecter les mouvements et la voix, garantissant des appels clairs et un ajustement parfait dans l’oreille. Le capteur de pression permet de contrôler facilement vos médias, répondre à des appels ou activer Siri par simple pression. 

La puce H2 optimise la gestion de la batterie et améliore la connectivité Bluetooth 5.3, garantissant une connexion stable avec tous vos appareils. Les commandes tactiles vous permettent de naviguer rapidement dans votre musique ou de répondre aux appels, avec des options comme un double appui pour passer au morceau suivant ou un appui prolongé pour activer Siri. Vous pouvez même interagir avec Siri en lui répondant par des gestes, comme hocher la tête pour accepter un appel. 

Les AirPods 4 sont également certifiés IP54, offrant une résistance à la poussière, à l’eau et à la transpiration, idéales pour les séances d’entraînement ou une utilisation quotidienne. 

En termes d’autonomie, les AirPods 4 offrent jusqu’à 5 heures d’écoute ou 4,5 heures de conversation sur une seule charge, et avec le boîtier de charge USB-C, bénéficiez de 30 heures d’écoute ou 20 heures de conversation. Une charge rapide de 5 minutes dans le boîtier offre jusqu’à une heure d’écoute. 

Enfin, les AirPods 4 sont compatibles avec tous les appareils Apple récents (iPhone, iPad, Mac, Apple Watch, et Apple TV) et incluent des fonctionnalités d’accessibilité telles que l'écoute en temps réel et l’adaptation des écouteurs, permettant aux personnes en situation de handicap de profiter pleinement de leur expérience auditive. "
"Écouteurs Apple AirPods 4 avec Réduction active du bruit Blanc MXP93ZM/A Origine";"18836";"195.36";"EUR";"En stock";"Apple > IPad > iPad Air 2 (2014)";"https://www.pieces2mobile.com/ecouteurs-apple-airpods-4-avec-reduction-active-du-bruit-blanc-mxp93zm-a-origine.html";"https://www.pieces2mobile.com/media/catalog/product/cache/08ce6ea9b7ea9e423fa7c2e2ae0fab3c/e/c/ecouteurs-airpods-4eme-generation-reduction-active-du-bruit-blanc-origine-1.jpg";"Écouteurs Apple AirPods 4 avec Réduction active du bruit Blanc MXP93ZM/A Origine. ReparMonPhone, principal grossiste en pièces de rechange pour mobiles en Europe. Envois gratuits dès 35 euros. Comptes professionnels.";"Les AirPods 4 avec Réduction active du bruit offrent une expérience d'écoute immersive grâce à une combinaison de technologies audio avancées. Le transducteur Apple à haute excursion et l'amplificateur à gamme dynamique élevée fournissent un son puissant et précis, tandis que la réduction active du bruit bloque efficacement les sons environnants. Le mode Transparence vous permet de rester connecté à votre environnement quand nécessaire, et l'audio adaptatif ajuste automatiquement le son en fonction de votre environnement sonore.

Dotés de la puce H2, ces AirPods optimisent la gestion des ressources et des performances. Ils intègrent également des capteurs sophistiqués, tels que deux micros beamforming, un capteur optique intra-auriculaire, ainsi que des accéléromètres pour détecter les mouvements et la voix, garantissant des appels d'une grande clarté et un ajustement optimal. 

Les commandes tactiles permettent de gérer facilement vos contenus multimédias, vos appels, et Siri. Vous pouvez également interagir avec Siri en lui répondant simplement par la voix ou en hochant la tête pour accepter un appel. 

Conçus pour être robustes, les AirPods 4 sont résistants à la poussière, à l'eau et à la transpiration (certification IP54), les rendant parfaits pour toutes les situations, qu'il s'agisse de séances d'entraînement ou d'une utilisation quotidienne. 

En matière d'autonomie, les AirPods 4 offrent jusqu’à 4 heures d’écoute avec la réduction active du bruit activée, et 30 heures avec le boîtier de charge USB-C. Ce boîtier inclut un haut-parleur pour utiliser la fonction Localiser, facilitant ainsi leur localisation en cas de perte. Une charge rapide de 5 minutes offre jusqu’à 1 heure d’écoute ou 45 minutes de conversation, idéal pour un usage quotidien. 

Ces AirPods sont compatibles avec les derniers iPhone, iPad, Mac, Apple Watch et Apple TV, et incluent des fonctionnalités d’accessibilité telles que l'écoute en temps réel et l'adaptation des écouteurs, permettant aux utilisateurs en situation de handicap d'en profiter pleinement."
"Écouteurs Apple EarPods avec connecteur USB-C MYQY3ZM/A Blanc";"18780";"22.8";"EUR";"En stock";"Accessoires > Audio > Écouteurs";"https://www.pieces2mobile.com/ecouteurs-apple-earpods-avec-connecteur-usb-c-myqy3zm-a-blanc.html";"https://www.pieces2mobile.com/media/catalog/product/cache/08ce6ea9b7ea9e423fa7c2e2ae0fab3c/e/c/ecouteurs-earpods-avec-connecteur-usb-c-mtjy3zma-blanc-1_1_1.jpg";"Écouteurs Apple EarPods avec connecteur USB-C MYQY3ZM/A Blanc. ReparMonPhone, principal grossiste en pièces de rechange pour mobiles en Europe. Envois gratuits dès 35 euros. Comptes professionnels.";"Master Pack : 10 

Compatibilité : 

Modèles d’iPhone 

iPhone 15 Pro / iPhone 15 Pro Max / iPhone 15 / iPhone 15 Plus

Modèles d’iPad 

iPad Pro 13 pouces (M4) / iPad Pro 12,9 pouces (6ᵉ génération) / iPad Pro 12,9 pouces (5ᵉ génération) / iPad Pro 12,9 pouces (4ᵉ génération) / iPad Pro 12,9 pouces (3ᵉ génération) / iPad Pro 11 pouces (M4) / iPad Pro 11 pouces (4ᵉ génération) / iPad Pro 11 pouces (3ᵉ génération) / iPad Pro 11 pouces (2ᵉ génération) / iPad Pro 11 pouces (1ʳᵉ génération) / iPad Air 13 pouces (M2) / iPad Air 11 pouces (M2) / iPad Air (5ᵉ génération) / iPad Air (4ᵉ génération) / iPad (10ᵉ génération) / iPad mini (6ᵉ génération)

Modèles de Mac

MacBook Air (13 pouces, M3, 2024) / MacBook Air (15 pouces, M3, 2024) / MacBook Air (15 pouces, M2, 2023) / MacBook Air (13 pouces, M2, 2022) / MacBook Air (M1, 2020) / MacBook Air (Retina, 13 pouces, 2020) / MacBook Air (Retina, 13 pouces, 2018 ‑ 2019) / MacBook Pro (13 pouces, M2, 2022) / MacBook Pro (13 pouces, M1, 2020) / MacBook Pro (13 pouces, 2020) / MacBook Pro (13 pouces, 2016 à 2019) / MacBook Pro (14 pouces, 2023) / MacBook Pro (14 pouces, 2021) / MacBook Pro (16 pouces, 2023) / MacBook Pro (16 pouces, 2021) / MacBook Pro (16 pouces, 2019) / MacBook Pro (15 pouces, 2016 à 2019) / MacBook (Retina, 12 pouces, début 2015 à 2017) / iMac (24 pouces, M3, 2023) / iMac (24 pouces, M1, 2021) / iMac (Retina 4K, 21,5 pouces, 2019) / iMac (Retina 4K, 21,5 pouces, 2017) / iMac (Retina 5K, 27 pouces, 2019 - 2020) / iMac (Retina 5K, 27 pouces, 2017) / iMac Pro (2017) / Mac Studio (2023) / Mac Studio (2022) / Mac mini (2023) / Mac mini (M1, 2020) / Mac mini (2018) / Mac Pro (2023) / Mac Pro (2019)."
"Chargeur secteur USB-C 70W A2743 MQLN3ZM/A Blanc Origine";"20116";"78";"EUR";"Rupture / sur commande";"Apple > IPad > iPad Pro 12.9"" (2015)";"https://www.pieces2mobile.com/chargeur-secteur-usb-c-70w-a2743-mqln3zm-a-blanc-origine.html";"https://www.pieces2mobile.com/media/catalog/product/cache/08ce6ea9b7ea9e423fa7c2e2ae0fab3c/c/h/chargeur-secteur-macbook-usb-c-usb-c-30w-a2164-my1w2zm-a-blanc-origine-1_1_1.jpg";"Chargeur secteur USB-C 70W A2743 MQLN3ZM/A Blanc Origine. ReparMonPhone, principal grossiste en pièces détachées pour mobiles en Europe. Envois gratuits dès 35 euros. Comptes professionnels.";"CARACTÉRISTIQUESInclus : Le bloc chargeurAvec : Charge RapideMarque : AppleModèle : A2743 MW2L3ZM/ACouleur : BlancPuissance (entrée) : Puissance (sortie) : 70WPort(s) de sortie (recharge des appareils) : USB Type-C"
"Câble Apple Tissé USB-C vers USB-C (1m) 60W MQKJ3ZM/A Blanc Origine";"16672";"19.8";"EUR";"Rupture / sur commande";"Apple > IPad > iPad Pro 11"" (2018)";"https://www.pieces2mobile.com/cable-apple-usb-c-vers-usb-c-1m-60w-mqkj3zm-a-blanc-origine.html";"https://www.pieces2mobile.com/media/catalog/product/cache/08ce6ea9b7ea9e423fa7c2e2ae0fab3c/c/a/cable-apple-usb-c-vers-usb-c-1m-60w-mqkj3zm_a-blanc-origine-1.jpg";"Câble Apple Tissé USB-C vers USB-C (1m) 60W MQKJ3ZM/A Blanc Origine. ReparMonPhone, principal grossiste en pièces de rechange pour mobiles en Europe. Envois gratuits dès 35 euros. Comptes professionnels.";"Description du Câble Apple USB-C vers USB-C (1m) 60W

Introduisant le câble USB-C vers USB-C d'Apple, une pièce maîtresse de la technologie de charge et de synchronisation pour les utilisateurs d'Apple.

Caractéristiques Principales :

    Design Sophistiqué: Enveloppé dans un matériau tissé robuste, ce câble est conçu non seulement pour la durabilité mais aussi pour la sophistication. La finition blanche lui confère une apparence épurée et élégante.
    Conception USB-C à Double Extrémité: Équipé d'un connecteur USB-C à chaque bout, ce câble est idéal pour la charge, la synchronisation des données, et le transfert rapide entre les appareils USB-C.
    Puissance Impressionnante: Capable de gérer une puissance de charge allant jusqu'à 60W, ce câble est optimal pour assurer une recharge rapide et efficace de vos appareils.
    Transfert de Données: Bien qu'il soit principalement conçu pour la charge, ce câble permet également des transferts de données à des vitesses correspondant à la norme USB 2.0.
    Compatibilité Étendue: Qu'il s'agisse des derniers iPhone 15 ou des MacBook Pro récents, ce câble est compatible avec une vaste gamme de produits Apple, garantissant une polyvalence inégalée pour vos besoins de charge et de synchronisation.
    Contenu de la Boîte: Chaque achat vous fournit un câble de charge USB-C d'Apple de 1 mètre de longueur.
    Conseil d'Utilisation: Pour tirer le meilleur parti de ce câble, il est recommandé de l'associer à un adaptateur secteur USB-C compatible. Veuillez noter que l'adaptateur est vendu séparément.


Compatibilité :

    iPhones: iPhone 15 Pro, iPhone 15 Pro Max, iPhone 15, et iPhone 15 Plus.
    iPads: Des modèles tels que l'iPad Pro 12,9 pouces (de la 3ème à la 6ème génération), l'iPad Air (de la 4ème à la 5ème génération), et l'iPad mini 6ème génération.
    Macs: Compatible avec une variété de modèles MacBook Air, MacBook Pro, iMac, Mac Studio, Mac mini et Mac Pro datant de 2015 à 2023.
    AirPods: Compatible avec les AirPods Pro de 2ème génération avec boîtier de charge MagSafe (USB-C).


Prix & Disponibilité :
Que vous souhaitiez charger votre iPhone, synchroniser des données depuis votre MacBook, ou même alimenter votre iPad, ce câble USB-C vers USB-C d'Apple est le compagnon idéal pour tous vos besoins en matière de connectivité. Avec sa conception haut de gamme et sa compatibilité étendue, il s'agit d'un investissement judicieux pour tout utilisateur d'Apple."
"Chargeur secteur USB-C 30W A2164 MW2G3ZM/A Blanc Origine";"20094";"45";"EUR";"En stock";"Apple > IPad > iPad Pro 12.9"" (2015)";"https://www.pieces2mobile.com/chargeur-secteur-usb-c-30w-a2164-mw2g3zm-a-blanc-origine.html";"https://www.pieces2mobile.com/media/catalog/product/cache/08ce6ea9b7ea9e423fa7c2e2ae0fab3c/c/h/chargeur-secteur-macbook-usb-c-usb-c-30w-a2164-my1w2zm-a-blanc-origine-1_1.jpg";"Chargeur secteur USB-C 30W A2164 MW2G3ZM/A Blanc Origine. ReparMonPhone, principal grossiste en pièces de rechange pour mobiles en Europe. Envois gratuits dès 35 euros. Comptes professionnels.";"CARACTÉRISTIQUESInclus : Le bloc chargeurAvec : Charge RapideMarque : AppleModèle : A2164 MW2G3ZM/ACouleur : BlancPuissance (entrée) : 3520WPuissance (sortie) : 30WPort(s) de sortie (recharge des appareils) : USB Type-C"
"Câble Apple Tissé USB-C vers USB-C (2m) 240W MYQT3ZM/A Blanc Origine";"18863";"34.99";"EUR";"Rupture / sur commande";"Apple > IPad > iPad Pro 11"" (2018)";"https://www.pieces2mobile.com/cable-apple-tisse-usb-c-vers-usb-c-2m-myqt3zm-a-blanc-origine.html";"https://www.pieces2mobile.com/media/catalog/product/cache/08ce6ea9b7ea9e423fa7c2e2ae0fab3c/c/a/cable-usb-c-vers-usb-c-2m-240w-mu2g3zma-blanc-1_2.jpg";"Câble Apple Tissé USB-C vers USB-C (2m) 240W MYQT3ZM/A Blanc Origine. ReparMonPhone, principal grossiste en pièces détachées pour mobiles en Europe. Envois gratuits dès 35 euros. Comptes professionnels.";"Câble USB Type-C vers USB Type-C pour iPad, iPhone, Mac iPhone / iPad / Mac / Apple Vision Pro / AirPods Connectez votre iPad, iPhone, Mac iPhone / iPad / Mac / Apple Vision Pro / AirPods doté d’un connecteur USB Type-C grâce au câble Apple à n’importe lequel de vos appareils équipés d’un port USB Type-C. D’une longueur de 2m, le câble USB Type-C/USB Type-C Blanc fait partie des accessoires indispensables qui doivent accompagner partout votre iPad, iPhone, Mac iPhone / iPad / Mac / Apple Vision Pro / AirPods en toute occasion. Le câble Apple MYQT3ZM/A  MU2G3ZM/A offre une compatibilité optimale avec les appareils iPad, iPhone, Mac iPhone / iPad / Mac / Apple Vision Pro / AirPods pour tous les usages susmentionnés."
"Câble Apple USB-C vers Lightning (1m) MUQ93ZM/A Blanc Origine";"18902";"22.8";"EUR";"En stock";"Apple > iPhone > iPhone 5 (A1428 / A1429 / A1442)";"https://www.pieces2mobile.com/cable-apple-usb-c-vers-lightning-1m-muq93zm-a-blanc-origine.html";"https://www.pieces2mobile.com/media/catalog/product/cache/08ce6ea9b7ea9e423fa7c2e2ae0fab3c/c/a/cable-usb-c-vers-lightning-1-m-muq93zma-blanc-origine-1.jpg";"Câble Apple USB-C vers Lightning (1m) MUQ93ZM/A Blanc Origine. ReparMonPhone, principal grossiste en pièces détachées pour mobiles en Europe. Envois gratuits dès 35 euros. Comptes professionnels.";"Câble USB Type-C vers  pour  Modèles d’iPhone / iPad / Mac / iPod / AirPods Connectez votre  Modèles d’iPhone / iPad / Mac / iPod / AirPods doté d’un connecteur USB Type-C grâce au câble Apple à n’importe lequel de vos appareils équipés d’un port . D’une longueur de 1m, le câble USB Type-C/ Blanc fait partie des accessoires indispensables qui doivent accompagner partout votre  Modèles d’iPhone / iPad / Mac / iPod / AirPods en toute occasion. Le câble Apple MUQ93ZM/A offre une compatibilité optimale avec les appareils  Modèles d’iPhone / iPad / Mac / iPod / AirPods pour tous les usages susmentionnés."
"AirTag Apple (pack de 1) A2187 MX532ZY/A Origine";"19080";"37.2";"EUR";"En stock";"Apple > IPad > iPad Air 2 (2014)";"https://www.pieces2mobile.com/airtag-apple-pack-de-1-a2187-mx532zy-a-origine.html";"https://www.pieces2mobile.com/media/catalog/product/cache/08ce6ea9b7ea9e423fa7c2e2ae0fab3c/a/i/airtag-pack-de-1-a2187-mx532zma-origine-1_1_1.jpg";"AirTag Apple (pack de 1) A2187 MX532ZY/A Origine. ReparMonPhone, principal grossiste en pièces détachées pour mobiles en Europe. Envois gratuits dès 35 euros. Comptes professionnels.";"Compatibilté : - Modèles d’iPhone et d’iPod touch avec iOS 14.5 ou version ultérieure : iPhone SE 2020 / SE 2022, iPhone 6S / 6S Plus, iPhone 7 / 7 Plus, iPhone 8 / 8 Plus, iPhone X / XR / XS / XS Max, iPhone 11 / 11 Pro / 11 Pro Max, iPhone 12 / 12 mini / 12 Pro / 12 Pro Max, iPhone 13 / 13 mini / 13 Pro / 13 Pro Max, iPhone 14 / 14 Plus / 14 Pro / 14 Pro Max,iPhone 15 / 15 Plus / 15 Pro / 15 Pro Max, iPhone 16 / 16 Plus / 16 Pro / 16 Pro Max, iPod touch 7e génération.
- Modèles d’iPad avec iPadOS 14.5 ou version ultérieure : iPad Air 2e / 3e / 4e génération,iPad Mini 4e / 5e / 6e génération,iPad 5e / 6e / 7e / 8e / 9e / 10e génération,iPad Pro 7 / 9 / 10,5 / 11 / 12,9 pouces. "
"Câble Apple Lightning vers USB (1m) A1480 18W 2A MUQW3ZM/A Blanc Origine";"20494";"24";"EUR";"En stock";"Accessoires > Autres > Adaptateurs";"https://www.pieces2mobile.com/cable-apple-lightning-vers-usb-1m-a1480-18w-2a-muqw3zm-a-blanc-origine.html";"https://www.pieces2mobile.com/media/catalog/product/cache/08ce6ea9b7ea9e423fa7c2e2ae0fab3c/c/a/cable-usb-a-vers-lightning-1-m-a148018w-2a-muqw3zm_a-blanc-origine-1.jpg";"Câble Apple Lightning vers USB (1m) A1480 18W 2A MUQW3ZM/A Blanc Origine. ReparMonPhone, principal grossiste en pièces de rechange pour mobiles en Europe. Envois gratuits dès 35 euros. Comptes professionnels.";"Câble Lightning vers USB pour tablette, téléphones mobiles , iPad, iPhone, Mac Compatible avec tous les appareils munis d'un port pour iPhone Connectez votre tablette, téléphones mobiles , iPad, iPhone, Mac Compatible avec tous les appareils munis d'un port pour iPhone doté d’un connecteur Lightning grâce au câble Apple à n’importe lequel de vos appareils équipés d’un port USB. D’une longueur de 1m, le câble Lightning/USB Blanc fait partie des accessoires indispensables qui doivent accompagner partout votre tablette, téléphones mobiles , iPad, iPhone, Mac Compatible avec tous les appareils munis d'un port pour iPhone en toute occasion. Le câble Apple MUQW3ZM/A offre une compatibilité optimale avec les appareils tablette, téléphones mobiles , iPad, iPhone, Mac Compatible avec tous les appareils munis d'un port pour iPhone pour tous les usages susmentionnés."
"AirTag Apple (Lot de 4) A2187 MX542ZY/A Origine";"19081";"138";"EUR";"En stock";"Apple > IPad > iPad Air 2 (2014)";"https://www.pieces2mobile.com/airtag-apple-lot-de-4-a2187-mx542zy-a-origine.html";"https://www.pieces2mobile.com/media/catalog/product/cache/08ce6ea9b7ea9e423fa7c2e2ae0fab3c/a/i/airtag-lot-de-4-a2187-mx542zm-a-origine-1_1.jpg";"AirTag Apple (Lot de 4) A2187 MX542ZY/A Origine. ReparMonPhone, principal grossiste en pièces de rechange pour mobiles en Europe. Envois gratuits dès 35 euros. Comptes professionnels.";"Compatibilté : 

- Modèles d’iPhone et d’iPod touch avec iOS 14.5 ou version ultérieure : 

iPhone SE 2020 / SE 2022, 

6S / 6S Plus, 

7 / 7 Plus, 

8 / 8 Plus, 

X / XR / XS / XS Max, 

11 / 11 Pro / 11 Pro Max, 

12 / 12 mini / 12 Pro / 12 Pro Max, 

13 / 13 mini / 13 Pro / 13 Pro Max, 

14 / 14 Plus / 14 Pro / 14 Pro Max, 

15 / 15 Plus / 15 Pro / 15 Pro Max, 

16 / 16 Plus / 16 Pro / 16 Pro Max, 

 iPod touch 7e génération.  

- Modèles d’iPad avec iPadOS 14.5 ou version ultérieure : 

iPad Air 2e / 3e / 4e génération,

iPad Mini 4e / 5e / 6e génération,

iPad 5e / 6e / 7e / 8e / 9e / 10e génération,

iPad Pro 7 / 9 / 10,5 / 11 / 12,9 pouces. "
"Câble Apple Tissé USB-C vers USB-C (1m) 60W MQKJ3ZM/A - A2795 Blanc Origine";"23009";"11.4";"EUR";"En stock";"Apple > IPad > iPad Pro 11"" (2018)";"https://www.pieces2mobile.com/cable-apple-tisse-usb-c-vers-usb-c-1m-60w-mqkj3zm-a-a2795-origine.html";"https://www.pieces2mobile.com/media/catalog/product/cache/08ce6ea9b7ea9e423fa7c2e2ae0fab3c/c/a/cable-apple-tisse-usb-c-vers-usb-c-1m-60w-mqkj3zm_a-a2795-blanc-origine-2.jpg";"Câble Apple Tissé USB-C vers USB-C (1m) 60W MQKJ3ZM/A - A2795 Blanc Origine. ReparMonPhone, principal grossiste en pièces détachées pour mobiles en Europe. Envois gratuits dès 35 euros. Comptes professionnels.";"
Câble Apple Tissé USB-C vers USB-C 1m 60W — Référence A2795 / MQKJ3ZM/A — Bulk Sans Emballage
ReparMonPhone propose le câble Apple tissé USB-C vers USB-C 1 mètre 60W, référence A2795 / MQKJ3ZM/A, en conditionnement bulk sans emballage. Il s'agit du câble d'origine Apple, identique à celui fourni dans la boîte des iPhone 15 et iPhone 16, retiré de son emballage d'origine et vendu à l'unité ou en volume. Un câble neuf, jamais utilisé, proposé au meilleur tarif pour les professionnels.
Câble bulk : qu'est-ce que cela signifie exactement ?
Un câble bulk est un produit neuf, d'origine constructeur, qui n'a jamais été utilisé, mais qui est vendu sans sa boîte ou son emballage d'origine. Dans le cas de ce câble Apple A2795, il s'agit du câble tel qu'il est fourni dans la boîte des iPhone 15 et iPhone 16 — simplement retiré de son packaging avant la vente. Le câble lui-même est en tout point identique à celui vendu sous blister dans les Apple Store :

Même câble Apple origine — référence constructeur MQKJ3ZM/A / A2795
Jamais utilisé — neuf, non déballé avant expédition par ReparMonPhone
Sans boîte ni accessoire — le câble seul, sans documentation ni emballage de détail
Prix réduit — le conditionnement bulk permet de proposer un tarif optimisé pour les achats professionnels en volume

Câble Apple origine : les garanties d'un accessoire constructeur
Ce câble est fabriqué par Apple et certifié pour fonctionner avec l'ensemble de l'écosystème Apple. Contrairement aux câbles génériques ou compatibles, il garantit :

Compatibilité totale avec les protocoles de charge rapide des iPhone 15 et 16 — pas de message d'alerte, pas de limitation de charge
Puissance de charge jusqu'à 60W — compatible avec les chargeurs USB-C 20W, 30W, 45W et 60W d'Apple et tiers certifiés
Gaine tressée pour une résistance accrue à l'usure, aux torsions et aux pliures répétées
Connecteurs USB-C certifiés pour une insertion précise et une tenue dans le temps
Transfert de données USB 2.0 — compatible synchronisation, sauvegarde et mise à jour via câble

Compatibilité complète : iPhone, iPad, MacBook et appareils USB-C
Ce câble USB-C vers USB-C est compatible avec l'ensemble des appareils Apple équipés d'un port USB-C, ainsi qu'avec tout appareil tiers disposant de cette connectique :

iPhone 15, 15 Plus, 15 Pro, 15 Pro Max — première génération d'iPhone avec port USB-C
iPhone 16, 16e, 16 Plus, 16 Pro, 16 Pro Max
iPhone 17 / 17e / 17 Pro / 17 Plus / 17 Pro Max
iPad Pro, iPad Air, iPad Mini 6 et tous les iPad avec port USB-C
MacBook Air et MacBook Pro — charge jusqu'à 60W (adapté aux modèles d'entrée de gamme ; pour les MacBook Pro haute puissance, un câble 100W est recommandé)
Tout appareil Android, PC portable ou accessoire équipé d'un port USB-C standard

Pour qui est destiné ce câble bulk ?
Ce conditionnement bulk s'adresse principalement aux professionnels qui ont besoin de câbles Apple origine en quantité, sans payer le surcoût de l'emballage de détail :

Revendeurs de smartphones et accessoires souhaitant proposer un câble Apple origine à leurs clients sans le tarif Apple Store
Ateliers de réparation qui remettent un câble avec chaque appareil réparé ou reconditionné
Centres de reconditionnement qui incluent un câble USB-C dans chaque boîte de reconditionné iPhone 15 / 16 / 17
Grossistes et distributeurs qui achètent en volume pour revendre ou constituer un stock de câbles origine
Entreprises et services IT qui équipent leurs collaborateurs en câbles de charge Apple fiables

Câble tissé Apple vs câble silicone : quelle différence ?
Apple propose deux finitions de câbles USB-C selon les gammes d'iPhone :

Câble tissé (tressé) — référence A2795 / MQKJ3ZM/A : gaine en nylon tressé blanc, plus résistante aux torsions et à l'abrasion, fourni avec les iPhone 15, 16 et 17. C'est ce câble.
Câble silicone — finition lisse en caoutchouc, fourni avec certains iPad et anciens modèles USB-C Apple

Le câble tissé est généralement préféré en contexte professionnel pour sa durabilité supérieure et son aspect plus premium.
Fiche technique — Câble Apple A2795 MQKJ3ZM/A

Référence Apple : MQKJ3ZM/A — A2795
Marque : Apple — origine constructeur
Type : USB-C vers USB-C
Finition gaine : Tissé / tressé nylon
Couleur : Blanc
Longueur : 1 mètre
Puissance de charge max : 60 W
Transfert de données : USB 2.0
Conditionnement : Bulk — sans emballage (retiré de boîte iPhone)
État : Neuf — jamais utilisé

ReparMonPhone propose ce câble Apple origine à l'unité et en volume pour les professionnels. Disponible en compte professionnel avec tarifs dégressifs selon les quantités. Contactez notre équipe pour toute demande de devis ou commande en volume.
"
"Écouteurs Apple AirPods Pro 3 avec Réduction active du bruit intra-auriculaire Blanc Origine";"20760";"246";"EUR";"En stock";"Apple > IPad > iPad Air 2 (2014)";"https://www.pieces2mobile.com/ecouteurs-apple-airpods-pro-3-avec-reduction-active-du-bruit-intra-auriculaire-blanc-origine.html";"https://www.pieces2mobile.com/media/catalog/product/cache/08ce6ea9b7ea9e423fa7c2e2ae0fab3c/e/c/ecouteur-airpods-pro-3-blanc.jpg";"Écouteurs Apple AirPods Pro 3 avec Réduction active du bruit intra-auriculaire Blanc Origine. ReparMonPhone, principal grossiste en pièces détachées pour mobiles en Europe. Envois gratuits dès 35 euros. Comptes professionnels.";"- Technologie audio : Réduction active du bruit, mode Transparence, isolement de la voix, audio spatial personnalisé, égalisation adaptative, volume personnalisé, réduction des sons forts.

- Capteurs : Micros beamforming, micro orienté vers l’intérieur, capteur de détection de peau, accéléromètres (mouvement et voix), capteur de fréquence cardiaque pour entraînements.

- Puce : H2 (écouteurs), Ultra Wideband 2ᵉ génération (boîtier MagSafe).

- Commandes : Tactiles pour lecture, pause, appel, changement de morceau et réglage du volume ; gestes avec Siri ; commandes vocales « Dis Siri ».

- Résistance : IP57 (poussière, transpiration, eau).

- Autonomie : 8h d’écoute (Réduction active du bruit), 7,5h avec audio spatial, jusqu’à 24h avec boîtier ; 5 minutes de charge = 1h d’écoute.

- Boîtier : MagSafe USB‑C, haut-parleur Localiser, compatible Qi et chargeurs Apple Watch.

- Accessoires inclus : Embouts silicone (XXS à L), documentation ; câble USB‑C vendu séparément.

- Compatibilité : iPhone, iPad, Mac, Apple Watch, Apple TV, Apple Vision Pro avec les dernières versions de leurs systèmes respectifs (iOS, iPadOS, macOS, watchOS, tvOS, visionOS).

- Matériaux recyclés : Aluminium, cobalt, lithium, or, étain, cuivre, plastiques et terres rares recyclés.
"
"Batterie iPad Air / 5 / 6 / 7 / 8 / 9e Gen A1484";"12883";"13.68";"EUR";"En stock";"Apple > IPad > iPad Air (2013)";"https://www.pieces2mobile.com/batterie-ipad-2019-10-2-7e-gen.html";"https://www.pieces2mobile.com/media/catalog/product/cache/08ce6ea9b7ea9e423fa7c2e2ae0fab3c/b/a/batterie-ipad-2019-10.2-_7e-gen_.jpg";"Batterie iPad Air / 5 / 6 / 7 / 8 / 9e Gen A1484. ReparMonPhone, principal grossiste en pièces détachées pour mobiles en Europe. Envois gratuits dès 35 euros. Comptes professionnels.";" Batterie iPad Air / 5 / 6 / 7 / 8 / 9e Gen A1484 neuve Le niveau de la batterie de votre tablette iPad 5e Gen (A1822) / (A1823) / 6e Gen (A1893) / (A1954) / 7e Gen (A2197) / (A2198) / (A2200) / 8e Gen (A2270) / (A2428) / (A2429) / (A2430) / 9e Gen (A2602) / (A2603) / (A2604) / (A2605) / Air 1e Gen (A1474) / (A1475) / (A1476) diminue rapidement et parfois il s’éteint de manière inopinée et vous ne savez pas où trouver une offre de batterie iPad 5e Gen (A1822) / (A1823) / 6e Gen (A1893) / (A1954) / 7e Gen (A2197) / (A2198) / (A2200) / 8e Gen (A2270) / (A2428) / (A2429) / (A2430) / 9e Gen (A2602) / (A2603) / (A2604) / (A2605) / Air 1e Gen (A1474) / (A1475) / (A1476) au meilleur prix ?Sur ReparMonPhone.com bien évidemment ! Leader en vente de pièces détachées de tablettes aux particuliers et professionnels, nous proposons justement la batterie  de iPad 5e Gen (A1822) / (A1823) / 6e Gen (A1893) / (A1954) / 7e Gen (A2197) / (A2198) / (A2200) / 8e Gen (A2270) / (A2428) / (A2429) / (A2430) / 9e Gen (A2602) / (A2603) / (A2604) / (A2605) / Air 1e Gen (A1474) / (A1475) / (A1476) Générique. De quoi remplacer rapidement votre batterie de iPad 5e Gen (A1822) / (A1823) / 6e Gen (A1893) / (A1954) / 7e Gen (A2197) / (A2198) / (A2200) / 8e Gen (A2270) / (A2428) / (A2429) / (A2430) / 9e Gen (A2602) / (A2603) / (A2604) / (A2605) / Air 1e Gen (A1474) / (A1475) / (A1476) en fin de vie au prix le plus bas.Afin de réaliser une opération sans surprise, achetez notre batterie  de iPad 5e Gen (A1822) / (A1823) / 6e Gen (A1893) / (A1954) / 7e Gen (A2197) / (A2198) / (A2200) / 8e Gen (A2270) / (A2428) / (A2429) / (A2430) / 9e Gen (A2602) / (A2603) / (A2604) / (A2605) / Air 1e Gen (A1474) / (A1475) / (A1476) Générique neuve. Toutes les pièces vendues par ReparMonPhone sont de qualité et permettent de conserver une expérience optimale avec votre tablette Apple iPad 5e Gen (A1822) / (A1823) / 6e Gen (A1893) / (A1954) / 7e Gen (A2197) / (A2198) / (A2200) / 8e Gen (A2270) / (A2428) / (A2429) / (A2430) / 9e Gen (A2602) / (A2603) / (A2604) / (A2605) / Air 1e Gen (A1474) / (A1475) / (A1476).Certains se demandent quel est le site mieux indiqué pour un achat de batterie iPad 5e Gen (A1822) / (A1823) / 6e Gen (A1893) / (A1954) / 7e Gen (A2197) / (A2198) / (A2200) / 8e Gen (A2270) / (A2428) / (A2429) / (A2430) / 9e Gen (A2602) / (A2603) / (A2604) / (A2605) / Air 1e Gen (A1474) / (A1475) / (A1476) pas cher ? De toute évidence ReparMonPhone.com, le partenaire de tous les professionnels de la réparation en France et en Europe. Ajoutez la batterie Générique iPad 5e Gen (A1822) / (A1823) / 6e Gen (A1893) / (A1954) / 7e Gen (A2197) / (A2198) / (A2200) / 8e Gen (A2270) / (A2428) / (A2429) / (A2430) / 9e Gen (A2602) / (A2603) / (A2604) / (A2605) / Air 1e Gen (A1474) / (A1475) / (A1476) à votre panier, validez votre commande et nous la livrons à l’adresse de votre choix dans les plus brefs délais !DIAGNOSTIC DE PANNE DE BATTERIE DE iPad 5e Gen (A1822) / (A1823) / 6e Gen (A1893) / (A1954) / 7e Gen (A2197) / (A2198) / (A2200) / 8e Gen (A2270) / (A2428) / (A2429) / (A2430) / 9e Gen (A2602) / (A2603) / (A2604) / (A2605) / Air 1e Gen (A1474) / (A1475) / (A1476)Votre iPad 5e Gen (A1822) / (A1823) / 6e Gen (A1893) / (A1954) / 7e Gen (A2197) / (A2198) / (A2200) / 8e Gen (A2270) / (A2428) / (A2429) / (A2430) / 9e Gen (A2602) / (A2603) / (A2604) / (A2605) / Air 1e Gen (A1474) / (A1475) / (A1476) ne s’allume plus s’il n'est pas en charge ou son autonomie est significativement réduite.Dans les réglages de l’iPad 5e Gen (A1822) / (A1823) / 6e Gen (A1893) / (A1954) / 7e Gen (A2197) / (A2198) / (A2200) / 8e Gen (A2270) / (A2428) / (A2429) / (A2430) / 9e Gen (A2602) / (A2603) / (A2604) / (A2605) / Air 1e Gen (A1474) / (A1475) / (A1476) le pourcentage indiquant la santé de la batterie est bas.L’iPad 5e Gen (A1822) / (A1823) / 6e Gen (A1893) / (A1954) / 7e Gen (A2197) / (A2198) / (A2200) / 8e Gen (A2270) / (A2428) / (A2429) / (A2430) / 9e Gen (A2602) / (A2603) / (A2604) / (A2605) / Air 1e Gen (A1474) / (A1475) / (A1476) s’éteint de lui-même alors que son niveau de batterie est encore conséquent.Heureusement nous avons la solution, notre batterie iPad 5e Gen (A1822) / (A1823) / 6e Gen (A1893) / (A1954) / 7e Gen (A2197) / (A2198) / (A2200) / 8e Gen (A2270) / (A2428) / (A2429) / (A2430) / 9e Gen (A2602) / (A2603) / (A2604) / (A2605) / Air 1e Gen (A1474) / (A1475) / (A1476) vous permet d’en effectuer le remplacement dans de bonnes conditions pour d’excellents résultats.NOS CONSEILS EN MATIÈRE DE REMPLACEMENT DE BATTERIES D’iPad 5e Gen (A1822) / (A1823) / 6e Gen (A1893) / (A1954) / 7e Gen (A2197) / (A2198) / (A2200) / 8e Gen (A2270) / (A2428) / (A2429) / (A2430) / 9e Gen (A2602) / (A2603) / (A2604) / (A2605) / Air 1e Gen (A1474) / (A1475) / (A1476)Avant l’achat, il est vivement recommandé de vérifier le modèle exact de la tablette iPad 5e Gen (A1822) / (A1823) / 6e Gen (A1893) / (A1954) / 7e Gen (A2197) / (A2198) / (A2200) / 8e Gen (A2270) / (A2428) / (A2429) / (A2430) / 9e Gen (A2602) / (A2603) / (A2604) / (A2605) / Air 1e Gen (A1474) / (A1475) / (A1476) d’Apple avec la référence de la batterie, car il existe un grand nombre de modèles de tablettes Apple et certaines versions se ressemblent beaucoup et sont parfois confondues.Prenez soin de démonter avec soin la batterie  d’iPad 5e Gen (A1822) / (A1823) / 6e Gen (A1893) / (A1954) / 7e Gen (A2197) / (A2198) / (A2200) / 8e Gen (A2270) / (A2428) / (A2429) / (A2430) / 9e Gen (A2602) / (A2603) / (A2604) / (A2605) / Air 1e Gen (A1474) / (A1475) / (A1476), il ne faut surtout pas l’endommager.Lors de la fixation de la batterie d’iPad 5e Gen (A1822) / (A1823) / 6e Gen (A1893) / (A1954) / 7e Gen (A2197) / (A2198) / (A2200) / 8e Gen (A2270) / (A2428) / (A2429) / (A2430) / 9e Gen (A2602) / (A2603) / (A2604) / (A2605) / Air 1e Gen (A1474) / (A1475) / (A1476), faites attention aux petits débris et aux poussières qui peuvent nuire à la cohésion des composants.GARANTIE BATTERIE  Générique Apple ReparMonPhoneBatterie d’iPad 5e Gen (A1822) / (A1823) / 6e Gen (A1893) / (A1954) / 7e Gen (A2197) / (A2198) / (A2200) / 8e Gen (A2270) / (A2428) / (A2429) / (A2430) / 9e Gen (A2602) / (A2603) / (A2604) / (A2605) / Air 1e Gen (A1474) / (A1475) / (A1476) Générique état neuf testée et vérifiée avec une qualité et une durée de vie optimale.Assurance du caractère fonctionnel de la batterie Générique, pour retrouver l’autonomie d’un iPad 5e Gen (A1822) / (A1823) / 6e Gen (A1893) / (A1954) / 7e Gen (A2197) / (A2198) / (A2200) / 8e Gen (A2270) / (A2428) / (A2429) / (A2430) / 9e Gen (A2602) / (A2603) / (A2604) / (A2605) / Air 1e Gen (A1474) / (A1475) / (A1476) neuf.Une politique de retour souple et efficace de la batterie Générique iPad 5e Gen (A1822) / (A1823) / 6e Gen (A1893) / (A1954) / 7e Gen (A2197) / (A2198) / (A2200) / 8e Gen (A2270) / (A2428) / (A2429) / (A2430) / 9e Gen (A2602) / (A2603) / (A2604) / (A2605) / Air 1e Gen (A1474) / (A1475) / (A1476).INFORMATIONS SUPPLÉMENTAIRES BATTERIE iPad 5e Gen (A1822) / (A1823) / 6e Gen (A1893) / (A1954) / 7e Gen (A2197) / (A2198) / (A2200) / 8e Gen (A2270) / (A2428) / (A2429) / (A2430) / 9e Gen (A2602) / (A2603) / (A2604) / (A2605) / Air 1e Gen (A1474) / (A1475) / (A1476) Générique neuvesLes batteries  neuves sont pourvues d’une charge d’usine, qu’il est conseillé de laisser se décharger complètement.Afin d’améliorer l’optimisation de la batterie, une fois que la charge d’usine atteint les 5 % à 10 %, un cycle de charge complet jusqu’à 100 % sans interruption est recommandé.Par la suite, pour assurer de bonnes performances, il est conseillé d’effectuer autant que possible ces mêmes cycles de charge.Réf. constructeur : Capacité : "
"Chargeur secteur USB-C 70W MXN53ZM/A Blanc Origine";"23168";"65";"EUR";"En stock";"Apple > IPad > iPad Pro 12.9"" (2015)";"https://www.pieces2mobile.com/chargeur-secteur-usb-c-70w-mxn53zm-a-blanc-origine.html";"https://www.pieces2mobile.com/media/catalog/product/cache/08ce6ea9b7ea9e423fa7c2e2ae0fab3c/c/h/chargeur-secteur-macbook-usb-c-usb-c-30w-a2164-my1w2zm-a-blanc-origine-1_1_1_1.jpg";"Chargeur secteur USB-C 70W MXN53ZM/A Blanc Origine. ReparMonPhone, principal grossiste en pièces détachées pour mobiles en Europe. Envois gratuits dès 35 euros. Comptes professionnels.";"Chargeur Secteur USB-C 70W d'Origine Apple (Référence MXN53ZM/A) en Blanc
Assurez une alimentation rapide et performante à vos appareils grâce au chargeur secteur USB-C 70W d'origine constructeur. Conçu spécialement pour s'adapter aux normes électriques strictes des ordinateurs portables et smartphones récents, cet adaptateur secteur de référence MXN53ZM/A garantit une recharge efficace, stable et totalement sécurisée au quotidien. Que ce soit à la maison, au bureau ou en déplacement, c'est l'accessoire idéal pour maintenir l'autonomie de vos appareils sans altérer leur batterie.

Une charge rapide optimisée pour MacBook Air et MacBook Pro
Délivrant une puissance de 70 Watts, ce bloc d'alimentation officiel est particulièrement recommandé par le constructeur pour accompagner les modèles de MacBook Air (13 et 15 pouces équipés des puces Apple Silicon) ainsi que les MacBook Pro (versions 13 et 14 pouces). Grâce à sa compatibilité avec la technologie de charge rapide, il vous permet de recharger votre ordinateur portable de 0 % à 50 % en une trentaine de minutes seulement sur les modèles compatibles, vous faisant ainsi gagner un temps précieux lors de vos sessions de travail intenses.

La fiabilité d'un accessoire d'origine constructeur
En tant que spécialiste de la vente de pièces détachées et d'accessoires pour MacBook et smartphones, ReparMonPhone met un point d'honneur à proposer du matériel authentique. Ce modèle MXN53ZM/A blanc est une pièce d'origine qui intègre des dispositifs avancés de protection contre les variations de tension, les surcharges thermiques et les courts-circuits. L'utilisation d'un chargeur officiel préserve l'intégrité de vos composants internes et de votre batterie à long terme.

Caractéristiques principales du produit :

    Compatibilité polyvalente : Recommandé pour MacBook Air, MacBook Pro 14 pouces et compatible avec tous les smartphones et tablettes rechargeables en USB-C.
    Performance énergétique : Puissance de 70W idéale pour un compromis parfait entre rapidité de charge et format compact.
    Conception officielle : Finition blanche épurée, robuste et ergonomique pour un transport facilité.
    Sécurité maximale : Régulation intelligente du courant pour éviter la surchauffe de l'appareil connecté.


Pourquoi choisir ReparMonPhone pour votre adaptateur secteur 70W ?
Faire confiance à ReparMonPhone, c'est l'assurance d'acquérir un produit certifié conforme aux exigences du fabricant. Ce chargeur secteur USB-C 70W bénéficie d'une garantie constructeur de 12 mois, couvrant tout défaut technique ou problème de fonctionnement. Profitez d'un service de livraison réactif et de l'accompagnement de notre équipe pour redonner à votre équipement informatique toute l'énergie dont il a besoin.
Note : Le câble de recharge USB-C ou MagSafe est vendu séparément."
"Vitre Tactile iPad 2021 10.2"" (9e Gen) Noir Origine";"16930";"15";"EUR";"En stock";"Apple > IPad > iPad 2021 10.2"" (9e Gen.)";"https://www.pieces2mobile.com/vitre-tactile-ipad-2021-10-2-9e-gen-noir-origine.html";"https://www.pieces2mobile.com/media/catalog/product/cache/08ce6ea9b7ea9e423fa7c2e2ae0fab3c/v/i/vitre-tactile-ipad-2021-10.2-9e-gen-noir-origine.jpg";"Vitre Tactile iPad 2021 10.2"" (9e Gen) Noir Origine. ReparMonPhone, principal grossiste en pièces de rechange pour mobiles en Europe. Envois gratuits dès 35 euros. Comptes professionnels.";" DIAGNOSTIC DE LA PANNE  Par accident, la vitre tactile de votre iPad 2021 10.2"" (9e Gen) est abîmée, rayée, fissurée ou cassée. La vitre tactile de votre smartphone ou tablette Apple n'adhère plus ou se décolle.  Heureusement, cette panne est réparable, et cette vitre tactile de qualité vous permet d'en effectuer le dépannage.NOS CONSEILS  Lors de l'achat, il est conseillé de vérifier votre modèle de smartphone/tablette par sa référence plutôt que par son nom. Attention à ne pas pincer ou déchirer les nappes présentes sur la vitre, et donc de les endommager. Pour la pose d'une vitre sans adhésif, pensez à utiliser le bon type de colle (ex: colle B7000 110 ml, ou colle B 7000 50 ml).  LES GARANTIES ReparMonPhone  Nos pièces sont testées, pour une durée de vie optimale. Garanties fonctionnelles, pour une réparation sans tracas. Une politique de retours souples et rapides. º"
"Afficheur LCD iPad 2019 2020 2021 10.2"" (7e Gen / 8e Gen / 9e Gen) Origine";"3714";"65.52";"EUR";"En stock";"Apple > IPad > iPad 2019 10.2"" (7e Gen.)";"https://www.pieces2mobile.com/afficheur-lcd-ipad-2019-10-2-7e-gen-origine.html";"https://www.pieces2mobile.com/media/catalog/product/cache/08ce6ea9b7ea9e423fa7c2e2ae0fab3c/a/p/apple-ipad-2019-10-2-7e-gen-ecran-origine.jpg";"Afficheur LCD iPad 2019 2020 2021 10.2"" (7e Gen / 8e Gen / 9e Gen) Origine. ReparMonPhone, principal grossiste en pièces de rechange pour mobiles en Europe. Envois gratuits dès 35 euros. Comptes professionnels.";" DIAGNOSTIC DE LA PANNE  L'affichage de votre iPad 2019 10.2"" (7e Gen) iPad 2020 10.2"" (8e Génération )  iPad 2021 10.2"" (9e Génération ) reste inexistant ou totalement noir. Vous avez abîmé, rayé, fissuré ou cassé votre afficheur LCD par accident. L'écran, l'afficheur LCD ou la vitre tactile de votre smartphone ou tablette Apple ne fonctionne plus.  Heureusement, cette panne est réparable, et cet afficheur LCD de qualité vous permet d'en effectuer le dépannage.NOS CONSEILS  Lors de l'achat, il est conseillé de verifier votre modèle de smartphone/tablette par sa référence plutôt que par son nom. Avant toute réparation, un test de l'écran (non monté) est impératif afin de prévenir un éventuel problème lié au dit écran. Attention à ne pas pincer ou déchirer les nappes présentes sur l'écran, et donc de les endommager. Si vous fixer un écran simple sur son châssis pensez à bien nettoyer ce dernier. En effet, les petits débris pourront le casser à nouveau, et les poussières empêcheront une bonne fixation de votre écran.  LES GARANTIES ReparMonPhone  Nos pièces sont testées, pour une durée de vie optimale. Garanties fonctionnelles, pour une réparation sans tracas. Une politique de retours souples et rapides. "
"Nappe / Connecteur de Charge iPad 2019 10.2&quot; (7e Gen) / iPad 2020 10.2&quot; (8e Gen) / iPad 2021 10.2&quot; (9e Gen) Blanc Origine";"12820";"3.89";"EUR";"En stock";"Apple > IPad > iPad 2019 10.2"" (7e Gen.)";"https://www.pieces2mobile.com/nappe-charge-ipad-2019-10-2-7e-gen-blanc-origine.html";"https://www.pieces2mobile.com/media/catalog/product/cache/08ce6ea9b7ea9e423fa7c2e2ae0fab3c/n/a/nappe-charge-ipad-10.2-2019-_7e-gen_-blanc.jpg";"Nappe / Connecteur de Charge iPad 2019 10.2"" (7e Gen) / iPad 2020 10.2"" (8e Gen) / iPad 2021 10.2"" (9e Gen) Blanc Origine. ReparMonPhone, principal grossiste en pièces détachées pour mobiles en Europe. Envois gratuits dès 35 euros. Comptes ";" DIAGNOSTIC DE LA PANNE  Vous avez abîmé ou endommagé votre iPad 2019 10.2"" (7e Gen) / iPad 2020 10.2"" (8e Gen) / iPad 2021 10.2"" (9e Gen) par accident.   de votre smartphone ou tablette Apple ne fonctionne plus.  Heureusement, cette panne est réparable, et cette pièce de qualité vous permet d'en effectuer le dépannage.NOS CONSEILS  Lors de l'achat, il est conseillé de vérifier votre modèle de smartphone/tablette par sa référence plutôt que par son nom. Mais aussi de bien vérifier les versions disponibles qui peuvent changer les spécificités des pièces (attention aux confusions comme SIM / SD ou Power / Volume). Attention à ne pas pincer, déchirer les nappes, ou abîmer les pièces de rechange. Restez vigilant, certaines pièces nécessitent des compétences et un matériel de soudure adéquat.  LES GARANTIES ReparMonPhone  Nos pièces sont testées, pour une durée de vie optimale. Garanties fonctionnelles, pour une réparation sans tracas. Une politique de retours souples et rapides. "
"Écouteurs Apple EarPods avec connecteur Lightning MWTY3ZM/A Blanc Origine";"15529";"21.6";"EUR";"En stock";"Apple > iPhone > iPhone 5 (A1428 / A1429 / A1442)";"https://www.pieces2mobile.com/ecouteurs-apple-earpods-avec-connecteur-lightning-mmtn2zm-a-blanc-origine.html";"https://www.pieces2mobile.com/media/catalog/product/cache/08ce6ea9b7ea9e423fa7c2e2ae0fab3c/e/c/ecouteurs-apple-earpods-avec-connecteur-lightning-mmtn2zma-blanc-origine-1_2.jpg";"Écouteurs Apple EarPods avec connecteur Lightning MWTY3ZM/A Blanc Origine. ReparMonPhone, principal grossiste en pièces de rechange pour mobiles en Europe. Envois gratuits dès 35 euros. Comptes professionnels.";"&Eacute;couteurs Apple EarPods avec connecteur Lightning MWTY3ZM/A Blanc Origine

Introduisant une toute nouvelle dimension d&#39;exp&eacute;rience audio, les &eacute;couteurs Apple EarPods avec connecteur Lightning MWTY3ZM/A Blanc Origine sont m&eacute;ticuleusement con&ccedil;us pour offrir un son de qualit&eacute; sup&eacute;rieure, une portabilit&eacute; optimale et un confort exceptionnel. Le produit est disponible sur ReparMonPhone : Apple EarPods

Innovation Sonore

Chaque note de votre musique favorite est d&eacute;taill&eacute;e &agrave; la perfection avec ces &eacute;couteurs. En maximisant la puissance sonore et en r&eacute;duisant les pertes sonores, ils fournissent une exp&eacute;rience d&#39;&eacute;coute plus riche et plus immersive. De plus, ils offrent une sensibilit&eacute; pr&eacute;cise et une r&eacute;ponse en fr&eacute;quence excellente qui &eacute;quilibrent habilement les basses, les m&eacute;diums et les aigus.

Commandes Int&eacute;gr&eacute;es et Micro

Dot&eacute; d&#39;une t&eacute;l&eacute;commande sur le fil, ces &eacute;couteurs Apple vous donnent le contr&ocirc;le total sur votre exp&eacute;rience d&#39;&eacute;coute. Vous pouvez r&eacute;gler le volume, changer de piste, contr&ocirc;ler la lecture de vos m&eacute;dias et m&ecirc;me r&eacute;pondre aux appels d&#39;une simple pression sur le fil. Le micro int&eacute;gr&eacute; vous permet de passer des appels clairs sans avoir &agrave; sortir votre appareil de votre poche.

Un Design qui &Eacute;pouse Votre Oreille

Contrairement aux &eacute;couteurs boutons traditionnels, le design des Apple EarPods est bas&eacute; sur la g&eacute;om&eacute;trie de l&#39;oreille, ce qui les rend extr&ecirc;mement confortables pour une gamme plus large de personnes. Le confort est optimis&eacute;, permettant une utilisation prolong&eacute;e sans inconfort.

Compatibilit&eacute; &eacute;tendue

Ces &eacute;couteurs sont con&ccedil;us pour fonctionner avec tous les appareils &eacute;quip&eacute;s d&#39;un connecteur Lightning, y compris l&#39;iPad, l&#39;iPhone, l&#39;iPod et le Mac. Que vous soyez chez vous, au travail ou en d&eacute;placement, vous pouvez profiter d&#39;une exp&eacute;rience d&#39;&eacute;coute de qualit&eacute; sup&eacute;rieure o&ugrave; que vous soyez.

Packaging et Authenticit&eacute;

Livr&eacute; dans son emballage d&#39;origine, vous pouvez &ecirc;tre assur&eacute; de l&#39;authenticit&eacute; de votre achat. Chaque paire d&#39;&eacute;couteurs est garantie originale et conforme aux normes de qualit&eacute; strictes d&#39;Apple.

Caract&eacute;ristiques techniques d&eacute;taill&eacute;es


	Marque : Apple
	Mod&egrave;le : MWTY3ZM/A
	Type : &eacute;couteurs filaires
	Prise audio : Lightning
	Compatibilit&eacute; : iPad, iPhone, iPod, Mac
	Couleur : Blanc
	Packaging : avec bo&icirc;te
	Autonomie de fonctionnement : 0 min
	Disponibilit&eacute; des pi&egrave;ces d&eacute;tach&eacute;es : 5 ans
	Caract&eacute;ristiques compl&eacute;mentaires : Isolation acoustique
	Mode de connexion : Avec fil
	Fonctionnalit&eacute;s Casque : Contr&ocirc;le de volume, Contr&ocirc;le iPhone et GSM
	Origine de fabrication : Fabriqu&eacute; hors Europe
	Type de casque / &eacute;couteurs : Semi-intra
	Une Immersion Sonore Incomparable


Les &eacute;couteurs Apple EarPods avec connecteur Lightning MWTY3ZM/A Blanc Origine vous offrent une profondeur et une richesse sonore incomparables. Le son est clair et &eacute;quilibr&eacute;, vous permettant de profiter de chaque d&eacute;tail de votre musique. De plus, ces &eacute;couteurs sont r&eacute;sistants &agrave; la transpiration et &agrave; l&#39;eau, ce qui les rend parfaits pour un usage quotidien, quelles que soient vos activit&eacute;s.

Ergonomie et Simplicit&eacute; d&#39;Utilisation

Gr&acirc;ce &agrave; leur prise audio Lightning, ces &eacute;couteurs sont simples &agrave; utiliser. Il suffit de les brancher sur votre appareil Apple compatible pour commencer &agrave; profiter de votre musique. Ils sont &eacute;galement dot&eacute;s d&#39;une t&eacute;l&eacute;commande int&eacute;gr&eacute;e qui vous permet de contr&ocirc;ler facilement le volume et la lecture de vos morceaux. De plus, vous pouvez r&eacute;pondre et terminer vos appels sans avoir &agrave; toucher votre appareil.

Une Exp&eacute;rience de Marque Apple

Avec les &eacute;couteurs Apple EarPods avec connecteur Lightning MWTY3ZM/A Blanc Origine, vous b&eacute;n&eacute;ficiez de la qualit&eacute; et de la fiabilit&eacute; que l&#39;on attend d&#39;Apple. Chaque composant a &eacute;t&eacute; soigneusement con&ccedil;u pour offrir une performance optimale, que vous &eacute;coutiez de la musique, regardiez des vid&eacute;os ou passiez des appels.

Compatibilit&eacute;

Que vous utilisiez un iPhone, un iPad, un iPod ou un Mac, ces &eacute;couteurs sont faits pour vous. Ils sont compatibles avec tous les appareils &eacute;quip&eacute;s d&#39;un connecteur Lightning et prenant en charge iOS 10 ou une version ult&eacute;rieure.

Commandez d&egrave;s aujourd&#39;hui

Ne manquez pas cette occasion d&#39;obtenir des &eacute;couteurs de qualit&eacute; sup&eacute;rieure &agrave; un excellent prix. Commandez d&egrave;s aujourd&#39;hui les &eacute;couteurs Apple EarPods avec connecteur Lightning MWTY3ZM/A Blanc Origine sur ReparMonPhone et b&eacute;n&eacute;ficiez d&#39;une livraison rapide et s&eacute;curis&eacute;e.

Vivez une exp&eacute;rience d&#39;&eacute;coute exceptionnelle avec des &eacute;couteurs con&ccedil;us par une marque sur laquelle vous pouvez compter. Les &eacute;couteurs Apple EarPods avec connecteur Lightning MWTY3ZM/A Blanc Origine promettent une performance audio de haute qualit&eacute;, une facilit&eacute; d&#39;utilisation et une compatibilit&eacute; pratique avec vos appareils Apple pr&eacute;f&eacute;r&eacute;s.

Optez pour le meilleur. Optez pour les &eacute;couteurs Apple EarPods avec connecteur Lightning MWTY3ZM/A Blanc Origine.

Note: Ce produit est disponible sur le site de ReparMonPhone. Les sp&eacute;cifications peuvent varier en fonction des mises &agrave; jour du produit par le fabricant. Il est toujours recommand&eacute; de v&eacute;rifier les d&eacute;tails du produit sur le site du fabricant."
"Chargeur Apple USB‑C 20W MUVV3ZM/A Blanc Origine";"15528";"24";"EUR";"En stock";"Apple > IPad > iPad Pro 12.9"" (2015)";"https://www.pieces2mobile.com/chargeur-apple-usb-c-20w-muvv3zm-a-blanc-origine.html";"https://www.pieces2mobile.com/media/catalog/product/cache/08ce6ea9b7ea9e423fa7c2e2ae0fab3c/c/h/chargeur-apple-usb_c-20w-mhje3zma-blanc-origine-1_2.jpg";"Chargeur Apple USB‑C 20W MUVV3ZM/A Blanc Origine. ReparMonPhone, principal grossiste en pièces de rechange pour mobiles en Europe. Envois gratuits dès 35 euros. Comptes professionnels.";"Chargeur Apple USB‑C 20W MHJE3ZM/A Blanc
  
  Optez pour le Chargeur Apple USB‑C 20W MHJE3ZM/A Blanc Origine, un adaptateur secteur qui offre une solution de charge rapide et efficace pour vos appareils Apple. Que vous soyez à la maison, au bureau, ou en déplacement, sa technologie Fast Charge Power Delivery 20W vous permet de charger votre iPhone de 0 à 50% en seulement 30 minutes.

  Outre sa rapidité, ce chargeur est également conçu pour assurer la sécurité de vos appareils. Il est équipé d'un système de protection anti-surcharge et anti-surchauffe pour éviter tout dommage à la batterie de votre appareil. Cette fonction de charge sécurisée vous permet d'utiliser le chargeur sans craindre les surchauffes ou les surcharges.

  Adoptant un format et un design compact, ce chargeur secteur est l'allié idéal pour vos déplacements. Il se range facilement dans votre sac, votre poche de valise ou votre pochette, sans engendrer le moindre encombrement.
  Caractéristiques
  
    Marque: Apple
    Puissance: 20 Watts
    Référence constructeur: MHJE3ZM/A
    Couleur: Blanc
    Connecteur de sortie: USB type C
    Conformité aux normes de sécurité: CE, RoHS
  
  Compatibilité
  Compatible avec une large gamme d'appareils, le Chargeur Apple USB‑C 20W est l'accessoire idéal pour vos iPhones, iPads, et même pour tous les smartphones et tablettes dotés d'une connectique USB Type C ou Lightning.
  Accessoires recommandés
  Pour optimiser l'utilisation de ce chargeur, vous pouvez l'associer avec ces câbles Apple d'origine :
  
    Câble Apple USB-C vers USB-C (2m) MLL82ZM/A Blanc Origine
    Câble Apple USB-C vers Lightning (1 m) MM0A3ZM/A Blanc Origine
    Câble Apple USB-C vers Lightning (2 m) MQGH2ZM/A Blanc Origine
  
  Veuillez noter que le câble de charge est vendu séparément.
  Une charge sécurisée
  Ce chargeur Apple d'origine garantit une charge sûre et optimale pour vos appareils. Conçu pour assurer la sécurité de vos appareils, il intègre un système de protection anti-surcharge et anti-surchauffe qui prévient tout dommage potentiel à la batterie de votre appareil. Utilisez le chargeur en toute sérénité, sachant que vos appareils sont protégés.
  Format et design compact
  Compact et léger, ce chargeur est votre allié idéal au quotidien. Son design minimaliste permet de le ranger facilement dans votre sac, votre valise ou votre pochette sans encombrement, vous offrant ainsi une solution de charge pratique et portable que vous pouvez emporter partout avec vous.
  Choisissez l'Adaptateur secteur USB-C 20 W Apple pour une recharge rapide et sûre de vos appareils. Faites l'expérience de la commodité, de la performance et de la fiabilité que seuls les produits Apple peuvent offrir."
"Câble Apple USB-C vers Lightning (2 m) MQGH2ZM/A Blanc Origine";"15553";"24";"EUR";"En stock";"Apple > iPhone > iPhone 5 (A1428 / A1429 / A1442)";"https://www.pieces2mobile.com/cable-usb-c-vers-lightning-2-m-mqgh2zm-a-blanc-origine.html";"https://www.pieces2mobile.com/media/catalog/product/cache/08ce6ea9b7ea9e423fa7c2e2ae0fab3c/c/a/cable-apple-usb-c-vers-lightning-2-m-mqgh2zm-a-blanc-origine-1_3.jpg";"Câble Apple USB-C vers Lightning (2 m) MQGH2ZM/A Blanc Origine. ReparMonPhone, principal grossiste en pièces détachées pour mobiles en Europe. Envois gratuits dès 35 euros. Comptes professionnels.";"Câble USB Type-C vers Câble pour iPhone, iPad pour tablette, téléphones mobiles , Android, iPad, iPhone, iPod, Mac Compatible avec tous les appareils munis d'un port USB Type-C / Lightning Connectez votre tablette, téléphones mobiles , Android, iPad, iPhone, iPod, Mac Compatible avec tous les appareils munis d'un port USB Type-C / Lightning doté d’un connecteur USB Type-C grâce au câble Apple à n’importe lequel de vos appareils équipés d’un port Câble pour iPhone, iPad. D’une longueur de 2 m, le câble USB Type-C/Câble pour iPhone, iPad Blanc fait partie des accessoires indispensables qui doivent accompagner partout votre tablette, téléphones mobiles , Android, iPad, iPhone, iPod, Mac Compatible avec tous les appareils munis d'un port USB Type-C / Lightning en toute occasion. Le câble Apple MQGH2ZM/A offre une compatibilité optimale avec les appareils tablette, téléphones mobiles , Android, iPad, iPhone, iPod, Mac Compatible avec tous les appareils munis d'un port USB Type-C / Lightning pour tous les usages susmentionnés."
"Câble USB-C vers Lightning (2 m) (A2441) MW2R3ZM/A Blanc Origine";"19082";"39";"EUR";"Rupture / sur commande";"Apple > iPhone > iPhone 5 (A1428 / A1429 / A1442)";"https://www.pieces2mobile.com/cable-usb-c-vers-lightning-2-m-a2441-mw2r3zm-a-blanc-origine.html";"https://www.pieces2mobile.com/media/catalog/product/cache/08ce6ea9b7ea9e423fa7c2e2ae0fab3c/c/a/cable-apple-usb-c-vers-lightning-2-m-mqgh2zm-a-blanc-origine-1_3_1.jpg";"Câble USB-C vers Lightning (2 m) (A2441) MW2R3ZM/A Blanc Origine. ReparMonPhone, principal grossiste en pièces de rechange pour mobiles en Europe. Envois gratuits dès 35 euros. Comptes professionnels.";"Câble USB Type-C vers Câble pour iPhone, iPad pour tablette, téléphones mobiles , Android, iPad, iPhone, iPod, Mac Compatible avec tous les appareils munis d'un port USB Type-C / Lightning Connectez votre tablette, téléphones mobiles , Android, iPad, iPhone, iPod, Mac Compatible avec tous les appareils munis d'un port USB Type-C / Lightning doté d’un connecteur USB Type-C grâce au câble Apple à n’importe lequel de vos appareils équipés d’un port Câble pour iPhone, iPad. D’une longueur de 2 m, le câble USB Type-C/Câble pour iPhone, iPad Blanc fait partie des accessoires indispensables qui doivent accompagner partout votre tablette, téléphones mobiles , Android, iPad, iPhone, iPod, Mac Compatible avec tous les appareils munis d'un port USB Type-C / Lightning en toute occasion. Le câble Apple A2441 / MW2R3ZM/A offre une compatibilité optimale avec les appareils tablette, téléphones mobiles , Android, iPad, iPhone, iPod, Mac Compatible avec tous les appareils munis d'un port USB Type-C / Lightning pour tous les usages susmentionnés."
"Nappe / Connecteur de Charge iPad 2019 10.2"" (7e Gen) / iPad 2020 10.2"" (8e Gen) / iPad 2021 10.2"" (9e Gen) Noir Origine";"3713";"5.56";"EUR";"En stock";"Apple > IPad > iPad 2019 10.2"" (7e Gen.)";"https://www.pieces2mobile.com/nappe-connecteur-de-charge-ipad-2019-10-2-7e-gen-ipad-2020-10-2-8e-gen-ipad-2021-10-2-9e-gen-noir-origine.html";"https://www.pieces2mobile.com/media/catalog/product/cache/08ce6ea9b7ea9e423fa7c2e2ae0fab3c/a/p/apple-ipad-2019-10-2-7e-gen-nappe-charge-origine.jpg";"Nappe / Connecteur de Charge iPad 2019 10.2"" (7e Gen) / iPad 2020 10.2"" (8e Gen) / iPad 2021 10.2"" (9e Gen) Noir Origine. ReparMonPhone, principal grossiste en pièces de rechange pour mobiles en Europe. Envois gratuits dès 35 euros. Comptes professionnels";" DIAGNOSTIC DE LA PANNE  Vous avez abîmé ou endommagé votre iPad 2019 10.2"" (7e Gen) / iPad 2020 10.2"" (8e Gen) / iPad 2021 10.2"" (9e Gen) par accident. La nappe Charge de votre smartphone ou tablette Apple ne fonctionne plus.  Heureusement, cette panne est réparable, et cette pièce de qualité vous permet d'en effectuer le dépannage.NOS CONSEILS  Lors de l'achat, il est conseillé de vérifier votre modèle de smartphone/tablette par sa référence plutôt que par son nom. Mais aussi de bien vérifier les versions disponibles qui peuvent changer les spécificités des pièces (attention aux confusions comme SIM / SD ou Power / Volume). Attention à ne pas pincer, déchirer les nappes, ou abîmer les pièces de rechange. Restez vigilant, certaines pièces nécessitent des compétences et un matériel de soudure adéquat.  LES GARANTIES ReparMonPhone  Nos pièces sont testées, pour une durée de vie optimale. Garanties fonctionnelles, pour une réparation sans tracas. Une politique de retours souples et rapides. "
"Câble Apple pour iPhone vers USB (1m) MXLY2ZM-A Blanc Origine";"23244";"14.4";"EUR";"Rupture / sur commande";"Apple > iPhone > iPhone 5 (A1428 / A1429 / A1442)";"https://www.pieces2mobile.com/cable-apple-pour-iphone-vers-usb-1m-mxly2zm-a-blanc-origine.html";"https://www.pieces2mobile.com/media/catalog/product/cache/08ce6ea9b7ea9e423fa7c2e2ae0fab3c/c/a/cable-tisse-pour-iphone-vers-usb-1m-60w-mxly2zm-a-blanc-origine.jpg";"Câble Apple pour iPhone vers USB (1m) MXLY2ZM-A Blanc Origine. ReparMonPhone, principal grossiste en pièces détachées pour mobiles en Europe. Envois gratuits dès 35 euros. Comptes professionnels.";"L'accessoire Apple officiel indispensable pour la recharge et le transfert de données
Distributeur de premier choix en **pièces détachées**, consommables d'atelier et outillage pour la réparation électronique, ReparMonPhone vous propose le câble Lightning vers USB-A d'origine Apple (référence constructeur MXLY2ZM/A). D'une longueur standardisée d'un mètre, ce câble blanc officiel offre une liaison parfaite pour alimenter vos appareils mobiles ou synchroniser vos fichiers avec un ordinateur. En choisissant ces **accessoires smartphone** certifiés d'origine de la marque à la pomme, vous garantissez à vos clients une **fiabilité** matérielle absolue et une protection optimale des circuits intégrés de gestion de charge (IC U2 / Tristar).

Une liste de compatibilité exhaustive au sein de l'écosystème Apple Lightning
Ce câble officiel MXLY2ZM/A utilise l'interface propriétaire Lightning. Il est spécifiquement conçu pour fonctionner en parfaite synergie avec une large gamme d'appareils Apple. Veuillez retrouver ci-dessous l'inventaire complet des compatibilités certifiées :

    Gamme de smartphones iPhone compatibles : Ce cordon prend en charge la totalité des iPhone équipés d'un port Lightning. Cela inclut les séries premium récentes telles que l'iPhone 14, 14 Plus, 14 Pro et 14 Pro Max, mais également les générations antérieures à succès : gammes iPhone 13 (mini, Standard, Pro, Pro Max), iPhone 12, iPhone 11, iPhone X, XR, XS, XS Max, iPhone 8/8 Plus, iPhone 7/7 Plus, iPhone 6s/6s Plus, jusqu'aux modèles iPhone 5 et l'ensemble des iPhone SE (générations 1, 2 et 3).
    Tablettes iPad éligibles : Idéal pour alimenter les tablettes Apple disposant de la même connectique, comme l'iPad standard (de la 5e à la 9e génération), l'iPad Air (générations 1, 2 et 3), l'iPad mini (de la 1ère à la 5e génération) ainsi que les premiers modèles d'iPad Pro (modèles 9,7 pouces, 10,5 pouces et iPad Pro 12,9 pouces de 1ère et 2e génération).
    Boîtiers d'écouteurs AirPods : Ce câble assure la charge de vos solutions audio Apple : AirPods de 1ère, 2e et 3e génération, écouteurs AirPods Pro (1ère et 2e génération munis du boîtier de charge à connecteur Lightning) ainsi que le casque circum-auriculaire AirPods Max.
    Baladeurs iPod : Compatible avec l'iPod touch (5e, 6e et 7e génération) et l'iPod nano de 7e génération.

Remarque importante à l'attention des clients : Ce câble n'est pas compatible avec les gammes d'iPhone 15, iPhone 16 et iPhone 17, ni avec les iPad récents, qui ont tous adopté la norme de charge universelle USB-C.

Performance d'origine constructeur et synchronisation sécurisée
Contrairement aux copies génériques ou aux câbles low-cost non certifiés qui s'endommagent rapidement ou affichent le message d'erreur ""Accessoire non pris en charge"", le câble d'origine Apple MXLY2ZM/A intègre une puce d'authentification officielle. Cette conception haut de gamme préserve la santé des cellules de la batterie contre les variations d'ampérage. Connecté à un port USB-A d'un chargeur secteur ou d'un ordinateur portable (MacBook, PC), il offre des taux de transfert de données stables et une recharge constante sans risque de surchauffe.

Pourquoi choisir vos accessoires Apple d'origine chez ReparMonPhone ?
Optimisez la satisfaction de vos clients et sécurisez la réputation de votre atelier de réparation en commandant vos accessoires d'origine directement sur notre plateforme en ligne.

    Garantie 12 mois : Ce câble Lightning officiel Apple bénéficie d'une garantie commerciale complète d'un an, preuve de notre exigence envers la qualité de nos produits.
    Expédition et livraison rapide : Vos commandes sont préparées et expédiées dans les plus brefs délais afin de vous assurer un stock constant pour vos clients.
    Expertise et traçabilité : Nos équipes procèdent à des vérifications rigoureuses pour s'assurer de l'authenticité de chaque pièce et accessoire constructeur présent dans notre catalogue.
"
"Vitre tactile iPad 10.2"" (7 / 8 Gen) Noir Origine";"4181";"15";"EUR";"En stock";"Apple > IPad > iPad 2019 10.2"" (7e Gen.)";"https://www.pieces2mobile.com/vitre-tactile-ipad-2019-10-2-7e-gen-noir-origine.html";"https://www.pieces2mobile.com/media/catalog/product/cache/08ce6ea9b7ea9e423fa7c2e2ae0fab3c/a/p/apple-ipad-2019-10.2-7e-gen-tactile-noir-origine_1.jpg";"Vitre tactile iPad 10.2"" (7 / 8 Gen) Noir Origine. ReparMonPhone, principal grossiste en pièces de rechange pour mobiles en Europe. Envois gratuits dès 35 euros. Comptes professionnels.";" DIAGNOSTIC DE LA PANNE  Par accident, la vitre tactile de votre iPad 2019 10.2"" (7e Gen) / iPad 2020 10.2"" (8e Gen)  est abîmée, rayée, fissurée ou cassée. La vitre tactile de votre smartphone ou tablette Apple n'adhère plus ou se décolle.  Heureusement, cette panne est réparable, et cette vitre tactile de qualité vous permet d'en effectuer le dépannage.NOS CONSEILS  Lors de l'achat, il est conseillé de vérifier votre modèle de smartphone/tablette par sa référence plutôt que par son nom. Attention à ne pas pincer ou déchirer les nappes présentes sur la vitre, et donc de les endommager. Pour la pose d'une vitre sans adhésif, pensez à utiliser le bon type de colle (ex: colle B7000 110 ml, ou colle B 7000 50 ml).  LES GARANTIES ReparMonPhone  Nos pièces sont testées, pour une durée de vie optimale. Garanties fonctionnelles, pour une réparation sans tracas. Une politique de retours souples et rapides. º"
"Vitre tactile iPad 10.2"" (7 / 8 Gen) Blanc Origine";"4180";"14.4";"EUR";"En stock";"Apple > IPad > iPad 2019 10.2"" (7e Gen.)";"https://www.pieces2mobile.com/vitre-tactile-ipad-2019-10-2-7e-gen-blanc-origine.html";"https://www.pieces2mobile.com/media/catalog/product/cache/08ce6ea9b7ea9e423fa7c2e2ae0fab3c/a/p/apple-ipad-2019-10.2-7e-gen-tactile-blanc-origine_1.jpg";"Vitre tactile iPad 10.2"" (7 / 8 Gen) Blanc Origine. ReparMonPhone, principal grossiste en pièces détachées pour mobiles en Europe. Envois gratuits dès 35 euros. Comptes professionnels.";" DIAGNOSTIC DE LA PANNE  Par accident, la vitre tactile de votre iPad 2019 10.2"" (7ème / 8ème Génération) iPad 2020 10.2"" est abîmée, rayée, fissurée ou cassée. La vitre tactile de votre smartphone ou tablette Apple n'adhère plus ou se décolle.  Heureusement, cette panne est réparable, et cette vitre tactile de qualité vous permet d'en effectuer le dépannage.NOS CONSEILS  Lors de l'achat, il est conseillé de vérifier votre modèle de smartphone/tablette par sa référence plutôt que par son nom. Attention à ne pas pincer ou déchirer les nappes présentes sur la vitre, et donc de les endommager. Pour la pose d'une vitre sans adhésif, pensez à utiliser le bon type de colle (ex: colle B7000 110 ml, ou colle B 7000 50 ml).  LES GARANTIES ReparMonPhone  Nos pièces sont testées, pour une durée de vie optimale. Garanties fonctionnelles, pour une réparation sans tracas. Une politique de retours souples et rapides. º"
"Vitre tactile iPad 2019 2020 10.2"" (7ème Gen / 8ème Gen) Noir";"3684";"6.48";"EUR";"En stock";"Apple > IPad > iPad 2019 10.2"" (7e Gen.)";"https://www.pieces2mobile.com/vitre-tactile-ipad-2019-10-2-7eme-gen-noir.html";"https://www.pieces2mobile.com/media/catalog/product/cache/08ce6ea9b7ea9e423fa7c2e2ae0fab3c/a/p/apple-ipad-2019-10-2-7e-gen-vitre-tactile-noir-generique_2.jpg";"Vitre tactile iPad 2019 2020 10.2"" (7ème Gen / 8ème Gen) Noir. ReparMonPhone, principal grossiste en pièces de rechange pour mobiles en Europe. Envois gratuits dès 35 euros. Comptes professionnels.";" DIAGNOSTIC DE LA PANNE  Par accident, la vitre tactile de votre iPad 2019 10.2"" (7ème Gen)  iPad 2020 10.2"" (8 ème Gen) est abîmée, rayée, fissurée ou cassée. La vitre tactile de votre smartphone ou tablette Apple n'adhère plus ou se décolle.  Heureusement, cette panne est réparable, et cette vitre tactile de qualité vous permet d'en effectuer le dépannage.NOS CONSEILS  Lors de l'achat, il est conseillé de vérifier votre modèle de smartphone/tablette par sa référence plutôt que par son nom. Attention à ne pas pincer ou déchirer les nappes présentes sur la vitre, et donc de les endommager. Pour la pose d'une vitre sans adhésif, pensez à utiliser le bon type de colle (ex: colle B7000 110 ml, ou colle B 7000 50 ml).  LES GARANTIES ReparMonPhone  Nos pièces sont testées, pour une durée de vie optimale. Garanties fonctionnelles, pour une réparation sans tracas. Une politique de retours souples et rapides. º"
"Vitre tactile iPad 2019 2020 10.2"" (7ème / 8ème Gen) Blanc";"3683";"6";"EUR";"En stock";"Apple > IPad > iPad 2019 10.2"" (7e Gen.)";"https://www.pieces2mobile.com/vitre-tactile-ipad-2019-10-2-7eme-gen-blanc.html";"https://www.pieces2mobile.com/media/catalog/product/cache/08ce6ea9b7ea9e423fa7c2e2ae0fab3c/a/p/apple-ipad-2019-10.2-_7e-gen_-vitre-tactile-blanc-generique_3.jpg";"Vitre tactile iPad 2019 2020 10.2"" (7ème / 8ème Gen) Blanc. ReparMonPhone, principal grossiste en pièces détachées pour mobiles en Europe. Envois gratuits dès 35 euros. Comptes professionnels.";" DIAGNOSTIC DE LA PANNE  Par accident, la vitre de votre iPad 2019 10.2"" (7ème Gen)  iPad 2020 10.2"" 8 ème Génération est abîmée, rayée, fissurée ou cassée. La vitre de votre smartphone ou tablette Apple n'adhère plus ou se décolle.  Heureusement, cette panne est réparable, et cette vitre de qualité vous permet d'en effectuer le dépannage.NOS CONSEILS  Lors de l'achat, il est conseillé de vérifier votre modèle de smartphone/tablette par sa référence plutôt que par son nom. Attention à ne pas pincer ou déchirer les nappes présentes sur la vitre, et donc de les endommager. Pour la pose d'une vitre sans adhésif, pensez à utiliser le bon type de colle (ex: colle B7000 110 ml, ou colle B 7000 50 ml).  LES GARANTIES ReparMonPhone  Nos pièces sont testées, pour une durée de vie optimale. Garanties fonctionnelles, pour une réparation sans tracas. Une politique de retours souples et rapides. º"
"Adhésif iPad 2019 10.2"" (7e Gen) / iPad 2020 10.2"" (8e Gen) ";"13228";"5.6";"EUR";"En stock";"Apple > IPad > iPad 2019 10.2"" (7e Gen.)";"https://www.pieces2mobile.com/adhesif-ipad-2019-10-2-7e-gen.html";"https://www.pieces2mobile.com/media/catalog/product/cache/08ce6ea9b7ea9e423fa7c2e2ae0fab3c/a/d/adhesif-ipad-2019-10.2-7e-gen-ipad-2020-10.2-8e-gen.jpg";"Adhésif iPad 2019 10.2"" (7e Gen) / iPad 2020 10.2"" (8e Gen) . ReparMonPhone, principal grossiste en pièces détachées pour mobiles en Europe. Envois gratuits dès 35 euros. Comptes professionnels.";" DIAGNOSTIC DE LA PANNE  Vous prévoyez de réparer la partie  de votre iPad 2019 10.2"" (7e Gen) / iPad 2020 10.2"" (8e Gen) , il vous faudra donc recoller  de ce dernier. L'adhésif  de  de votre smartphone ou tablette Apple n'adhère plus et se décolle.  Heureusement, cette panne est réparable, et cet adhésif  de qualité, vous permet d'en effectuer le dépannage.NOS CONSEILS  Avant d'utiliser l'adhésif et de coller un écran ou une vitre, il est toujours préférable de tester la pièce remplacée en amont, pour écarter tout incident.  LES GARANTIES ReparMonPhone  Nos pièces sont testées, pour une durée de vie optimale. Garanties fonctionnelles, pour une réparation sans tracas. Une politique de retours souples et rapides. "
"Nappe HOME iPad 2019 10.2"" (7e Gen) / iPad 2020 10.2"" (8e Gen) Noir";"3681";"4.03";"EUR";"En stock";"Apple > IPad > iPad 2019 10.2"" (7e Gen.)";"https://www.pieces2mobile.com/nappe-home-ipad-2019-10-2-7e-gen-noir.html";"https://www.pieces2mobile.com/media/catalog/product/cache/08ce6ea9b7ea9e423fa7c2e2ae0fab3c/a/p/apple-ipad-2019-10-2-7e-gen-nappe-home-noir.jpg";"Nappe HOME iPad 2019 10.2"" (7e Gen) / iPad 2020 10.2"" (8e Gen) Noir. ReparMonPhone, principal grossiste en pièces détachées pour mobiles en Europe. Envois gratuits dès 35 euros. Comptes professionnels.";" DIAGNOSTIC DE LA PANNE  Vous avez abîmé ou endommagé votre iPad 2019 10.2"" (7e Gen) par accident. La nappe HOME de votre smartphone ou tablette Apple ne fonctionne plus.  Heureusement, cette panne est réparable, et cette pièce de qualité vous permet d'en effectuer le dépannage.NOS CONSEILS  Lors de l'achat, il est conseillé de vérifier votre modèle de smartphone/tablette par sa référence plutôt que par son nom. Mais aussi de bien vérifier les versions disponibles qui peuvent changer les spécificités des pièces (attention aux confusions comme SIM / SD ou Power / Volume). Attention à ne pas pincer, déchirer les nappes, ou abîmer les pièces de rechange. Restez vigilant, certaines pièces nécessitent des compétences et un matériel de soudure adéquat.  LES GARANTIES ReparMonPhone  Nos pièces sont testées, pour une durée de vie optimale. Garanties fonctionnelles, pour une réparation sans tracas. Une politique de retours souples et rapides. "
"Nappe HOME iPad 2019 10.2"" (7e Gen) / iPad 2020 10.2"" (8e Gen)  Or";"3679";"3";"EUR";"En stock";"Apple > IPad > iPad 2019 10.2"" (7e Gen.)";"https://www.pieces2mobile.com/nappe-home-ipad-2019-10-2-7e-gen-or.html";"https://www.pieces2mobile.com/media/catalog/product/cache/08ce6ea9b7ea9e423fa7c2e2ae0fab3c/a/p/apple-ipad-2019-10-2-7e-gen-nappe-home-or.jpg";"Nappe HOME iPad 2019 10.2"" (7e Gen) / iPad 2020 10.2"" (8e Gen)  Or. ReparMonPhone, principal grossiste en pièces de rechange pour mobiles en Europe. Envois gratuits dès 35 euros. Comptes professionnels.";" DIAGNOSTIC DE LA PANNE  Vous avez abîmé ou endommagé votre iPad 2019 10.2"" (7e Gen) / iPad 2020 10.2"" (8e Gen)  par accident. La nappe HOME de votre smartphone ou tablette Apple ne fonctionne plus.  Heureusement, cette panne est réparable, et cette pièce de qualité vous permet d'en effectuer le dépannage.NOS CONSEILS  Lors de l'achat, il est conseillé de vérifier votre modèle de smartphone/tablette par sa référence plutôt que par son nom. Mais aussi de bien vérifier les versions disponibles qui peuvent changer les spécificités des pièces (attention aux confusions comme SIM / SD ou Power / Volume). Attention à ne pas pincer, déchirer les nappes, ou abîmer les pièces de rechange. Restez vigilant, certaines pièces nécessitent des compétences et un matériel de soudure adéquat.  LES GARANTIES ReparMonPhone  Nos pièces sont testées, pour une durée de vie optimale. Garanties fonctionnelles, pour une réparation sans tracas. Une politique de retours souples et rapides. "
"Nappe HOME iPad 2019 10.2"" (7e Gen) / iPad 2020 10.2"" (8e Gen) Blanc";"3680";"3.96";"EUR";"En stock";"Apple > IPad > iPad 2019 10.2"" (7e Gen.)";"https://www.pieces2mobile.com/nappe-home-ipad-2019-10-2-7e-gen-blanc.html";"https://www.pieces2mobile.com/media/catalog/product/cache/08ce6ea9b7ea9e423fa7c2e2ae0fab3c/a/p/apple-ipad-2019-10-2-7e-gen-nappe-home-blanc.jpg";"Nappe HOME iPad 2019 10.2"" (7e Gen) / iPad 2020 10.2"" (8e Gen) Blanc. ReparMonPhone, principal grossiste en pièces détachées pour mobiles en Europe. Envois gratuits dès 35 euros. Comptes professionnels.";" DIAGNOSTIC DE LA PANNE  Vous avez abîmé ou endommagé votre iPad 2019 10.2"" (7e Gen) / iPad 2020 10.2"" (8e Gen)  par accident. La nappe HOME de votre smartphone ou tablette Apple ne fonctionne plus.  Heureusement, cette panne est réparable, et cette pièce de qualité vous permet d'en effectuer le dépannage.NOS CONSEILS  Lors de l'achat, il est conseillé de vérifier votre modèle de smartphone/tablette par sa référence plutôt que par son nom. Mais aussi de bien vérifier les versions disponibles qui peuvent changer les spécificités des pièces (attention aux confusions comme SIM / SD ou Power / Volume). Attention à ne pas pincer, déchirer les nappes, ou abîmer les pièces de rechange. Restez vigilant, certaines pièces nécessitent des compétences et un matériel de soudure adéquat.  LES GARANTIES ReparMonPhone  Nos pièces sont testées, pour une durée de vie optimale. Garanties fonctionnelles, pour une réparation sans tracas. Une politique de retours souples et rapides. "
"Housse Mercury iPad 2019 10.2"" (7e Gen) / 2020 10.2"" (8e Gen) / 10.5""  Noir ";"3832";"12";"EUR";"Rupture / sur commande";"Accessoires > Protection > Housses et Étuis";"https://www.pieces2mobile.com/housse-mercury-ipad-2019-10-2-7e-gen-2020-10-2-8e-gen-10-5-noir.html";"https://www.pieces2mobile.com/media/catalog/product/cache/08ce6ea9b7ea9e423fa7c2e2ae0fab3c/a/p/apple-ipad-2019-10-2-7e-gen-housse-simili-cuir-noir-mercury.jpg";"Housse Mercury iPad 2019 10.2"" (7e Gen) / 2020 10.2"" (8e Gen) / 10.5""  Noir . ReparMonPhone, principal grossiste en pièces détachées pour mobiles en Europe. Envois gratuits dès 35 euros. Comptes professionnels.";"La photo est non contractuelle, la forme peut changer en fonction du modèle de smartphone (emplacement caméra, etc...), seule l'apparence demeure.CARACTÉRISTIQUESCompatible : Apple iPad 2019 10.2"" (7e Gen) / 2020 10.2"" (8e Gen) / 10.5""Inclus : La housse de protectionAvec : Attache dragonne, Ouverture Caméra, Ouverture Charge, Ouverture Écouteur, Ouverture JackMarque : MercuryModèle : /Couleur externe : NoirCouleur interne : NoirTexture : GrainéMatière : Extérieur Simili-cuir / Intérieur Silicone semi-rigideType : /"
"Verre Trempé iPad 2019 10.2"" (7e Gen) / iPad 2020 10.2"" (8e Gen) ";"3830";"19.99";"EUR";"En stock";"Accessoires > Protection Écran > Verre Trempé";"https://www.pieces2mobile.com/verre-trempe-ipad-2019-10-2-7e-gen.html";"https://www.pieces2mobile.com/media/catalog/product/cache/08ce6ea9b7ea9e423fa7c2e2ae0fab3c/a/p/apple-ipad-2019-10-2-7e-gen-verre-trempe-.jpg";"Verre Trempé iPad 2019 10.2"" (7e Gen) / iPad 2020 10.2"" (8e Gen) . ReparMonPhone, principal grossiste en pièces de rechange pour mobiles en Europe. Envois gratuits dès 35 euros. Comptes professionnels.";"La photo est non contractuelle, la forme peut changer en fonction du modèle de smartphone (emplacement caméra, etc...), seule l'apparence demeure.CARACTÉRISTIQUESCompatible : Apple iPad 2019 10.2"" (7e Gen) / iPad 2020 10.2"" (8e Gen) Inclus : Le verre trempé de protectionAvec : Technologie 2.5D (Polissage des angles et côtés du verre)Intégrale : NonConfidentiel : NonCouleur : TransparentÉpaisseur : 0.3 mm"
"Coque Renforcée Pepkoo pour iPad 2019 10.2"" (7e Gen.) / 2020 10.2"" (8e Gen.) / Air 3 10.5"" (2019)";"14102";"24";"EUR";"En stock";"Accessoires > Protection > Coques";"https://www.pieces2mobile.com/coque-renforcee-pepkoo-pour-ipad-2019-10-2-7e-gen-2020-10-2-8e-gen-air-3-10-5-2019.html";"https://www.pieces2mobile.com/media/catalog/product/cache/08ce6ea9b7ea9e423fa7c2e2ae0fab3c/_/_/__20200526164031.png";"Coque Renforcée Pepkoo pour iPad 2019 10.2"" (7e Gen.) / 2020 10.2"" (8e Gen.) / Air 3 10.5"" (2019). ReparMonPhone, principal grossiste en pièces détachées pour mobiles en Europe. Envois gratuits dès 35 euros. Comptes professionnels.";"CARACTÉRISTIQUESCompatible : Apple iPad 2019 10.2"" (7e Gen.) / 2020 10.2"" (8e Gen.) / Air 3 10.5"" (2019)Inclus : La coque de protectionAvec : Marque : PepkooModèle : Drop protection 2.0Couleur externe : NoirCouleur interne : NoirTexture : LisseMatière : Silicone renforcéType : TPU (polyuréthanes thermoplastiques)Livré avec emballage."
"Stylet Usams ZB223 Blanc";"15311";"28.39";"EUR";"En stock";"Apple > IPad > iPad 2018 9.7"" (6e Gen.)";"https://www.pieces2mobile.com/stylet-usams-zb223.html";"https://www.pieces2mobile.com/media/catalog/product/cache/08ce6ea9b7ea9e423fa7c2e2ae0fab3c/s/t/stylet-usams-zb223-blanc-1.jpg";"Stylet Usams ZB223 Blanc. ReparMonPhone, principal grossiste en pièces de rechange pour mobiles en Europe. Envois gratuits dès 35 euros. Comptes professionnels.";" DIAGNOSTIC DE LA PANNE  Vous avez abîmé ou endommagé votre  par accident. Le stylet  de votre smartphone ou tablette USAMS ne fonctionne plus.  Heureusement, cette panne est réparable, et cette pièce de qualité vous permet d'en effectuer le dépannage.NOS CONSEILS  Lors de l'achat, il est conseillé de vérifier votre modèle de smartphone/tablette par sa référence plutôt que par son nom. Mais aussi de bien vérifier les versions disponibles qui peuvent changer les spécificités des pièces (attention aux confusions comme SIM / SD ou Power / Volume). Attention à ne pas pincer, déchirer les nappes, ou abîmer les pièces de rechange. Restez vigilant, certaines pièces nécessitent des compétences et un matériel de soudure adéquat.  LES GARANTIES ReparMonPhone  Nos pièces sont testées, pour une durée de vie optimale. Garanties fonctionnelles, pour une réparation sans tracas. Une politique de retours souples et rapides. "
"Clé Trombone extracteur SIM pour iPhone";"5655";"0.65";"EUR";"Rupture / sur commande";"Apple > iPhone > iPhone 3GS (A1325 / A1303)";"https://www.pieces2mobile.com/cle-trombone-extracteur-sim-iphone.html";"https://www.pieces2mobile.com/media/catalog/product/cache/08ce6ea9b7ea9e423fa7c2e2ae0fab3c/c/l/cl_-eject-iphone.jpg";"Clé Trombone extracteur SIM pour iPhone. ReparMonPhone, principal grossiste en pièces de rechange pour mobiles en Europe. Envois gratuits dès 35 euros. Comptes professionnels.";"LES PIÈCES DE RECHANGE ReparMonPhoneVous avez perdu votre clé d'extraction de carte SIM de votre iPhone. Ce souci est réparable, et cette pièce vous permet d'en effectuer le dépannage.Avec ReparMonPhone, donnez un second souffle à votre iPhone.TOUTES NOS PIÈCES VOUS OFFRENT LES GARANTIES SUIVANTES :test&eacute;es, pour plus de fiabilité.fonctionnelles, pour une réparation sans tracas.Une politique de retours souples et rapides. "
"Vitre tactile iPad 2018 9.7"" (6e Gen) Noir Origine";"11229";"9.6";"EUR";"En stock";"Apple > IPad > iPad 2018 9.7"" (6e Gen.)";"https://www.pieces2mobile.com/vitre-tactile-ipad-2018-9-7-6e-gen-noir-origine.html";"https://www.pieces2mobile.com/media/catalog/product/cache/08ce6ea9b7ea9e423fa7c2e2ae0fab3c/v/i/vitre_tactile_ipad_2018_9.7_6e_gen_noir_origine_1_.jpg";"Vitre tactile iPad 2018 9.7"" (6e Gen) Noir Origine. ReparMonPhone, principal grossiste en pièces de rechange pour mobiles en Europe. Envois gratuits dès 35 euros. Comptes professionnels.";" DIAGNOSTIC DE LA PANNE  Par accident, la vitre tactile de votre iPad 2018 9.7"" (6e Gen) est abîmée, rayée, fissurée ou cassée. La vitre tactile de votre smartphone ou tablette Apple n'adhère plus ou se décolle.  Heureusement, cette panne est réparable, et cette vitre tactile de qualité vous permet d'en effectuer le dépannage.NOS CONSEILS  Lors de l'achat, il est conseillé de vérifier votre modèle de smartphone/tablette par sa référence plutôt que par son nom. Attention à ne pas pincer ou déchirer les nappes présentes sur la vitre, et donc de les endommager. Pour la pose d'une vitre sans adhésif, pensez à utiliser le bon type de colle (ex: colle B7000 110 ml, ou colle B 7000 50 ml).  LES GARANTIES ReparMonPhone  Nos pièces sont testées, pour une durée de vie optimale. Garanties fonctionnelles, pour une réparation sans tracas. Une politique de retours souples et rapides. º"
"Batterie iPad Air  A1484 + iPad 9.7"" 2018";"4874";"17.28";"EUR";"Rupture / sur commande";"Apple > IPad > iPad Air (2013)";"https://www.pieces2mobile.com/batterie-a1484-ipad-air-origine.html";"https://www.pieces2mobile.com/media/catalog/product/cache/08ce6ea9b7ea9e423fa7c2e2ae0fab3c/i/p/ipad_air.jpg";"Batterie iPad Air  A1484 + iPad 9.7"" 2018. ReparMonPhone, principal grossiste en pièces de rechange pour mobiles en Europe. Envois gratuits dès 35 euros. Comptes professionnels.";" Batterie iPad Air  A1484 + iPad 9.7"" 2018 neuve Le niveau de la batterie de votre tablette iPad 9.7 2018 diminue rapidement et parfois il s’éteint de manière inopinée et vous ne savez pas où trouver une offre de batterie iPad 9.7 2018 au meilleur prix ?Sur ReparMonPhone.com bien évidemment ! Leader en vente de pièces détachées de tablettes aux particuliers et professionnels, nous proposons justement la batterie A1474, A1475, A1476. de iPad 9.7 2018 Générique. De quoi remplacer rapidement votre batterie de iPad 9.7 2018 en fin de vie au prix le plus bas.Afin de réaliser une opération sans surprise, achetez notre batterie A1474, A1475, A1476. de iPad 9.7 2018 Générique neuve. Toutes les pièces vendues par ReparMonPhone sont de qualité et permettent de conserver une expérience optimale avec votre tablette Apple iPad 9.7 2018.Certains se demandent quel est le site mieux indiqué pour un achat de batterie iPad 9.7 2018 pas cher ? De toute évidence ReparMonPhone.com, le partenaire de tous les professionnels de la réparation en France et en Europe. Ajoutez la batterie Générique iPad 9.7 2018 à votre panier, validez votre commande et nous la livrons à l’adresse de votre choix dans les plus brefs délais !DIAGNOSTIC DE PANNE DE BATTERIE DE iPad 9.7 2018Votre iPad 9.7 2018 ne s’allume plus s’il n'est pas en charge ou son autonomie est significativement réduite.Dans les réglages de l’iPad 9.7 2018 le pourcentage indiquant la santé de la batterie est bas.L’iPad 9.7 2018 s’éteint de lui-même alors que son niveau de batterie est encore conséquent.Heureusement nous avons la solution, notre batterie iPad 9.7 2018 vous permet d’en effectuer le remplacement dans de bonnes conditions pour d’excellents résultats.NOS CONSEILS EN MATIÈRE DE REMPLACEMENT DE BATTERIES D’iPad 9.7 2018Avant l’achat, il est vivement recommandé de vérifier le modèle exact de la tablette iPad 9.7 2018 d’Apple avec la référence de la batterie, car il existe un grand nombre de modèles de tablettes Apple et certaines versions se ressemblent beaucoup et sont parfois confondues.Prenez soin de démonter avec soin la batterie A1474, A1475, A1476. d’iPad 9.7 2018, il ne faut surtout pas l’endommager.Lors de la fixation de la batterie d’iPad 9.7 2018, faites attention aux petits débris et aux poussières qui peuvent nuire à la cohésion des composants.GARANTIE BATTERIE A1474, A1475, A1476. Générique Apple ReparMonPhoneBatterie d’iPad 9.7 2018 Générique état neuf testée et vérifiée avec une qualité et une durée de vie optimale.Assurance du caractère fonctionnel de la batterie Générique, pour retrouver l’autonomie d’un iPad 9.7 2018 neuf.Une politique de retour souple et efficace de la batterie Générique iPad 9.7 2018.INFORMATIONS SUPPLÉMENTAIRES BATTERIE iPad 9.7 2018 Générique neuvesLes batteries A1474, A1475, A1476. neuves sont pourvues d’une charge d’usine, qu’il est conseillé de laisser se décharger complètement.Afin d’améliorer l’optimisation de la batterie, une fois que la charge d’usine atteint les 5 % à 10 %, un cycle de charge complet jusqu’à 100 % sans interruption est recommandé.Par la suite, pour assurer de bonnes performances, il est conseillé d’effectuer autant que possible ces mêmes cycles de charge.Réf. constructeur : A1474, A1475, A1476.Capacité : "
"Vitre tactile iPad 2018 9.7"" (6e Gen) Blanc Origine";"11230";"11.06";"EUR";"En stock";"Apple > IPad > iPad 2018 9.7"" (6e Gen.)";"https://www.pieces2mobile.com/vitre-tactile-ipad-2018-9-7-6e-gen-blanc-origine.html";"https://www.pieces2mobile.com/media/catalog/product/cache/08ce6ea9b7ea9e423fa7c2e2ae0fab3c/v/i/vitre_tactile_ipad_2018_9.7_6e_gen_blanc_origine_1_.jpg";"Vitre tactile iPad 2018 9.7"" (6e Gen) Blanc Origine. ReparMonPhone, principal grossiste en pièces détachées pour mobiles en Europe. Envois gratuits dès 35 euros. Comptes professionnels.";" DIAGNOSTIC DE LA PANNE  Par accident, la vitre tactile de votre iPad 2018 9.7"" (6e Gen) est abîmée, rayée, fissurée ou cassée. La vitre tactile de votre smartphone ou tablette Apple n'adhère plus ou se décolle.  Heureusement, cette panne est réparable, et cette vitre tactile de qualité vous permet d'en effectuer le dépannage.NOS CONSEILS  Lors de l'achat, il est conseillé de vérifier votre modèle de smartphone/tablette par sa référence plutôt que par son nom. Attention à ne pas pincer ou déchirer les nappes présentes sur la vitre, et donc de les endommager. Pour la pose d'une vitre sans adhésif, pensez à utiliser le bon type de colle (ex: colle B7000 110 ml, ou colle B 7000 50 ml).  LES GARANTIES ReparMonPhone  Nos pièces sont testées, pour une durée de vie optimale. Garanties fonctionnelles, pour une réparation sans tracas. Une politique de retours souples et rapides. º"
"Vitre tactile iPad 2018 9.7"" (6e Gen) Noir";"7134";"6";"EUR";"En stock";"Apple > IPad > iPad 2018 9.7"" (6e Gen.)";"https://www.pieces2mobile.com/vitre-tactile-ipad-2018-9-7-6e-gen-noir.html";"https://www.pieces2mobile.com/media/catalog/product/cache/08ce6ea9b7ea9e423fa7c2e2ae0fab3c/a/p/apple-ipad-2018-9-7-6e-gen-tactile-noir-generique.jpg";"Vitre tactile iPad 2018 9.7"" (6e Gen) Noir. ReparMonPhone, principal grossiste en pièces détachées pour mobiles en Europe. Envois gratuits dès 35 euros. Comptes professionnels.";" DIAGNOSTIC DE LA PANNE  Par accident, la vitre tactile de votre iPad 2018 9.7"" (6e Gen) est abîmée, rayée, fissurée ou cassée. La vitre tactile de votre smartphone ou tablette Apple n'adhère plus ou se décolle.  Heureusement, cette panne est réparable, et cette vitre tactile de qualité vous permet d'en effectuer le dépannage.NOS CONSEILS  Lors de l'achat, il est conseillé de vérifier votre modèle de smartphone/tablette par sa référence plutôt que par son nom. Attention à ne pas pincer ou déchirer les nappes présentes sur la vitre, et donc de les endommager. Pour la pose d'une vitre sans adhésif, pensez à utiliser le bon type de colle (ex: colle B7000 110 ml, ou colle B 7000 50 ml).  LES GARANTIES ReparMonPhone  Nos pièces sont testées, pour une durée de vie optimale. Garanties fonctionnelles, pour une réparation sans tracas. Une politique de retours souples et rapides. º"
"Afficheur LCD iPad 9.7"" (6e Gen) / (5e Gen) / iPad Air Reconditionné";"7248";"49.92";"EUR";"En stock";"Apple > IPad > iPad Air (2013)";"https://www.pieces2mobile.com/afficheur-lcd-ipad-9-7-6e-gen-5e-gen-ipad-air-reconditionne.html";"https://www.pieces2mobile.com/media/catalog/product/cache/08ce6ea9b7ea9e423fa7c2e2ae0fab3c/a/p/apple-ipad-2018-9-7-6e-gen-lcd.jpg";"Afficheur LCD iPad 9.7"" (6e Gen) / (5e Gen) / iPad Air Reconditionné. ReparMonPhone, principal grossiste en pièces de rechange pour mobiles en Europe. Envois gratuits dès 35 euros. Comptes professionnels.";" DIAGNOSTIC DE LA PANNE  L'affichage de votre iPad 9.7"" (6e Gen) / (5e Gen) /  iPad Air  reste inexistant ou totalement noir. Vous avez abîmé, rayé, fissuré ou cassé votre afficheur LCD par accident. L'écran, l'afficheur LCD ou la vitre tactile de votre smartphone ou tablette Apple ne fonctionne plus.  Heureusement, cette panne est réparable, et cet afficheur LCD de qualité vous permet d'en effectuer le dépannage.NOS CONSEILS  Lors de l'achat, il est conseillé de verifier votre modèle de smartphone/tablette par sa référence plutôt que par son nom. Avant toute réparation, un test de l'écran (non monté) est impératif afin de prévenir un éventuel problème lié au dit écran. Attention à ne pas pincer ou déchirer les nappes présentes sur l'écran, et donc de les endommager. Si vous fixer un écran simple sur son châssis pensez à bien nettoyer ce dernier. En effet, les petits débris pourront le casser à nouveau, et les poussières empêcheront une bonne fixation de votre écran.  LES GARANTIES ReparMonPhone  Nos pièces sont testées, pour une durée de vie optimale. Garanties fonctionnelles, pour une réparation sans tracas. Une politique de retours souples et rapides. "
"Vitre tactile iPad 2018 9.7"" (6e Gen) Blanc";"7132";"6";"EUR";"En stock";"Apple > IPad > iPad 2018 9.7"" (6e Gen.)";"https://www.pieces2mobile.com/vitre-tactile-ipad-2018-9-7-6e-gen-blanc.html";"https://www.pieces2mobile.com/media/catalog/product/cache/08ce6ea9b7ea9e423fa7c2e2ae0fab3c/a/p/apple-ipad-2018-9-7-6e-gen-tactile-blanc-generique.jpg";"Vitre tactile iPad 2018 9.7"" (6e Gen) Blanc. ReparMonPhone, principal grossiste en pièces détachées pour mobiles en Europe. Envois gratuits dès 35 euros. Comptes professionnels.";" DIAGNOSTIC DE LA PANNE  Par accident, la vitre tactile de votre iPad 2018 9.7"" (6e Gen) est abîmée, rayée, fissurée ou cassée. La vitre tactile de votre smartphone ou tablette Apple n'adhère plus ou se décolle.  Heureusement, cette panne est réparable, et cette vitre tactile de qualité vous permet d'en effectuer le dépannage.NOS CONSEILS  Lors de l'achat, il est conseillé de vérifier votre modèle de smartphone/tablette par sa référence plutôt que par son nom. Attention à ne pas pincer ou déchirer les nappes présentes sur la vitre, et donc de les endommager. Pour la pose d'une vitre sans adhésif, pensez à utiliser le bon type de colle (ex: colle B7000 110 ml, ou colle B 7000 50 ml).  LES GARANTIES ReparMonPhone  Nos pièces sont testées, pour une durée de vie optimale. Garanties fonctionnelles, pour une réparation sans tracas. Une politique de retours souples et rapides. º"
"iPad Air nappe connecteur de charge noir";"1459";"4.48";"EUR";"En stock";"Apple > IPad > iPad Air (2013)";"https://www.pieces2mobile.com/ipad-air-nappe-connecteur-de-charge-noir.html";"https://www.pieces2mobile.com/media/catalog/product/cache/08ce6ea9b7ea9e423fa7c2e2ae0fab3c/a/p/apple-ipad-air-2017-9-7-2018-9-7-6e-gen-nappe-charge-noir.jpg";"iPad Air nappe connecteur de charge noir. ReparMonPhone, principal grossiste en pièces détachées pour mobiles en Europe. Envois gratuits dès 35 euros. Comptes professionnels.";" DIAGNOSTIC DE LA PANNE  Vous avez abîmé ou endommagé votre iPad Air / 2017 9.7"" / 2018 9.7"" (6e Gen) par accident. La nappe Charge de votre smartphone ou tablette Apple ne fonctionne plus.  Heureusement, cette panne est réparable, et cette pièce de qualité vous permet d'en effectuer le dépannage.NOS CONSEILS  Lors de l'achat, il est conseillé de vérifier votre modèle de smartphone/tablette par sa référence plutôt que par son nom. Mais aussi de bien vérifier les versions disponibles qui peuvent changer les spécificités des pièces (attention aux confusions comme SIM / SD ou Power / Volume). Attention à ne pas pincer, déchirer les nappes, ou abîmer les pièces de rechange. Restez vigilant, certaines pièces nécessitent des compétences et un matériel de soudure adéquat.  LES GARANTIES ReparMonPhone  Nos pièces sont testées, pour une durée de vie optimale. Garanties fonctionnelles, pour une réparation sans tracas. Une politique de retours souples et rapides. "
"iPad Air nappe connecteur de charge blanc";"1458";"4.68";"EUR";"En stock";"Apple > IPad > iPad Air (2013)";"https://www.pieces2mobile.com/ipad-air-nappe-connecteur-de-charge-blanc.html";"https://www.pieces2mobile.com/media/catalog/product/cache/08ce6ea9b7ea9e423fa7c2e2ae0fab3c/a/p/apple-ipad-air-2017-9-7-2018-9-7-6e-gen-nappe-charge-blanc.jpg";"iPad Air nappe connecteur de charge blanc. ReparMonPhone, principal grossiste en pièces détachées pour mobiles en Europe. Envois gratuits dès 35 euros. Comptes professionnels.";" DIAGNOSTIC DE LA PANNE  Vous avez abîmé ou endommagé votre iPad Air / 2017 9.7"" / 2018 9.7"" (6e Gen) par accident. La nappe Charge de votre smartphone ou tablette Apple ne fonctionne plus.  Heureusement, cette panne est réparable, et cette pièce de qualité vous permet d'en effectuer le dépannage.NOS CONSEILS  Lors de l'achat, il est conseillé de vérifier votre modèle de smartphone/tablette par sa référence plutôt que par son nom. Mais aussi de bien vérifier les versions disponibles qui peuvent changer les spécificités des pièces (attention aux confusions comme SIM / SD ou Power / Volume). Attention à ne pas pincer, déchirer les nappes, ou abîmer les pièces de rechange. Restez vigilant, certaines pièces nécessitent des compétences et un matériel de soudure adéquat.  LES GARANTIES ReparMonPhone  Nos pièces sont testées, pour une durée de vie optimale. Garanties fonctionnelles, pour une réparation sans tracas. Une politique de retours souples et rapides. "
"iPad Air nappe connecteur prise casque jack noir";"1460";"3.78";"EUR";"En stock";"Apple > IPad > iPad Air (2013)";"https://www.pieces2mobile.com/ipad-air-nappe-connecteur-prise-casque-jack-noir.html";"https://www.pieces2mobile.com/media/catalog/product/cache/08ce6ea9b7ea9e423fa7c2e2ae0fab3c/a/p/apple-ipad-air-2017-9-7-2018-9-7-6e-gen-nappe-jack-noir.jpg";"iPad Air nappe connecteur prise casque jack noir. ReparMonPhone, principal grossiste en pièces détachées pour mobiles en Europe. Envois gratuits dès 35 euros. Comptes professionnels.";" DIAGNOSTIC DE LA PANNE  Vous avez abîmé ou endommagé votre iPad Air / 2017 9.7"" / 2018 9.7"" (6e Gen) par accident. La nappe Jack de votre smartphone ou tablette Apple ne fonctionne plus.  Heureusement, cette panne est réparable, et cette pièce de qualité vous permet d'en effectuer le dépannage.NOS CONSEILS  Lors de l'achat, il est conseillé de vérifier votre modèle de smartphone/tablette par sa référence plutôt que par son nom. Mais aussi de bien vérifier les versions disponibles qui peuvent changer les spécificités des pièces (attention aux confusions comme SIM / SD ou Power / Volume). Attention à ne pas pincer, déchirer les nappes, ou abîmer les pièces de rechange. Restez vigilant, certaines pièces nécessitent des compétences et un matériel de soudure adéquat.  LES GARANTIES ReparMonPhone  Nos pièces sont testées, pour une durée de vie optimale. Garanties fonctionnelles, pour une réparation sans tracas. Une politique de retours souples et rapides. "
"iPad Air nappe connecteur prise casque jack blanc";"1461";"4.8";"EUR";"En stock";"Apple > IPad > iPad Air (2013)";"https://www.pieces2mobile.com/ipad-air-nappe-connecteur-prise-casque-jack-blanc.html";"https://www.pieces2mobile.com/media/catalog/product/cache/08ce6ea9b7ea9e423fa7c2e2ae0fab3c/a/p/apple-ipad-air-2017-9-7-2018-9-7-6e-gen-nappe-jack-blanc.jpg";"iPad Air nappe connecteur prise casque jack blanc. ReparMonPhone, principal grossiste en pièces de rechange pour mobiles en Europe. Envois gratuits dès 35 euros. Comptes professionnels.";" DIAGNOSTIC DE LA PANNE  Vous avez abîmé ou endommagé votre iPad Air / 2017 9.7"" / 2018 9.7"" (6e Gen) par accident. La nappe Jack de votre smartphone ou tablette Apple ne fonctionne plus.  Heureusement, cette panne est réparable, et cette pièce de qualité vous permet d'en effectuer le dépannage.NOS CONSEILS  Lors de l'achat, il est conseillé de vérifier votre modèle de smartphone/tablette par sa référence plutôt que par son nom. Mais aussi de bien vérifier les versions disponibles qui peuvent changer les spécificités des pièces (attention aux confusions comme SIM / SD ou Power / Volume). Attention à ne pas pincer, déchirer les nappes, ou abîmer les pièces de rechange. Restez vigilant, certaines pièces nécessitent des compétences et un matériel de soudure adéquat.  LES GARANTIES ReparMonPhone  Nos pièces sont testées, pour une durée de vie optimale. Garanties fonctionnelles, pour une réparation sans tracas. Une politique de retours souples et rapides. "
"Caméra arrière (iSight) iPad Mini 1 / 2 / 3 / Air / 2017 9.7"" / 2018 9.7"" (6e Gen)";"2111";"2.4";"EUR";"En stock";"Apple > IPad > iPad Mini (2012)";"https://www.pieces2mobile.com/camera-arriere-isight-ipad-mini-1-2-3-air.html";"https://www.pieces2mobile.com/media/catalog/product/cache/08ce6ea9b7ea9e423fa7c2e2ae0fab3c/a/p/apple-ipad-air-2017-9-7-2018-9-7-6e-gen-mini-1-2-3-camera-arriere.jpg";"Caméra arrière (iSight) iPad Mini 1 / 2 / 3 / Air / 2017 9.7"" / 2018 9.7"" (6e Gen). ReparMonPhone, principal grossiste en pièces détachées pour mobiles en Europe. Envois gratuits dès 35 euros. Comptes professionnels.";" DIAGNOSTIC DE LA PANNEDepuis quelque temps, la caméra arrière de votre iPad Mini 1 / Mini 2 / Mini 3 / iPad Air / 2017 9.7"" / 2018 9.7"" (6e Gen) ne fonctionne plus correctement.L’objectif de la caméra est abîmé, rayé ou cassé, ce qui vous empêche de prendre des photos nettes ou d’utiliser normalement votre appareil.La caméra arrière de votre smartphone ou tablette Apple ne semble plus capable d’effectuer une mise au point correcte.Vous constatez une perte de qualité d’image, un flou permanent ou un dysfonctionnement lors de l’ouverture de l’appareil photo.Heureusement, cette panne est réparable. Cette caméra arrière de remplacement vous permet d’effectuer une remise en état fiable de votre appareil et de retrouver une prise de vue plus nette et plus stable.NOS CONSEILSLors d’une réparation, évitez de poser la caméra sur une surface aimantée, afin de limiter les risques de dérèglement interne.Ne touchez pas directement l’objectif de la caméra arrière au moment de la mise en place, afin d’éviter les traces, poussières ou micro-rayures.Travaillez sur une surface propre et manipulez la pièce avec précaution pour préserver la qualité optique du composant.Avant le remontage définitif, vérifiez le bon positionnement de la caméra pour garantir une utilisation optimale.LES GARANTIES ReparMonPhoneNos pièces sont testées avec soin pour offrir une qualité constante et une durée de vie optimale.Elles sont garanties fonctionnelles pour permettre une réparation plus sereine.Vous bénéficiez d’une politique de retours souples et rapides.ReparMonPhone accompagne les particuliers comme les professionnels avec des pièces détachées sélectionnées avec exigence."
"Nappe HOME iPad 2017 9.7"" / 2018 9.7"" (6e Gen) Blanc";"4913";"4.33";"EUR";"Rupture / sur commande";"Apple > IPad > iPad 2017 9.7"" (5e Gen.)";"https://www.pieces2mobile.com/nappe-home-ipad-2017-9-7-blanc.html";"https://www.pieces2mobile.com/media/catalog/product/cache/08ce6ea9b7ea9e423fa7c2e2ae0fab3c/a/p/apple-ipad-2017-9-7-2018-9-7-6e-gen-nappe-home-blanc.jpg";"Nappe HOME iPad 2017 9.7"" / 2018 9.7"" (6e Gen) Blanc. ReparMonPhone, principal grossiste en pièces de rechange pour mobiles en Europe. Envois gratuits dès 35 euros. Comptes professionnels.";" DIAGNOSTIC DE LA PANNE  Vous avez abîmé ou endommagé votre iPad 2017 9.7"" / 2018 9.7"" (6e Gen) par accident. La nappe HOME de votre smartphone ou tablette Apple ne fonctionne plus.  Heureusement, cette panne est réparable, et cette pièce de qualité vous permet d'en effectuer le dépannage.NOS CONSEILS  Lors de l'achat, il est conseillé de vérifier votre modèle de smartphone/tablette par sa référence plutôt que par son nom. Mais aussi de bien vérifier les versions disponibles qui peuvent changer les spécificités des pièces (attention aux confusions comme SIM / SD ou Power / Volume). Attention à ne pas pincer, déchirer les nappes, ou abîmer les pièces de rechange. Restez vigilant, certaines pièces nécessitent des compétences et un matériel de soudure adéquat.  LES GARANTIES ReparMonPhone  Nos pièces sont testées, pour une durée de vie optimale. Garanties fonctionnelles, pour une réparation sans tracas. Une politique de retours souples et rapides. "
"Nappe HOME iPad 2017 9.7"" / 2018 9.7"" (6e Gen) Noir";"4861";"4.03";"EUR";"En stock";"Apple > IPad > iPad 2017 9.7"" (5e Gen.)";"https://www.pieces2mobile.com/nappe-home-ipad-2017-9-7-noir.html";"https://www.pieces2mobile.com/media/catalog/product/cache/08ce6ea9b7ea9e423fa7c2e2ae0fab3c/a/p/apple-ipad-2017-9-7-2018-9-7-6e-gen-nappe-home-noir.jpg";"Nappe HOME iPad 2017 9.7"" / 2018 9.7"" (6e Gen) Noir. ReparMonPhone, principal grossiste en pièces de rechange pour mobiles en Europe. Envois gratuits dès 35 euros. Comptes professionnels.";" DIAGNOSTIC DE LA PANNE  Vous avez abîmé ou endommagé votre iPad 2017 9.7"" / 2018 9.7"" (6e Gen) par accident. La nappe HOME de votre smartphone ou tablette Apple ne fonctionne plus.  Heureusement, cette panne est réparable, et cette pièce de qualité vous permet d'en effectuer le dépannage.NOS CONSEILS  Lors de l'achat, il est conseillé de vérifier votre modèle de smartphone/tablette par sa référence plutôt que par son nom. Mais aussi de bien vérifier les versions disponibles qui peuvent changer les spécificités des pièces (attention aux confusions comme SIM / SD ou Power / Volume). Attention à ne pas pincer, déchirer les nappes, ou abîmer les pièces de rechange. Restez vigilant, certaines pièces nécessitent des compétences et un matériel de soudure adéquat.  LES GARANTIES ReparMonPhone  Nos pièces sont testées, pour une durée de vie optimale. Garanties fonctionnelles, pour une réparation sans tracas. Une politique de retours souples et rapides. "
"Nappe lecteur SIM iPad Air";"3256";"4.8";"EUR";"En stock";"Apple > IPad > iPad Air (2013)";"https://www.pieces2mobile.com/nappe-lecteur-sim-ipad-air.html";"https://www.pieces2mobile.com/media/catalog/product/cache/08ce6ea9b7ea9e423fa7c2e2ae0fab3c/a/p/apple-ipad-air-2017-9-7-2018-9-7-6e-gen-nappe-sim.jpg";"Nappe lecteur SIM iPad Air. ReparMonPhone, principal grossiste en pièces de rechange pour mobiles en Europe. Envois gratuits dès 35 euros. Comptes professionnels.";" DIAGNOSTIC DE LA PANNE  Vous avez abîmé ou endommagé votre iPad Air / 2017 9.7"" / 2018 9.7"" (6e Gen) par accident. La nappe SIM de votre smartphone ou tablette Apple ne fonctionne plus.  Heureusement, cette panne est réparable, et cette pièce de qualité vous permet d'en effectuer le dépannage.NOS CONSEILS  Lors de l'achat, il est conseillé de vérifier votre modèle de smartphone/tablette par sa référence plutôt que par son nom. Mais aussi de bien vérifier les versions disponibles qui peuvent changer les spécificités des pièces (attention aux confusions comme SIM / SD ou Power / Volume). Attention à ne pas pincer, déchirer les nappes, ou abîmer les pièces de rechange. Restez vigilant, certaines pièces nécessitent des compétences et un matériel de soudure adéquat.  LES GARANTIES ReparMonPhone  Nos pièces sont testées, pour une durée de vie optimale. Garanties fonctionnelles, pour une réparation sans tracas. Une politique de retours souples et rapides. "
"Nappe Micro iPad Air / 2017 9.7"" / 2018 9.7"" (6e Gen)";"3257";"4.8";"EUR";"En stock";"Apple > IPad > iPad Air (2013)";"https://www.pieces2mobile.com/nappe-micro-ipad-air.html";"https://www.pieces2mobile.com/media/catalog/product/cache/08ce6ea9b7ea9e423fa7c2e2ae0fab3c/a/p/apple-ipad-air-2017-9-7-2018-9-7-6e-gen-nappe-micro.jpg";"Nappe Micro iPad Air / 2017 9.7"" / 2018 9.7"" (6e Gen). ReparMonPhone, principal grossiste en pièces de rechange pour mobiles en Europe. Envois gratuits dès 35 euros. Comptes professionnels.";" DIAGNOSTIC DE LA PANNE  Vous avez abîmé ou endommagé votre iPad Air / 2017 9.7"" / 2018 9.7"" (6e Gen) par accident. La nappe micro de votre smartphone ou tablette Apple ne fonctionne plus.  Heureusement, cette panne est réparable, et cette pièce de qualité vous permet d'en effectuer le dépannage.NOS CONSEILS  Lors de l'achat, il est conseillé de vérifier votre modèle de smartphone/tablette par sa référence plutôt que par son nom. Mais aussi de bien vérifier les versions disponibles qui peuvent changer les spécificités des pièces (attention aux confusions comme SIM / SD ou Power / Volume). Attention à ne pas pincer, déchirer les nappes, ou abîmer les pièces de rechange. Restez vigilant, certaines pièces nécessitent des compétences et un matériel de soudure adéquat.  LES GARANTIES ReparMonPhone  Nos pièces sont testées, pour une durée de vie optimale. Garanties fonctionnelles, pour une réparation sans tracas. Une politique de retours souples et rapides. "
"Antenne GPS iPad Air / 2017 9.7"" / 2018 9.7"" (6e Gen)";"4246";"1.15";"EUR";"En stock";"Apple > IPad > iPad Air (2013)";"https://www.pieces2mobile.com/antenne-gps-ipad-air.html";"https://www.pieces2mobile.com/media/catalog/product/cache/08ce6ea9b7ea9e423fa7c2e2ae0fab3c/a/p/apple-ipad-air-2017-9-7-2018-9-7-6e-gen-antenne-gps.jpg";"Antenne GPS iPad Air / 2017 9.7"" / 2018 9.7"" (6e Gen). ReparMonPhone, principal grossiste en pièces détachées pour mobiles en Europe. Envois gratuits dès 35 euros. Comptes professionnels.";" DIAGNOSTIC DE LA PANNE  Vous avez abîmé ou endommagé votre iPad Air / 2017 9.7"" / 2018 9.7"" (6e Gen) par accident. L'antenne GPS de votre smartphone ou tablette Apple ne fonctionne plus.  Heureusement, cette panne est réparable, et cette pièce de qualité vous permet d'en effectuer le dépannage.NOS CONSEILS  Lors de l'achat, il est conseillé de vérifier votre modèle de smartphone/tablette par sa référence plutôt que par son nom. Mais aussi de bien vérifier les versions disponibles qui peuvent changer les spécificités des pièces (attention aux confusions comme SIM / SD ou Power / Volume). Attention à ne pas pincer, déchirer les nappes, ou abîmer les pièces de rechange. Restez vigilant, certaines pièces nécessitent des compétences et un matériel de soudure adéquat.  LES GARANTIES ReparMonPhone  Nos pièces sont testées, pour une durée de vie optimale. Garanties fonctionnelles, pour une réparation sans tracas. Une politique de retours souples et rapides. "
"Antenne 3G (Droite) iPad Air / 2017 9.7"" / 2018 9.7"" (6e Gen)";"4245";"7.2";"EUR";"En stock";"Apple > IPad > iPad Air (2013)";"https://www.pieces2mobile.com/antenne-3g-droite-ipad-air.html";"https://www.pieces2mobile.com/media/catalog/product/cache/08ce6ea9b7ea9e423fa7c2e2ae0fab3c/a/p/apple-ipad-air-2017-9-7-2018-9-7-6e-gen-antenne-droite.jpg";"Antenne 3G (Droite) iPad Air / 2017 9.7"" / 2018 9.7"" (6e Gen). ReparMonPhone, principal grossiste en pièces détachées pour mobiles en Europe. Envois gratuits dès 35 euros. Comptes professionnels.";" DIAGNOSTIC DE LA PANNE  Vous avez abîmé ou endommagé votre iPad Air / 2017 9.7"" / 2018 9.7"" (6e Gen) par accident. L'antenne 3G, de droite de votre smartphone ou tablette Apple ne fonctionne plus.  Heureusement, cette panne est réparable, et cette pièce de qualité vous permet d'en effectuer le dépannage.NOS CONSEILS  Lors de l'achat, il est conseillé de vérifier votre modèle de smartphone/tablette par sa référence plutôt que par son nom. Mais aussi de bien vérifier les versions disponibles qui peuvent changer les spécificités des pièces (attention aux confusions comme SIM / SD ou Power / Volume). Attention à ne pas pincer, déchirer les nappes, ou abîmer les pièces de rechange. Restez vigilant, certaines pièces nécessitent des compétences et un matériel de soudure adéquat.  LES GARANTIES ReparMonPhone  Nos pièces sont testées, pour une durée de vie optimale. Garanties fonctionnelles, pour une réparation sans tracas. Une politique de retours souples et rapides. "
"Antenne 3G (Gauche) iPad Air / 2017 9.7"" / 2018 9.7"" (6e Gen)";"4244";"7.2";"EUR";"En stock";"Apple > IPad > iPad Air (2013)";"https://www.pieces2mobile.com/antenne-3g-gauche-ipad-air.html";"https://www.pieces2mobile.com/media/catalog/product/cache/08ce6ea9b7ea9e423fa7c2e2ae0fab3c/a/p/apple-ipad-air-2017-9-7-2018-9-7-6e-gen-antenne-gauche.jpg";"Antenne 3G (Gauche) iPad Air / 2017 9.7"" / 2018 9.7"" (6e Gen). ReparMonPhone, principal grossiste en pièces de rechange pour mobiles en Europe. Envois gratuits dès 35 euros. Comptes professionnels.";" DIAGNOSTIC DE LA PANNE  Vous avez abîmé ou endommagé votre iPad Air / 2017 9.7"" / 2018 9.7"" (6e Gen) par accident. L'antenne 3G, de gauche de votre smartphone ou tablette Apple ne fonctionne plus.  Heureusement, cette panne est réparable, et cette pièce de qualité vous permet d'en effectuer le dépannage.NOS CONSEILS  Lors de l'achat, il est conseillé de vérifier votre modèle de smartphone/tablette par sa référence plutôt que par son nom. Mais aussi de bien vérifier les versions disponibles qui peuvent changer les spécificités des pièces (attention aux confusions comme SIM / SD ou Power / Volume). Attention à ne pas pincer, déchirer les nappes, ou abîmer les pièces de rechange. Restez vigilant, certaines pièces nécessitent des compétences et un matériel de soudure adéquat.  LES GARANTIES ReparMonPhone  Nos pièces sont testées, pour une durée de vie optimale. Garanties fonctionnelles, pour une réparation sans tracas. Une politique de retours souples et rapides. "
"Tiroir SIM iPad Mini 1 / Mini 2 / Air / Air 2 / 2017 9.7"" / 2018 9.7"" (6e Gen) Argent";"3255";"2.4";"EUR";"En stock";"Apple > IPad > iPad Mini (2012)";"https://www.pieces2mobile.com/tiroir-sim-ipad-mini-1-mini-2-air-air-2-argent.html";"https://www.pieces2mobile.com/media/catalog/product/cache/08ce6ea9b7ea9e423fa7c2e2ae0fab3c/a/p/apple-ipad-mini-1-2-air-2-2017-9-7-2018-9-7-6e-gen-tiroir-sim-argent.jpg";"Tiroir SIM iPad Mini 1 / Mini 2 / Air / Air 2 / 2017 9.7"" / 2018 9.7"" (6e Gen) Argent. ReparMonPhone, principal grossiste en pièces de rechange pour mobiles en Europe. Envois gratuits dès 35 euros. Comptes professionnels.";" DIAGNOSTIC DE LA PANNE  Vous avez abîmé ou endommagé votre iPad Mini 1 / Mini 2 / Air / Air 2 / 2017 9.7"" / 2018 9.7"" (6e Gen) par accident. Le tiroir SIM de votre smartphone ou tablette Apple ne fonctionne plus.  Heureusement, cette panne est réparable, et cette pièce de qualité vous permet d'en effectuer le dépannage.NOS CONSEILS  Lors de l'achat, il est conseillé de vérifier votre modèle de smartphone/tablette par sa référence plutôt que par son nom. Mais aussi de bien vérifier les versions disponibles qui peuvent changer les spécificités des pièces (attention aux confusions comme SIM / SD ou Power / Volume). Attention à ne pas pincer, déchirer les nappes, ou abîmer les pièces de rechange. Restez vigilant, certaines pièces nécessitent des compétences et un matériel de soudure adéquat.  LES GARANTIES ReparMonPhone  Nos pièces sont testées, pour une durée de vie optimale. Garanties fonctionnelles, pour une réparation sans tracas. Une politique de retours souples et rapides. "
"WiFi IC 339S00446 iPad 2018 9.7"" (6e Génération)";"14227";"14.4";"EUR";"En stock";"Apple > IPad > iPad 2018 9.7"" (6e Gen.)";"https://www.pieces2mobile.com/wifi-ic-339s00446-ipad-2018-9-7-6e-generation.html";"https://www.pieces2mobile.com/media/catalog/product/cache/08ce6ea9b7ea9e423fa7c2e2ae0fab3c/w/i/wifi-ic-339s00446-ipad-2018-9.7-6e-generation.jpg";"WiFi IC 339S00446 iPad 2018 9.7"" (6e Génération). ReparMonPhone, principal grossiste en pièces de rechange pour mobiles en Europe. Envois gratuits dès 35 euros. Comptes professionnels.";" DIAGNOSTIC DE LA PANNE  Vous avez abîmé ou endommagé votre iPad 2018 9.7"" (6e Génération) par accident. Le composant IC de votre smartphone ou tablette Apple ne fonctionne plus.  Heureusement, cette panne est réparable, et cette pièce de qualité vous permet d'en effectuer le dépannage.NOS CONSEILS  Lors de l'achat, il est conseillé de vérifier votre modèle de smartphone/tablette par sa référence plutôt que par son nom. Mais aussi de bien vérifier les versions disponibles qui peuvent changer les spécificités des pièces (attention aux confusions comme SIM / SD ou Power / Volume). Attention à ne pas pincer, déchirer les nappes, ou abîmer les pièces de rechange. Restez vigilant, certaines pièces nécessitent des compétences et un matériel de soudure adéquat.  LES GARANTIES ReparMonPhone  Nos pièces sont testées, pour une durée de vie optimale. Garanties fonctionnelles, pour une réparation sans tracas. Une politique de retours souples et rapides. "
"Tiroir SIM iPad Air / Air 2 / 2017 9.7"" / 2018 9.7"" (6e Gen) Gris Sidéral";"5949";"5";"EUR";"En stock";"Apple > IPad > iPad Air (2013)";"https://www.pieces2mobile.com/tiroir-sim-ipad-air-air-2-gris-sideral.html";"https://www.pieces2mobile.com/media/catalog/product/cache/08ce6ea9b7ea9e423fa7c2e2ae0fab3c/a/p/apple-ipad-air-2-2017-9-7-2018-9-7-6e-gen-tiroir-sim-gris-sideral.jpg";"Tiroir SIM iPad Air / Air 2 / 2017 9.7"" / 2018 9.7"" (6e Gen) Gris Sidéral. ReparMonPhone, principal grossiste en pièces détachées pour mobiles en Europe. Envois gratuits dès 35 euros. Comptes professionnels.";" DIAGNOSTIC DE LA PANNE  Vous avez abîmé ou endommagé votre iPad Air / Air 2 / 2017 9.7"" / 2018 9.7"" (6e Gen) par accident. Le tiroir SIM de votre smartphone ou tablette Apple ne fonctionne plus.  Heureusement, cette panne est réparable, et cette pièce de qualité vous permet d'en effectuer le dépannage.NOS CONSEILS  Lors de l'achat, il est conseillé de vérifier votre modèle de smartphone/tablette par sa référence plutôt que par son nom. Mais aussi de bien vérifier les versions disponibles qui peuvent changer les spécificités des pièces (attention aux confusions comme SIM / SD ou Power / Volume). Attention à ne pas pincer, déchirer les nappes, ou abîmer les pièces de rechange. Restez vigilant, certaines pièces nécessitent des compétences et un matériel de soudure adéquat.  LES GARANTIES ReparMonPhone  Nos pièces sont testées, pour une durée de vie optimale. Garanties fonctionnelles, pour une réparation sans tracas. Une politique de retours souples et rapides. "
"Câble Apple Lightning vers USB (1M) MD818ZM/A Blanc Origine";"933";"8.4";"EUR";"Rupture / sur commande";"Apple > iPhone > iPhone 5 (A1428 / A1429 / A1442)";"https://www.pieces2mobile.com/cable-lightning-vers-usb-1m-md818zm-a-apple-origine.html";"https://www.pieces2mobile.com/media/catalog/product/cache/08ce6ea9b7ea9e423fa7c2e2ae0fab3c/p/s/psd_6.jpg";"Câble Apple Lightning vers USB (1M) MD818ZM/A Blanc Origine. ReparMonPhone, principal grossiste en pièces de rechange pour mobiles en Europe. Envois gratuits dès 35 euros. Comptes professionnels.";"Câble Apple Lightning vers USB (1M) MD818ZM/A Blanc Origine - L'Essentiel pour vos Appareils Apple
Ce câble Apple Lightning vers USB est l'accessoire indispensable pour vos appareils Apple. Avec sa longueur de 1 mètre, il offre la combinaison parfaite de commodité et d'efficacité pour la recharge et la synchronisation de vos appareils.

Fonctionnalités et Compatibilité

  Polyvalent et Pratique : Conçu pour connecter vos appareils Apple dotés d'un port Lightning au port USB de votre ordinateur, ce câble permet une synchronisation et une recharge rapides. Il est également compatible avec l'adaptateur secteur USB Apple pour une recharge facile depuis une prise murale.
  Compatibilité Étendue : Ce câble est compatible avec une large gamme de produits Apple, y compris les derniers modèles d'iPhone (de l'iPhone 5 jusqu'à l'iPhone 14), iPad, iPod touch, et même certains modèles de Mac et AirPods. Sa polyvalence le rend idéal pour presque tous les utilisateurs d'Apple.
  Conception de Qualité : Robuste et durable, ce câble résiste à l'usure quotidienne. Sa conception réversible facilite son utilisation, vous permettant de le brancher dans n'importe quelle direction.


Avantages Clés

  Fiabilité Apple : En tant que produit d'origine Apple, il garantit une performance et une qualité optimales, adaptées à vos appareils.
  Facilité d'Usage : La longueur de 1 mètre du câble offre une flexibilité suffisante pour une utilisation confortable au bureau, à la maison, ou en déplacement.
  Design Élégant : Son esthétique élégante et son fini blanc s'intègrent parfaitement à l'écosystème de produits Apple.

Ce câble Apple Lightning vers USB est l'accessoire idéal pour assurer que vos appareils Apple restent chargés et synchronisés, avec la fiabilité et la qualité que vous attendez d'Apple.



  .custom-table {
    font-family: Arial, sans-serif;
    border-collapse: collapse;
    width: 100%;
  }

  .custom-table th,
  .custom-table td {
    border: 1px solid #dddddd;
    text-align: left;
    padding: 8px;
  }

  .custom-table th {
    background-color: #f2f2f2;
  }


Compatibilité du Câble Apple Lightning vers USB


  
    Type de Produit
    Modèles Compatibles
  
  
    iPhone
    iPhone 14 Pro, 14 Pro Max, 14, 14 Plus, 13 Pro, 13 Pro Max, 13 mini, 13, SE (3ᵉ génération), 12 Pro, 12 Pro Max, 12 mini, 12, 11 Pro, 11 Pro Max, 11, SE (2ᵉ génération), XS, XS Max, XR, X, 8, 8 Plus, 7, 7 Plus, 6s, 6s Plus, 6, 6 Plus, SE (1ʳᵉ génération), 5s, 5c, 5
  
  
    iPad
    iPad Pro 12,9 pouces (2ᵉ, 1ʳᵉ génération), iPad Pro 10,5 pouces, iPad Pro 9,7 pouces, iPad Air (3ᵉ, 2ᵉ, 1ʳᵉ génération), iPad (9ᵉ, 8ᵉ, 7ᵉ, 6ᵉ, 5ᵉ, 4ᵉ génération), iPad mini (5ᵉ, 4, 3, 2, 1ʳᵉ génération)
  
  
    Mac
    MacBook Air (13 pouces, début 2015 à 2017), MacBook Air (11 pouces, début 2015), MacBook Pro (Retina, 13 pouces, fin 2012 à 2015), MacBook Pro (Retina, 15 pouces, mi-2012 à 2015), iMac (Retina 4K, 21,5 pouces, 2019), iMac (Retina 4K, 21,5 pouces, 2017), iMac (Retina 4K, 21,5 pouces, fin 2015), iMac (Retina 5K, 27 pouces, 2019 - 2020), iMac (Retina 5K, 27 pouces, 2017), iMac (Retina 5K, 27 pouces, fin 2014 à 2015), iMac Pro (2017), Mac Studio (2022), Mac mini (M1, 2020), Mac mini (2018), Mac mini (fin 2014), Mac Pro (2019), Mac Pro (fin 2013)
  
  
    iPod
    iPod touch (7ᵉ, 6ᵉ, 5ᵉ génération), iPod nano (7ᵉ génération)
  
  
    AirPods
    AirPods Pro (2ᵉ, 1ʳᵉ génération) avec Boîtier de charge MagSafe (Lightning), AirPods (3ᵉ génération) avec Boîtier de charge MagSafe, AirPods (3ᵉ génération) avec Boîtier de charge Lightning, AirPods avec boîtier de charge sans fil (2ᵉ génération), AirPods (2ᵉ génération), AirPods Max, AirPods (1ʳᵉ génération), Boîtier de charge sans fil pour AirPods
  
"
"Adhésif pour vitre tactile iPad Air Original";"3276";"3.22";"EUR";"En stock";"Apple > IPad > iPad Air (2013)";"https://www.pieces2mobile.com/adhesif-pour-vitre-tactile-ipad-air-original.html";"https://www.pieces2mobile.com/media/catalog/product/cache/08ce6ea9b7ea9e423fa7c2e2ae0fab3c/a/d/adhesivo-original-para-cristal-t_ctil-ipad-air_2_.jpg";"Adhésif pour vitre tactile iPad Air Original. ReparMonPhone, principal grossiste en pièces de rechange pour mobiles en Europe. Envois gratuits dès 35 euros. Comptes professionnels.";" DIAGNOSTIC DE LA PANNE  Vous prévoyez de réparer la partie avant de votre iPad Air / iPad 2018 9.7"" (6e Gen), il vous faudra donc recoller la vitre tactile de ce dernier. L'adhésif avant de la vitre tactile de votre smartphone ou tablette Apple n'adhère plus et se décolle.  Heureusement, cette panne est réparable, et cet adhésif avant de qualité, vous permet d'en effectuer le dépannage.NOS CONSEILS  Avant d'utiliser l'adhésif et de coller un écran ou une vitre, il est toujours préférable de tester la pièce remplacée en amont, pour écarter tout incident.  LES GARANTIES ReparMonPhone  Nos pièces sont testées, pour une durée de vie optimale. Garanties fonctionnelles, pour une réparation sans tracas. Une politique de retours souples et rapides. "
"Verre trempé iPad Air / Air 2 / 2017 9.7"" / 2018 9.7""";"4898";"9.6";"EUR";"En stock";"Apple > IPad > iPad Air (2013)";"https://www.pieces2mobile.com/verre-trempe-ipad-air-air-2-2017-9-7.html";"https://www.pieces2mobile.com/media/catalog/product/cache/08ce6ea9b7ea9e423fa7c2e2ae0fab3c/t/e/tempered-glass_ipad.jpg";"Verre trempé iPad Air / Air 2 / 2017 9.7"" / 2018 9.7"". ReparMonPhone, principal grossiste en pièces détachées pour mobiles en Europe. Envois gratuits dès 35 euros. Comptes professionnels.";"La photo est non contractuelle, la forme peut changer en fonction du modèle de smartphone (emplacement caméra, etc...), seule l'apparence demeure.CARACTÉRISTIQUESCompatible : Apple iPad Air / Air 2 / 2017 9.7"" / 2018 9.7""Inclus : Le verre trempé de protectionAvec : Technologie 2.5D (Polissage des angles et côtés du verre)Intégrale : NonConfidentiel : NonCouleur : TransparentÉpaisseur : 0.3 mm"
"Housse Grainé Mercury iPad Air / Air 2 / Pro 9.7"" / iPad 9.7"" Noir";"10487";"12";"EUR";"Rupture / sur commande";"Apple > IPad > iPad Air (2013)";"https://www.pieces2mobile.com/housse-graine-mercury-ipad-air-ipad-2017-9-7-noir.html";"https://www.pieces2mobile.com/media/catalog/product/cache/08ce6ea9b7ea9e423fa7c2e2ae0fab3c/m/e/mercury-tab-noir-grain_3_1_2.jpg";"Housse Grainé Mercury iPad Air / Air 2 / Pro 9.7"" / iPad 9.7"" Noir. ReparMonPhone, principal grossiste en pièces de rechange pour mobiles en Europe. Envois gratuits dès 35 euros. Comptes professionnels.";"La photo est non contractuelle, la forme peut changer en fonction du modèle de smartphone (emplacement caméra, etc...), seule l'apparence demeure.CARACTÉRISTIQUESCompatible : Apple iPad Air / iPad Air 2 / iPad Pro 9.7"" / iPad 2016 9.7"" / iPad 2017 9.7"" / iPad 2018 9.7""Inclus : La housse de protectionAvec : Attache dragonne, Ouverture Caméra, Ouverture Charge, Ouverture Écouteur, Ouverture Jack, Rabat magnétique, Rangement porte-cartes, Structure thermo-mouléeMarque : MercuryModèle : /Couleur externe : NoirCouleur interne : NoirTexture : GrainéMatière : Extérieur Simili-cuir / Intérieur Silicone semi-rigideType : /"
"Vitre tactile iPad Air / iPad 2017 9.7"" Noir";"1456";"4.8";"EUR";"En stock";"Apple > IPad > iPad Air (2013)";"https://www.pieces2mobile.com/vitre-tactile-ipad-air-ipad-2017-9-7-noir.html";"https://www.pieces2mobile.com/media/catalog/product/cache/08ce6ea9b7ea9e423fa7c2e2ae0fab3c/a/p/apple-ipad-air-ipad-2017-9-7-tactile-noir-generique.jpg";"Vitre tactile iPad Air / iPad 2017 9.7"" Noir. ReparMonPhone, principal grossiste en pièces de rechange pour mobiles en Europe. Envois gratuits dès 35 euros. Comptes professionnels.";" DIAGNOSTIC DE LA PANNE  Par accident, la vitre tactile de votre iPad Air / iPad 2017 9.7"" est abîmée, rayée, fissurée ou cassée. La vitre tactile de votre smartphone ou tablette Apple n'adhère plus ou se décolle.  Heureusement, cette panne est réparable, et cette vitre tactile de qualité vous permet d'en effectuer le dépannage.NOS CONSEILS  Lors de l'achat, il est conseillé de vérifier votre modèle de smartphone/tablette par sa référence plutôt que par son nom. Attention à ne pas pincer ou déchirer les nappes présentes sur la vitre, et donc de les endommager. Pour la pose d'une vitre sans adhésif, pensez à utiliser le bon type de colle (ex: colle B7000 110 ml, ou colle B 7000 50 ml).  LES GARANTIES ReparMonPhone  Nos pièces sont testées, pour une durée de vie optimale. Garanties fonctionnelles, pour une réparation sans tracas. Une politique de retours souples et rapides. º"
"Vitre tactile iPad Air / iPad 2017 9.7"" Blanc";"1457";"4.8";"EUR";"Rupture / sur commande";"Apple > IPad > iPad Air (2013)";"https://www.pieces2mobile.com/vitre-tactile-ipad-air-ipad-2017-9-7-blanc.html";"https://www.pieces2mobile.com/media/catalog/product/cache/08ce6ea9b7ea9e423fa7c2e2ae0fab3c/a/p/apple-ipad-air-ipad-2017-9-7-tactile-blanc-generique.jpg";"Vitre tactile iPad Air / iPad 2017 9.7"" Blanc. ReparMonPhone, principal grossiste en pièces de rechange pour mobiles en Europe. Envois gratuits dès 35 euros. Comptes professionnels.";" DIAGNOSTIC DE LA PANNE  Par accident, la vitre tactile de votre iPad Air / iPad 2017 9.7"" est abîmée, rayée, fissurée ou cassée. La vitre tactile de votre smartphone ou tablette Apple n'adhère plus ou se décolle.  Heureusement, cette panne est réparable, et cette vitre tactile de qualité vous permet d'en effectuer le dépannage.NOS CONSEILS  Lors de l'achat, il est conseillé de vérifier votre modèle de smartphone/tablette par sa référence plutôt que par son nom. Attention à ne pas pincer ou déchirer les nappes présentes sur la vitre, et donc de les endommager. Pour la pose d'une vitre sans adhésif, pensez à utiliser le bon type de colle (ex: colle B7000 110 ml, ou colle B 7000 50 ml).  LES GARANTIES ReparMonPhone  Nos pièces sont testées, pour une durée de vie optimale. Garanties fonctionnelles, pour une réparation sans tracas. Une politique de retours souples et rapides. º"
"Vitre tactile iPad Air / iPad 2017 9.7"" Noir Origine";"7710";"9.6";"EUR";"Rupture / sur commande";"Apple > IPad > iPad Air (2013)";"https://www.pieces2mobile.com/vitre-tactile-ipad-air-ipad-2017-9-7-noir-origine.html";"https://www.pieces2mobile.com/media/catalog/product/cache/08ce6ea9b7ea9e423fa7c2e2ae0fab3c/a/p/apple-ipad-air-ipad-2017-9-7-tactile-noir-origine.jpg";"Vitre tactile iPad Air / iPad 2017 9.7"" Noir Origine. ReparMonPhone, principal grossiste en pièces détachées pour mobiles en Europe. Envois gratuits dès 35 euros. Comptes professionnels.";" DIAGNOSTIC DE LA PANNE  Par accident, la vitre tactile de votre iPad Air / iPad 2017 9.7"" est abîmée, rayée, fissurée ou cassée. La vitre tactile de votre smartphone ou tablette Apple n'adhère plus ou se décolle.  Heureusement, cette panne est réparable, et cette vitre tactile de qualité vous permet d'en effectuer le dépannage.NOS CONSEILS  Lors de l'achat, il est conseillé de vérifier votre modèle de smartphone/tablette par sa référence plutôt que par son nom. Attention à ne pas pincer ou déchirer les nappes présentes sur la vitre, et donc de les endommager. Pour la pose d'une vitre sans adhésif, pensez à utiliser le bon type de colle (ex: colle B7000 110 ml, ou colle B 7000 50 ml).  LES GARANTIES ReparMonPhone  Nos pièces sont testées, pour une durée de vie optimale. Garanties fonctionnelles, pour une réparation sans tracas. Une politique de retours souples et rapides. º"
"Afficheur LCD iPad Air / iPad 2017 9.7""";"1455";"37.92";"EUR";"En stock";"Apple > IPad > iPad Air (2013)";"https://www.pieces2mobile.com/afficheur-lcd-ipad-air-ipad-2017-9-7.html";"https://www.pieces2mobile.com/media/catalog/product/cache/08ce6ea9b7ea9e423fa7c2e2ae0fab3c/a/p/apple-ipad-air-ipad-2017-9-7-lcd.jpg";"Afficheur LCD iPad Air / iPad 2017 9.7"". ReparMonPhone, principal grossiste en pièces de rechange pour mobiles en Europe. Envois gratuits dès 35 euros. Comptes professionnels.";" DIAGNOSTIC DE LA PANNE  L'affichage de votre iPad Air / iPad 2017 9.7"" reste inexistant ou totalement noir. Vous avez abîmé, rayé, fissuré ou cassé votre afficheur LCD par accident. L'écran, l'afficheur LCD ou la vitre tactile de votre smartphone ou tablette Apple ne fonctionne plus.  Heureusement, cette panne est réparable, et cet afficheur LCD de qualité vous permet d'en effectuer le dépannage.NOS CONSEILS  Lors de l'achat, il est conseillé de verifier votre modèle de smartphone/tablette par sa référence plutôt que par son nom. Avant toute réparation, un test de l'écran (non monté) est impératif afin de prévenir un éventuel problème lié au dit écran. Attention à ne pas pincer ou déchirer les nappes présentes sur l'écran, et donc de les endommager. Si vous fixer un écran simple sur son châssis pensez à bien nettoyer ce dernier. En effet, les petits débris pourront le casser à nouveau, et les poussières empêcheront une bonne fixation de votre écran.  LES GARANTIES ReparMonPhone  Nos pièces sont testées, pour une durée de vie optimale. Garanties fonctionnelles, pour une réparation sans tracas. Une politique de retours souples et rapides. "
"Vitre tactile iPad Air / iPad 2017 9.7"" Blanc Origine";"7738";"12.6";"EUR";"En stock";"Apple > IPad > iPad Air (2013)";"https://www.pieces2mobile.com/vitre-tactile-ipad-air-ipad-2017-9-7-blanc-origine.html";"https://www.pieces2mobile.com/media/catalog/product/cache/08ce6ea9b7ea9e423fa7c2e2ae0fab3c/v/i/vitre-tactile-ipad-air--ipad-2017-9.7-blanc-origine.jpg";"Vitre tactile iPad Air / iPad 2017 9.7"" Blanc Origine. ReparMonPhone, principal grossiste en pièces détachées pour mobiles en Europe. Envois gratuits dès 35 euros. Comptes professionnels.";" DIAGNOSTIC DE LA PANNE  Par accident, la vitre tactile de votre iPad Air / iPad 2017 9.7"" est abîmée, rayée, fissurée ou cassée. La vitre tactile de votre smartphone ou tablette Apple n'adhère plus ou se décolle.  Heureusement, cette panne est réparable, et cette vitre tactile de qualité vous permet d'en effectuer le dépannage.NOS CONSEILS  Lors de l'achat, il est conseillé de vérifier votre modèle de smartphone/tablette par sa référence plutôt que par son nom. Attention à ne pas pincer ou déchirer les nappes présentes sur la vitre, et donc de les endommager. Pour la pose d'une vitre sans adhésif, pensez à utiliser le bon type de colle (ex: colle B7000 110 ml, ou colle B 7000 50 ml).  LES GARANTIES ReparMonPhone  Nos pièces sont testées, pour une durée de vie optimale. Garanties fonctionnelles, pour une réparation sans tracas. Une politique de retours souples et rapides. º"
"Nappe Power / Volume iPad Air / 2017 9.7"" / iPad Mini / Mini 2";"1904";"2.4";"EUR";"En stock";"Apple > IPad > iPad Mini (2012)";"https://www.pieces2mobile.com/nappe-power-volume-ipad-air-ipad-mini-mini-2.html";"https://www.pieces2mobile.com/media/catalog/product/cache/08ce6ea9b7ea9e423fa7c2e2ae0fab3c/a/p/apple-ipad-air-2017-9-7-2018-9-7-6e-gen-mini-nappe-power-volume.jpg";"Nappe Power / Volume iPad Air / 2017 9.7"" / iPad Mini / Mini 2. ReparMonPhone, principal grossiste en pièces de rechange pour mobiles en Europe. Envois gratuits dès 35 euros. Comptes professionnels.";" DIAGNOSTIC DE LA PANNE  Vous avez abîmé ou endommagé votre iPad Air / 2017 9.7""  / iPad Mini 1 / Mini 2 par accident. La nappe Power de votre smartphone ou tablette Apple ne fonctionne plus.  Heureusement, cette panne est réparable, et cette pièce de qualité vous permet d'en effectuer le dépannage.NOS CONSEILS  Lors de l'achat, il est conseillé de vérifier votre modèle de smartphone/tablette par sa référence plutôt que par son nom. Mais aussi de bien vérifier les versions disponibles qui peuvent changer les spécificités des pièces (attention aux confusions comme SIM / SD ou Power / Volume). Attention à ne pas pincer, déchirer les nappes, ou abîmer les pièces de rechange. Restez vigilant, certaines pièces nécessitent des compétences et un matériel de soudure adéquat.  LES GARANTIES ReparMonPhone  Nos pièces sont testées, pour une durée de vie optimale. Garanties fonctionnelles, pour une réparation sans tracas. Une politique de retours souples et rapides. "
"WiFi IC 339S00249 iPad pro 10.5"" / iPad 2017 9.7""";"14228";"24";"EUR";"En stock";"Apple > IPad > iPad 2017 9.7"" (5e Gen.)";"https://www.pieces2mobile.com/wifi-ic-339s00249-ipad-pro-10-5-ipad-2017-9-7.html";"https://www.pieces2mobile.com/media/catalog/product/cache/08ce6ea9b7ea9e423fa7c2e2ae0fab3c/w/i/wifi-ic-339s00249-ipad-pro-10.5-ipad-2017-9.7.jpg";"WiFi IC 339S00249 iPad pro 10.5"" / iPad 2017 9.7"". ReparMonPhone, principal grossiste en pièces de rechange pour mobiles en Europe. Envois gratuits dès 35 euros. Comptes professionnels.";" DIAGNOSTIC DE LA PANNE  Vous avez abîmé ou endommagé votre iPad pro 10.5"" / iPad 2017 9.7"" par accident. Le composant IC de votre smartphone ou tablette Apple ne fonctionne plus.  Heureusement, cette panne est réparable, et cette pièce de qualité vous permet d'en effectuer le dépannage.NOS CONSEILS  Lors de l'achat, il est conseillé de vérifier votre modèle de smartphone/tablette par sa référence plutôt que par son nom. Mais aussi de bien vérifier les versions disponibles qui peuvent changer les spécificités des pièces (attention aux confusions comme SIM / SD ou Power / Volume). Attention à ne pas pincer, déchirer les nappes, ou abîmer les pièces de rechange. Restez vigilant, certaines pièces nécessitent des compétences et un matériel de soudure adéquat.  LES GARANTIES ReparMonPhone  Nos pièces sont testées, pour une durée de vie optimale. Garanties fonctionnelles, pour une réparation sans tracas. Une politique de retours souples et rapides. "
"Coque Renforcée Pepkoo iPad 9.7 (6ème Gen) / (5ème Gen) / Air 2 / Air 1 Noir";"8610";"15.76";"EUR";"En stock";"Apple > IPad > iPad Air (2013)";"https://www.pieces2mobile.com/coque-renforcee-pepko-ipad-air-ipad-2017-ipad-2018-noir.html";"https://www.pieces2mobile.com/media/catalog/product/cache/08ce6ea9b7ea9e423fa7c2e2ae0fab3c/c/o/coque-renforcee-ipad-9.7-6eme-gen-5eme-gen-air-2-air-1-pepkoo-noir-8610.jpg";"Coque Renforcée Pepkoo iPad 9.7 (6ème Gen) / (5ème Gen) / Air 2 / Air 1 Noir. ReparMonPhone, principal grossiste en pièces détachées pour mobiles en Europe. Envois gratuits dès 35 euros. Comptes professionnels.";"CARACTÉRISTIQUESCompatible : Apple iPad 9.7 (6ème Gen) / (5ème Gen) / Air 2 / Air 1Inclus : La coque de protectionAvec : Ouverture Caméra, Ouverture Charge, Ouverture Jack, Position horizontale, Protection Boutons, Structure renforcéeMarque : PepkooModèle : /Couleur externe : NoirCouleur interne : NoirTexture : Lisse (Avec renforts)Matière : Silicone renforcéType : /"
"Coque ANTICHOC FORT-S PRO iPad Pro 13 (2024) Noir";"18646";"24";"EUR";"En stock";"Accessoires > Protection > Coques";"https://www.pieces2mobile.com/coque-antichoc-fort-s-pro-ipad-pro-13-2024-noir.html";"https://www.pieces2mobile.com/media/catalog/product/cache/08ce6ea9b7ea9e423fa7c2e2ae0fab3c/c/o/coque-antichoc-fort-s-pro-ipad-pro-13-2024-noir-1_9.jpg";"Coque ANTICHOC FORT-S PRO iPad Pro 13 (2024) Noir. ReparMonPhone, principal grossiste en pièces de rechange pour mobiles en Europe. Envois gratuits dès 35 euros. Comptes professionnels.";"CARACTÉRISTIQUESCompatible :  iPad Pro 13 (2024)Inclus : La coque de protectionAvec : Anti-ChocMarque : Modèle : iPad Pro 13 (2024)Couleur externe : Couleur interne : NoirTexture : Lisse (Avec renforts)Matière : Type : /"
"Chargeur secteur USB-C 96W A2166 MW2L3ZM/A Blanc Origine";"20093";"85";"EUR";"En stock";"MacBook > MacBook Pro > MacBook Pro 13"" A1706 EMC 3071 - 2016";"https://www.pieces2mobile.com/chargeur-secteur-usb-c-96w-a2166-mw2l3zm-a-blanc-origine.html";"https://www.pieces2mobile.com/media/catalog/product/cache/08ce6ea9b7ea9e423fa7c2e2ae0fab3c/c/h/chargeur-apple-usb-c-96w-mx0j2zma-blanc-origine-1_2_1.jpg";"Chargeur secteur USB-C 96W A2166 MW2L3ZM/A Blanc Origine. ReparMonPhone, principal grossiste en pièces détachées pour mobiles en Europe. Envois gratuits dès 35 euros. Comptes professionnels.";"
Chargeur secteur USB-C 96W A2166 MW2L3ZM/A Blanc Origine



    L’adaptateur secteur USB-C 96W Apple (réf. A2166 – MW2L3ZM/A) est conçu pour fournir une alimentation puissante, rapide et efficace à vos appareils Apple, où que vous soyez. Il s’agit du chargeur idéal pour les utilisateurs de MacBook Pro recherchant des performances de charge optimales. Associé à un câble USB-C ou USB-C vers MagSafe 3, il permet une charge rapide, capable de passer de 0 % à 50 % en seulement 30 minutes sur les modèles compatibles.


Compatibilité étendue :

    MacBook Pro – 14” et 16” (modèles 2019 à 2024), 13” M1/M2
    MacBook Air – M1, M2, M3, M4 (13” et 15”, modèles 2018 à 2025)
    iPad Pro – Toutes générations 11” et 12.9”
    iPad Air – de la 3ᵉ à la 6ᵉ génération (USB-C)
    iPhone – iPhone 8 jusqu’à iPhone 16 Pro Max (charge rapide via câble adapté)
    AirPods – AirPods 4, Pro 2, Max
    Apple Vision Pro


Caractéristiques techniques :

    Puissance : 96W – idéale pour les charges intensives sur MacBook Pro
    Connectique : Port unique USB-C
    Technologie de charge rapide : Jusqu’à 50 % de batterie en 30 minutes avec câble adapté
    Design Apple : Finition blanche épurée, compacte et légère


Avantages :

    Charge haute puissance : Conçu pour les ordinateurs portables nécessitant une alimentation importante
    Polyvalence : Compatible avec de nombreux appareils Apple – iPhone, iPad, MacBook, AirPods
    Sécurité : Produit d’origine Apple, conforme aux normes de sécurité Apple


Conseils d’utilisation :

    Associez ce chargeur à un câble USB-C vers USB-C ou à un câble USB-C vers MagSafe 3 pour recharger rapidement votre MacBook Pro. Pour les autres appareils (iPhone, iPad, AirPods), utilisez le câble adapté (non fourni) afin de profiter d’une recharge rapide et sécurisée.


Contenu du coffret :

    1 x Adaptateur secteur USB-C 96W Apple (réf. A2166 – MW2L3ZM/A)
    Câble de charge non fourni



.table-p2m {
  width: 100%;
  max-width: 100%;
  border-collapse: collapse;
  margin: 20px 0;
  font-size: 14px;
}

.table-p2m thead {
  background-color: #98181D;
}

.table-p2m thead th {
  color: #fff;
  text-align: left;
  padding: 10px;
  font-weight: bold;
}

.table-p2m tbody tr {
  border-bottom: 1px solid #ddd;
}

.table-p2m tbody td {
  padding: 10px;
  background-color: #fff;
}

.table-p2m tbody td a {
  color: #1E3A8A;
  text-decoration: none;
}

.table-p2m tbody td a:hover {
  color: #262626;
  text-decoration: underline;
}

/* Responsive */
@media screen and (max-width: 600px) {
  .table-p2m thead {
    display: none;
  }

  .table-p2m, .table-p2m tbody, .table-p2m tr, .table-p2m td {
    display: block;
    width: 100%;
  }

  .table-p2m tr {
    margin-bottom: 15px;
  }

  .table-p2m td {
    text-align: left;
    padding-left: 50%;
    position: relative;
  }

  .table-p2m td::before {
    content: ""Produit :"";
    position: absolute;
    left: 10px;
    font-weight: bold;
    color: #98181D;
  }
}



  
    
      Autres chargeurs Apple USB-C compatibles
    
  
  
    
      Chargeur secteur USB-C 30W Apple
    
    
      Adaptateur secteur USB-C 140W Apple
    
    
      Chargeur secteur USB-C 70W Apple
    
  
"
"Écran iPad Pro 12.9"" 2021 (5ème Gen) / 2022 (6ème Gen)";"14878";"347.52";"EUR";"En stock";"Apple > IPad > iPad Pro 12.9"" (5ème Gen.) (2021)";"https://www.pieces2mobile.com/ecran-ipad-pro-12-9-2021-5eme-gen-6eme-gen.html";"https://www.pieces2mobile.com/media/catalog/product/cache/08ce6ea9b7ea9e423fa7c2e2ae0fab3c/i/p/ipad_pro_12.9_5th_2021_lcd_assembly_sku_14878.jpg";"Écran iPad Pro 12.9"" 2021 (5ème Gen) / 2022 (6ème Gen). ReparMonPhone, principal grossiste en pièces détachées pour mobiles en Europe. Envois gratuits dès 35 euros. Comptes professionnels.";" Écran iPad Pro 12.9"" 2021 (5ème Gen) / 2022 (6ème Gen) Neuf Vous venez de casser l’écran de votre précieux A2436, A2437, A2764 / A2378, A2461, A2379  et ne savez pas où trouver une offre d’écran  A2436, A2437, A2764 / A2378, A2461, A2379  Neuf au meilleur prix ?Sur ReparMonPhone.com bien évidemment ! Leader en vente de pièces détachées de tablettes aux particuliers et professionnels, nous proposons justement un écran complet d’A2436, A2437, A2764 / A2378, A2461, A2379 Reconditionné Neuf . De quoi remplacer rapidement votre écran d’A2436, A2437, A2764 / A2378, A2461, A2379 cassé au prix le plus bas.Afin de réaliser une opération sans surprise, achetez notre écran d’A2436, A2437, A2764 / A2378, A2461, A2379  Reconditionné Neuf. Toutes les pièces vendues par ReparMonPhone sont de qualité et permettent de conserver une expérience optimale avec votre tablette Apple A2436, A2437, A2764 / A2378, A2461, A2379.Certains se demandent quel est le site mieux indiqué pour un achat d’écran A2436, A2437, A2764 / A2378, A2461, A2379  pas cher ? De toute évidence ReparMonPhone.com, le partenaire de tous les professionnels de la réparation en France et en Europe. Ajoutez l’écran  Reconditionné A2436, A2437, A2764 / A2378, A2461, A2379  à votre panier, validez votre commande et nous le livrons à l’adresse de votre choix dans les plus brefs délais !DIAGNOSTIC DE PANNE D’ÉCRAN D’A2436, A2437, A2764 / A2378, A2461, A2379 L’écran de votre A2436, A2437, A2764 / A2378, A2461, A2379 ne s’allume plus ou reste totalement noir.On a abîmé, rayé ou fissuré ou fragmenté l’écran ou la vitre tactile de votre A2436, A2437, A2764 / A2378, A2461, A2379  par accident.L’écran ou l’afficheur de la tablette A2436, A2437, A2764 / A2378, A2461, A2379 connaissent des dysfonctionnements.Heureusement nous avons la solution, notre écran A2436, A2437, A2764 / A2378, A2461, A2379   vous permet d’en effectuer le remplacement dans de bonnes conditions pour d’excellents résultats.NOS CONSEILS EN MATIÈRE DE REMPLACEMENT D’ÉCRANS DE TABLETTE A2436, A2437, A2764 / A2378, A2461, A2379 Avant l’achat, il est vivement recommandé de vérifier le modèle exact de tablette A2436, A2437, A2764 / A2378, A2461, A2379 d’Apple avec sa référence plutôt que par son simple nom commercial, car il existe parfois plusieurs déclinaisons de modèles de tablettes Apple regroupées sous une même appellation et certaines versions se ressemblent beaucoup et sont souvent confondues.Prenez soin de ne pas pincer ou déchirer les nappes présentes attachées à l’écran de votre A2436, A2437, A2764 / A2378, A2461, A2379, il ne faut surtout pas les endommager.Lors de la fixation du bloc-écran  d’A2436, A2437, A2764 / A2378, A2461, A2379 , faites attention aux petits débris qui pourraient briser l’écran et aux poussières qui peuvent nuire à la cohésion des composants.GARANTIE ÉCRAN  Reconditionné Apple ReparMonPhoneÉcran  d’A2436, A2437, A2764 / A2378, A2461, A2379  Reconditionné Neuf testé et vérifié avec une qualité et une durée de vie optimale.Assurance du caractère fonctionnel de l’écran Reconditionné, en vue d’une remise en état sans tracas de votre écran.Une politique de retour souple et efficace de l’écran Reconditionné A2436, A2437, A2764 / A2378, A2461, A2379 .INFORMATIONS SUPPLÉMENTAIRES ÉCRAN A2436, A2437, A2764 / A2378, A2461, A2379 Reconditionné NeufRéf. constructeur : iPad Pro 12.9"" 2022 (6ème Gen) / 2021 (5ème Gen)Résolution (taille) : "
"IC de charge iPad Pro 12.9"" (6ème Gen.) / Air 3 / Mini 5 343S00264-A0";"19616";"9.8";"EUR";"En stock";"Apple > IPad > iPad Mini 5 (2019)";"https://www.pieces2mobile.com/ic-de-charge-ipad-pro-12-9-6eme-gen-air-3-mini-5-343s00264-a0.html";"https://www.pieces2mobile.com/media/catalog/product/cache/08ce6ea9b7ea9e423fa7c2e2ae0fab3c/i/c/ic-de-charge-ipad-pro-12.9-6eme-gen_7.jpg";"IC de charge iPad Pro 12.9"" (6ème Gen.) / Air 3 / Mini 5 343S00264-A0. ReparMonPhone, principal grossiste en pièces détachées pour mobiles en Europe. Envois gratuits dès 35 euros. Comptes professionnels.";" DIAGNOSTIC DE LA PANNE  Vous avez abîmé ou endommagé votre iPad Pro 12.9"" (6ème Gen.) par accident. Le composant IC de votre smartphone ou tablette Apple ne fonctionne plus.  Heureusement, cette panne est réparable, et cette pièce de qualité vous permet d'en effectuer le dépannage.NOS CONSEILS  Lors de l'achat, il est conseillé de vérifier votre modèle de smartphone/tablette par sa référence plutôt que par son nom. Mais aussi de bien vérifier les versions disponibles qui peuvent changer les spécificités des pièces (attention aux confusions comme SIM / SD ou Power / Volume). Attention à ne pas pincer, déchirer les nappes, ou abîmer les pièces de rechange. Restez vigilant, certaines pièces nécessitent des compétences et un matériel de soudure adéquat.  LES GARANTIES ReparMonPhone  Nos pièces sont testées, pour une durée de vie optimale. Garanties fonctionnelles, pour une réparation sans tracas. Une politique de retours souples et rapides. "
"Nappe / Connecteur de Charge (USB Type-C) iPad Pro 12.9"" (5ème Gen.) (2021)";"16011";"11.06";"EUR";"En stock";"Apple > IPad > iPad Pro 12.9"" (5ème Gen.) (2021)";"https://www.pieces2mobile.com/nappe-connecteur-de-charge-usb-type-c-ipad-pro-12-9-5eme-gen-2021.html";"https://www.pieces2mobile.com/media/catalog/product/cache/08ce6ea9b7ea9e423fa7c2e2ae0fab3c/n/a/nappe-plus-connecteur-de-charge-usb-type-c-ipad-pro-12.9-5eme-gen.-2021.jpg";"Nappe / Connecteur de Charge (USB Type-C) iPad Pro 12.9"" (5ème Gen.) (2021). ReparMonPhone, principal grossiste en pièces détachées pour mobiles en Europe. Envois gratuits dès 35 euros. Comptes professionnels.";" DIAGNOSTIC DE LA PANNE  Vous avez abîmé ou endommagé votre iPad Pro 12.9"" (5ème Gen.) (2021) par accident. La nappe connecteur de charge de votre smartphone ou tablette Apple ne fonctionne plus.  Heureusement, cette panne est réparable, et cette pièce de qualité vous permet d'en effectuer le dépannage.NOS CONSEILS  Lors de l'achat, il est conseillé de vérifier votre modèle de smartphone/tablette par sa référence plutôt que par son nom. Mais aussi de bien vérifier les versions disponibles qui peuvent changer les spécificités des pièces (attention aux confusions comme SIM / SD ou Power / Volume). Attention à ne pas pincer, déchirer les nappes, ou abîmer les pièces de rechange. Restez vigilant, certaines pièces nécessitent des compétences et un matériel de soudure adéquat.  LES GARANTIES ReparMonPhone  Nos pièces sont testées, pour une durée de vie optimale. Garanties fonctionnelles, pour une réparation sans tracas. Une politique de retours souples et rapides. "
"Câble Apple USB-C vers USB-C (2m) MLL82ZM/A Blanc Origine";"16137";"18";"EUR";"En stock";"Apple > IPad > iPad Pro 11"" (2018)";"https://www.pieces2mobile.com/cable-apple-usb-c-vers-usb-c-2m-mll82zm-a-blanc-origine.html";"https://www.pieces2mobile.com/media/catalog/product/cache/08ce6ea9b7ea9e423fa7c2e2ae0fab3c/c/a/cable-usb-c-vers-usb-c-2-m-mll82zma-blanc-origine-1_1.jpg";"Câble Apple USB-C vers USB-C (2m) MLL82ZM/A Blanc Origine. ReparMonPhone, principal grossiste en pièces de rechange pour mobiles en Europe. Envois gratuits dès 35 euros. Comptes professionnels.";"Câble Apple USB-C vers USB-C (2m) MLL82ZM/A Blanc Origine

Présentation du produit :
Conçu par Apple, le Câble Apple USB-C vers USB-C (2m) MLL82ZM/A est un accessoire essentiel pour tous les utilisateurs d'appareils Apple munis d'un port USB Type-C. Sa longueur de 2 mètres offre une flexibilité optimale pour recharger, transférer des données, ou synchroniser vos appareils. Fabriqué avec des matériaux de haute qualité, ce câble blanc d'origine garantit une durabilité et une performance fiable.

Caractéristiques principales :

    Marque : Apple
    Modèle : MLL82ZM/A
    Entrée & Sortie : USB Type-C
    Longueur : 2 mètres
    Couleur : Blanc
    Matériaux : De qualité supérieure, pour une durée de vie prolongée
    Usage : Convient pour la charge, le transfert de données et la synchronisation
    Packaging : Livré avec sa boîte d'origine


Compatibilité :
Ce câble est compatible avec une vaste gamme d'appareils Apple :


    Modèles d’iPad :
        
            iPad Pro 12,9 pouces (3ᵉ à 6ᵉ génération)
            iPad Pro 11 pouces (1ʳᵉ à 3ᵉ génération)
            iPad Air (4ᵉ et 5ᵉ génération)
            iPad (10ᵉ génération)
            iPad mini (6ᵉ génération)
        
    
    Modèles de Mac :
        
            MacBook Air (de 13 pouces, 2018 à 2022 et 15 pouces, M2, 2023)
            MacBook Pro (de 13 pouces, 2016 à 2022, de 14 pouces, 2021 et 2023, de 15 pouces, 2016 à 2019, et de 16 pouces, 2019 à 2023)
            MacBook (Retina, 12 pouces, début 2015 à 2017)
            iMac (de 21,5 pouces, 2017 à 2019, de 24 pouces, M1, 2021, et de 27 pouces, 2017 à 2020)
            iMac Pro (2017)
            Mac Studio (2022 et 2023)
            Mac mini (2018, M1, 2020, et 2023)
            Mac Pro (2019 et 2023)
        
    


Description supplémentaire :
Que vous ayez besoin de recharger votre appareil, de transférer des fichiers volumineux ou de synchroniser vos données, ce câble Apple USB-C vers USB-C est le choix idéal. Conçu spécifiquement pour les appareils Apple, il offre une compatibilité sans faille et des performances exceptionnelles. Lorsqu'il est associé à un adaptateur secteur USB-C compatible, il permet également de profiter des capacités de charge rapide pour vos appareils.

En conclusion :
Vendu par ReparMonPhone, le Câble Apple USB-C vers USB-C (2m) MLL82ZM/A Blanc Origine est l'accessoire incontournable pour tous les amateurs d'Apple. Assurez-vous d'obtenir le meilleur pour vos appareils, optez pour l'originalité et la qualité Apple. Commandez dès maintenant sur ReparMonPhone.com."
"Stylet magnétique Usams US-ZB254 Blanc";"16408";"25.79";"EUR";"Rupture / sur commande";"Apple > IPad > iPad Pro 11"" (2018)";"https://www.pieces2mobile.com/stylet-magnetique-usams-us-zb254-blanc.html";"https://www.pieces2mobile.com/media/catalog/product/cache/08ce6ea9b7ea9e423fa7c2e2ae0fab3c/s/t/stylet-magnetique-usams-us-zb254-blanc-1.jpg";"Stylet magnétique Usams US-ZB254 Blanc. ReparMonPhone, principal grossiste en pièces détachées pour mobiles en Europe. Envois gratuits dès 35 euros. Comptes professionnels.";" DIAGNOSTIC DE LA PANNE  Vous avez abîmé ou endommagé votre pour IPAD  par accident. Le stylet  de votre smartphone ou tablette USAMS ne fonctionne plus.  Heureusement, cette panne est réparable, et cette pièce de qualité vous permet d'en effectuer le dépannage.NOS CONSEILS  Lors de l'achat, il est conseillé de vérifier votre modèle de smartphone/tablette par sa référence plutôt que par son nom. Mais aussi de bien vérifier les versions disponibles qui peuvent changer les spécificités des pièces (attention aux confusions comme SIM / SD ou Power / Volume). Attention à ne pas pincer, déchirer les nappes, ou abîmer les pièces de rechange. Restez vigilant, certaines pièces nécessitent des compétences et un matériel de soudure adéquat.  LES GARANTIES ReparMonPhone  Nos pièces sont testées, pour une durée de vie optimale. Garanties fonctionnelles, pour une réparation sans tracas. Une politique de retours souples et rapides. "
"IC de charge 343S00105 iPad Pro 10.5"" / iPad Pro 12.9"" ";"19583";"2.99";"EUR";"En stock";"Apple > IPad > iPad Pro 12.9"" (2015)";"https://www.pieces2mobile.com/ic-de-charge-343s00105-ipad-pro-10-5-ipad-pro-12-9.html";"https://www.pieces2mobile.com/media/catalog/product/cache/08ce6ea9b7ea9e423fa7c2e2ae0fab3c/i/c/ic-de-charge-ipad-pro-10.5-ipad-pro-12.9-343s00105.jpg";"IC de charge 343S00105 iPad Pro 10.5"" / iPad Pro 12.9"" . ReparMonPhone, principal grossiste en pièces détachées pour mobiles en Europe. Envois gratuits dès 35 euros. Comptes professionnels.";" DIAGNOSTIC DE LA PANNE  Vous avez abîmé ou endommagé votre iPad Pro 10.5"" / iPad Pro 12.9"" par accident. Le composant IC de votre smartphone ou tablette Apple ne fonctionne plus.  Heureusement, cette panne est réparable, et cette pièce de qualité vous permet d'en effectuer le dépannage.NOS CONSEILS  Lors de l'achat, il est conseillé de vérifier votre modèle de smartphone/tablette par sa référence plutôt que par son nom. Mais aussi de bien vérifier les versions disponibles qui peuvent changer les spécificités des pièces (attention aux confusions comme SIM / SD ou Power / Volume). Attention à ne pas pincer, déchirer les nappes, ou abîmer les pièces de rechange. Restez vigilant, certaines pièces nécessitent des compétences et un matériel de soudure adéquat.  LES GARANTIES ReparMonPhone  Nos pièces sont testées, pour une durée de vie optimale. Garanties fonctionnelles, pour une réparation sans tracas. Une politique de retours souples et rapides. "
"Câble Apple Tissé USB-C vers USB-C (2m) 240W MU2G3ZM/A Blanc Origine";"16843";"26.4";"EUR";"En stock";"Apple > IPad > iPad Pro 11"" (2018)";"https://www.pieces2mobile.com/cable-apple-usb-c-vers-usb-c-2m-240w-tresse-mu2g3zm-a-blanc.html";"https://www.pieces2mobile.com/media/catalog/product/cache/08ce6ea9b7ea9e423fa7c2e2ae0fab3c/c/a/cable-usb-c-vers-usb-c-2m-240w-mu2g3zma-blanc-1.jpg";"Câble Apple Tissé USB-C vers USB-C (2m) 240W MU2G3ZM/A Blanc Origine. ReparMonPhone, principal grossiste en pièces détachées pour mobiles en Europe. Envois gratuits dès 35 euros. Comptes professionnels.";"Câble Apple Tissé USB-C vers USB-C (2m) 240W MU2G3ZM/A Blanc Origine
Enrobé d'un matériau tissé résistant, le Câble de charge USB-C 240W Apple (2 m) est conçu pour charger et synchroniser vos appareils USB-C avec une efficacité inégalée. Doté de connecteurs USB-C à chaque extrémité, ce câble est idéal pour une charge puissante jusqu'à 240 watts et supporte des transferts de données à des vitesses USB 2.
Associez ce câble à un adaptateur secteur USB-C compatible (vendu séparément) pour profiter de capacités de charge rapide depuis une prise murale, rendant ce câble parfait pour une utilisation au bureau, à la maison ou en déplacement.

Compatibilité Étendue
Ce câble est compatible avec une vaste gamme d'appareils Apple, offrant une solution de charge et de synchronisation polyvalente pour :

    Modèles d'iPhone: iPhone 15 Pro, iPhone 15 Pro Max, iPhone 15, iPhone 15 Plus
    Modèles d'iPad: iPad Pro (6ᵉ à 3ᵉ génération), iPad Air (5ᵉ et 4ᵉ génération), iPad (10ᵉ génération), iPad mini (6ᵉ génération)
    Modèles de Mac: MacBook Air et MacBook Pro modèles de 2016 à 2023, y compris les MacBook Air (15 pouces, M2, 2023) et MacBook Pro (16 pouces, 2023), iMac versions de 2017 à 2023, Mac Studio (2023 et 2022), Mac mini, et Mac Pro
    Autres appareils: Apple Vision Pro et AirPods Pro (2ᵉ génération) avec Boîtier de charge MagSafe (USB-C)


Ce câble représente la qualité et la fiabilité d'Apple, garantissant une charge rapide et sécurisée pour vos appareils les plus précieux. Sa conception tissée non seulement protège le câble contre les dommages et l'usure mais ajoute également une touche d'élégance à votre setup de chargement.

Optez pour le Câble Apple Tissé USB-C vers USB-C (2m) 240W MU2G3ZM/A Blanc Origine pour une expérience de charge et de synchronisation optimale, soutenue par la promesse de qualité et d'innovation d'Apple."
"Écran iPad Pro 12.9"" (3ème Gen.) / 12.9"" (4ème Gen.) Noir Reconditionné (PIEC)";"8507";"173.4";"EUR";"Rupture / sur commande";"Apple > IPad > iPad Pro 12.9"" (3ème Gen.) (2018)";"https://www.pieces2mobile.com/ecran-ipad-pro-12-9-3eme-gen-12-9-4eme-gen-noir-reconditionne.html";"https://www.pieces2mobile.com/media/catalog/product/cache/08ce6ea9b7ea9e423fa7c2e2ae0fab3c/a/p/apple-ipad-pro-12-9-3eme-gen-ecran-noir-reconditionne.jpg";"Écran iPad Pro 12.9"" (3ème Gen.) / 12.9"" (4ème Gen.) Noir Reconditionné (PIEC). ReparMonPhone, principal grossiste en pièces de rechange pour mobiles en Europe. Envois gratuits dès 35 euros. Comptes professionnels.";"

 Écran iPad Pro 12.9"" (3ème Gen.) / 12.9"" (4ème Gen.) Noir Reconditionné (PIEC) Neuf Vous venez de casser l’écran de votre précieux iPad Pro 12.9"" (3ème Gen.) / 12.9"" (4ème Gen.) Noir et ne savez pas où trouver une offre d’écran  iPad Pro 12.9"" (3ème Gen.) / 12.9"" (4ème Gen.) Noir Neuf au meilleur prix ?Sur ReparMonPhone.com bien évidemment ! Leader en vente de pièces détachées de tablettes aux particuliers et professionnels, nous proposons justement un écran d’iPad Pro 12.9"" (3ème Gen.) / 12.9"" (4ème Gen.) Reconditionné Neuf avec, afficheur LCD, vitre tactile. De quoi remplacer rapidement votre écran d’iPad Pro 12.9"" (3ème Gen.) / 12.9"" (4ème Gen.) cassé au prix le plus bas.Afin de réaliser une opération sans surprise, achetez notre écran d’iPad Pro 12.9"" (3ème Gen.) / 12.9"" (4ème Gen.) Noir Reconditionné Neuf. Toutes les pièces vendues par ReparMonPhone sont de qualité et permettent de conserver une expérience optimale avec votre tablette Apple iPad Pro 12.9"" (3ème Gen.) / 12.9"" (4ème Gen.).Certains se demandent quel est le site mieux indiqué pour un achat d’écran iPad Pro 12.9"" (3ème Gen.) / 12.9"" (4ème Gen.) Noir pas cher ? De toute évidence ReparMonPhone.com, le partenaire de tous les professionnels de la réparation en France et en Europe. Ajoutez l’écran  Reconditionné iPad Pro 12.9"" (3ème Gen.) / 12.9"" (4ème Gen.) Noir à votre panier, validez votre commande et nous le livrons à l’adresse de votre choix dans les plus brefs délais !DIAGNOSTIC DE PANNE D’ÉCRAN D’iPad Pro 12.9"" (3ème Gen.) / 12.9"" (4ème Gen.) NoirL’écran de votre iPad Pro 12.9"" (3ème Gen.) / 12.9"" (4ème Gen.) ne s’allume plus ou reste totalement noir.On a abîmé, rayé ou fissuré ou fragmenté l’écran ou la vitre tactile de votre iPad Pro 12.9"" (3ème Gen.) / 12.9"" (4ème Gen.) Noir par accident.L’écran ou l’afficheur de la tablette iPad Pro 12.9"" (3ème Gen.) / 12.9"" (4ème Gen.) connaissent des dysfonctionnements.Heureusement nous avons la solution, notre écran iPad Pro 12.9"" (3ème Gen.) / 12.9"" (4ème Gen.) Noir avec, afficheur LCD, vitre tactile vous permet d’en effectuer le remplacement dans de bonnes conditions pour d’excellents résultats.NOS CONSEILS EN MATIÈRE DE REMPLACEMENT D’ÉCRANS DE TABLETTE iPad Pro 12.9"" (3ème Gen.) / 12.9"" (4ème Gen.) NoirAvant l’achat, il est vivement recommandé de vérifier le modèle exact de tablette iPad Pro 12.9"" (3ème Gen.) / 12.9"" (4ème Gen.) d’Apple avec sa référence plutôt que par son simple nom commercial, car il existe parfois plusieurs déclinaisons de modèles de tablettes Apple regroupées sous une même appellation et certaines versions se ressemblent beaucoup et sont souvent confondues.Prenez soin de ne pas pincer ou déchirer les nappes présentes attachées à l’écran de votre iPad Pro 12.9"" (3ème Gen.) / 12.9"" (4ème Gen.), il ne faut surtout pas les endommager.Lors de la fixation du bloc-écran  d’iPad Pro 12.9"" (3ème Gen.) / 12.9"" (4ème Gen.) Noir, faites attention aux petits débris qui pourraient briser l’écran et aux poussières qui peuvent nuire à la cohésion des composants.GARANTIE ÉCRAN  Reconditionné Apple ReparMonPhoneÉcran  d’iPad Pro 12.9"" (3ème Gen.) / 12.9"" (4ème Gen.) Noir Reconditionné Neuf testé et vérifié avec une qualité et une durée de vie optimale.Assurance du caractère fonctionnel de l’écran Reconditionné, en vue d’une remise en état sans tracas de votre écran.Une politique de retour souple et efficace de l’écran Reconditionné iPad Pro 12.9"" (3ème Gen.) / 12.9"" (4ème Gen.) Noir.INFORMATIONS SUPPLÉMENTAIRES ÉCRAN iPad Pro 12.9"" (3ème Gen.) / 12.9"" (4ème Gen.) Reconditionné NeufRéf. constructeur : A1876, A2014, A1895, A1983, A2229, A2069, A2232, A2233.Résolution (taille) : 2048 x 2732 px (12.90"")"
"Batterie iPad Pro 12.9"" (4ème Gen.)";"15246";"29.96";"EUR";"En stock";"Apple > IPad > iPad Pro 12.9"" (4ème Gen.) (2020)";"https://www.pieces2mobile.com/batterie-ipad-pro-12-9-4eme-gen.html";"https://www.pieces2mobile.com/media/catalog/product/cache/08ce6ea9b7ea9e423fa7c2e2ae0fab3c/b/a/batterie-ipad-pro-12.9-4eme-gen..jpg";"Batterie iPad Pro 12.9"" (4ème Gen.). ReparMonPhone, principal grossiste en pièces détachées pour mobiles en Europe. Envois gratuits dès 35 euros. Comptes professionnels.";" Batterie iPad Pro 12.9"" (4ème Gen.) neuve Le niveau de la batterie de votre tablette iPad Pro 12.9"" (4ème Gen.) diminue rapidement et parfois il s’éteint de manière inopinée et vous ne savez pas où trouver une offre de batterie iPad Pro 12.9"" (4ème Gen.) au meilleur prix ?Sur ReparMonPhone.com bien évidemment ! Leader en vente de pièces détachées de tablettes aux particuliers et professionnels, nous proposons justement la batterie  de iPad Pro 12.9"" (4ème Gen.) Générique. De quoi remplacer rapidement votre batterie de iPad Pro 12.9"" (4ème Gen.) en fin de vie au prix le plus bas.Afin de réaliser une opération sans surprise, achetez notre batterie  de iPad Pro 12.9"" (4ème Gen.) Générique neuve. Toutes les pièces vendues par ReparMonPhone sont de qualité et permettent de conserver une expérience optimale avec votre tablette Apple iPad Pro 12.9"" (4ème Gen.).Certains se demandent quel est le site mieux indiqué pour un achat de batterie iPad Pro 12.9"" (4ème Gen.) pas cher ? De toute évidence ReparMonPhone.com, le partenaire de tous les professionnels de la réparation en France et en Europe. Ajoutez la batterie Générique iPad Pro 12.9"" (4ème Gen.) à votre panier, validez votre commande et nous la livrons à l’adresse de votre choix dans les plus brefs délais !DIAGNOSTIC DE PANNE DE BATTERIE DE iPad Pro 12.9"" (4ème Gen.)Votre iPad Pro 12.9"" (4ème Gen.) ne s’allume plus s’il n'est pas en charge ou son autonomie est significativement réduite.Dans les réglages de l’iPad Pro 12.9"" (4ème Gen.) le pourcentage indiquant la santé de la batterie est bas.L’iPad Pro 12.9"" (4ème Gen.) s’éteint de lui-même alors que son niveau de batterie est encore conséquent.Heureusement nous avons la solution, notre batterie iPad Pro 12.9"" (4ème Gen.) vous permet d’en effectuer le remplacement dans de bonnes conditions pour d’excellents résultats.NOS CONSEILS EN MATIÈRE DE REMPLACEMENT DE BATTERIES D’iPad Pro 12.9"" (4ème Gen.)Avant l’achat, il est vivement recommandé de vérifier le modèle exact de la tablette iPad Pro 12.9"" (4ème Gen.) d’Apple avec la référence de la batterie, car il existe un grand nombre de modèles de tablettes Apple et certaines versions se ressemblent beaucoup et sont parfois confondues.Prenez soin de démonter avec soin la batterie  d’iPad Pro 12.9"" (4ème Gen.), il ne faut surtout pas l’endommager.Lors de la fixation de la batterie d’iPad Pro 12.9"" (4ème Gen.), faites attention aux petits débris et aux poussières qui peuvent nuire à la cohésion des composants.GARANTIE BATTERIE  Générique Apple ReparMonPhoneBatterie d’iPad Pro 12.9"" (4ème Gen.) Générique état neuf testée et vérifiée avec une qualité et une durée de vie optimale.Assurance du caractère fonctionnel de la batterie Générique, pour retrouver l’autonomie d’un iPad Pro 12.9"" (4ème Gen.) neuf.Une politique de retour souple et efficace de la batterie Générique iPad Pro 12.9"" (4ème Gen.).INFORMATIONS SUPPLÉMENTAIRES BATTERIE iPad Pro 12.9"" (4ème Gen.) Générique neuvesLes batteries  neuves sont pourvues d’une charge d’usine, qu’il est conseillé de laisser se décharger complètement.Afin d’améliorer l’optimisation de la batterie, une fois que la charge d’usine atteint les 5 % à 10 %, un cycle de charge complet jusqu’à 100 % sans interruption est recommandé.Par la suite, pour assurer de bonnes performances, il est conseillé d’effectuer autant que possible ces mêmes cycles de charge.Réf. constructeur : Capacité : "
"Nappe / Connecteur de Charge (USB Type-C) iPad Pro 11"" / iPad Pro 12.9"" (3ème Gen.) / (4ème Gen.)";"9068";"9.71";"EUR";"Rupture / sur commande";"Apple > IPad > iPad Pro 11"" (2018)";"https://www.pieces2mobile.com/nappe-charge-usb-type-c-ipad-pro-11-ipad-pro-12-9-3eme-gen-ipad-pro-12-9-4eme-gen.html";"https://www.pieces2mobile.com/media/catalog/product/cache/08ce6ea9b7ea9e423fa7c2e2ae0fab3c/a/p/apple-ipad-pro-11-3eme-gen-ipad-pro-12-9-3eme-gen-nappe-charge-usb-type-c.jpg";"Nappe / Connecteur de Charge (USB Type-C) iPad Pro 11"" / iPad Pro 12.9"" (3ème Gen.) / (4ème Gen.). ReparMonPhone, principal grossiste en pièces de rechange pour mobiles en Europe. Envois gratuits dès 35 euros. Comptes professionnels.";" DIAGNOSTIC DE LA PANNE  Vous avez abîmé ou endommagé votre iPad Pro 11"" / iPad Pro 12.9"" (3ème Gen.) / (4ème Gen.) par accident. La nappe Charge de votre smartphone ou tablette Apple ne fonctionne plus.  Heureusement, cette panne est réparable, et cette pièce de qualité vous permet d'en effectuer le dépannage.NOS CONSEILS  Lors de l'achat, il est conseillé de vérifier votre modèle de smartphone/tablette par sa référence plutôt que par son nom. Mais aussi de bien vérifier les versions disponibles qui peuvent changer les spécificités des pièces (attention aux confusions comme SIM / SD ou Power / Volume). Attention à ne pas pincer, déchirer les nappes, ou abîmer les pièces de rechange. Restez vigilant, certaines pièces nécessitent des compétences et un matériel de soudure adéquat.  LES GARANTIES ReparMonPhone  Nos pièces sont testées, pour une durée de vie optimale. Garanties fonctionnelles, pour une réparation sans tracas. Une politique de retours souples et rapides. "
"Nappe Induction iPad Pro 12.9"" (4ème Gen.) 2020 (PIEC)";"20319";"12.71";"EUR";"En stock";"Apple > IPad > iPad Pro 12.9"" (4ème Gen.) (2020)";"https://www.pieces2mobile.com/nappe-induction-ipad-pro-12-9-4eme-gen-2020-piec.html";"https://www.pieces2mobile.com/media/catalog/product/cache/08ce6ea9b7ea9e423fa7c2e2ae0fab3c/n/a/nappe-induction-ipad-pro-12.9-4eme-gen.-2020.jpg";"Nappe Induction iPad Pro 12.9"" (4ème Gen.) 2020 (PIEC). ReparMonPhone, principal grossiste en pièces de rechange pour mobiles en Europe. Envois gratuits dès 35 euros. Comptes professionnels.";" DIAGNOSTIC DE LA PANNE  Vous avez abîmé ou endommagé votre iPad Pro 12.9"" (4ème Gen.) 2020 par accident. La nappe  de votre smartphone ou tablette Apple ne fonctionne plus.  Heureusement, cette panne est réparable, et cette pièce de qualité vous permet d'en effectuer le dépannage.NOS CONSEILS  Lors de l'achat, il est conseillé de vérifier votre modèle de smartphone/tablette par sa référence plutôt que par son nom. Mais aussi de bien vérifier les versions disponibles qui peuvent changer les spécificités des pièces (attention aux confusions comme SIM / SD ou Power / Volume). Attention à ne pas pincer, déchirer les nappes, ou abîmer les pièces de rechange. Restez vigilant, certaines pièces nécessitent des compétences et un matériel de soudure adéquat.  LES GARANTIES ReparMonPhone  Nos pièces sont testées, pour une durée de vie optimale. Garanties fonctionnelles, pour une réparation sans tracas. Une politique de retours souples et rapides. "
"Verre Trempé iPad Pro 12.9"" 2018 (3ème Gen.) / iPad Pro 2020 12.9"" (4ème Gen)";"3829";"19.99";"EUR";"En stock";"Accessoires > Protection Écran > Verre Trempé";"https://www.pieces2mobile.com/verre-trempe-ipad-pro-12-9-3eme-gen.html";"https://www.pieces2mobile.com/media/catalog/product/cache/08ce6ea9b7ea9e423fa7c2e2ae0fab3c/a/p/apple-ipad-pro-12-9-3eme-gen-verre-trempe-.jpg";"Verre Trempé iPad Pro 12.9"" 2018 (3ème Gen.) / iPad Pro 2020 12.9"" (4ème Gen). ReparMonPhone, principal grossiste en pièces de rechange pour mobiles en Europe. Envois gratuits dès 35 euros. Comptes professionnels.";"La photo est non contractuelle, la forme peut changer en fonction du modèle de smartphone (emplacement caméra, etc...), seule l'apparence demeure.CARACTÉRISTIQUESCompatible : Apple iPad Pro 12.9"" 2018 (3ème Gen.) / iPad Pro 2020 12.9"" (4ème Gen)Inclus : Le verre trempé de protectionAvec : Technologie 2.5D (Polissage des angles et côtés du verre)Intégrale : NonConfidentiel : NonCouleur : TransparentÉpaisseur : 0.3 mm"
"Coque iPad Pro 12.9"" 2020 Strape Case Goospery MERCURY Noir";"12583";"3.6";"EUR";"Rupture / sur commande";"Apple > IPad > iPad Pro 12.9"" (4ème Gen.) (2020)";"https://www.pieces2mobile.com/coque-ipad-pro-12-9-2020-strape-case-goospery-mercury-noir.html";"https://www.pieces2mobile.com/media/catalog/product/cache/08ce6ea9b7ea9e423fa7c2e2ae0fab3c/a/p/apple-ipad-pro-12-9-2020-coque-noir-strape-case-goospery-mercury_1.jpg";"Coque iPad Pro 12.9"" 2020 Strape Case Goospery MERCURY Noir. ReparMonPhone, principal grossiste en pièces de rechange pour mobiles en Europe. Envois gratuits dès 35 euros. Comptes professionnels.";"La photo est non contractuelle, la forme peut changer en fonction du modèle de smartphone (emplacement caméra, etc...), seule l'apparence demeure.CARACTÉRISTIQUESCompatible : Apple iPad Pro 12.9"" 2020 Inclus : La housse de protectionAvec : Marque : MercuryModèle : Strape CaseCouleur externe : NoirCouleur interne : NoirTexture : GrainéMatière : Extérieur Simili-cuir / Intérieur Silicone semi-rigideType : /"
"Housse Simili-cuir Mercury iPad Pro 12.9"" 2020 Noir";"12614";"24";"EUR";"En stock";"Accessoires > Protection > Housses et Étuis";"https://www.pieces2mobile.com/housse-simili-cuir-mercury-ipad-pro-12-9-2020-noir.html";"https://www.pieces2mobile.com/media/catalog/product/cache/08ce6ea9b7ea9e423fa7c2e2ae0fab3c/a/p/apple-ipad-pro-12-9-2020-housse-simili-cuir-noir-mercury.jpg";"Housse Simili-cuir Mercury iPad Pro 12.9"" 2020 Noir. ReparMonPhone, principal grossiste en pièces de rechange pour mobiles en Europe. Envois gratuits dès 35 euros. Comptes professionnels.";"La photo est non contractuelle, la forme peut changer en fonction du modèle de smartphone (emplacement caméra, etc...), seule l'apparence demeure.CARACTÉRISTIQUESCompatible : Apple iPad Pro 12.9"" 2020Inclus : La housse de protectionAvec : Marque : MercuryModèle : /Couleur externe : NoirCouleur interne : NoirTexture : Lisse / GrainéMatière : Extérieur Simili-cuir / Intérieur Silicone semi-rigideType : /"
"Câble Apple Type C + Type C (1m) iPad MUF72ZM/A Blanc Origine";"14673";"15.6";"EUR";"Rupture / sur commande";"Apple > IPad > iPad Pro 11"" (2018)";"https://www.pieces2mobile.com/cable-type-c-1m-macbook-muf72zm-a-blanc-origine.html";"https://www.pieces2mobile.com/media/catalog/product/cache/08ce6ea9b7ea9e423fa7c2e2ae0fab3c/m/u/muf72.jpg";"Câble Apple Type C + Type C (1m) iPad MUF72ZM/A Blanc Origine. ReparMonPhone, principal grossiste en pièces de rechange pour mobiles en Europe. Envois gratuits dès 35 euros. Comptes professionnels.";"Câble USB Type-C vers USB Type-C pour tablette, téléphones mobiles , Android, iPad, Mac, PC  iPad Pro 11 pouces (1ʳᵉ et 2ᵉ générations), iPad Pro 12,9 pouces (3ᵉ, 4ᵉ et 5ᵉ générations), iPad Air (4ᵉ génération) et iPad mini (6ᵉ génération) avec Adaptateur secteur USB-C 20 W  Connectez votre tablette, téléphones mobiles , Android, iPad, Mac, PC  iPad Pro 11 pouces (1ʳᵉ et 2ᵉ générations), iPad Pro 12,9 pouces (3ᵉ, 4ᵉ et 5ᵉ générations), iPad Air (4ᵉ génération) et iPad mini (6ᵉ génération) avec Adaptateur secteur USB-C 20 W  doté d’un connecteur USB Type-C grâce au câble Apple à n’importe lequel de vos appareils équipés d’un port USB Type-C. D’une longueur de 1m, le câble USB Type-C/USB Type-C Blanc fait partie des accessoires indispensables qui doivent accompagner partout votre tablette, téléphones mobiles , Android, iPad, Mac, PC  iPad Pro 11 pouces (1ʳᵉ et 2ᵉ générations), iPad Pro 12,9 pouces (3ᵉ, 4ᵉ et 5ᵉ générations), iPad Air (4ᵉ génération) et iPad mini (6ᵉ génération) avec Adaptateur secteur USB-C 20 W  en toute occasion. Le câble Apple  offre une compatibilité optimale avec les appareils tablette, téléphones mobiles , Android, iPad, Mac, PC  iPad Pro 11 pouces (1ʳᵉ et 2ᵉ générations), iPad Pro 12,9 pouces (3ᵉ, 4ᵉ et 5ᵉ générations), iPad Air (4ᵉ génération) et iPad mini (6ᵉ génération) avec Adaptateur secteur USB-C 20 W  pour tous les usages susmentionnés."
"Batterie iPad Pro 12.9"" (3ème Gen.)";"15245";"27.95";"EUR";"En stock";"Apple > IPad > iPad Pro 12.9"" (3ème Gen.) (2018)";"https://www.pieces2mobile.com/batterie-ipad-pro-12-9-3eme-gen.html";"https://www.pieces2mobile.com/media/catalog/product/cache/08ce6ea9b7ea9e423fa7c2e2ae0fab3c/b/a/batterie-ipad-pro-12.9-3eme-gen..jpg";"Batterie iPad Pro 12.9"" (3ème Gen.). ReparMonPhone, principal grossiste en pièces détachées pour mobiles en Europe. Envois gratuits dès 35 euros. Comptes professionnels.";" Batterie iPad Pro 12.9"" (3ème Gen.) neuve Le niveau de la batterie de votre tablette iPad Pro 12.9"" (3ème Gen.) diminue rapidement et parfois il s’éteint de manière inopinée et vous ne savez pas où trouver une offre de batterie iPad Pro 12.9"" (3ème Gen.) au meilleur prix ?Sur ReparMonPhone.com bien évidemment ! Leader en vente de pièces détachées de tablettes aux particuliers et professionnels, nous proposons justement la batterie  de iPad Pro 12.9"" (3ème Gen.) Générique. De quoi remplacer rapidement votre batterie de iPad Pro 12.9"" (3ème Gen.) en fin de vie au prix le plus bas.Afin de réaliser une opération sans surprise, achetez notre batterie  de iPad Pro 12.9"" (3ème Gen.) Générique neuve. Toutes les pièces vendues par ReparMonPhone sont de qualité et permettent de conserver une expérience optimale avec votre tablette Apple iPad Pro 12.9"" (3ème Gen.).Certains se demandent quel est le site mieux indiqué pour un achat de batterie iPad Pro 12.9"" (3ème Gen.) pas cher ? De toute évidence ReparMonPhone.com, le partenaire de tous les professionnels de la réparation en France et en Europe. Ajoutez la batterie Générique iPad Pro 12.9"" (3ème Gen.) à votre panier, validez votre commande et nous la livrons à l’adresse de votre choix dans les plus brefs délais !DIAGNOSTIC DE PANNE DE BATTERIE DE iPad Pro 12.9"" (3ème Gen.)Votre iPad Pro 12.9"" (3ème Gen.) ne s’allume plus s’il n'est pas en charge ou son autonomie est significativement réduite.Dans les réglages de l’iPad Pro 12.9"" (3ème Gen.) le pourcentage indiquant la santé de la batterie est bas.L’iPad Pro 12.9"" (3ème Gen.) s’éteint de lui-même alors que son niveau de batterie est encore conséquent.Heureusement nous avons la solution, notre batterie iPad Pro 12.9"" (3ème Gen.) vous permet d’en effectuer le remplacement dans de bonnes conditions pour d’excellents résultats.NOS CONSEILS EN MATIÈRE DE REMPLACEMENT DE BATTERIES D’iPad Pro 12.9"" (3ème Gen.)Avant l’achat, il est vivement recommandé de vérifier le modèle exact de la tablette iPad Pro 12.9"" (3ème Gen.) d’Apple avec la référence de la batterie, car il existe un grand nombre de modèles de tablettes Apple et certaines versions se ressemblent beaucoup et sont parfois confondues.Prenez soin de démonter avec soin la batterie  d’iPad Pro 12.9"" (3ème Gen.), il ne faut surtout pas l’endommager.Lors de la fixation de la batterie d’iPad Pro 12.9"" (3ème Gen.), faites attention aux petits débris et aux poussières qui peuvent nuire à la cohésion des composants.GARANTIE BATTERIE  Générique Apple ReparMonPhoneBatterie d’iPad Pro 12.9"" (3ème Gen.) Générique état neuf testée et vérifiée avec une qualité et une durée de vie optimale.Assurance du caractère fonctionnel de la batterie Générique, pour retrouver l’autonomie d’un iPad Pro 12.9"" (3ème Gen.) neuf.Une politique de retour souple et efficace de la batterie Générique iPad Pro 12.9"" (3ème Gen.).INFORMATIONS SUPPLÉMENTAIRES BATTERIE iPad Pro 12.9"" (3ème Gen.) Générique neuvesLes batteries  neuves sont pourvues d’une charge d’usine, qu’il est conseillé de laisser se décharger complètement.Afin d’améliorer l’optimisation de la batterie, une fois que la charge d’usine atteint les 5 % à 10 %, un cycle de charge complet jusqu’à 100 % sans interruption est recommandé.Par la suite, pour assurer de bonnes performances, il est conseillé d’effectuer autant que possible ces mêmes cycles de charge.Réf. constructeur : Capacité : "
"Housse Simili-cuir Mercury iPad Pro 12.9"" (3ème Gen.) / iPad Pro 12.9"" (4ème Gen.) Noir";"12413";"19.99";"EUR";"En stock";"Accessoires > Protection > Housses et Étuis";"https://www.pieces2mobile.com/housse-simili-cuir-mercury-ipad-pro-3eme-gen-12-9-ipad-pro-12-9-4eme-gen-noir.html";"https://www.pieces2mobile.com/media/catalog/product/cache/08ce6ea9b7ea9e423fa7c2e2ae0fab3c/a/p/apple-ipad-pro-3eme-gen-12-9-pro-12-9-4eme-gen-housse-simili-cuir-noir-mercury.jpg";"Housse Simili-cuir Mercury iPad Pro 12.9"" (3ème Gen.) / iPad Pro 12.9"" (4ème Gen.) Noir. ReparMonPhone, principal grossiste en pièces de rechange pour mobiles en Europe. Envois gratuits dès 35 euros. Comptes professionnels.";"La photo est non contractuelle, la forme peut changer en fonction du modèle de smartphone (emplacement caméra, etc...), seule l'apparence demeure.CARACTÉRISTIQUESCompatible : Apple iPad Pro (3ème Gen.) 12.9"" / iPad Pro 12.9"" (4ème Gen.) Inclus : La housse de protectionAvec : Marque : MercuryModèle : /Couleur externe : NoirCouleur interne : NoirTexture : Lisse / GrainéMatière : Extérieur Simili-cuir / Intérieur Silicone semi-rigideType : /"
"Nappe Power / Volume / Flash iPad Pro 12.9"" (3ème Gen.)";"9014";"24";"EUR";"En stock";"Apple > IPad > iPad Pro 12.9"" (3ème Gen.) (2018)";"https://www.pieces2mobile.com/flexo-flash-power-volumen-apple-ipad-pro-12-9-3eme-gen.html";"https://www.pieces2mobile.com/media/catalog/product/cache/08ce6ea9b7ea9e423fa7c2e2ae0fab3c/a/p/apple-ipad-pro-12-9-3eme-gen-nappe-power-volume-flash.jpg";"Nappe Power / Volume / Flash iPad Pro 12.9"" (3ème Gen.). ReparMonPhone, principal grossiste en pièces détachées pour mobiles en Europe. Envois gratuits dès 35 euros. Comptes professionnels.";" DIAGNOSTIC DE LA PANNE  Vous avez abîmé ou endommagé votre iPad Pro 12.9"" (3ème Gen.) par accident. La nappe Flash, Power, Volume de votre smartphone ou tablette Apple ne fonctionne plus.  Heureusement, cette panne est réparable, et cette pièce de qualité vous permet d'en effectuer le dépannage.NOS CONSEILS  Lors de l'achat, il est conseillé de vérifier votre modèle de smartphone/tablette par sa référence plutôt que par son nom. Mais aussi de bien vérifier les versions disponibles qui peuvent changer les spécificités des pièces (attention aux confusions comme SIM / SD ou Power / Volume). Attention à ne pas pincer, déchirer les nappes, ou abîmer les pièces de rechange. Restez vigilant, certaines pièces nécessitent des compétences et un matériel de soudure adéquat.  LES GARANTIES ReparMonPhone  Nos pièces sont testées, pour une durée de vie optimale. Garanties fonctionnelles, pour une réparation sans tracas. Une politique de retours souples et rapides. "
"Batterie iPad Pro 12.9"" (2ème Gen.)";"15244";"24.13";"EUR";"En stock";"Apple > IPad > iPad Pro 12.9"" (2ème Gen.) (2017)";"https://www.pieces2mobile.com/batterie-ipad-pro-12-9-2eme-gen.html";"https://www.pieces2mobile.com/media/catalog/product/cache/08ce6ea9b7ea9e423fa7c2e2ae0fab3c/b/a/batterie-ipad-pro-12.9-2eme-gen..jpg";"Batterie iPad Pro 12.9"" (2ème Gen.). ReparMonPhone, principal grossiste en pièces détachées pour mobiles en Europe. Envois gratuits dès 35 euros. Comptes professionnels.";" Batterie iPad Pro 12.9"" (2ème Gen.) neuve Le niveau de la batterie de votre tablette iPad Pro 12.9"" (2ème Gen.) diminue rapidement et parfois il s’éteint de manière inopinée et vous ne savez pas où trouver une offre de batterie iPad Pro 12.9"" (2ème Gen.) au meilleur prix ?Sur ReparMonPhone.com bien évidemment ! Leader en vente de pièces détachées de tablettes aux particuliers et professionnels, nous proposons justement la batterie  de iPad Pro 12.9"" (2ème Gen.) Générique. De quoi remplacer rapidement votre batterie de iPad Pro 12.9"" (2ème Gen.) en fin de vie au prix le plus bas.Afin de réaliser une opération sans surprise, achetez notre batterie  de iPad Pro 12.9"" (2ème Gen.) Générique neuve. Toutes les pièces vendues par ReparMonPhone sont de qualité et permettent de conserver une expérience optimale avec votre tablette Apple iPad Pro 12.9"" (2ème Gen.).Certains se demandent quel est le site mieux indiqué pour un achat de batterie iPad Pro 12.9"" (2ème Gen.) pas cher ? De toute évidence ReparMonPhone.com, le partenaire de tous les professionnels de la réparation en France et en Europe. Ajoutez la batterie Générique iPad Pro 12.9"" (2ème Gen.) à votre panier, validez votre commande et nous la livrons à l’adresse de votre choix dans les plus brefs délais !DIAGNOSTIC DE PANNE DE BATTERIE DE iPad Pro 12.9"" (2ème Gen.)Votre iPad Pro 12.9"" (2ème Gen.) ne s’allume plus s’il n'est pas en charge ou son autonomie est significativement réduite.Dans les réglages de l’iPad Pro 12.9"" (2ème Gen.) le pourcentage indiquant la santé de la batterie est bas.L’iPad Pro 12.9"" (2ème Gen.) s’éteint de lui-même alors que son niveau de batterie est encore conséquent.Heureusement nous avons la solution, notre batterie iPad Pro 12.9"" (2ème Gen.) vous permet d’en effectuer le remplacement dans de bonnes conditions pour d’excellents résultats.NOS CONSEILS EN MATIÈRE DE REMPLACEMENT DE BATTERIES D’iPad Pro 12.9"" (2ème Gen.)Avant l’achat, il est vivement recommandé de vérifier le modèle exact de la tablette iPad Pro 12.9"" (2ème Gen.) d’Apple avec la référence de la batterie, car il existe un grand nombre de modèles de tablettes Apple et certaines versions se ressemblent beaucoup et sont parfois confondues.Prenez soin de démonter avec soin la batterie  d’iPad Pro 12.9"" (2ème Gen.), il ne faut surtout pas l’endommager.Lors de la fixation de la batterie d’iPad Pro 12.9"" (2ème Gen.), faites attention aux petits débris et aux poussières qui peuvent nuire à la cohésion des composants.GARANTIE BATTERIE  Générique Apple ReparMonPhoneBatterie d’iPad Pro 12.9"" (2ème Gen.) Générique état neuf testée et vérifiée avec une qualité et une durée de vie optimale.Assurance du caractère fonctionnel de la batterie Générique, pour retrouver l’autonomie d’un iPad Pro 12.9"" (2ème Gen.) neuf.Une politique de retour souple et efficace de la batterie Générique iPad Pro 12.9"" (2ème Gen.).INFORMATIONS SUPPLÉMENTAIRES BATTERIE iPad Pro 12.9"" (2ème Gen.) Générique neuvesLes batteries  neuves sont pourvues d’une charge d’usine, qu’il est conseillé de laisser se décharger complètement.Afin d’améliorer l’optimisation de la batterie, une fois que la charge d’usine atteint les 5 % à 10 %, un cycle de charge complet jusqu’à 100 % sans interruption est recommandé.Par la suite, pour assurer de bonnes performances, il est conseillé d’effectuer autant que possible ces mêmes cycles de charge.Réf. constructeur : Capacité : "
"Nappe SIM iPad Pro 12.9"" (3ème Gen.)";"9015";"2.4";"EUR";"En stock";"Apple > IPad > iPad Pro 12.9"" (3ème Gen.) (2018)";"https://www.pieces2mobile.com/flexo-sim-apple-ipad-pro-12-9-3eme-gen.html";"https://www.pieces2mobile.com/media/catalog/product/cache/08ce6ea9b7ea9e423fa7c2e2ae0fab3c/a/p/apple-ipad-pro-12-9-3eme-gen-nappe-sim.jpg";"Nappe SIM iPad Pro 12.9"" (3ème Gen.). ReparMonPhone, principal grossiste en pièces détachées pour mobiles en Europe. Envois gratuits dès 35 euros. Comptes professionnels.";" DIAGNOSTIC DE LA PANNE  Vous avez abîmé ou endommagé votre iPad Pro 12.9"" (3ème Gen.) par accident. La nappe SIM de votre smartphone ou tablette Apple ne fonctionne plus.  Heureusement, cette panne est réparable, et cette pièce de qualité vous permet d'en effectuer le dépannage.NOS CONSEILS  Lors de l'achat, il est conseillé de vérifier votre modèle de smartphone/tablette par sa référence plutôt que par son nom. Mais aussi de bien vérifier les versions disponibles qui peuvent changer les spécificités des pièces (attention aux confusions comme SIM / SD ou Power / Volume). Attention à ne pas pincer, déchirer les nappes, ou abîmer les pièces de rechange. Restez vigilant, certaines pièces nécessitent des compétences et un matériel de soudure adéquat.  LES GARANTIES ReparMonPhone  Nos pièces sont testées, pour une durée de vie optimale. Garanties fonctionnelles, pour une réparation sans tracas. Une politique de retours souples et rapides. "
"Caméra arrière iPad Pro 11"" / iPad Pro 12.9""";"9055";"6";"EUR";"En stock";"Apple > IPad > iPad Pro 11"" (2018)";"https://www.pieces2mobile.com/camera-arriere-ipad-pro-11-ipad-pro-12-9.html";"https://www.pieces2mobile.com/media/catalog/product/cache/08ce6ea9b7ea9e423fa7c2e2ae0fab3c/a/p/apple-ipad-pro-11-3eme-gen-ipad-pro-12-9-3eme-gen-camera-arriere.jpg";"Caméra arrière iPad Pro 11"" / iPad Pro 12.9"". ReparMonPhone, principal grossiste en pièces de rechange pour mobiles en Europe. Envois gratuits dès 35 euros. Comptes professionnels.";" DIAGNOSTIC DE LA PANNEDepuis quelque temps, la caméra arrière de votre iPad Pro 11"" / iPad Pro 12.9""  ne fonctionne plus correctement.L’objectif de la caméra est abîmé, rayé ou cassé, ce qui vous empêche de prendre des photos nettes ou d’utiliser normalement votre appareil.La caméra arrière de votre smartphone ou tablette Apple ne semble plus capable d’effectuer une mise au point correcte.Vous constatez une perte de qualité d’image, un flou permanent ou un dysfonctionnement lors de l’ouverture de l’appareil photo.Heureusement, cette panne est réparable. Cette caméra arrière de remplacement vous permet d’effectuer une remise en état fiable de votre appareil et de retrouver une prise de vue plus nette et plus stable.NOS CONSEILSLors d’une réparation, évitez de poser la caméra sur une surface aimantée, afin de limiter les risques de dérèglement interne.Ne touchez pas directement l’objectif de la caméra arrière au moment de la mise en place, afin d’éviter les traces, poussières ou micro-rayures.Travaillez sur une surface propre et manipulez la pièce avec précaution pour préserver la qualité optique du composant.Avant le remontage définitif, vérifiez le bon positionnement de la caméra pour garantir une utilisation optimale.LES GARANTIES ReparMonPhoneNos pièces sont testées avec soin pour offrir une qualité constante et une durée de vie optimale.Elles sont garanties fonctionnelles pour permettre une réparation plus sereine.Vous bénéficiez d’une politique de retours souples et rapides.ReparMonPhone accompagne les particuliers comme les professionnels avec des pièces détachées sélectionnées avec exigence."
"Nappe / Connecteur de Charge (4G) iPad Pro 12.9"" (2ème Gen.) Noir";"11665";"6.43";"EUR";"En stock";"Apple > IPad > iPad Pro 12.9"" (2ème Gen.) (2017)";"https://www.pieces2mobile.com/flexo-de-carga-apple-ipad-pro-12-9-2eme-gen-negro.html";"https://www.pieces2mobile.com/media/catalog/product/cache/08ce6ea9b7ea9e423fa7c2e2ae0fab3c/a/p/apple-ipad-pro-12-9-2eme-gen-nappe-charge-4g-noir.jpg";"Nappe / Connecteur de Charge (4G) iPad Pro 12.9"" (2ème Gen.) Noir. ReparMonPhone, principal grossiste en pièces détachées pour mobiles en Europe. Envois gratuits dès 35 euros. Comptes professionnels.";" DIAGNOSTIC DE LA PANNE  Vous avez abîmé ou endommagé votre iPad Pro 12.9"" (2ème Gen.) par accident. La nappe Charge de votre smartphone ou tablette Apple ne fonctionne plus.  Heureusement, cette panne est réparable, et cette pièce de qualité vous permet d'en effectuer le dépannage.NOS CONSEILS  Lors de l'achat, il est conseillé de vérifier votre modèle de smartphone/tablette par sa référence plutôt que par son nom. Mais aussi de bien vérifier les versions disponibles qui peuvent changer les spécificités des pièces (attention aux confusions comme SIM / SD ou Power / Volume). Attention à ne pas pincer, déchirer les nappes, ou abîmer les pièces de rechange. Restez vigilant, certaines pièces nécessitent des compétences et un matériel de soudure adéquat.  LES GARANTIES ReparMonPhone  Nos pièces sont testées, pour une durée de vie optimale. Garanties fonctionnelles, pour une réparation sans tracas. Une politique de retours souples et rapides. "
"Écran iPad Pro 12.9"" (2ème Gen.) Blanc Reconditionné (PIEC)";"11099";"300";"EUR";"En stock";"Apple > IPad > iPad Pro 12.9"" (2ème Gen.) (2017)";"https://www.pieces2mobile.com/ecran-ipad-pro-12-9-2eme-gen-blanc.html";"https://www.pieces2mobile.com/media/catalog/product/cache/08ce6ea9b7ea9e423fa7c2e2ae0fab3c/a/p/apple-ipad-pro-12-9-2eme-gen-ecran-blanc-nappe-soudee.jpg";"Écran iPad Pro 12.9"" (2ème Gen.) Blanc Reconditionné (PIEC). ReparMonPhone, principal grossiste en pièces de rechange pour mobiles en Europe. Envois gratuits dès 35 euros. Comptes professionnels.";" Écran iPad Pro 12.9"" (2ème Gen.) Blanc Reconditionné (PIEC) Neuf Vous venez de casser l’écran de votre précieux iPad Pro 12.9"" (2ème Gen.) (A1670/A1671) Blanc et ne savez pas où trouver une offre d’écran  iPad Pro 12.9"" (2ème Gen.) (A1670/A1671) Blanc Neuf au meilleur prix ?Sur ReparMonPhone.com bien évidemment ! Leader en vente de pièces détachées de tablettes aux particuliers et professionnels, nous proposons justement un écran d’iPad Pro 12.9"" (2ème Gen.) (A1670/A1671) Reconditionné Neuf avec, afficheur LCD, vitre tactile. De quoi remplacer rapidement votre écran d’iPad Pro 12.9"" (2ème Gen.) (A1670/A1671) cassé au prix le plus bas.Afin de réaliser une opération sans surprise, achetez notre écran d’iPad Pro 12.9"" (2ème Gen.) (A1670/A1671) Blanc Reconditionné Neuf. Toutes les pièces vendues par ReparMonPhone sont de qualité et permettent de conserver une expérience optimale avec votre tablette Apple iPad Pro 12.9"" (2ème Gen.) (A1670/A1671).Certains se demandent quel est le site mieux indiqué pour un achat d’écran iPad Pro 12.9"" (2ème Gen.) (A1670/A1671) Blanc pas cher ? De toute évidence ReparMonPhone.com, le partenaire de tous les professionnels de la réparation en France et en Europe. Ajoutez l’écran  Reconditionné iPad Pro 12.9"" (2ème Gen.) (A1670/A1671) Blanc à votre panier, validez votre commande et nous le livrons à l’adresse de votre choix dans les plus brefs délais !DIAGNOSTIC DE PANNE D’ÉCRAN D’iPad Pro 12.9"" (2ème Gen.) (A1670/A1671) BlancL’écran de votre iPad Pro 12.9"" (2ème Gen.) (A1670/A1671) ne s’allume plus ou reste totalement noir.On a abîmé, rayé ou fissuré ou fragmenté l’écran ou la vitre tactile de votre iPad Pro 12.9"" (2ème Gen.) (A1670/A1671) Blanc par accident.L’écran ou l’afficheur de la tablette iPad Pro 12.9"" (2ème Gen.) (A1670/A1671) connaissent des dysfonctionnements.Heureusement nous avons la solution, notre écran iPad Pro 12.9"" (2ème Gen.) (A1670/A1671) Blanc avec, afficheur LCD, vitre tactile vous permet d’en effectuer le remplacement dans de bonnes conditions pour d’excellents résultats.NOS CONSEILS EN MATIÈRE DE REMPLACEMENT D’ÉCRANS DE TABLETTE iPad Pro 12.9"" (2ème Gen.) (A1670/A1671) BlancAvant l’achat, il est vivement recommandé de vérifier le modèle exact de tablette iPad Pro 12.9"" (2ème Gen.) (A1670/A1671) d’Apple avec sa référence plutôt que par son simple nom commercial, car il existe parfois plusieurs déclinaisons de modèles de tablettes Apple regroupées sous une même appellation et certaines versions se ressemblent beaucoup et sont souvent confondues.Prenez soin de ne pas pincer ou déchirer les nappes présentes attachées à l’écran de votre iPad Pro 12.9"" (2ème Gen.) (A1670/A1671), il ne faut surtout pas les endommager.Lors de la fixation du bloc-écran  d’iPad Pro 12.9"" (2ème Gen.) (A1670/A1671) Blanc, faites attention aux petits débris qui pourraient briser l’écran et aux poussières qui peuvent nuire à la cohésion des composants.GARANTIE ÉCRAN  Reconditionné Apple ReparMonPhoneÉcran  d’iPad Pro 12.9"" (2ème Gen.) (A1670/A1671) Blanc Reconditionné Neuf testé et vérifié avec une qualité et une durée de vie optimale.Assurance du caractère fonctionnel de l’écran Reconditionné, en vue d’une remise en état sans tracas de votre écran.Une politique de retour souple et efficace de l’écran Reconditionné iPad Pro 12.9"" (2ème Gen.) (A1670/A1671) Blanc.INFORMATIONS SUPPLÉMENTAIRES ÉCRAN iPad Pro 12.9"" (2ème Gen.) (A1670/A1671) Reconditionné NeufRéf. constructeur : A1670 - A1671 - A1821Résolution (taille) : 2048 x 2732 pixels (12.90"")"
"Écran iPad Pro 12.9"" (2ème Gen.) Noir Reconditionné (PIEC)";"11100";"374.4";"EUR";"En stock";"Apple > IPad > iPad Pro 12.9"" (2ème Gen.) (2017)";"https://www.pieces2mobile.com/ecran-ipad-pro-12-9-2eme-gen-noir.html";"https://www.pieces2mobile.com/media/catalog/product/cache/08ce6ea9b7ea9e423fa7c2e2ae0fab3c/a/p/apple-ipad-pro-12-9-2eme-gen-ecran-noir-nappe-soudee.jpg";"Écran iPad Pro 12.9"" (2ème Gen.) Noir Reconditionné (PIEC). ReparMonPhone, principal grossiste en pièces détachées pour mobiles en Europe. Envois gratuits dès 35 euros. Comptes professionnels.";" Écran iPad Pro 12.9"" (2ème Gen.) Noir Reconditionné (PIEC) Neuf Vous venez de casser l’écran de votre précieux iPad Pro 12.9"" (2ème Gen.) (A1670/A1671) Noir et ne savez pas où trouver une offre d’écran  iPad Pro 12.9"" (2ème Gen.) (A1670/A1671) Noir Neuf au meilleur prix ?Sur ReparMonPhone.com bien évidemment ! Leader en vente de pièces détachées de tablettes aux particuliers et professionnels, nous proposons justement un écran d’iPad Pro 12.9"" (2ème Gen.) (A1670/A1671) Reconditionné Neuf avec, afficheur LCD, vitre tactile. De quoi remplacer rapidement votre écran d’iPad Pro 12.9"" (2ème Gen.) (A1670/A1671) cassé au prix le plus bas.Afin de réaliser une opération sans surprise, achetez notre écran d’iPad Pro 12.9"" (2ème Gen.) (A1670/A1671) Noir Reconditionné Neuf. Toutes les pièces vendues par ReparMonPhone sont de qualité et permettent de conserver une expérience optimale avec votre tablette Apple iPad Pro 12.9"" (2ème Gen.) (A1670/A1671).Certains se demandent quel est le site mieux indiqué pour un achat d’écran iPad Pro 12.9"" (2ème Gen.) (A1670/A1671) Noir pas cher ? De toute évidence ReparMonPhone.com, le partenaire de tous les professionnels de la réparation en France et en Europe. Ajoutez l’écran  Reconditionné iPad Pro 12.9"" (2ème Gen.) (A1670/A1671) Noir à votre panier, validez votre commande et nous le livrons à l’adresse de votre choix dans les plus brefs délais !DIAGNOSTIC DE PANNE D’ÉCRAN D’iPad Pro 12.9"" (2ème Gen.) (A1670/A1671) NoirL’écran de votre iPad Pro 12.9"" (2ème Gen.) (A1670/A1671) ne s’allume plus ou reste totalement noir.On a abîmé, rayé ou fissuré ou fragmenté l’écran ou la vitre tactile de votre iPad Pro 12.9"" (2ème Gen.) (A1670/A1671) Noir par accident.L’écran ou l’afficheur de la tablette iPad Pro 12.9"" (2ème Gen.) (A1670/A1671) connaissent des dysfonctionnements.Heureusement nous avons la solution, notre écran iPad Pro 12.9"" (2ème Gen.) (A1670/A1671) Noir avec, afficheur LCD, vitre tactile vous permet d’en effectuer le remplacement dans de bonnes conditions pour d’excellents résultats.NOS CONSEILS EN MATIÈRE DE REMPLACEMENT D’ÉCRANS DE TABLETTE iPad Pro 12.9"" (2ème Gen.) (A1670/A1671) NoirAvant l’achat, il est vivement recommandé de vérifier le modèle exact de tablette iPad Pro 12.9"" (2ème Gen.) (A1670/A1671) d’Apple avec sa référence plutôt que par son simple nom commercial, car il existe parfois plusieurs déclinaisons de modèles de tablettes Apple regroupées sous une même appellation et certaines versions se ressemblent beaucoup et sont souvent confondues.Prenez soin de ne pas pincer ou déchirer les nappes présentes attachées à l’écran de votre iPad Pro 12.9"" (2ème Gen.) (A1670/A1671), il ne faut surtout pas les endommager.Lors de la fixation du bloc-écran  d’iPad Pro 12.9"" (2ème Gen.) (A1670/A1671) Noir, faites attention aux petits débris qui pourraient briser l’écran et aux poussières qui peuvent nuire à la cohésion des composants.GARANTIE ÉCRAN  Reconditionné Apple ReparMonPhoneÉcran  d’iPad Pro 12.9"" (2ème Gen.) (A1670/A1671) Noir Reconditionné Neuf testé et vérifié avec une qualité et une durée de vie optimale.Assurance du caractère fonctionnel de l’écran Reconditionné, en vue d’une remise en état sans tracas de votre écran.Une politique de retour souple et efficace de l’écran Reconditionné iPad Pro 12.9"" (2ème Gen.) (A1670/A1671) Noir.INFORMATIONS SUPPLÉMENTAIRES ÉCRAN iPad Pro 12.9"" (2ème Gen.) (A1670/A1671) Reconditionné NeufRéf. constructeur : A1670, A1671, A1821.Résolution (taille) : 2048 x 2732 pixels (12.90"")"
"Nappe / Connecteur de Charge (4G) iPad Pro 12.9"" (2ème Gen.) Blanc";"11666";"11.06";"EUR";"En stock";"Apple > IPad > iPad Pro 12.9"" (2ème Gen.) (2017)";"https://www.pieces2mobile.com/flexo-de-carga-apple-ipad-pro-12-9-2eme-gen-blanco.html";"https://www.pieces2mobile.com/media/catalog/product/cache/08ce6ea9b7ea9e423fa7c2e2ae0fab3c/a/p/apple-ipad-pro-12-9-2eme-gen-nappe-charge-4g-blanc_1.jpg";"Nappe / Connecteur de Charge (4G) iPad Pro 12.9"" (2ème Gen.) Blanc. ReparMonPhone, principal grossiste en pièces de rechange pour mobiles en Europe. Envois gratuits dès 35 euros. Comptes professionnels.";" DIAGNOSTIC DE LA PANNE  Vous avez abîmé ou endommagé votre iPad Pro 12.9"" (2ème Gen.) par accident. La nappe Charge de votre smartphone ou tablette Apple ne fonctionne plus.  Heureusement, cette panne est réparable, et cette pièce de qualité vous permet d'en effectuer le dépannage.NOS CONSEILS  Lors de l'achat, il est conseillé de vérifier votre modèle de smartphone/tablette par sa référence plutôt que par son nom. Mais aussi de bien vérifier les versions disponibles qui peuvent changer les spécificités des pièces (attention aux confusions comme SIM / SD ou Power / Volume). Attention à ne pas pincer, déchirer les nappes, ou abîmer les pièces de rechange. Restez vigilant, certaines pièces nécessitent des compétences et un matériel de soudure adéquat.  LES GARANTIES ReparMonPhone  Nos pièces sont testées, pour une durée de vie optimale. Garanties fonctionnelles, pour une réparation sans tracas. Une politique de retours souples et rapides. "
"Nappe / Connecteur de Charge (Wi-Fi) iPad Pro 12.9"" (2ème Gen.) Noir";"11696";"3.78";"EUR";"En stock";"Apple > IPad > iPad Pro 12.9"" (2ème Gen.) (2017)";"https://www.pieces2mobile.com/flexo-de-carga-apple-ipad-pro-12-9-2eme-gen-negro-11713.html";"https://www.pieces2mobile.com/media/catalog/product/cache/08ce6ea9b7ea9e423fa7c2e2ae0fab3c/a/p/apple-ipad-pro-12-9-2eme-gen-nappe-charge-wi-fi-noir.jpg";"Nappe / Connecteur de Charge (Wi-Fi) iPad Pro 12.9"" (2ème Gen.) Noir. ReparMonPhone, principal grossiste en pièces de rechange pour mobiles en Europe. Envois gratuits dès 35 euros. Comptes professionnels.";" DIAGNOSTIC DE LA PANNE  Vous avez abîmé ou endommagé votre iPad Pro 12.9"" (2ème Gen.) par accident. La nappe Charge de votre smartphone ou tablette Apple ne fonctionne plus.  Heureusement, cette panne est réparable, et cette pièce de qualité vous permet d'en effectuer le dépannage.NOS CONSEILS  Lors de l'achat, il est conseillé de vérifier votre modèle de smartphone/tablette par sa référence plutôt que par son nom. Mais aussi de bien vérifier les versions disponibles qui peuvent changer les spécificités des pièces (attention aux confusions comme SIM / SD ou Power / Volume). Attention à ne pas pincer, déchirer les nappes, ou abîmer les pièces de rechange. Restez vigilant, certaines pièces nécessitent des compétences et un matériel de soudure adéquat.  LES GARANTIES ReparMonPhone  Nos pièces sont testées, pour une durée de vie optimale. Garanties fonctionnelles, pour une réparation sans tracas. Une politique de retours souples et rapides. "
"Nappe / Connecteur de Charge (Wi-Fi) iPad Pro 12.9"" (2ème Gen.) Blanc";"11697";"18";"EUR";"En stock";"Apple > IPad > iPad Pro 12.9"" (2ème Gen.) (2017)";"https://www.pieces2mobile.com/flexo-de-carga-apple-ipad-pro-12-9-2eme-gen-blanco-11714.html";"https://www.pieces2mobile.com/media/catalog/product/cache/08ce6ea9b7ea9e423fa7c2e2ae0fab3c/a/p/apple-ipad-pro-12-9-2eme-gen-nappe-charge-wi-fi-blanc_1.jpg";"Nappe / Connecteur de Charge (Wi-Fi) iPad Pro 12.9"" (2ème Gen.) Blanc. ReparMonPhone, principal grossiste en pièces de rechange pour mobiles en Europe. Envois gratuits dès 35 euros. Comptes professionnels.";" DIAGNOSTIC DE LA PANNE  Vous avez abîmé ou endommagé votre iPad Pro 12.9"" (2ème Gen.) par accident. La nappe Charge de votre smartphone ou tablette Apple ne fonctionne plus.  Heureusement, cette panne est réparable, et cette pièce de qualité vous permet d'en effectuer le dépannage.NOS CONSEILS  Lors de l'achat, il est conseillé de vérifier votre modèle de smartphone/tablette par sa référence plutôt que par son nom. Mais aussi de bien vérifier les versions disponibles qui peuvent changer les spécificités des pièces (attention aux confusions comme SIM / SD ou Power / Volume). Attention à ne pas pincer, déchirer les nappes, ou abîmer les pièces de rechange. Restez vigilant, certaines pièces nécessitent des compétences et un matériel de soudure adéquat.  LES GARANTIES ReparMonPhone  Nos pièces sont testées, pour une durée de vie optimale. Garanties fonctionnelles, pour une réparation sans tracas. Une politique de retours souples et rapides. "
"Nappe Power / Volume iPad Pro 12.9"" (2ème Gen.)";"11667";"20.4";"EUR";"En stock";"Apple > IPad > iPad Pro 12.9"" (2ème Gen.) (2017)";"https://www.pieces2mobile.com/flexo-power-volumen-apple-ipad-pro-12-9-2eme-gen.html";"https://www.pieces2mobile.com/media/catalog/product/cache/08ce6ea9b7ea9e423fa7c2e2ae0fab3c/a/p/apple-ipad-pro-12-9-2eme-gen-nappe-power-volume.jpg";"Nappe Power / Volume iPad Pro 12.9"" (2ème Gen.). ReparMonPhone, principal grossiste en pièces de rechange pour mobiles en Europe. Envois gratuits dès 35 euros. Comptes professionnels.";" DIAGNOSTIC DE LA PANNE  Vous avez abîmé ou endommagé votre iPad Pro 12.9"" (2ème Gen.) par accident. La nappe Power, Volume de votre smartphone ou tablette Apple ne fonctionne plus.  Heureusement, cette panne est réparable, et cette pièce de qualité vous permet d'en effectuer le dépannage.NOS CONSEILS  Lors de l'achat, il est conseillé de vérifier votre modèle de smartphone/tablette par sa référence plutôt que par son nom. Mais aussi de bien vérifier les versions disponibles qui peuvent changer les spécificités des pièces (attention aux confusions comme SIM / SD ou Power / Volume). Attention à ne pas pincer, déchirer les nappes, ou abîmer les pièces de rechange. Restez vigilant, certaines pièces nécessitent des compétences et un matériel de soudure adéquat.  LES GARANTIES ReparMonPhone  Nos pièces sont testées, pour une durée de vie optimale. Garanties fonctionnelles, pour une réparation sans tracas. Une politique de retours souples et rapides. "
"Nappe Jack iPad Pro 12.9"" (2ème Gen.) Noir";"11662";"18";"EUR";"En stock";"Apple > IPad > iPad Pro 12.9"" (2ème Gen.) (2017)";"https://www.pieces2mobile.com/flexo-jack-apple-ipad-pro-12-9-2eme-gen-negro.html";"https://www.pieces2mobile.com/media/catalog/product/cache/08ce6ea9b7ea9e423fa7c2e2ae0fab3c/a/p/apple-ipad-pro-12-9-2eme-gen-nappe-jack-noir.jpg";"Nappe Jack iPad Pro 12.9"" (2ème Gen.) Noir. ReparMonPhone, principal grossiste en pièces détachées pour mobiles en Europe. Envois gratuits dès 35 euros. Comptes professionnels.";" DIAGNOSTIC DE LA PANNE  Vous avez abîmé ou endommagé votre iPad Pro 12.9"" (2ème Gen.) par accident. La nappe Jack de votre smartphone ou tablette Apple ne fonctionne plus.  Heureusement, cette panne est réparable, et cette pièce de qualité vous permet d'en effectuer le dépannage.NOS CONSEILS  Lors de l'achat, il est conseillé de vérifier votre modèle de smartphone/tablette par sa référence plutôt que par son nom. Mais aussi de bien vérifier les versions disponibles qui peuvent changer les spécificités des pièces (attention aux confusions comme SIM / SD ou Power / Volume). Attention à ne pas pincer, déchirer les nappes, ou abîmer les pièces de rechange. Restez vigilant, certaines pièces nécessitent des compétences et un matériel de soudure adéquat.  LES GARANTIES ReparMonPhone  Nos pièces sont testées, pour une durée de vie optimale. Garanties fonctionnelles, pour une réparation sans tracas. Une politique de retours souples et rapides. "
"Nappe Jack iPad Pro 12.9"" (2ème Gen.) Blanc";"11663";"18";"EUR";"En stock";"Apple > IPad > iPad Pro 12.9"" (2ème Gen.) (2017)";"https://www.pieces2mobile.com/flexo-jack-apple-ipad-pro-12-9-2eme-gen-blanco.html";"https://www.pieces2mobile.com/media/catalog/product/cache/08ce6ea9b7ea9e423fa7c2e2ae0fab3c/a/p/apple-ipad-pro-12-9-2eme-gen-nappe-jack-blanc.jpg";"Nappe Jack iPad Pro 12.9"" (2ème Gen.) Blanc. ReparMonPhone, principal grossiste en pièces de rechange pour mobiles en Europe. Envois gratuits dès 35 euros. Comptes professionnels.";" DIAGNOSTIC DE LA PANNE  Vous avez abîmé ou endommagé votre iPad Pro 12.9"" (2ème Gen.) par accident. La nappe Jack de votre smartphone ou tablette Apple ne fonctionne plus.  Heureusement, cette panne est réparable, et cette pièce de qualité vous permet d'en effectuer le dépannage.NOS CONSEILS  Lors de l'achat, il est conseillé de vérifier votre modèle de smartphone/tablette par sa référence plutôt que par son nom. Mais aussi de bien vérifier les versions disponibles qui peuvent changer les spécificités des pièces (attention aux confusions comme SIM / SD ou Power / Volume). Attention à ne pas pincer, déchirer les nappes, ou abîmer les pièces de rechange. Restez vigilant, certaines pièces nécessitent des compétences et un matériel de soudure adéquat.  LES GARANTIES ReparMonPhone  Nos pièces sont testées, pour une durée de vie optimale. Garanties fonctionnelles, pour une réparation sans tracas. Une politique de retours souples et rapides. "
"Caméra avant iPad Pro 12.9"" (2ème Gen.)";"11668";"24";"EUR";"En stock";"Apple > IPad > iPad Pro 12.9"" (2ème Gen.) (2017)";"https://www.pieces2mobile.com/camara-frontal-apple-ipad-pro-12-9-2eme-gen.html";"https://www.pieces2mobile.com/media/catalog/product/cache/08ce6ea9b7ea9e423fa7c2e2ae0fab3c/a/p/apple-ipad-pro-12-9-2eme-gen-camera-avant.jpg";"Caméra avant iPad Pro 12.9"" (2ème Gen.). ReparMonPhone, principal grossiste en pièces de rechange pour mobiles en Europe. Envois gratuits dès 35 euros. Comptes professionnels.";" DIAGNOSTIC DE LA PANNE  Depuis quelques temps, la caméra avant de votre iPad Pro 12.9"" (2ème Gen.) ne fonctionne plus. L'objectif de la caméra est abîmé ou cassé, ce qui vous empêche de prendre des photos. La caméra avant de votre smartphone ou tablette Apple ne semble plus capable de faire une mise au point correcte.  Heureusement, cette panne est réparable, et cette caméra avant de qualité, vous permet d'en effectuer le dépannage.NOS CONSEILS  Que ce soit lors d'une réparation ou dans la vie de tous les jours, il ne faut pas déposer la caméra sur une surface aimantée, afin d'éviter un dérèglement interne. Ne touchez pas directement la caméra avant de la mettre en place, vous éviterez de laisser des traces sur l'objectif.  LES GARANTIES ReparMonPhone  Nos pièces sont testées, pour une durée de vie optimale. Garanties fonctionnelles, pour une réparation sans tracas. Une politique de retours souples et rapides. "
"Nappe SIM iPad Pro 12.9"" (2ème Gen.)";"11664";"18";"EUR";"En stock";"Apple > IPad > iPad Pro 12.9"" (2ème Gen.) (2017)";"https://www.pieces2mobile.com/flexo-sim-apple-ipad-pro-12-9-2eme-gen.html";"https://www.pieces2mobile.com/media/catalog/product/cache/08ce6ea9b7ea9e423fa7c2e2ae0fab3c/a/p/apple-ipad-pro-12-9-2eme-gen-nappe-sim.jpg";"Nappe SIM iPad Pro 12.9"" (2ème Gen.). ReparMonPhone, principal grossiste en pièces de rechange pour mobiles en Europe. Envois gratuits dès 35 euros. Comptes professionnels.";" DIAGNOSTIC DE LA PANNE  Vous avez abîmé ou endommagé votre iPad Pro 12.9"" (2ème Gen.) par accident. La nappe SIM de votre smartphone ou tablette Apple ne fonctionne plus.  Heureusement, cette panne est réparable, et cette pièce de qualité vous permet d'en effectuer le dépannage.NOS CONSEILS  Lors de l'achat, il est conseillé de vérifier votre modèle de smartphone/tablette par sa référence plutôt que par son nom. Mais aussi de bien vérifier les versions disponibles qui peuvent changer les spécificités des pièces (attention aux confusions comme SIM / SD ou Power / Volume). Attention à ne pas pincer, déchirer les nappes, ou abîmer les pièces de rechange. Restez vigilant, certaines pièces nécessitent des compétences et un matériel de soudure adéquat.  LES GARANTIES ReparMonPhone  Nos pièces sont testées, pour une durée de vie optimale. Garanties fonctionnelles, pour une réparation sans tracas. Une politique de retours souples et rapides. "
"Caméra arrière iPad Pro 12.9"" (2ème Gen.)";"11661";"32.4";"EUR";"En stock";"Apple > IPad > iPad Pro 12.9"" (2ème Gen.) (2017)";"https://www.pieces2mobile.com/camara-posterior-apple-ipad-pro-12-9-2eme-gen.html";"https://www.pieces2mobile.com/media/catalog/product/cache/08ce6ea9b7ea9e423fa7c2e2ae0fab3c/a/p/apple-ipad-pro-12-9-2eme-gen-camera-arriere.jpg";"Caméra arrière iPad Pro 12.9"" (2ème Gen.). ReparMonPhone, principal grossiste en pièces de rechange pour mobiles en Europe. Envois gratuits dès 35 euros. Comptes professionnels.";" DIAGNOSTIC DE LA PANNEDepuis quelque temps, la caméra arrière de votre iPad Pro 12.9"" (2ème Gen.) ne fonctionne plus correctement.L’objectif de la caméra est abîmé, rayé ou cassé, ce qui vous empêche de prendre des photos nettes ou d’utiliser normalement votre appareil.La caméra arrière de votre smartphone ou tablette Apple ne semble plus capable d’effectuer une mise au point correcte.Vous constatez une perte de qualité d’image, un flou permanent ou un dysfonctionnement lors de l’ouverture de l’appareil photo.Heureusement, cette panne est réparable. Cette caméra arrière de remplacement vous permet d’effectuer une remise en état fiable de votre appareil et de retrouver une prise de vue plus nette et plus stable.NOS CONSEILSLors d’une réparation, évitez de poser la caméra sur une surface aimantée, afin de limiter les risques de dérèglement interne.Ne touchez pas directement l’objectif de la caméra arrière au moment de la mise en place, afin d’éviter les traces, poussières ou micro-rayures.Travaillez sur une surface propre et manipulez la pièce avec précaution pour préserver la qualité optique du composant.Avant le remontage définitif, vérifiez le bon positionnement de la caméra pour garantir une utilisation optimale.LES GARANTIES ReparMonPhoneNos pièces sont testées avec soin pour offrir une qualité constante et une durée de vie optimale.Elles sont garanties fonctionnelles pour permettre une réparation plus sereine.Vous bénéficiez d’une politique de retours souples et rapides.ReparMonPhone accompagne les particuliers comme les professionnels avec des pièces détachées sélectionnées avec exigence."
"Verre Trempé iPad Pro 12.9"" / Pro 12.9"" (2ème Gen.)";"3827";"19.99";"EUR";"En stock";"Accessoires > Protection Écran > Verre Trempé";"https://www.pieces2mobile.com/verre-trempe-ipad-pro-12-9-pro-12-9-2eme-gen.html";"https://www.pieces2mobile.com/media/catalog/product/cache/08ce6ea9b7ea9e423fa7c2e2ae0fab3c/a/p/apple-ipad-pro-12-9-verre-trempei-pad-pro-12-9-2eme-gen.jpg";"Verre Trempé iPad Pro 12.9"" / Pro 12.9"" (2ème Gen.). ReparMonPhone, principal grossiste en pièces détachées pour mobiles en Europe. Envois gratuits dès 35 euros. Comptes professionnels.";"La photo est non contractuelle, la forme peut changer en fonction du modèle de smartphone (emplacement caméra, etc...), seule l'apparence demeure.CARACTÉRISTIQUESCompatible : Apple iPad Pro 12.9"" / iPad Pro 12.9"" (2ème Gen.)Inclus : Le verre trempé de protectionAvec : Technologie 2.5D (Polissage des angles et côtés du verre)Intégrale : NonConfidentiel : NonCouleur : TransparentÉpaisseur : 0.3 mm"
"Power Management IC (343S00090) iPad Pro 12.9"" (2ème Gen.) 2017";"16827";"6.52";"EUR";"En stock";"Apple > IPad > iPad Pro 12.9"" (2ème Gen.) (2017)";"https://www.pieces2mobile.com/power-management-ic-343s00090-ipad-pro-12-9-2eme-gen-2017.html";"https://www.pieces2mobile.com/media/catalog/product/cache/08ce6ea9b7ea9e423fa7c2e2ae0fab3c/p/o/power-management-ic-343s00090-ipad-pro-12.9-2nd-gen-2017.jpg";"Power Management IC (343S00090) iPad Pro 12.9"" (2ème Gen.) 2017. ReparMonPhone, principal grossiste en pièces de rechange pour mobiles en Europe. Envois gratuits dès 35 euros. Comptes professionnels.";" DIAGNOSTIC DE LA PANNE  Vous avez abîmé ou endommagé votre iPad Pro 12.9"" (2ème Gen.) 2017 par accident. Le composant IC de votre smartphone ou tablette Apple ne fonctionne plus.  Heureusement, cette panne est réparable, et cette pièce de qualité vous permet d'en effectuer le dépannage.NOS CONSEILS  Lors de l'achat, il est conseillé de vérifier votre modèle de smartphone/tablette par sa référence plutôt que par son nom. Mais aussi de bien vérifier les versions disponibles qui peuvent changer les spécificités des pièces (attention aux confusions comme SIM / SD ou Power / Volume). Attention à ne pas pincer, déchirer les nappes, ou abîmer les pièces de rechange. Restez vigilant, certaines pièces nécessitent des compétences et un matériel de soudure adéquat.  LES GARANTIES ReparMonPhone  Nos pièces sont testées, pour une durée de vie optimale. Garanties fonctionnelles, pour une réparation sans tracas. Une politique de retours souples et rapides. "
"Adhésif avant (écran) iPad Pro 12.9""";"10784";"4.79";"EUR";"En stock";"Apple > IPad > iPad Pro 12.9"" (2015)";"https://www.pieces2mobile.com/adhesif-avant-ecran-ipad-pro-12-9.html";"https://www.pieces2mobile.com/media/catalog/product/cache/08ce6ea9b7ea9e423fa7c2e2ae0fab3c/a/p/apple-ipad-pro-12-9-adhesif-avant.jpg";"Adhésif avant (écran) iPad Pro 12.9"". ReparMonPhone, principal grossiste en pièces de rechange pour mobiles en Europe. Envois gratuits dès 35 euros. Comptes professionnels.";" DIAGNOSTIC DE LA PANNE  Vous prévoyez de réparer la partie avant de votre iPad Pro 12.9"" (A1584, A1652), il vous faudra donc recoller l'écran de ce dernier. L'adhésif avant de l'écran de votre smartphone ou tablette Apple n'adhère plus et se décolle.  Heureusement, cette panne est réparable, et cet adhésif avant de qualité, vous permet d'en effectuer le dépannage.NOS CONSEILS  Avant d'utiliser l'adhésif et de coller un écran ou une vitre, il est toujours préférable de tester la pièce remplacée en amont, pour écarter tout incident.  LES GARANTIES ReparMonPhone  Nos pièces sont testées, pour une durée de vie optimale. Garanties fonctionnelles, pour une réparation sans tracas. Une politique de retours souples et rapides. "
"Batterie iPad Pro 12.9"" A1677";"10735";"22.22";"EUR";"En stock";"Apple > IPad > iPad Pro 12.9"" (2015)";"https://www.pieces2mobile.com/batterie-a1677-ipad-pro-12-9-origine.html";"https://www.pieces2mobile.com/media/catalog/product/cache/08ce6ea9b7ea9e423fa7c2e2ae0fab3c/a/p/apple-ipad-pro-12-9-batterie-origine-a1577.jpg";"Batterie iPad Pro 12.9"" A1677. ReparMonPhone, principal grossiste en pièces de rechange pour mobiles en Europe. Envois gratuits dès 35 euros. Comptes professionnels.";" Batterie iPad Pro 12.9"" A1677 neuve Le niveau de la batterie de votre tablette iPad Pro 12.9"" diminue rapidement et parfois il s’éteint de manière inopinée et vous ne savez pas où trouver une offre de batterie iPad Pro 12.9"" au meilleur prix ?Sur ReparMonPhone.com bien évidemment ! Leader en vente de pièces détachées de tablettes aux particuliers et professionnels, nous proposons justement la batterie A1584, A1652. de iPad Pro 12.9"" Générique. De quoi remplacer rapidement votre batterie de iPad Pro 12.9"" en fin de vie au prix le plus bas.Afin de réaliser une opération sans surprise, achetez notre batterie A1584, A1652. de iPad Pro 12.9"" Générique neuve. Toutes les pièces vendues par ReparMonPhone sont de qualité et permettent de conserver une expérience optimale avec votre tablette Apple iPad Pro 12.9"".Certains se demandent quel est le site mieux indiqué pour un achat de batterie iPad Pro 12.9"" pas cher ? De toute évidence ReparMonPhone.com, le partenaire de tous les professionnels de la réparation en France et en Europe. Ajoutez la batterie Générique iPad Pro 12.9"" à votre panier, validez votre commande et nous la livrons à l’adresse de votre choix dans les plus brefs délais !DIAGNOSTIC DE PANNE DE BATTERIE DE iPad Pro 12.9""Votre iPad Pro 12.9"" ne s’allume plus s’il n'est pas en charge ou son autonomie est significativement réduite.Dans les réglages de l’iPad Pro 12.9"" le pourcentage indiquant la santé de la batterie est bas.L’iPad Pro 12.9"" s’éteint de lui-même alors que son niveau de batterie est encore conséquent.Heureusement nous avons la solution, notre batterie iPad Pro 12.9"" vous permet d’en effectuer le remplacement dans de bonnes conditions pour d’excellents résultats.NOS CONSEILS EN MATIÈRE DE REMPLACEMENT DE BATTERIES D’iPad Pro 12.9""Avant l’achat, il est vivement recommandé de vérifier le modèle exact de la tablette iPad Pro 12.9"" d’Apple avec la référence de la batterie, car il existe un grand nombre de modèles de tablettes Apple et certaines versions se ressemblent beaucoup et sont parfois confondues.Prenez soin de démonter avec soin la batterie A1584, A1652. d’iPad Pro 12.9"", il ne faut surtout pas l’endommager.Lors de la fixation de la batterie d’iPad Pro 12.9"", faites attention aux petits débris et aux poussières qui peuvent nuire à la cohésion des composants.GARANTIE BATTERIE A1584, A1652. Générique Apple ReparMonPhoneBatterie d’iPad Pro 12.9"" Générique état neuf testée et vérifiée avec une qualité et une durée de vie optimale.Assurance du caractère fonctionnel de la batterie Générique, pour retrouver l’autonomie d’un iPad Pro 12.9"" neuf.Une politique de retour souple et efficace de la batterie Générique iPad Pro 12.9"".INFORMATIONS SUPPLÉMENTAIRES BATTERIE iPad Pro 12.9"" Générique neuvesLes batteries A1584, A1652. neuves sont pourvues d’une charge d’usine, qu’il est conseillé de laisser se décharger complètement.Afin d’améliorer l’optimisation de la batterie, une fois que la charge d’usine atteint les 5 % à 10 %, un cycle de charge complet jusqu’à 100 % sans interruption est recommandé.Par la suite, pour assurer de bonnes performances, il est conseillé d’effectuer autant que possible ces mêmes cycles de charge.Réf. constructeur : A1584, A1652.Capacité : "
"Nappe / Connecteur de Charge (4G) iPad Pro 12.9"" Noir";"8573";"6.97";"EUR";"En stock";"Apple > IPad > iPad Pro 12.9"" (2015)";"https://www.pieces2mobile.com/nappe-charge-ipad-pro-12-9-noir.html";"https://www.pieces2mobile.com/media/catalog/product/cache/08ce6ea9b7ea9e423fa7c2e2ae0fab3c/a/p/apple-ipad-pro-12-9-nappe-charge-4g-noir_2.jpg";"Nappe / Connecteur de Charge (4G) iPad Pro 12.9"" Noir. ReparMonPhone, principal grossiste en pièces détachées pour mobiles en Europe. Envois gratuits dès 35 euros. Comptes professionnels.";" DIAGNOSTIC DE LA PANNE  Vous avez abîmé ou endommagé votre iPad Pro 12.9"" par accident. La nappe Charge de votre smartphone ou tablette Apple ne fonctionne plus.  Heureusement, cette panne est réparable, et cette pièce de qualité vous permet d'en effectuer le dépannage.NOS CONSEILS  Lors de l'achat, il est conseillé de vérifier votre modèle de smartphone/tablette par sa référence plutôt que par son nom. Mais aussi de bien vérifier les versions disponibles qui peuvent changer les spécificités des pièces (attention aux confusions comme SIM / SD ou Power / Volume). Attention à ne pas pincer, déchirer les nappes, ou abîmer les pièces de rechange. Restez vigilant, certaines pièces nécessitent des compétences et un matériel de soudure adéquat.  LES GARANTIES ReparMonPhone  Nos pièces sont testées, pour une durée de vie optimale. Garanties fonctionnelles, pour une réparation sans tracas. Une politique de retours souples et rapides. "
"Nappe / Connecteur de Charge (Wi-Fi) iPad Pro 12.9"" Blanc";"11695";"8.64";"EUR";"Rupture / sur commande";"Apple > IPad > iPad Pro 12.9"" (2015)";"https://www.pieces2mobile.com/flexo-de-carga-apple-ipad-pro-12-9-blanco-11712.html";"https://www.pieces2mobile.com/media/catalog/product/cache/08ce6ea9b7ea9e423fa7c2e2ae0fab3c/a/p/apple-ipad-pro-12-9-nappe-charge-wi-fi-blanc_2.jpg";"Nappe / Connecteur de Charge (Wi-Fi) iPad Pro 12.9"" Blanc. ReparMonPhone, principal grossiste en pièces détachées pour mobiles en Europe. Envois gratuits dès 35 euros. Comptes professionnels.";" DIAGNOSTIC DE LA PANNE  Vous avez abîmé ou endommagé votre iPad Pro 12.9"" par accident. La nappe Charge de votre smartphone ou tablette Apple ne fonctionne plus.  Heureusement, cette panne est réparable, et cette pièce de qualité vous permet d'en effectuer le dépannage.NOS CONSEILS  Lors de l'achat, il est conseillé de vérifier votre modèle de smartphone/tablette par sa référence plutôt que par son nom. Mais aussi de bien vérifier les versions disponibles qui peuvent changer les spécificités des pièces (attention aux confusions comme SIM / SD ou Power / Volume). Attention à ne pas pincer, déchirer les nappes, ou abîmer les pièces de rechange. Restez vigilant, certaines pièces nécessitent des compétences et un matériel de soudure adéquat.  LES GARANTIES ReparMonPhone  Nos pièces sont testées, pour une durée de vie optimale. Garanties fonctionnelles, pour une réparation sans tracas. Une politique de retours souples et rapides. "
"Nappe / Connecteur de Charge (4G) iPad Pro 12.9"" Blanc";"8574";"18";"EUR";"En stock";"Apple > IPad > iPad Pro 12.9"" (2015)";"https://www.pieces2mobile.com/nappe-charge-ipad-pro-12-9-blanc.html";"https://www.pieces2mobile.com/media/catalog/product/cache/08ce6ea9b7ea9e423fa7c2e2ae0fab3c/a/p/apple-ipad-pro-12-9-nappe-charge-4g-blanc_1.jpg";"Nappe / Connecteur de Charge (4G) iPad Pro 12.9"" Blanc. ReparMonPhone, principal grossiste en pièces de rechange pour mobiles en Europe. Envois gratuits dès 35 euros. Comptes professionnels.";" DIAGNOSTIC DE LA PANNE  Vous avez abîmé ou endommagé votre iPad Pro 12.9"" par accident. La nappe Charge de votre smartphone ou tablette Apple ne fonctionne plus.  Heureusement, cette panne est réparable, et cette pièce de qualité vous permet d'en effectuer le dépannage.NOS CONSEILS  Lors de l'achat, il est conseillé de vérifier votre modèle de smartphone/tablette par sa référence plutôt que par son nom. Mais aussi de bien vérifier les versions disponibles qui peuvent changer les spécificités des pièces (attention aux confusions comme SIM / SD ou Power / Volume). Attention à ne pas pincer, déchirer les nappes, ou abîmer les pièces de rechange. Restez vigilant, certaines pièces nécessitent des compétences et un matériel de soudure adéquat.  LES GARANTIES ReparMonPhone  Nos pièces sont testées, pour une durée de vie optimale. Garanties fonctionnelles, pour une réparation sans tracas. Une politique de retours souples et rapides. "
"Nappe Jack iPad Pro 12.9"" Noir";"8576";"18";"EUR";"En stock";"Apple > IPad > iPad Pro 12.9"" (2015)";"https://www.pieces2mobile.com/nappe-jack-ipad-pro-12-9-noir.html";"https://www.pieces2mobile.com/media/catalog/product/cache/08ce6ea9b7ea9e423fa7c2e2ae0fab3c/a/p/apple-ipad-pro-12-9-nappe-jack-noir.jpg";"Nappe Jack iPad Pro 12.9"" Noir. ReparMonPhone, principal grossiste en pièces détachées pour mobiles en Europe. Envois gratuits dès 35 euros. Comptes professionnels.";" DIAGNOSTIC DE LA PANNE  Vous avez abîmé ou endommagé votre iPad Pro 12.9"" par accident. La nappe Jack de votre smartphone ou tablette Apple ne fonctionne plus.  Heureusement, cette panne est réparable, et cette pièce de qualité vous permet d'en effectuer le dépannage.NOS CONSEILS  Lors de l'achat, il est conseillé de vérifier votre modèle de smartphone/tablette par sa référence plutôt que par son nom. Mais aussi de bien vérifier les versions disponibles qui peuvent changer les spécificités des pièces (attention aux confusions comme SIM / SD ou Power / Volume). Attention à ne pas pincer, déchirer les nappes, ou abîmer les pièces de rechange. Restez vigilant, certaines pièces nécessitent des compétences et un matériel de soudure adéquat.  LES GARANTIES ReparMonPhone  Nos pièces sont testées, pour une durée de vie optimale. Garanties fonctionnelles, pour une réparation sans tracas. Une politique de retours souples et rapides. "
"Nappe Jack iPad Pro 12.9"" Blanc";"8577";"18";"EUR";"En stock";"Apple > IPad > iPad Pro 12.9"" (2015)";"https://www.pieces2mobile.com/nappe-jack-ipad-pro-12-9-blanc.html";"https://www.pieces2mobile.com/media/catalog/product/cache/08ce6ea9b7ea9e423fa7c2e2ae0fab3c/a/p/apple-ipad-pro-12-9-nappe-jack-blanc.jpg";"Nappe Jack iPad Pro 12.9"" Blanc. ReparMonPhone, principal grossiste en pièces détachées pour mobiles en Europe. Envois gratuits dès 35 euros. Comptes professionnels.";" DIAGNOSTIC DE LA PANNE  Vous avez abîmé ou endommagé votre iPad Pro 12.9"" par accident. La nappe Jack de votre smartphone ou tablette Apple ne fonctionne plus.  Heureusement, cette panne est réparable, et cette pièce de qualité vous permet d'en effectuer le dépannage.NOS CONSEILS  Lors de l'achat, il est conseillé de vérifier votre modèle de smartphone/tablette par sa référence plutôt que par son nom. Mais aussi de bien vérifier les versions disponibles qui peuvent changer les spécificités des pièces (attention aux confusions comme SIM / SD ou Power / Volume). Attention à ne pas pincer, déchirer les nappes, ou abîmer les pièces de rechange. Restez vigilant, certaines pièces nécessitent des compétences et un matériel de soudure adéquat.  LES GARANTIES ReparMonPhone  Nos pièces sont testées, pour une durée de vie optimale. Garanties fonctionnelles, pour une réparation sans tracas. Une politique de retours souples et rapides. "
"Caméra arrière iPad Air 2 / Pro 12.9""";"5943";"9.6";"EUR";"En stock";"Apple > IPad > iPad Air 2 (2014)";"https://www.pieces2mobile.com/camera-arriere-ipad-air-2-pro-12-9.html";"https://www.pieces2mobile.com/media/catalog/product/cache/08ce6ea9b7ea9e423fa7c2e2ae0fab3c/a/p/apple-ipad-air-2-ipad-pro-12-9-camera-arriere.jpg";"Caméra arrière iPad Air 2 / Pro 12.9"". ReparMonPhone, principal grossiste en pièces détachées pour mobiles en Europe. Envois gratuits dès 35 euros. Comptes professionnels.";" DIAGNOSTIC DE LA PANNEDepuis quelque temps, la caméra arrière de votre iPad Air 2 / Pro 12.9"" ne fonctionne plus correctement.L’objectif de la caméra est abîmé, rayé ou cassé, ce qui vous empêche de prendre des photos nettes ou d’utiliser normalement votre appareil.La caméra arrière de votre smartphone ou tablette Apple ne semble plus capable d’effectuer une mise au point correcte.Vous constatez une perte de qualité d’image, un flou permanent ou un dysfonctionnement lors de l’ouverture de l’appareil photo.Heureusement, cette panne est réparable. Cette caméra arrière de remplacement vous permet d’effectuer une remise en état fiable de votre appareil et de retrouver une prise de vue plus nette et plus stable.NOS CONSEILSLors d’une réparation, évitez de poser la caméra sur une surface aimantée, afin de limiter les risques de dérèglement interne.Ne touchez pas directement l’objectif de la caméra arrière au moment de la mise en place, afin d’éviter les traces, poussières ou micro-rayures.Travaillez sur une surface propre et manipulez la pièce avec précaution pour préserver la qualité optique du composant.Avant le remontage définitif, vérifiez le bon positionnement de la caméra pour garantir une utilisation optimale.LES GARANTIES ReparMonPhoneNos pièces sont testées avec soin pour offrir une qualité constante et une durée de vie optimale.Elles sont garanties fonctionnelles pour permettre une réparation plus sereine.Vous bénéficiez d’une politique de retours souples et rapides.ReparMonPhone accompagne les particuliers comme les professionnels avec des pièces détachées sélectionnées avec exigence."
"Caméra avant iPad Air 2 / Pro 12.9""";"8569";"12";"EUR";"En stock";"Apple > IPad > iPad Air 2 (2014)";"https://www.pieces2mobile.com/camera-avant-ipad-air-2-pro-12-9.html";"https://www.pieces2mobile.com/media/catalog/product/cache/08ce6ea9b7ea9e423fa7c2e2ae0fab3c/a/p/apple-ipad-air-2-ipad-pro-12-9-camera-avant.jpg";"Caméra avant iPad Air 2 / Pro 12.9"". ReparMonPhone, principal grossiste en pièces détachées pour mobiles en Europe. Envois gratuits dès 35 euros. Comptes professionnels.";" DIAGNOSTIC DE LA PANNE  Depuis quelques temps, la caméra avant de votre iPad Air 2 / Pro 12.9"" ne fonctionne plus. L'objectif de la caméra est abîmé ou cassé, ce qui vous empêche de prendre des photos. La caméra avant de votre smartphone ou tablette Apple ne semble plus capable de faire une mise au point correcte.  Heureusement, cette panne est réparable, et cette caméra avant de qualité, vous permet d'en effectuer le dépannage.NOS CONSEILS  Que ce soit lors d'une réparation ou dans la vie de tous les jours, il ne faut pas déposer la caméra sur une surface aimantée, afin d'éviter un dérèglement interne. Ne touchez pas directement la caméra avant de la mettre en place, vous éviterez de laisser des traces sur l'objectif.  LES GARANTIES ReparMonPhone  Nos pièces sont testées, pour une durée de vie optimale. Garanties fonctionnelles, pour une réparation sans tracas. Une politique de retours souples et rapides. "
"Nappe SIM iPad Pro 12.9""";"8572";"18";"EUR";"En stock";"Apple > IPad > iPad Pro 12.9"" (2015)";"https://www.pieces2mobile.com/nappe-sim-ipad-pro-12-9.html";"https://www.pieces2mobile.com/media/catalog/product/cache/08ce6ea9b7ea9e423fa7c2e2ae0fab3c/a/p/apple-ipad-pro-12-9-nappe-sim.jpg";"Nappe SIM iPad Pro 12.9"". ReparMonPhone, principal grossiste en pièces détachées pour mobiles en Europe. Envois gratuits dès 35 euros. Comptes professionnels.";" DIAGNOSTIC DE LA PANNE  Vous avez abîmé ou endommagé votre iPad Pro 12.9"" par accident. La nappe SIM de votre smartphone ou tablette Apple ne fonctionne plus.  Heureusement, cette panne est réparable, et cette pièce de qualité vous permet d'en effectuer le dépannage.NOS CONSEILS  Lors de l'achat, il est conseillé de vérifier votre modèle de smartphone/tablette par sa référence plutôt que par son nom. Mais aussi de bien vérifier les versions disponibles qui peuvent changer les spécificités des pièces (attention aux confusions comme SIM / SD ou Power / Volume). Attention à ne pas pincer, déchirer les nappes, ou abîmer les pièces de rechange. Restez vigilant, certaines pièces nécessitent des compétences et un matériel de soudure adéquat.  LES GARANTIES ReparMonPhone  Nos pièces sont testées, pour une durée de vie optimale. Garanties fonctionnelles, pour une réparation sans tracas. Une politique de retours souples et rapides. "
"Nappe LCD / Tactile iPad Pro 12.9""";"8570";"6.37";"EUR";"En stock";"Apple > IPad > iPad Pro 12.9"" (2015)";"https://www.pieces2mobile.com/nappe-lcd-tactile-ipad-pro-12-9.html";"https://www.pieces2mobile.com/media/catalog/product/cache/08ce6ea9b7ea9e423fa7c2e2ae0fab3c/a/p/apple-ipad-pro-12-9-nappe-lcd-tactile.jpg";"Nappe LCD / Tactile iPad Pro 12.9"". ReparMonPhone, principal grossiste en pièces détachées pour mobiles en Europe. Envois gratuits dès 35 euros. Comptes professionnels.";" DIAGNOSTIC DE LA PANNE  Vous avez abîmé ou endommagé votre iPad Pro 12.9"" par accident. La nappe LCD, Tactile de votre smartphone ou tablette Apple ne fonctionne plus.  Heureusement, cette panne est réparable, et cette pièce de qualité vous permet d'en effectuer le dépannage.NOS CONSEILS  Lors de l'achat, il est conseillé de vérifier votre modèle de smartphone/tablette par sa référence plutôt que par son nom. Mais aussi de bien vérifier les versions disponibles qui peuvent changer les spécificités des pièces (attention aux confusions comme SIM / SD ou Power / Volume). Attention à ne pas pincer, déchirer les nappes, ou abîmer les pièces de rechange. Restez vigilant, certaines pièces nécessitent des compétences et un matériel de soudure adéquat.  LES GARANTIES ReparMonPhone  Nos pièces sont testées, pour une durée de vie optimale. Garanties fonctionnelles, pour une réparation sans tracas. Une politique de retours souples et rapides. "
"Nappe Principale Clavier iPad Pro 12.9""";"8571";"4.14";"EUR";"Rupture / sur commande";"Apple > IPad > iPad Pro 12.9"" (2015)";"https://www.pieces2mobile.com/nappe-connexion-clavier-ipad-pro-12-9.html";"https://www.pieces2mobile.com/media/catalog/product/cache/08ce6ea9b7ea9e423fa7c2e2ae0fab3c/a/p/apple-ipad-pro-12-9-nappe-connexion-clavier.jpg";"Nappe Principale Clavier iPad Pro 12.9"". ReparMonPhone, principal grossiste en pièces de rechange pour mobiles en Europe. Envois gratuits dès 35 euros. Comptes professionnels.";" DIAGNOSTIC DE LA PANNE  Vous avez abîmé ou endommagé votre iPad Pro 12.9"" par accident. La nappe de connexion de votre smartphone ou tablette Apple ne fonctionne plus.  Heureusement, cette panne est réparable, et cette pièce de qualité vous permet d'en effectuer le dépannage.NOS CONSEILS  Lors de l'achat, il est conseillé de vérifier votre modèle de smartphone/tablette par sa référence plutôt que par son nom. Mais aussi de bien vérifier les versions disponibles qui peuvent changer les spécificités des pièces (attention aux confusions comme SIM / SD ou Power / Volume). Attention à ne pas pincer, déchirer les nappes, ou abîmer les pièces de rechange. Restez vigilant, certaines pièces nécessitent des compétences et un matériel de soudure adéquat.  LES GARANTIES ReparMonPhone  Nos pièces sont testées, pour une durée de vie optimale. Garanties fonctionnelles, pour une réparation sans tracas. Une politique de retours souples et rapides. "
"Connecteur Tactile / LCD iPad Pro 12.9""";"10757";"2.24";"EUR";"En stock";"Apple > IPad > iPad Pro 12.9"" (2015)";"https://www.pieces2mobile.com/connecteur-tactile-lcd-ipad-pro-12-9.html";"https://www.pieces2mobile.com/media/catalog/product/cache/08ce6ea9b7ea9e423fa7c2e2ae0fab3c/a/p/apple-ipad-pro-12-9-connecteur-tactile-lcd.jpg";"Connecteur Tactile / LCD iPad Pro 12.9"". ReparMonPhone, principal grossiste en pièces détachées pour mobiles en Europe. Envois gratuits dès 35 euros. Comptes professionnels.";" DIAGNOSTIC DE LA PANNE  Vous avez abîmé ou endommagé votre iPad Pro 12.9"" par accident. Le connecteur LCD, Tactile de votre smartphone ou tablette Apple ne fonctionne plus.  Heureusement, cette panne est réparable, et cette pièce de qualité vous permet d'en effectuer le dépannage.NOS CONSEILS  Lors de l'achat, il est conseillé de vérifier votre modèle de smartphone/tablette par sa référence plutôt que par son nom. Mais aussi de bien vérifier les versions disponibles qui peuvent changer les spécificités des pièces (attention aux confusions comme SIM / SD ou Power / Volume). Attention à ne pas pincer, déchirer les nappes, ou abîmer les pièces de rechange. Restez vigilant, certaines pièces nécessitent des compétences et un matériel de soudure adéquat.  LES GARANTIES ReparMonPhone  Nos pièces sont testées, pour une durée de vie optimale. Garanties fonctionnelles, pour une réparation sans tracas. Une politique de retours souples et rapides. "
"Backlight IC (Rétro-éclairage) 5AR5 iPad Pro 12.9""";"10926";"1.9";"EUR";"En stock";"Apple > IPad > iPad Pro 12.9"" (2015)";"https://www.pieces2mobile.com/backlight-ic-retro-eclairage-5ar5-ipad-pro-12-9.html";"https://www.pieces2mobile.com/media/catalog/product/cache/08ce6ea9b7ea9e423fa7c2e2ae0fab3c/a/p/apple-ipad-pro-12-9-backlight-ic-retro-eclairage-5ar5.jpg";"Backlight IC (Rétro-éclairage) 5AR5 iPad Pro 12.9"". ReparMonPhone, principal grossiste en pièces de rechange pour mobiles en Europe. Envois gratuits dès 35 euros. Comptes professionnels.";" DIAGNOSTIC DE LA PANNE  Vous avez abîmé ou endommagé votre iPad Pro 12.9"" par accident. Le composant IC de votre smartphone ou tablette Apple ne fonctionne plus.  Heureusement, cette panne est réparable, et cette pièce de qualité vous permet d'en effectuer le dépannage.NOS CONSEILS  Lors de l'achat, il est conseillé de vérifier votre modèle de smartphone/tablette par sa référence plutôt que par son nom. Mais aussi de bien vérifier les versions disponibles qui peuvent changer les spécificités des pièces (attention aux confusions comme SIM / SD ou Power / Volume). Attention à ne pas pincer, déchirer les nappes, ou abîmer les pièces de rechange. Restez vigilant, certaines pièces nécessitent des compétences et un matériel de soudure adéquat.  LES GARANTIES ReparMonPhone  Nos pièces sont testées, pour une durée de vie optimale. Garanties fonctionnelles, pour une réparation sans tracas. Une politique de retours souples et rapides. "
"Nappe Test iPad Pro 12.9""";"8822";"14.4";"EUR";"En stock";"Outils > Autres > Nappe Test";"https://www.pieces2mobile.com/nappe-test-ipad-pro-12-9.html";"https://www.pieces2mobile.com/media/catalog/product/cache/08ce6ea9b7ea9e423fa7c2e2ae0fab3c/n/a/nappe_test_ipad_pro_12.9.jpg";"Nappe Test iPad Pro 12.9"". ReparMonPhone, principal grossiste en pièces de rechange pour mobiles en Europe. Envois gratuits dès 35 euros. Comptes professionnels.";"Nappe Test iPad Pro 12.9"""
"Nappe LCD Complète iPad Pro 12.9"" (2015)";"15806";"3.6";"EUR";"En stock";"Apple > IPad > iPad Pro 12.9"" (2015)";"https://www.pieces2mobile.com/nappe-lcd-complete-ipad-pro-12-9-2015.html";"https://www.pieces2mobile.com/media/catalog/product/cache/08ce6ea9b7ea9e423fa7c2e2ae0fab3c/n/a/nappe-lcd-ipad-pro-12.9-2015.jpg";"Nappe LCD Complète iPad Pro 12.9"" (2015). ReparMonPhone, principal grossiste en pièces détachées pour mobiles en Europe. Envois gratuits dès 35 euros. Comptes professionnels.";" DIAGNOSTIC DE LA PANNE  Vous avez abîmé ou endommagé votre iPad Pro 12.9"" (2015) par accident. La nappe LCD de votre smartphone ou tablette Apple ne fonctionne plus.  Heureusement, cette panne est réparable, et cette pièce de qualité vous permet d'en effectuer le dépannage.NOS CONSEILS  Lors de l'achat, il est conseillé de vérifier votre modèle de smartphone/tablette par sa référence plutôt que par son nom. Mais aussi de bien vérifier les versions disponibles qui peuvent changer les spécificités des pièces (attention aux confusions comme SIM / SD ou Power / Volume). Attention à ne pas pincer, déchirer les nappes, ou abîmer les pièces de rechange. Restez vigilant, certaines pièces nécessitent des compétences et un matériel de soudure adéquat.  LES GARANTIES ReparMonPhone  Nos pièces sont testées, pour une durée de vie optimale. Garanties fonctionnelles, pour une réparation sans tracas. Une politique de retours souples et rapides. "
"Coque Protection ANTICHOC iPad Pro 11"" (2024) avec Bretelles Adjustable / Détachables Noir";"18430";"22.15";"EUR";"Rupture / sur commande";"Accessoires > Protection > Coques";"https://www.pieces2mobile.com/coque-protection-antichoc-ipad-pro-11-2024-avec-bretelles-adjustable-detachables-noir.html";"https://www.pieces2mobile.com/media/catalog/product/cache/08ce6ea9b7ea9e423fa7c2e2ae0fab3c/c/o/coque-protection-anti-shock-ipad-pro-11-2024-avec-bretelles-noir-1_2.jpg";"Coque Protection ANTICHOC iPad Pro 11"" (2024) avec Bretelles Adjustable / Détachables Noir. ReparMonPhone, principal grossiste en pièces de rechange pour mobiles en Europe. Envois gratuits dès 35 euros. Comptes professionnels.";"CARACTÉRISTIQUESCompatible :  iPad Pro 11"" (2024)Inclus : La coque de protectionAvec : Anti-ChocMarque : Modèle : iPad Pro 11"" (2024)Couleur externe : NoirCouleur interne : NoirTexture : Lisse (Avec renforts)Matière : Extérieur Silicone doux / Intérieur Plastique DurType : "
"Coque ANTICHOC FORT-S PRO iPad Pro 11"" (2024) Noir";"18645";"24";"EUR";"En stock";"Accessoires > Protection > Coques";"https://www.pieces2mobile.com/coque-antichoc-fort-s-pro-ipad-pro-11-2024-noir.html";"https://www.pieces2mobile.com/media/catalog/product/cache/08ce6ea9b7ea9e423fa7c2e2ae0fab3c/c/o/coque-antichoc-fort-s-pro-ipad-pro-11-2024-noir-1.jpg";"Coque ANTICHOC FORT-S PRO iPad Pro 11"" (2024) Noir. ReparMonPhone, principal grossiste en pièces de rechange pour mobiles en Europe. Envois gratuits dès 35 euros. Comptes professionnels.";"CARACTÉRISTIQUESCompatible :  iPad Pro 11 (2024)Inclus : La coque de protectionAvec : Anti-ChocMarque : Modèle : iPad Pro 11 (2024)Couleur externe : Couleur interne : NoirTexture : Lisse (Avec renforts)Matière : Type : /"
"Coque Protection ANTICHOC iPad Pro 11"" (2024) Noir";"18270";"15.55";"EUR";"En stock";"Accessoires > Protection > Coques";"https://www.pieces2mobile.com/coque-protection-antichoc-ipad-pro-11-2024-noir.html";"https://www.pieces2mobile.com/media/catalog/product/cache/08ce6ea9b7ea9e423fa7c2e2ae0fab3c/c/o/coque-protection-anti-shock-samsung-galaxy-tab-a9-plus-x210x216-noir-2_1_1.jpg";"Coque Protection ANTICHOC iPad Pro 11"" (2024) Noir. ReparMonPhone, principal grossiste en pièces de rechange pour mobiles en Europe. Envois gratuits dès 35 euros. Comptes professionnels.";"CARACTÉRISTIQUESCompatible :  iPad Pro 11"" 2024Inclus : La coque de protectionAvec : Anti-ChocMarque : Modèle : iPad Pro 11"" 2024Couleur externe : NoirCouleur interne : NoirTexture : Lisse (Avec renforts)Matière : Extérieur Silicone doux / Intérieur Plastique DurType : "
"Housse Simili-cuir Alivo iPad Pro 11"" (7ème Gen.) (2024) Noir";"18187";"7.99";"EUR";"En stock";"Accessoires > Protection > Housses et Étuis";"https://www.pieces2mobile.com/housse-simili-cuir-alivo-ipad-pro-11-7eme-gen-2024-noir.html";"https://www.pieces2mobile.com/media/catalog/product/cache/08ce6ea9b7ea9e423fa7c2e2ae0fab3c/h/o/housse-simili-cuir-alivo-ipad-pro-11-7eme-gen.-2024-noir.jpg";"Housse Simili-cuir Alivo iPad Pro 11"" (7ème Gen.) (2024) Noir. ReparMonPhone, principal grossiste en pièces de rechange pour mobiles en Europe. Envois gratuits dès 35 euros. Comptes professionnels.";"CARACTÉRISTIQUESCompatible : Alivo iPad Pro 11"" (7ème Gen.) (2024)Inclus : La coque à rabat de protectionAvec : Ouverture CaméraMarque : AlivoModèle : iPad Pro 11"" (7ème Gen.) (2024)Couleur externe : NoirCouleur interne : NoirTexture : GrainéMatière : Extérieur Simili-cuir / Intérieur Silicone semi-rigideType : /Livré avec emballage."
"Écran iPad Pro 11"" (3ème Gen.) (2021) / (4ème Gen.) (2022) Reconditionné (PIEC)";"14882";"234.96";"EUR";"En stock";"Apple > IPad > iPad Pro 11"" (3ème Gen) (2021)";"https://www.pieces2mobile.com/ecran-ipad-pro-11-3eme-gen-2021-4eme-gen-2022-reconditionne.html";"https://www.pieces2mobile.com/media/catalog/product/cache/08ce6ea9b7ea9e423fa7c2e2ae0fab3c/i/p/ipad_pro_11_3rd_2021_lcd_assembly_sku_14882.jpg";"Écran iPad Pro 11"" (3ème Gen.) (2021) / (4ème Gen.) (2022) Reconditionné (PIEC). ReparMonPhone, principal grossiste en pièces détachées pour mobiles en Europe. Envois gratuits dès 35 euros. Comptes professionnels.";" Écran iPad Pro 11"" (3ème Gen.) (2021) / (4ème Gen.) (2022) Reconditionné (PIEC) Neuf Vous venez de casser l’écran de votre précieux iPad Pro 11"" (3ème Gen.) (2021) / (4ème Gen.) (2022) Noir et ne savez pas où trouver une offre d’écran   LCD iPad Pro 11"" (3ème Gen.) (2021) / (4ème Gen.) (2022) Noir Neuf au meilleur prix ?Sur ReparMonPhone.com bien évidemment ! Leader en vente de pièces détachées de tablettes aux particuliers et professionnels, nous proposons justement un écran d’iPad Pro 11"" (3ème Gen.) (2021) / (4ème Gen.) (2022) Reconditionné Neuf avec, afficheur LCD, vitre tactile. De quoi remplacer rapidement votre écran d’iPad Pro 11"" (3ème Gen.) (2021) / (4ème Gen.) (2022) cassé au prix le plus bas.Afin de réaliser une opération sans surprise, achetez notre écran d’iPad Pro 11"" (3ème Gen.) (2021) / (4ème Gen.) (2022) Noir Reconditionné Neuf. Toutes les pièces vendues par ReparMonPhone sont de qualité et permettent de conserver une expérience optimale avec votre tablette Apple iPad Pro 11"" (3ème Gen.) (2021) / (4ème Gen.) (2022).Certains se demandent quel est le site mieux indiqué pour un achat d’écran iPad Pro 11"" (3ème Gen.) (2021) / (4ème Gen.) (2022) Noir pas cher ? De toute évidence ReparMonPhone.com, le partenaire de tous les professionnels de la réparation en France et en Europe. Ajoutez l’écran   LCD Reconditionné iPad Pro 11"" (3ème Gen.) (2021) / (4ème Gen.) (2022) Noir à votre panier, validez votre commande et nous le livrons à l’adresse de votre choix dans les plus brefs délais !DIAGNOSTIC DE PANNE D’ÉCRAN D’iPad Pro 11"" (3ème Gen.) (2021) / (4ème Gen.) (2022) NoirL’écran de votre iPad Pro 11"" (3ème Gen.) (2021) / (4ème Gen.) (2022) ne s’allume plus ou reste totalement noir.On a abîmé, rayé ou fissuré ou fragmenté l’écran ou la vitre tactile de votre iPad Pro 11"" (3ème Gen.) (2021) / (4ème Gen.) (2022) Noir par accident.L’écran ou l’afficheur de la tablette iPad Pro 11"" (3ème Gen.) (2021) / (4ème Gen.) (2022) connaissent des dysfonctionnements.Heureusement nous avons la solution, notre écran iPad Pro 11"" (3ème Gen.) (2021) / (4ème Gen.) (2022) Noir avec, afficheur LCD, vitre tactile vous permet d’en effectuer le remplacement dans de bonnes conditions pour d’excellents résultats.NOS CONSEILS EN MATIÈRE DE REMPLACEMENT D’ÉCRANS DE TABLETTE iPad Pro 11"" (3ème Gen.) (2021) / (4ème Gen.) (2022) NoirAvant l’achat, il est vivement recommandé de vérifier le modèle exact de tablette iPad Pro 11"" (3ème Gen.) (2021) / (4ème Gen.) (2022) d’Apple avec sa référence plutôt que par son simple nom commercial, car il existe parfois plusieurs déclinaisons de modèles de tablettes Apple regroupées sous une même appellation et certaines versions se ressemblent beaucoup et sont souvent confondues.Prenez soin de ne pas pincer ou déchirer les nappes présentes attachées à l’écran de votre iPad Pro 11"" (3ème Gen.) (2021) / (4ème Gen.) (2022), il ne faut surtout pas les endommager.Lors de la fixation du bloc-écran   LCD d’iPad Pro 11"" (3ème Gen.) (2021) / (4ème Gen.) (2022) Noir, faites attention aux petits débris qui pourraient briser l’écran et aux poussières qui peuvent nuire à la cohésion des composants.GARANTIE ÉCRAN   LCD Reconditionné Apple ReparMonPhoneÉcran  d’iPad Pro 11"" (3ème Gen.) (2021) / (4ème Gen.) (2022) Noir Reconditionné Neuf testé et vérifié avec une qualité et une durée de vie optimale.Assurance du caractère fonctionnel de l’écran Reconditionné, en vue d’une remise en état sans tracas de votre écran.Une politique de retour souple et efficace de l’écran Reconditionné iPad Pro 11"" (3ème Gen.) (2021) / (4ème Gen.) (2022) Noir.INFORMATIONS SUPPLÉMENTAIRES ÉCRAN iPad Pro 11"" (3ème Gen.) (2021) / (4ème Gen.) (2022) Reconditionné NeufRéf. constructeur : Résolution (taille) : 1668 x 2388 px (11.00"") "
"Coque Renforcée Pepkoo iPad pro 11""(2024)";"21340";"18";"EUR";"En stock";"Accessoires > Protection > Coques";"https://www.pieces2mobile.com/coque-renforcee-pepkoo-ipad-pro-11-2024.html";"https://www.pieces2mobile.com/media/catalog/product/cache/08ce6ea9b7ea9e423fa7c2e2ae0fab3c/c/o/coque-renforcee-pepkoo-ipad-air-5-10.9-2022-air-4-10.9-2020-pro-11-1234-eme-gen_1_1_1_1.jpg";"Coque Renforcée Pepkoo iPad pro 11""(2024). ReparMonPhone, principal grossiste en pièces détachées pour mobiles en Europe. Envois gratuits dès 35 euros. Comptes professionnels.";"CARACTÉRISTIQUESCompatible : Pepkoo iPad pro 11""(2024)Inclus : La coque de protectionAvec : Marque : PepkooModèle : Couleur externe : GrisCouleur interne : Texture : Matière : Silicone renforcéType : "
"Coque Renforcée Pepkoo iPad Pro 11"" (5ème Gen) (2024) M4 Noir";"21242";"20.46";"EUR";"En stock";"Accessoires > Protection > Coques";"https://www.pieces2mobile.com/coque-renforcee-pepkoo-ipad-pro-11-2024-m4-noir.html";"https://www.pieces2mobile.com/media/catalog/product/cache/08ce6ea9b7ea9e423fa7c2e2ae0fab3c/c/o/coque-renforcee-pepkoo-ipad-air-5-10.9-2022-air-4-10.9-2020-pro-11-1234-eme-gen_1_1_1.jpg";"Coque Renforcée Pepkoo iPad Pro 11"" (5ème Gen) (2024) M4 Noir. ReparMonPhone, principal grossiste en pièces de rechange pour mobiles en Europe. Envois gratuits dès 35 euros. Comptes professionnels.";"CARACTÉRISTIQUESCompatible :  iPad Pro 11"" (5ème Gen) (2024) M4Inclus : La coque de protectionAvec : Angle renforcéMarque : PepkooModèle : iPad Pro 11""(2024) M4Couleur externe : NoirCouleur interne : NoirTexture : LisseMatière : Silicone renforcéType : /"
"Coque Renforcée Pepkoo iPad Air 5 (10.9"") 2022 / Air 4 (10.9"") 2020 / Pro 11"" (1/2/3/4 ème Gen.)";"16922";"20.46";"EUR";"En stock";"Accessoires > Protection > Coques";"https://www.pieces2mobile.com/coque-renforcee-pepkoo-ipad-air-5-10-9-2022-air-4-10-9-2020-pro-11-1-2-3-4-eme-gen.html";"https://www.pieces2mobile.com/media/catalog/product/cache/08ce6ea9b7ea9e423fa7c2e2ae0fab3c/c/o/coque-renforcee-pepkoo-ipad-air-5-10.9-2022-air-4-10.9-2020-pro-11-1234-eme-gen.jpg";"Coque Renforcée Pepkoo iPad Air 5 (10.9"") 2022 / Air 4 (10.9"") 2020 / Pro 11"" (1/2/3/4 ème Gen.). ReparMonPhone, principal grossiste en pièces détachées pour mobiles en Europe. Envois gratuits dès 35 euros. Comptes professionnels.";"CARACTÉRISTIQUESCompatible :  iPad Air 5 (10.9"") 2022 / Air 4 (10.9"") 2020 / Pro 11"" (1/2/3/4 ème Gen.)Inclus : La coque de protectionAvec : Angle renforcéMarque : PepkooModèle : iPad Air 5 (10.9"") 2022 / Air 4 (10.9"") 2020 / Pro 11"" (1/2/3/4 ème Gen.)Couleur externe : NoirCouleur interne : NoirTexture : LisseMatière : Silicone renforcéType : /"
"Écran iPad Pro 11"" (2018) + iPad Pro 11"" (2ème Gen) (2020) Reconditionné (PIEC)";"12308";"230.3";"EUR";"En stock";"Apple > IPad > iPad Pro 11"" (2018)";"https://www.pieces2mobile.com/ecran-ipad-pro-11-2018-ipad-pro-11-2020-reconditionne.html";"https://www.pieces2mobile.com/media/catalog/product/cache/08ce6ea9b7ea9e423fa7c2e2ae0fab3c/a/p/apple-ipad-pro-11-3eme-gen-ecran-noir-reconditionne_1.jpg";"Écran iPad Pro 11"" (2018) + iPad Pro 11"" (2ème Gen) (2020) Reconditionné (PIEC). ReparMonPhone, principal grossiste en pièces de rechange pour mobiles en Europe. Envois gratuits dès 35 euros. Comptes professionnels.";" Écran iPad Pro 11"" (2018) + iPad Pro 11"" (2ème Gen) (2020) Reconditionné (PIEC) Neuf Vous venez de casser l’écran de votre précieux iPad Pro 11"" (2018) + iPad Pro 11"" (2ème Gen) (2020)  et ne savez pas où trouver une offre d’écran  iPad Pro 11"" (2018) + iPad Pro 11"" (2ème Gen) (2020)  Neuf au meilleur prix ?Sur ReparMonPhone.com bien évidemment ! Leader en vente de pièces détachées de tablettes aux particuliers et professionnels, nous proposons justement un écran d’iPad Pro 11"" (2018) + iPad Pro 11"" (2ème Gen) (2020) Origine Neuf . De quoi remplacer rapidement votre écran d’iPad Pro 11"" (2018) + iPad Pro 11"" (2ème Gen) (2020) cassé au prix le plus bas.Afin de réaliser une opération sans surprise, achetez notre écran d’iPad Pro 11"" (2018) + iPad Pro 11"" (2ème Gen) (2020)  Origine Neuf. Toutes les pièces vendues par ReparMonPhone sont de qualité et permettent de conserver une expérience optimale avec votre tablette Apple iPad Pro 11"" (2018) + iPad Pro 11"" (2ème Gen) (2020).Certains se demandent quel est le site mieux indiqué pour un achat d’écran iPad Pro 11"" (2018) + iPad Pro 11"" (2ème Gen) (2020)  pas cher ? De toute évidence ReparMonPhone.com, le partenaire de tous les professionnels de la réparation en France et en Europe. Ajoutez l’écran  Origine iPad Pro 11"" (2018) + iPad Pro 11"" (2ème Gen) (2020)  à votre panier, validez votre commande et nous le livrons à l’adresse de votre choix dans les plus brefs délais !DIAGNOSTIC DE PANNE D’ÉCRAN D’iPad Pro 11"" (2018) + iPad Pro 11"" (2ème Gen) (2020) L’écran de votre iPad Pro 11"" (2018) + iPad Pro 11"" (2ème Gen) (2020) ne s’allume plus ou reste totalement noir.On a abîmé, rayé ou fissuré ou fragmenté l’écran ou la vitre tactile de votre iPad Pro 11"" (2018) + iPad Pro 11"" (2ème Gen) (2020)  par accident.L’écran ou l’afficheur de la tablette iPad Pro 11"" (2018) + iPad Pro 11"" (2ème Gen) (2020) connaissent des dysfonctionnements.Heureusement nous avons la solution, notre écran iPad Pro 11"" (2018) + iPad Pro 11"" (2ème Gen) (2020)   vous permet d’en effectuer le remplacement dans de bonnes conditions pour d’excellents résultats.NOS CONSEILS EN MATIÈRE DE REMPLACEMENT D’ÉCRANS DE TABLETTE iPad Pro 11"" (2018) + iPad Pro 11"" (2ème Gen) (2020) Avant l’achat, il est vivement recommandé de vérifier le modèle exact de tablette iPad Pro 11"" (2018) + iPad Pro 11"" (2ème Gen) (2020) d’Apple avec sa référence plutôt que par son simple nom commercial, car il existe parfois plusieurs déclinaisons de modèles de tablettes Apple regroupées sous une même appellation et certaines versions se ressemblent beaucoup et sont souvent confondues.Prenez soin de ne pas pincer ou déchirer les nappes présentes attachées à l’écran de votre iPad Pro 11"" (2018) + iPad Pro 11"" (2ème Gen) (2020), il ne faut surtout pas les endommager.Lors de la fixation du bloc-écran  d’iPad Pro 11"" (2018) + iPad Pro 11"" (2ème Gen) (2020) , faites attention aux petits débris qui pourraient briser l’écran et aux poussières qui peuvent nuire à la cohésion des composants.GARANTIE ÉCRAN  Origine Apple ReparMonPhoneÉcran  d’iPad Pro 11"" (2018) + iPad Pro 11"" (2ème Gen) (2020)  Origine Neuf testé et vérifié avec une qualité et une durée de vie optimale.Assurance du caractère fonctionnel de l’écran Origine, en vue d’une remise en état sans tracas de votre écran.Une politique de retour souple et efficace de l’écran Origine iPad Pro 11"" (2018) + iPad Pro 11"" (2ème Gen) (2020) .INFORMATIONS SUPPLÉMENTAIRES ÉCRAN iPad Pro 11"" (2018) + iPad Pro 11"" (2ème Gen) (2020) Origine NeufRéf. constructeur : A1980,A2013, A1934, A1979, A2228, A2068, A2230, A2231Résolution (taille) : 1668 x 2388 pixels (11.00"")"
"Housse Simili-cuir Mercury iPad Pro 11"" 2020 (2ème Gen.) Noir";"12613";"8.4";"EUR";"En stock";"Accessoires > Protection > Housses et Étuis";"https://www.pieces2mobile.com/housse-simili-cuir-mercury-ipad-pro-11-2020-2eme-gen-noir.html";"https://www.pieces2mobile.com/media/catalog/product/cache/08ce6ea9b7ea9e423fa7c2e2ae0fab3c/a/p/apple-ipad-pro-11-2020-2eme-gen-housse-simili-cuir-noir-mercury.jpg";"Housse Simili-cuir Mercury iPad Pro 11"" 2020 (2ème Gen.) Noir. ReparMonPhone, principal grossiste en pièces de rechange pour mobiles en Europe. Envois gratuits dès 35 euros. Comptes professionnels.";"La photo est non contractuelle, la forme peut changer en fonction du modèle de smartphone (emplacement caméra, etc...), seule l'apparence demeure.CARACTÉRISTIQUESCompatible : Apple iPad Pro 11"" 2020 (2ème Gen.)Inclus : La housse de protectionAvec : Marque : MercuryModèle : /Couleur externe : NoirCouleur interne : NoirTexture : Lisse / GrainéMatière : Extérieur Simili-cuir / Intérieur Silicone semi-rigideType : /"
"Coque iPad Pro 11"" 2020 (2ème Gen.) Strape Case Goospery MERCURY Noir";"12582";"3.6";"EUR";"En stock";"Apple > IPad > iPad Pro 11"" (2ème Gen.) (2020)";"https://www.pieces2mobile.com/coque-ipad-pro-11-2020-2eme-gen-strape-case-goospery-mercury-noir.html";"https://www.pieces2mobile.com/media/catalog/product/cache/08ce6ea9b7ea9e423fa7c2e2ae0fab3c/a/p/apple-ipad-pro-11-2020-2eme-gen-coque-noir-strape-case-goospery-mercury_1.jpg";"Coque iPad Pro 11"" 2020 (2ème Gen.) Strape Case Goospery MERCURY Noir. ReparMonPhone, principal grossiste en pièces de rechange pour mobiles en Europe. Envois gratuits dès 35 euros. Comptes professionnels.";"La photo est non contractuelle, la forme peut changer en fonction du modèle de smartphone (emplacement caméra, etc...), seule l'apparence demeure.CARACTÉRISTIQUESCompatible : Apple iPad Pro 11"" 2020 (2ème Gen.)Inclus : La housse de protectionAvec : Marque : MercuryModèle : Strape CaseCouleur externe : NoirCouleur interne : NoirTexture : GrainéMatière : Extérieur Simili-cuir / Intérieur Silicone semi-rigideType : /"
"Batterie iPad Pro 11"" 2018";"12884";"23.21";"EUR";"Rupture / sur commande";"Apple > IPad > iPad Pro 11"" (2018)";"https://www.pieces2mobile.com/batterie-ipad-pro-11-2018.html";"https://www.pieces2mobile.com/media/catalog/product/cache/08ce6ea9b7ea9e423fa7c2e2ae0fab3c/b/a/batterie-ipad-pro-11-3eme-gen-.jpg";"Batterie iPad Pro 11"" 2018. ReparMonPhone, principal grossiste en pièces détachées pour mobiles en Europe. Envois gratuits dès 35 euros. Comptes professionnels.";" Batterie iPad Pro 11"" 2018 neuve Le niveau de la batterie de votre tablette iPad Pro 11"" diminue rapidement et parfois il s’éteint de manière inopinée et vous ne savez pas où trouver une offre de batterie iPad Pro 11"" au meilleur prix ?Sur ReparMonPhone.com bien évidemment ! Leader en vente de pièces détachées de tablettes aux particuliers et professionnels, nous proposons justement la batterie  de iPad Pro 11"" Générique. De quoi remplacer rapidement votre batterie de iPad Pro 11"" en fin de vie au prix le plus bas.Afin de réaliser une opération sans surprise, achetez notre batterie  de iPad Pro 11"" Générique neuve. Toutes les pièces vendues par ReparMonPhone sont de qualité et permettent de conserver une expérience optimale avec votre tablette Alcatel iPad Pro 11"".Certains se demandent quel est le site mieux indiqué pour un achat de batterie iPad Pro 11"" pas cher ? De toute évidence ReparMonPhone.com, le partenaire de tous les professionnels de la réparation en France et en Europe. Ajoutez la batterie Générique iPad Pro 11"" à votre panier, validez votre commande et nous la livrons à l’adresse de votre choix dans les plus brefs délais !DIAGNOSTIC DE PANNE DE BATTERIE DE iPad Pro 11""Votre iPad Pro 11"" ne s’allume plus s’il n'est pas en charge ou son autonomie est significativement réduite.Dans les réglages de l’iPad Pro 11"" le pourcentage indiquant la santé de la batterie est bas.L’iPad Pro 11"" s’éteint de lui-même alors que son niveau de batterie est encore conséquent.Heureusement nous avons la solution, notre batterie iPad Pro 11"" vous permet d’en effectuer le remplacement dans de bonnes conditions pour d’excellents résultats.NOS CONSEILS EN MATIÈRE DE REMPLACEMENT DE BATTERIES D’iPad Pro 11""Avant l’achat, il est vivement recommandé de vérifier le modèle exact de la tablette iPad Pro 11"" d’Alcatel avec la référence de la batterie, car il existe un grand nombre de modèles de tablettes Alcatel et certaines versions se ressemblent beaucoup et sont parfois confondues.Prenez soin de démonter avec soin la batterie  d’iPad Pro 11"", il ne faut surtout pas l’endommager.Lors de la fixation de la batterie d’iPad Pro 11"", faites attention aux petits débris et aux poussières qui peuvent nuire à la cohésion des composants.GARANTIE BATTERIE  Générique Alcatel ReparMonPhoneBatterie d’iPad Pro 11"" Générique état neuf testée et vérifiée avec une qualité et une durée de vie optimale.Assurance du caractère fonctionnel de la batterie Générique, pour retrouver l’autonomie d’un iPad Pro 11"" neuf.Une politique de retour souple et efficace de la batterie Générique iPad Pro 11"".INFORMATIONS SUPPLÉMENTAIRES BATTERIE iPad Pro 11"" Générique neuvesLes batteries  neuves sont pourvues d’une charge d’usine, qu’il est conseillé de laisser se décharger complètement.Afin d’améliorer l’optimisation de la batterie, une fois que la charge d’usine atteint les 5 % à 10 %, un cycle de charge complet jusqu’à 100 % sans interruption est recommandé.Par la suite, pour assurer de bonnes performances, il est conseillé d’effectuer autant que possible ces mêmes cycles de charge.Réf. constructeur : Capacité : "
"Nappe Power / Volume / Flash iPad Pro 11""";"9043";"24";"EUR";"En stock";"Apple > IPad > iPad Pro 11"" (2018)";"https://www.pieces2mobile.com/nappe-power-volume-flash-ipad-pro-11.html";"https://www.pieces2mobile.com/media/catalog/product/cache/08ce6ea9b7ea9e423fa7c2e2ae0fab3c/a/p/apple-ipad-pro-11-nappe-power-volume-flash.jpg";"Nappe Power / Volume / Flash iPad Pro 11"". ReparMonPhone, principal grossiste en pièces détachées pour mobiles en Europe. Envois gratuits dès 35 euros. Comptes professionnels.";" DIAGNOSTIC DE LA PANNE  Vous avez abîmé ou endommagé votre iPad Pro 11"" par accident. La nappe Flash, Power, Volume de votre smartphone ou tablette Apple ne fonctionne plus.  Heureusement, cette panne est réparable, et cette pièce de qualité vous permet d'en effectuer le dépannage.NOS CONSEILS  Lors de l'achat, il est conseillé de vérifier votre modèle de smartphone/tablette par sa référence plutôt que par son nom. Mais aussi de bien vérifier les versions disponibles qui peuvent changer les spécificités des pièces (attention aux confusions comme SIM / SD ou Power / Volume). Attention à ne pas pincer, déchirer les nappes, ou abîmer les pièces de rechange. Restez vigilant, certaines pièces nécessitent des compétences et un matériel de soudure adéquat.  LES GARANTIES ReparMonPhone  Nos pièces sont testées, pour une durée de vie optimale. Garanties fonctionnelles, pour une réparation sans tracas. Une politique de retours souples et rapides. "
"Nappe NFC / Micro iPad Pro 11""";"9042";"18";"EUR";"En stock";"Apple > IPad > iPad Pro 11"" (2018)";"https://www.pieces2mobile.com/nappe-nfc-micro-ipad-pro-11.html";"https://www.pieces2mobile.com/media/catalog/product/cache/08ce6ea9b7ea9e423fa7c2e2ae0fab3c/a/p/apple-ipad-pro-11-3eme-gen-nappe-nfc-micro.jpg";"Nappe NFC / Micro iPad Pro 11"". ReparMonPhone, principal grossiste en pièces détachées pour mobiles en Europe. Envois gratuits dès 35 euros. Comptes professionnels.";" DIAGNOSTIC DE LA PANNE  Vous avez abîmé ou endommagé votre iPad Pro 11"" par accident. La nappe micro, NFC de votre smartphone ou tablette Apple ne fonctionne plus.  Heureusement, cette panne est réparable, et cette pièce de qualité vous permet d'en effectuer le dépannage.NOS CONSEILS  Lors de l'achat, il est conseillé de vérifier votre modèle de smartphone/tablette par sa référence plutôt que par son nom. Mais aussi de bien vérifier les versions disponibles qui peuvent changer les spécificités des pièces (attention aux confusions comme SIM / SD ou Power / Volume). Attention à ne pas pincer, déchirer les nappes, ou abîmer les pièces de rechange. Restez vigilant, certaines pièces nécessitent des compétences et un matériel de soudure adéquat.  LES GARANTIES ReparMonPhone  Nos pièces sont testées, pour une durée de vie optimale. Garanties fonctionnelles, pour une réparation sans tracas. Une politique de retours souples et rapides. "
"Nappe SIM iPad Pro 11""";"9023";"4.9";"EUR";"En stock";"Apple > IPad > iPad Pro 11"" (2018)";"https://www.pieces2mobile.com/flexo-sim-apple-ipad-pro-11-3eme-gen.html";"https://www.pieces2mobile.com/media/catalog/product/cache/08ce6ea9b7ea9e423fa7c2e2ae0fab3c/a/p/apple-ipad-pro-11-3eme-gen-nappe-sim.jpg";"Nappe SIM iPad Pro 11"". ReparMonPhone, principal grossiste en pièces de rechange pour mobiles en Europe. Envois gratuits dès 35 euros. Comptes professionnels.";" DIAGNOSTIC DE LA PANNE  Vous avez abîmé ou endommagé votre iPad Pro 11""  par accident. La nappe SIM de votre smartphone ou tablette Apple ne fonctionne plus.  Heureusement, cette panne est réparable, et cette pièce de qualité vous permet d'en effectuer le dépannage.NOS CONSEILS  Lors de l'achat, il est conseillé de vérifier votre modèle de smartphone/tablette par sa référence plutôt que par son nom. Mais aussi de bien vérifier les versions disponibles qui peuvent changer les spécificités des pièces (attention aux confusions comme SIM / SD ou Power / Volume). Attention à ne pas pincer, déchirer les nappes, ou abîmer les pièces de rechange. Restez vigilant, certaines pièces nécessitent des compétences et un matériel de soudure adéquat.  LES GARANTIES ReparMonPhone  Nos pièces sont testées, pour une durée de vie optimale. Garanties fonctionnelles, pour une réparation sans tracas. Une politique de retours souples et rapides. "
"Nappe Principale (Clavier) iPad Pro 11""";"9018";"24";"EUR";"En stock";"Apple > IPad > iPad Pro 11"" (2018)";"https://www.pieces2mobile.com/nappe-connexion-clavier-ipad-pro-11.html";"https://www.pieces2mobile.com/media/catalog/product/cache/08ce6ea9b7ea9e423fa7c2e2ae0fab3c/a/p/apple-ipad-pro-11-3eme-gen-nappe-connexion-clavier.jpg";"Nappe Principale (Clavier) iPad Pro 11"". ReparMonPhone, principal grossiste en pièces détachées pour mobiles en Europe. Envois gratuits dès 35 euros. Comptes professionnels.";" DIAGNOSTIC DE LA PANNE  Vous avez abîmé ou endommagé votre iPad Pro 11""  par accident. La nappe connexion de votre smartphone ou tablette Apple ne fonctionne plus.  Heureusement, cette panne est réparable, et cette pièce de qualité vous permet d'en effectuer le dépannage.NOS CONSEILS  Lors de l'achat, il est conseillé de vérifier votre modèle de smartphone/tablette par sa référence plutôt que par son nom. Mais aussi de bien vérifier les versions disponibles qui peuvent changer les spécificités des pièces (attention aux confusions comme SIM / SD ou Power / Volume). Attention à ne pas pincer, déchirer les nappes, ou abîmer les pièces de rechange. Restez vigilant, certaines pièces nécessitent des compétences et un matériel de soudure adéquat.  LES GARANTIES ReparMonPhone  Nos pièces sont testées, pour une durée de vie optimale. Garanties fonctionnelles, pour une réparation sans tracas. Une politique de retours souples et rapides. "
"Batterie iPad Pro 10.5"" A1798";"13739";"24";"EUR";"En stock";"Apple > IPad > iPad Pro 10.5"" (2017)";"https://www.pieces2mobile.com/batterie-ipad-pro-10-5-a1798.html";"https://www.pieces2mobile.com/media/catalog/product/cache/08ce6ea9b7ea9e423fa7c2e2ae0fab3c/b/a/batterie-ipad-pro-10.5-a1798.gif";"Batterie iPad Pro 10.5"" A1798. ReparMonPhone, principal grossiste en pièces détachées pour mobiles en Europe. Envois gratuits dès 35 euros. Comptes professionnels.";" Batterie iPad Pro 10.5"" A1798 neuve Le niveau de la batterie de votre tablette iPad Pro 10.5"" diminue rapidement et parfois il s’éteint de manière inopinée et vous ne savez pas où trouver une offre de batterie iPad Pro 10.5"" au meilleur prix ?Sur ReparMonPhone.com bien évidemment ! Leader en vente de pièces détachées de tablettes aux particuliers et professionnels, nous proposons justement la batterie  de iPad Pro 10.5"" Générique. De quoi remplacer rapidement votre batterie de iPad Pro 10.5"" en fin de vie au prix le plus bas.Afin de réaliser une opération sans surprise, achetez notre batterie  de iPad Pro 10.5"" Générique neuve. Toutes les pièces vendues par ReparMonPhone sont de qualité et permettent de conserver une expérience optimale avec votre tablette Apple iPad Pro 10.5"".Certains se demandent quel est le site mieux indiqué pour un achat de batterie iPad Pro 10.5"" pas cher ? De toute évidence ReparMonPhone.com, le partenaire de tous les professionnels de la réparation en France et en Europe. Ajoutez la batterie Générique iPad Pro 10.5"" à votre panier, validez votre commande et nous la livrons à l’adresse de votre choix dans les plus brefs délais !DIAGNOSTIC DE PANNE DE BATTERIE DE iPad Pro 10.5""Votre iPad Pro 10.5"" ne s’allume plus s’il n'est pas en charge ou son autonomie est significativement réduite.Dans les réglages de l’iPad Pro 10.5"" le pourcentage indiquant la santé de la batterie est bas.L’iPad Pro 10.5"" s’éteint de lui-même alors que son niveau de batterie est encore conséquent.Heureusement nous avons la solution, notre batterie iPad Pro 10.5"" vous permet d’en effectuer le remplacement dans de bonnes conditions pour d’excellents résultats.NOS CONSEILS EN MATIÈRE DE REMPLACEMENT DE BATTERIES D’iPad Pro 10.5""Avant l’achat, il est vivement recommandé de vérifier le modèle exact de la tablette iPad Pro 10.5"" d’Apple avec la référence de la batterie, car il existe un grand nombre de modèles de tablettes Apple et certaines versions se ressemblent beaucoup et sont parfois confondues.Prenez soin de démonter avec soin la batterie  d’iPad Pro 10.5"", il ne faut surtout pas l’endommager.Lors de la fixation de la batterie d’iPad Pro 10.5"", faites attention aux petits débris et aux poussières qui peuvent nuire à la cohésion des composants.GARANTIE BATTERIE  Générique Apple ReparMonPhoneBatterie d’iPad Pro 10.5"" Générique état neuf testée et vérifiée avec une qualité et une durée de vie optimale.Assurance du caractère fonctionnel de la batterie Générique, pour retrouver l’autonomie d’un iPad Pro 10.5"" neuf.Une politique de retour souple et efficace de la batterie Générique iPad Pro 10.5"".INFORMATIONS SUPPLÉMENTAIRES BATTERIE iPad Pro 10.5"" Générique neuvesLes batteries  neuves sont pourvues d’une charge d’usine, qu’il est conseillé de laisser se décharger complètement.Afin d’améliorer l’optimisation de la batterie, une fois que la charge d’usine atteint les 5 % à 10 %, un cycle de charge complet jusqu’à 100 % sans interruption est recommandé.Par la suite, pour assurer de bonnes performances, il est conseillé d’effectuer autant que possible ces mêmes cycles de charge.Réf. constructeur : Capacité : "
"Écran iPad Pro 10.5"" Blanc Reconditionné (PIEC)";"10703";"136.2";"EUR";"En stock";"Apple > IPad > iPad Pro 10.5"" (2017)";"https://www.pieces2mobile.com/ecran-ipad-pro-10-5-blanc.html";"https://www.pieces2mobile.com/media/catalog/product/cache/08ce6ea9b7ea9e423fa7c2e2ae0fab3c/_/c/_cran_ipad_pro_10.5_blanc_1_.jpg";"Écran iPad Pro 10.5"" Blanc Reconditionné (PIEC). ReparMonPhone, principal grossiste en pièces de rechange pour mobiles en Europe. Envois gratuits dès 35 euros. Comptes professionnels.";" Écran iPad Pro 10.5"" Blanc Reconditionné (PIEC) Neuf Vous venez de casser l’écran de votre précieux iPad Pro 10.5"" Blanc et ne savez pas où trouver une offre d’écran  iPad Pro 10.5"" Blanc Neuf au meilleur prix ?Sur ReparMonPhone.com bien évidemment ! Leader en vente de pièces détachées de tablettes aux particuliers et professionnels, nous proposons justement un écran d’iPad Pro 10.5"" Reconditionné Neuf avec, afficheur LCD, vitre tactile. De quoi remplacer rapidement votre écran d’iPad Pro 10.5"" cassé au prix le plus bas.Afin de réaliser une opération sans surprise, achetez notre écran d’iPad Pro 10.5"" Blanc Reconditionné Neuf. Toutes les pièces vendues par ReparMonPhone sont de qualité et permettent de conserver une expérience optimale avec votre tablette Apple iPad Pro 10.5"".Certains se demandent quel est le site mieux indiqué pour un achat d’écran iPad Pro 10.5"" Blanc pas cher ? De toute évidence ReparMonPhone.com, le partenaire de tous les professionnels de la réparation en France et en Europe. Ajoutez l’écran  Reconditionné iPad Pro 10.5"" Blanc à votre panier, validez votre commande et nous le livrons à l’adresse de votre choix dans les plus brefs délais !DIAGNOSTIC DE PANNE D’ÉCRAN D’iPad Pro 10.5"" BlancL’écran de votre iPad Pro 10.5"" ne s’allume plus ou reste totalement noir.On a abîmé, rayé ou fissuré ou fragmenté l’écran ou la vitre tactile de votre iPad Pro 10.5"" Blanc par accident.L’écran ou l’afficheur de la tablette iPad Pro 10.5"" connaissent des dysfonctionnements.Heureusement nous avons la solution, notre écran iPad Pro 10.5"" Blanc avec, afficheur LCD, vitre tactile vous permet d’en effectuer le remplacement dans de bonnes conditions pour d’excellents résultats.NOS CONSEILS EN MATIÈRE DE REMPLACEMENT D’ÉCRANS DE TABLETTE iPad Pro 10.5"" BlancAvant l’achat, il est vivement recommandé de vérifier le modèle exact de tablette iPad Pro 10.5"" d’Apple avec sa référence plutôt que par son simple nom commercial, car il existe parfois plusieurs déclinaisons de modèles de tablettes Apple regroupées sous une même appellation et certaines versions se ressemblent beaucoup et sont souvent confondues.Prenez soin de ne pas pincer ou déchirer les nappes présentes attachées à l’écran de votre iPad Pro 10.5"", il ne faut surtout pas les endommager.Lors de la fixation du bloc-écran  d’iPad Pro 10.5"" Blanc, faites attention aux petits débris qui pourraient briser l’écran et aux poussières qui peuvent nuire à la cohésion des composants.GARANTIE ÉCRAN  Reconditionné Apple ReparMonPhoneÉcran  d’iPad Pro 10.5"" Blanc Reconditionné Neuf testé et vérifié avec une qualité et une durée de vie optimale.Assurance du caractère fonctionnel de l’écran Reconditionné, en vue d’une remise en état sans tracas de votre écran.Une politique de retour souple et efficace de l’écran Reconditionné iPad Pro 10.5"" Blanc.INFORMATIONS SUPPLÉMENTAIRES ÉCRAN iPad Pro 10.5"" Reconditionné NeufRéf. constructeur : A1701, A1709, A1852.Résolution (taille) : 1668 x 2224 pixels (10.50"")"
"Écran iPad Pro 10.5"" Noir ";"10702";"129.1";"EUR";"Rupture / sur commande";"Apple > IPad > iPad Pro 10.5"" (2017)";"https://www.pieces2mobile.com/ecran-ipad-pro-10-5-noir.html";"https://www.pieces2mobile.com/media/catalog/product/cache/08ce6ea9b7ea9e423fa7c2e2ae0fab3c/_/c/_cran_ipad_pro_10.5_noir_1_.jpg";"Écran iPad Pro 10.5"" Noir . ReparMonPhone, principal grossiste en pièces de rechange pour mobiles en Europe. Envois gratuits dès 35 euros. Comptes professionnels.";" Écran iPad Pro 10.5"" Noir  Neuf Vous venez de casser l’écran de votre précieux iPad Pro 10.5"" Noir et ne savez pas où trouver une offre d’écran  iPad Pro 10.5"" Noir Neuf au meilleur prix ?Sur ReparMonPhone.com bien évidemment ! Leader en vente de pièces détachées de tablettes aux particuliers et professionnels, nous proposons justement un écran d’iPad Pro 10.5"" Générique Neuf avec, afficheur LCD, vitre tactile. De quoi remplacer rapidement votre écran d’iPad Pro 10.5"" cassé au prix le plus bas.Afin de réaliser une opération sans surprise, achetez notre écran d’iPad Pro 10.5"" Noir Générique Neuf. Toutes les pièces vendues par ReparMonPhone sont de qualité et permettent de conserver une expérience optimale avec votre tablette Apple iPad Pro 10.5"".Certains se demandent quel est le site mieux indiqué pour un achat d’écran iPad Pro 10.5"" Noir pas cher ? De toute évidence ReparMonPhone.com, le partenaire de tous les professionnels de la réparation en France et en Europe. Ajoutez l’écran  Générique iPad Pro 10.5"" Noir à votre panier, validez votre commande et nous le livrons à l’adresse de votre choix dans les plus brefs délais !DIAGNOSTIC DE PANNE D’ÉCRAN D’iPad Pro 10.5"" NoirL’écran de votre iPad Pro 10.5"" ne s’allume plus ou reste totalement noir.On a abîmé, rayé ou fissuré ou fragmenté l’écran ou la vitre tactile de votre iPad Pro 10.5"" Noir par accident.L’écran ou l’afficheur de la tablette iPad Pro 10.5"" connaissent des dysfonctionnements.Heureusement nous avons la solution, notre écran iPad Pro 10.5"" Noir avec, afficheur LCD, vitre tactile vous permet d’en effectuer le remplacement dans de bonnes conditions pour d’excellents résultats.NOS CONSEILS EN MATIÈRE DE REMPLACEMENT D’ÉCRANS DE TABLETTE iPad Pro 10.5"" NoirAvant l’achat, il est vivement recommandé de vérifier le modèle exact de tablette iPad Pro 10.5"" d’Apple avec sa référence plutôt que par son simple nom commercial, car il existe parfois plusieurs déclinaisons de modèles de tablettes Apple regroupées sous une même appellation et certaines versions se ressemblent beaucoup et sont souvent confondues.Prenez soin de ne pas pincer ou déchirer les nappes présentes attachées à l’écran de votre iPad Pro 10.5"", il ne faut surtout pas les endommager.Lors de la fixation du bloc-écran  d’iPad Pro 10.5"" Noir, faites attention aux petits débris qui pourraient briser l’écran et aux poussières qui peuvent nuire à la cohésion des composants.GARANTIE ÉCRAN  Générique Apple ReparMonPhoneÉcran  d’iPad Pro 10.5"" Noir Générique Neuf testé et vérifié avec une qualité et une durée de vie optimale.Assurance du caractère fonctionnel de l’écran Générique, en vue d’une remise en état sans tracas de votre écran.Une politique de retour souple et efficace de l’écran Générique iPad Pro 10.5"" Noir.INFORMATIONS SUPPLÉMENTAIRES ÉCRAN iPad Pro 10.5"" Générique NeufRéf. constructeur : A1701, A1709, A1852.Résolution (taille) : 1668 x 2224 pixels (10.50"")"
"Nappe / Connecteur de Charge iPad Pro 10.5"" Noir";"10785";"5.5";"EUR";"Rupture / sur commande";"Apple > IPad > iPad Pro 10.5"" (2017)";"https://www.pieces2mobile.com/nappe-charge-ipad-pro-10-5-noir.html";"https://www.pieces2mobile.com/media/catalog/product/cache/08ce6ea9b7ea9e423fa7c2e2ae0fab3c/n/a/nappe_charge_ipad_pro_10.5_noir_1__1.jpg";"Nappe / Connecteur de Charge iPad Pro 10.5"" Noir. ReparMonPhone, principal grossiste en pièces détachées pour mobiles en Europe. Envois gratuits dès 35 euros. Comptes professionnels.";" DIAGNOSTIC DE LA PANNE  Vous avez abîmé ou endommagé votre iPad Pro 10.5"" par accident. La nappe Charge de votre smartphone ou tablette Apple ne fonctionne plus.  Heureusement, cette panne est réparable, et cette pièce de qualité vous permet d'en effectuer le dépannage.NOS CONSEILS  Lors de l'achat, il est conseillé de vérifier votre modèle de smartphone/tablette par sa référence plutôt que par son nom. Mais aussi de bien vérifier les versions disponibles qui peuvent changer les spécificités des pièces (attention aux confusions comme SIM / SD ou Power / Volume). Attention à ne pas pincer, déchirer les nappes, ou abîmer les pièces de rechange. Restez vigilant, certaines pièces nécessitent des compétences et un matériel de soudure adéquat.  LES GARANTIES ReparMonPhone  Nos pièces sont testées, pour une durée de vie optimale. Garanties fonctionnelles, pour une réparation sans tracas. Une politique de retours souples et rapides. "
"Nappe / Connecteur de Charge iPad Pro 10.5"" Blanc";"10786";"10.34";"EUR";"Rupture / sur commande";"Apple > IPad > iPad Pro 10.5"" (2017)";"https://www.pieces2mobile.com/nappe-charge-ipad-pro-10-5-blanc.html";"https://www.pieces2mobile.com/media/catalog/product/cache/08ce6ea9b7ea9e423fa7c2e2ae0fab3c/n/a/nappe_charge_ipad_pro_10.5_blanc.jpg";"Nappe / Connecteur de Charge iPad Pro 10.5"" Blanc. ReparMonPhone, principal grossiste en pièces de rechange pour mobiles en Europe. Envois gratuits dès 35 euros. Comptes professionnels.";" DIAGNOSTIC DE LA PANNE  Vous avez abîmé ou endommagé votre iPad Pro 10.5"" par accident. La nappe Charge de votre smartphone ou tablette Apple ne fonctionne plus.  Heureusement, cette panne est réparable, et cette pièce de qualité vous permet d'en effectuer le dépannage.NOS CONSEILS  Lors de l'achat, il est conseillé de vérifier votre modèle de smartphone/tablette par sa référence plutôt que par son nom. Mais aussi de bien vérifier les versions disponibles qui peuvent changer les spécificités des pièces (attention aux confusions comme SIM / SD ou Power / Volume). Attention à ne pas pincer, déchirer les nappes, ou abîmer les pièces de rechange. Restez vigilant, certaines pièces nécessitent des compétences et un matériel de soudure adéquat.  LES GARANTIES ReparMonPhone  Nos pièces sont testées, pour une durée de vie optimale. Garanties fonctionnelles, pour une réparation sans tracas. Une politique de retours souples et rapides. "
"Nappe Power / Volume iPad Pro 10.5""";"10787";"4.14";"EUR";"En stock";"Apple > IPad > iPad Pro 10.5"" (2017)";"https://www.pieces2mobile.com/nappe-power-volume-ipad-pro-10-5.html";"https://www.pieces2mobile.com/media/catalog/product/cache/08ce6ea9b7ea9e423fa7c2e2ae0fab3c/n/a/nappe_power_volume_ipad_pro_10.5.jpg";"Nappe Power / Volume iPad Pro 10.5"". ReparMonPhone, principal grossiste en pièces détachées pour mobiles en Europe. Envois gratuits dès 35 euros. Comptes professionnels.";" DIAGNOSTIC DE LA PANNE  Vous avez abîmé ou endommagé votre iPad Pro 10.5"" par accident. La nappe Power, Volume de votre smartphone ou tablette Apple ne fonctionne plus.  Heureusement, cette panne est réparable, et cette pièce de qualité vous permet d'en effectuer le dépannage.NOS CONSEILS  Lors de l'achat, il est conseillé de vérifier votre modèle de smartphone/tablette par sa référence plutôt que par son nom. Mais aussi de bien vérifier les versions disponibles qui peuvent changer les spécificités des pièces (attention aux confusions comme SIM / SD ou Power / Volume). Attention à ne pas pincer, déchirer les nappes, ou abîmer les pièces de rechange. Restez vigilant, certaines pièces nécessitent des compétences et un matériel de soudure adéquat.  LES GARANTIES ReparMonPhone  Nos pièces sont testées, pour une durée de vie optimale. Garanties fonctionnelles, pour une réparation sans tracas. Une politique de retours souples et rapides. "
"Nappe Jack iPad Pro 10.5"" Blanc";"10788";"18";"EUR";"En stock";"Apple > IPad > iPad Pro 10.5"" (2017)";"https://www.pieces2mobile.com/nappe-jack-ipad-pro-10-5-blanc.html";"https://www.pieces2mobile.com/media/catalog/product/cache/08ce6ea9b7ea9e423fa7c2e2ae0fab3c/n/a/nappe_jack_ipad_pro_10.5_blanc.jpg";"Nappe Jack iPad Pro 10.5"" Blanc. ReparMonPhone, principal grossiste en pièces détachées pour mobiles en Europe. Envois gratuits dès 35 euros. Comptes professionnels.";" DIAGNOSTIC DE LA PANNE  Vous avez abîmé ou endommagé votre iPad Pro 10.5"" par accident. La nappe Jack de votre smartphone ou tablette Apple ne fonctionne plus.  Heureusement, cette panne est réparable, et cette pièce de qualité vous permet d'en effectuer le dépannage.NOS CONSEILS  Lors de l'achat, il est conseillé de vérifier votre modèle de smartphone/tablette par sa référence plutôt que par son nom. Mais aussi de bien vérifier les versions disponibles qui peuvent changer les spécificités des pièces (attention aux confusions comme SIM / SD ou Power / Volume). Attention à ne pas pincer, déchirer les nappes, ou abîmer les pièces de rechange. Restez vigilant, certaines pièces nécessitent des compétences et un matériel de soudure adéquat.  LES GARANTIES ReparMonPhone  Nos pièces sont testées, pour une durée de vie optimale. Garanties fonctionnelles, pour une réparation sans tracas. Une politique de retours souples et rapides. "
"Nappe / Bouton HOME iPad Pro 10.5"" Blanc";"4067";"4.58";"EUR";"En stock";"Apple > IPad > iPad Pro 10.5"" (2017)";"https://www.pieces2mobile.com/nappe-bouton-home-ipad-pro-10-5-blanc.html";"https://www.pieces2mobile.com/media/catalog/product/cache/08ce6ea9b7ea9e423fa7c2e2ae0fab3c/a/p/apple-ipad-pro-10-5-nappe-bouton-home-blanc.jpg";"Nappe / Bouton HOME iPad Pro 10.5"" Blanc. ReparMonPhone, principal grossiste en pièces de rechange pour mobiles en Europe. Envois gratuits dès 35 euros. Comptes professionnels.";" DIAGNOSTIC DE LA PANNE  Vous avez abîmé ou endommagé votre iPad Pro 10.5""  par accident. La nappe HOME de votre smartphone ou tablette Apple ne fonctionne plus.  Heureusement, cette panne est réparable, et cette pièce de qualité vous permet d'en effectuer le dépannage.NOS CONSEILS  Lors de l'achat, il est conseillé de vérifier votre modèle de smartphone/tablette par sa référence plutôt que par son nom. Mais aussi de bien vérifier les versions disponibles qui peuvent changer les spécificités des pièces (attention aux confusions comme SIM / SD ou Power / Volume). Attention à ne pas pincer, déchirer les nappes, ou abîmer les pièces de rechange. Restez vigilant, certaines pièces nécessitent des compétences et un matériel de soudure adéquat.  LES GARANTIES ReparMonPhone  Nos pièces sont testées, pour une durée de vie optimale. Garanties fonctionnelles, pour une réparation sans tracas. Une politique de retours souples et rapides. "
"Housse Grainé Mercury iPad Pro 10.5"" Noir";"10488";"19.99";"EUR";"En stock";"Accessoires > Protection > Housses et Étuis";"https://www.pieces2mobile.com/housse-graine-mercury-ipad-pro-10-5-noir.html";"https://www.pieces2mobile.com/media/catalog/product/cache/08ce6ea9b7ea9e423fa7c2e2ae0fab3c/m/e/mercury-tab-noir-grain_3_1_2_1.jpg";"Housse Grainé Mercury iPad Pro 10.5"" Noir. ReparMonPhone, principal grossiste en pièces de rechange pour mobiles en Europe. Envois gratuits dès 35 euros. Comptes professionnels.";"La photo est non contractuelle, la forme peut changer en fonction du modèle de smartphone (emplacement caméra, etc...), seule l'apparence demeure.CARACTÉRISTIQUESCompatible : Apple iPad Pro 10.5""Inclus : La housse de protectionAvec : Attache dragonne, Ouverture Caméra, Ouverture Charge, Ouverture Écouteur, Ouverture Jack, Rabat magnétique, Rangement porte-cartes, Structure thermo-mouléeMarque : MercuryModèle : /Couleur externe : NoirCouleur interne : NoirTexture : GrainéMatière : Extérieur Simili-cuir / Intérieur Silicone semi-rigideType : /"
"Nappe Test iPad Pro 10.5""";"10439";"10.8";"EUR";"En stock";"Outils > Autres > Nappe Test";"https://www.pieces2mobile.com/nappe-test-ipad-pro-10-5.html";"https://www.pieces2mobile.com/media/catalog/product/cache/08ce6ea9b7ea9e423fa7c2e2ae0fab3c/a/p/apple-ipad-pro-10-5-nappe-test-1.jpg";"Nappe Test iPad Pro 10.5"". ReparMonPhone, principal grossiste en pièces détachées pour mobiles en Europe. Envois gratuits dès 35 euros. Comptes professionnels.";"Nappe Test iPad Pro 10.5"""
"Verre Trempé iPad Pro 10.5"" (2017)";"13527";"24";"EUR";"Rupture / sur commande";"Accessoires > Protection Écran > Verre Trempé";"https://www.pieces2mobile.com/verre-trempe-ipad-pro-10-5-2017.html";"https://www.pieces2mobile.com/media/catalog/product/cache/08ce6ea9b7ea9e423fa7c2e2ae0fab3c/t/e/tempered-glass_ipad_3_2.jpg";"Verre Trempé iPad Pro 10.5"" (2017). ReparMonPhone, principal grossiste en pièces de rechange pour mobiles en Europe. Envois gratuits dès 35 euros. Comptes professionnels.";"La photo est non contractuelle, la forme peut changer en fonction du modèle de smartphone (emplacement caméra, etc...), seule l'apparence demeure.CARACTÉRISTIQUESCompatible : Apple iPad Pro 10.5""Inclus : Le verre trempé de protectionAvec : Intégrale : NonConfidentiel : NonCouleur : Épaisseur : "
"Batterie iPad Pro 9.7"" A1664";"10736";"16.51";"EUR";"En stock";"Apple > IPad > iPad Pro 9.7"" (2016)";"https://www.pieces2mobile.com/batterie-a1664-ipad-pro-9-7-origine.html";"https://www.pieces2mobile.com/media/catalog/product/cache/08ce6ea9b7ea9e423fa7c2e2ae0fab3c/b/a/batterie_a1664_ipad_pro_9.7_origine.jpg";"Batterie iPad Pro 9.7"" A1664. ReparMonPhone, principal grossiste en pièces de rechange pour mobiles en Europe. Envois gratuits dès 35 euros. Comptes professionnels.";" Batterie iPad Pro 9.7"" A1664 neuve Le niveau de la batterie de votre tablette iPad Pro 9.7"" diminue rapidement et parfois il s’éteint de manière inopinée et vous ne savez pas où trouver une offre de batterie iPad Pro 9.7"" au meilleur prix ?Sur ReparMonPhone.com bien évidemment ! Leader en vente de pièces détachées de tablettes aux particuliers et professionnels, nous proposons justement la batterie A1673, A1674, A1675. de iPad Pro 9.7"" Générique. De quoi remplacer rapidement votre batterie de iPad Pro 9.7"" en fin de vie au prix le plus bas.Afin de réaliser une opération sans surprise, achetez notre batterie A1673, A1674, A1675. de iPad Pro 9.7"" Générique neuve. Toutes les pièces vendues par ReparMonPhone sont de qualité et permettent de conserver une expérience optimale avec votre tablette Apple iPad Pro 9.7"".Certains se demandent quel est le site mieux indiqué pour un achat de batterie iPad Pro 9.7"" pas cher ? De toute évidence ReparMonPhone.com, le partenaire de tous les professionnels de la réparation en France et en Europe. Ajoutez la batterie Générique iPad Pro 9.7"" à votre panier, validez votre commande et nous la livrons à l’adresse de votre choix dans les plus brefs délais !DIAGNOSTIC DE PANNE DE BATTERIE DE iPad Pro 9.7""Votre iPad Pro 9.7"" ne s’allume plus s’il n'est pas en charge ou son autonomie est significativement réduite.Dans les réglages de l’iPad Pro 9.7"" le pourcentage indiquant la santé de la batterie est bas.L’iPad Pro 9.7"" s’éteint de lui-même alors que son niveau de batterie est encore conséquent.Heureusement nous avons la solution, notre batterie iPad Pro 9.7"" vous permet d’en effectuer le remplacement dans de bonnes conditions pour d’excellents résultats.NOS CONSEILS EN MATIÈRE DE REMPLACEMENT DE BATTERIES D’iPad Pro 9.7""Avant l’achat, il est vivement recommandé de vérifier le modèle exact de la tablette iPad Pro 9.7"" d’Apple avec la référence de la batterie, car il existe un grand nombre de modèles de tablettes Apple et certaines versions se ressemblent beaucoup et sont parfois confondues.Prenez soin de démonter avec soin la batterie A1673, A1674, A1675. d’iPad Pro 9.7"", il ne faut surtout pas l’endommager.Lors de la fixation de la batterie d’iPad Pro 9.7"", faites attention aux petits débris et aux poussières qui peuvent nuire à la cohésion des composants.GARANTIE BATTERIE A1673, A1674, A1675. Générique Apple ReparMonPhoneBatterie d’iPad Pro 9.7"" Générique état neuf testée et vérifiée avec une qualité et une durée de vie optimale.Assurance du caractère fonctionnel de la batterie Générique, pour retrouver l’autonomie d’un iPad Pro 9.7"" neuf.Une politique de retour souple et efficace de la batterie Générique iPad Pro 9.7"".INFORMATIONS SUPPLÉMENTAIRES BATTERIE iPad Pro 9.7"" Générique neuvesLes batteries A1673, A1674, A1675. neuves sont pourvues d’une charge d’usine, qu’il est conseillé de laisser se décharger complètement.Afin d’améliorer l’optimisation de la batterie, une fois que la charge d’usine atteint les 5 % à 10 %, un cycle de charge complet jusqu’à 100 % sans interruption est recommandé.Par la suite, pour assurer de bonnes performances, il est conseillé d’effectuer autant que possible ces mêmes cycles de charge.Réf. constructeur : A1673, A1674, A1675.Capacité : "
"Écran iPad Pro 9.7"" Blanc Reconditionné (PIEC)";"7689";"75.6";"EUR";"Rupture / sur commande";"Apple > IPad > iPad Pro 9.7"" (2016)";"https://www.pieces2mobile.com/ecran-ipad-pro-9-7-blanc.html";"https://www.pieces2mobile.com/media/catalog/product/cache/08ce6ea9b7ea9e423fa7c2e2ae0fab3c/_/c/_cran_ipad_pro_9.7_blanc_1_.jpg";"Écran iPad Pro 9.7"" Blanc Reconditionné (PIEC). ReparMonPhone, principal grossiste en pièces détachées pour mobiles en Europe. Envois gratuits dès 35 euros. Comptes professionnels.";" Écran iPad Pro 9.7"" Blanc Reconditionné (PIEC) Neuf Vous venez de casser l’écran de votre précieux iPad Pro 9.7"" Blanc et ne savez pas où trouver une offre d’écran  iPad Pro 9.7"" Blanc Neuf au meilleur prix ?Sur ReparMonPhone.com bien évidemment ! Leader en vente de pièces détachées de tablettes aux particuliers et professionnels, nous proposons justement un écran d’iPad Pro 9.7"" Reconditionné Neuf avec, afficheur LCD, vitre tactile. De quoi remplacer rapidement votre écran d’iPad Pro 9.7"" cassé au prix le plus bas.Afin de réaliser une opération sans surprise, achetez notre écran d’iPad Pro 9.7"" Blanc Reconditionné Neuf. Toutes les pièces vendues par ReparMonPhone sont de qualité et permettent de conserver une expérience optimale avec votre tablette Apple iPad Pro 9.7"".Certains se demandent quel est le site mieux indiqué pour un achat d’écran iPad Pro 9.7"" Blanc pas cher ? De toute évidence ReparMonPhone.com, le partenaire de tous les professionnels de la réparation en France et en Europe. Ajoutez l’écran  Reconditionné iPad Pro 9.7"" Blanc à votre panier, validez votre commande et nous le livrons à l’adresse de votre choix dans les plus brefs délais !DIAGNOSTIC DE PANNE D’ÉCRAN D’iPad Pro 9.7"" BlancL’écran de votre iPad Pro 9.7"" ne s’allume plus ou reste totalement noir.On a abîmé, rayé ou fissuré ou fragmenté l’écran ou la vitre tactile de votre iPad Pro 9.7"" Blanc par accident.L’écran ou l’afficheur de la tablette iPad Pro 9.7"" connaissent des dysfonctionnements.Heureusement nous avons la solution, notre écran iPad Pro 9.7"" Blanc avec, afficheur LCD, vitre tactile vous permet d’en effectuer le remplacement dans de bonnes conditions pour d’excellents résultats.NOS CONSEILS EN MATIÈRE DE REMPLACEMENT D’ÉCRANS DE TABLETTE iPad Pro 9.7"" BlancAvant l’achat, il est vivement recommandé de vérifier le modèle exact de tablette iPad Pro 9.7"" d’Apple avec sa référence plutôt que par son simple nom commercial, car il existe parfois plusieurs déclinaisons de modèles de tablettes Apple regroupées sous une même appellation et certaines versions se ressemblent beaucoup et sont souvent confondues.Prenez soin de ne pas pincer ou déchirer les nappes présentes attachées à l’écran de votre iPad Pro 9.7"", il ne faut surtout pas les endommager.Lors de la fixation du bloc-écran  d’iPad Pro 9.7"" Blanc, faites attention aux petits débris qui pourraient briser l’écran et aux poussières qui peuvent nuire à la cohésion des composants.GARANTIE ÉCRAN  Reconditionné Apple ReparMonPhoneÉcran  d’iPad Pro 9.7"" Blanc Reconditionné Neuf testé et vérifié avec une qualité et une durée de vie optimale.Assurance du caractère fonctionnel de l’écran Reconditionné, en vue d’une remise en état sans tracas de votre écran.Une politique de retour souple et efficace de l’écran Reconditionné iPad Pro 9.7"" Blanc.INFORMATIONS SUPPLÉMENTAIRES ÉCRAN iPad Pro 9.7"" Reconditionné NeufRéf. constructeur : A1673 - A1674 - A1675Résolution (taille) : 1536 x 2048 pixels (9.70"")"
"Nappe / Connecteur de Charge iPad Pro 9.7"" Noir";"8578";"6.2";"EUR";"En stock";"Apple > IPad > iPad Pro 9.7"" (2016)";"https://www.pieces2mobile.com/nappe-charge-ipad-pro-9-7-noir.html";"https://www.pieces2mobile.com/media/catalog/product/cache/08ce6ea9b7ea9e423fa7c2e2ae0fab3c/n/a/nappe_charge_ipad_pro_9.7_noir.jpg";"Nappe / Connecteur de Charge iPad Pro 9.7"" Noir. ReparMonPhone, principal grossiste en pièces détachées pour mobiles en Europe. Envois gratuits dès 35 euros. Comptes professionnels.";" DIAGNOSTIC DE LA PANNE  Vous avez abîmé ou endommagé votre iPad Pro 12.9"" par accident. La nappe Charge de votre smartphone ou tablette Apple ne fonctionne plus.  Heureusement, cette panne est réparable, et cette pièce de qualité vous permet d'en effectuer le dépannage.NOS CONSEILS  Lors de l'achat, il est conseillé de vérifier votre modèle de smartphone/tablette par sa référence plutôt que par son nom. Mais aussi de bien vérifier les versions disponibles qui peuvent changer les spécificités des pièces (attention aux confusions comme SIM / SD ou Power / Volume). Attention à ne pas pincer, déchirer les nappes, ou abîmer les pièces de rechange. Restez vigilant, certaines pièces nécessitent des compétences et un matériel de soudure adéquat.  LES GARANTIES ReparMonPhone  Nos pièces sont testées, pour une durée de vie optimale. Garanties fonctionnelles, pour une réparation sans tracas. Une politique de retours souples et rapides. "
"Écran iPad Pro 9.7"" Noir Reconditionné (PIEC)";"7688";"115.2";"EUR";"En stock";"Apple > IPad > iPad Pro 9.7"" (2016)";"https://www.pieces2mobile.com/ecran-ipad-pro-9-7-noir.html";"https://www.pieces2mobile.com/media/catalog/product/cache/08ce6ea9b7ea9e423fa7c2e2ae0fab3c/_/c/_cran_ipad_pro_9.7_noir_1_.jpg";"Écran iPad Pro 9.7"" Noir Reconditionné (PIEC). ReparMonPhone, principal grossiste en pièces détachées pour mobiles en Europe. Envois gratuits dès 35 euros. Comptes professionnels.";" Écran iPad Pro 9.7"" Noir Reconditionné (PIEC) Neuf Vous venez de casser l’écran de votre précieux iPad Pro 9.7"" Noir et ne savez pas où trouver une offre d’écran  iPad Pro 9.7"" Noir Neuf au meilleur prix ?Sur ReparMonPhone.com bien évidemment ! Leader en vente de pièces détachées de tablettes aux particuliers et professionnels, nous proposons justement un écran d’iPad Pro 9.7"" Reconditionné Neuf avec, afficheur LCD, vitre tactile. De quoi remplacer rapidement votre écran d’iPad Pro 9.7"" cassé au prix le plus bas.Afin de réaliser une opération sans surprise, achetez notre écran d’iPad Pro 9.7"" Noir Reconditionné Neuf. Toutes les pièces vendues par ReparMonPhone sont de qualité et permettent de conserver une expérience optimale avec votre tablette Apple iPad Pro 9.7"".Certains se demandent quel est le site mieux indiqué pour un achat d’écran iPad Pro 9.7"" Noir pas cher ? De toute évidence ReparMonPhone.com, le partenaire de tous les professionnels de la réparation en France et en Europe. Ajoutez l’écran  Reconditionné iPad Pro 9.7"" Noir à votre panier, validez votre commande et nous le livrons à l’adresse de votre choix dans les plus brefs délais !DIAGNOSTIC DE PANNE D’ÉCRAN D’iPad Pro 9.7"" NoirL’écran de votre iPad Pro 9.7"" ne s’allume plus ou reste totalement noir.On a abîmé, rayé ou fissuré ou fragmenté l’écran ou la vitre tactile de votre iPad Pro 9.7"" Noir par accident.L’écran ou l’afficheur de la tablette iPad Pro 9.7"" connaissent des dysfonctionnements.Heureusement nous avons la solution, notre écran iPad Pro 9.7"" Noir avec, afficheur LCD, vitre tactile vous permet d’en effectuer le remplacement dans de bonnes conditions pour d’excellents résultats.NOS CONSEILS EN MATIÈRE DE REMPLACEMENT D’ÉCRANS DE TABLETTE iPad Pro 9.7"" NoirAvant l’achat, il est vivement recommandé de vérifier le modèle exact de tablette iPad Pro 9.7"" d’Apple avec sa référence plutôt que par son simple nom commercial, car il existe parfois plusieurs déclinaisons de modèles de tablettes Apple regroupées sous une même appellation et certaines versions se ressemblent beaucoup et sont souvent confondues.Prenez soin de ne pas pincer ou déchirer les nappes présentes attachées à l’écran de votre iPad Pro 9.7"", il ne faut surtout pas les endommager.Lors de la fixation du bloc-écran  d’iPad Pro 9.7"" Noir, faites attention aux petits débris qui pourraient briser l’écran et aux poussières qui peuvent nuire à la cohésion des composants.GARANTIE ÉCRAN  Reconditionné Apple ReparMonPhoneÉcran  d’iPad Pro 9.7"" Noir Reconditionné Neuf testé et vérifié avec une qualité et une durée de vie optimale.Assurance du caractère fonctionnel de l’écran Reconditionné, en vue d’une remise en état sans tracas de votre écran.Une politique de retour souple et efficace de l’écran Reconditionné iPad Pro 9.7"" Noir.INFORMATIONS SUPPLÉMENTAIRES ÉCRAN iPad Pro 9.7"" Reconditionné NeufRéf. constructeur : A1673, A1674, A1675.Résolution (taille) : 1536 x 2048 pixels (9.70"")"
"Nappe / Connecteur de Charge iPad Pro 9.7"" Blanc";"8579";"5.93";"EUR";"En stock";"Apple > IPad > iPad Pro 9.7"" (2016)";"https://www.pieces2mobile.com/nappe-charge-ipad-pro-9-7-blanc.html";"https://www.pieces2mobile.com/media/catalog/product/cache/08ce6ea9b7ea9e423fa7c2e2ae0fab3c/n/a/nappe_charge_ipad_pro_9.7_blanc.jpg";"Nappe / Connecteur de Charge iPad Pro 9.7"" Blanc. ReparMonPhone, principal grossiste en pièces de rechange pour mobiles en Europe. Envois gratuits dès 35 euros. Comptes professionnels.";" DIAGNOSTIC DE LA PANNE  Vous avez abîmé ou endommagé votre iPad Pro 12.9"" par accident. La nappe Charge de votre smartphone ou tablette Apple ne fonctionne plus.  Heureusement, cette panne est réparable, et cette pièce de qualité vous permet d'en effectuer le dépannage.NOS CONSEILS  Lors de l'achat, il est conseillé de vérifier votre modèle de smartphone/tablette par sa référence plutôt que par son nom. Mais aussi de bien vérifier les versions disponibles qui peuvent changer les spécificités des pièces (attention aux confusions comme SIM / SD ou Power / Volume). Attention à ne pas pincer, déchirer les nappes, ou abîmer les pièces de rechange. Restez vigilant, certaines pièces nécessitent des compétences et un matériel de soudure adéquat.  LES GARANTIES ReparMonPhone  Nos pièces sont testées, pour une durée de vie optimale. Garanties fonctionnelles, pour une réparation sans tracas. Une politique de retours souples et rapides. "
"Nappe Power Avec Flash iPad Pro 9.7""";"13958";"2.4";"EUR";"En stock";"Apple > IPad > iPad Pro 9.7"" (2016)";"https://www.pieces2mobile.com/nappe-power-avec-flash-ipad-pro-9-7.html";"https://www.pieces2mobile.com/media/catalog/product/cache/08ce6ea9b7ea9e423fa7c2e2ae0fab3c/n/a/nappe-power-avec-flash-ipad-pro-9.7.jpg";"Nappe Power Avec Flash iPad Pro 9.7"". ReparMonPhone, principal grossiste en pièces détachées pour mobiles en Europe. Envois gratuits dès 35 euros. Comptes professionnels.";" DIAGNOSTIC DE LA PANNE  Vous avez abîmé ou endommagé votre iPad Pro 9.7"" par accident.   de votre smartphone ou tablette Apple ne fonctionne plus.  Heureusement, cette panne est réparable, et cette pièce de qualité vous permet d'en effectuer le dépannage.NOS CONSEILS  Lors de l'achat, il est conseillé de vérifier votre modèle de smartphone/tablette par sa référence plutôt que par son nom. Mais aussi de bien vérifier les versions disponibles qui peuvent changer les spécificités des pièces (attention aux confusions comme SIM / SD ou Power / Volume). Attention à ne pas pincer, déchirer les nappes, ou abîmer les pièces de rechange. Restez vigilant, certaines pièces nécessitent des compétences et un matériel de soudure adéquat.  LES GARANTIES ReparMonPhone  Nos pièces sont testées, pour une durée de vie optimale. Garanties fonctionnelles, pour une réparation sans tracas. Une politique de retours souples et rapides. "
"Nappe Volume iPad Pro 9.7""";"8580";"9.6";"EUR";"En stock";"Apple > IPad > iPad Pro 9.7"" (2016)";"https://www.pieces2mobile.com/nappe-power-volume-ipad-pro-9-7.html";"https://www.pieces2mobile.com/media/catalog/product/cache/08ce6ea9b7ea9e423fa7c2e2ae0fab3c/n/a/nappe_power_volume_ipad_pro_9.7.jpg";"Nappe Volume iPad Pro 9.7"". ReparMonPhone, principal grossiste en pièces détachées pour mobiles en Europe. Envois gratuits dès 35 euros. Comptes professionnels.";" DIAGNOSTIC DE LA PANNE  Vous avez abîmé ou endommagé votre iPad Pro 9.7"" par accident. La nappe Volume de votre smartphone ou tablette Apple ne fonctionne plus.  Heureusement, cette panne est réparable, et cette pièce de qualité vous permet d'en effectuer le dépannage.NOS CONSEILS  Lors de l'achat, il est conseillé de vérifier votre modèle de smartphone/tablette par sa référence plutôt que par son nom. Mais aussi de bien vérifier les versions disponibles qui peuvent changer les spécificités des pièces (attention aux confusions comme SIM / SD ou Power / Volume). Attention à ne pas pincer, déchirer les nappes, ou abîmer les pièces de rechange. Restez vigilant, certaines pièces nécessitent des compétences et un matériel de soudure adéquat.  LES GARANTIES ReparMonPhone  Nos pièces sont testées, pour une durée de vie optimale. Garanties fonctionnelles, pour une réparation sans tracas. Une politique de retours souples et rapides. "
"Nappe Jack iPad Pro 9.7"" Noir";"10187";"19.2";"EUR";"En stock";"Apple > IPad > iPad Pro 9.7"" (2016)";"https://www.pieces2mobile.com/nappe-jack-ipad-pro-9-7-noir.html";"https://www.pieces2mobile.com/media/catalog/product/cache/08ce6ea9b7ea9e423fa7c2e2ae0fab3c/n/a/nappe_jack_ipad_pro_9.7_noir.jpg";"Nappe Jack iPad Pro 9.7"" Noir. ReparMonPhone, principal grossiste en pièces de rechange pour mobiles en Europe. Envois gratuits dès 35 euros. Comptes professionnels.";" DIAGNOSTIC DE LA PANNE  Vous avez abîmé ou endommagé votre iPad Pro 9.7"" par accident. La nappe Jack de votre smartphone ou tablette Apple ne fonctionne plus.  Heureusement, cette panne est réparable, et cette pièce de qualité vous permet d'en effectuer le dépannage.NOS CONSEILS  Lors de l'achat, il est conseillé de vérifier votre modèle de smartphone/tablette par sa référence plutôt que par son nom. Mais aussi de bien vérifier les versions disponibles qui peuvent changer les spécificités des pièces (attention aux confusions comme SIM / SD ou Power / Volume). Attention à ne pas pincer, déchirer les nappes, ou abîmer les pièces de rechange. Restez vigilant, certaines pièces nécessitent des compétences et un matériel de soudure adéquat.  LES GARANTIES ReparMonPhone  Nos pièces sont testées, pour une durée de vie optimale. Garanties fonctionnelles, pour une réparation sans tracas. Une politique de retours souples et rapides. "
"Nappe Jack iPad Pro 9.7"" Blanc";"10188";"19.2";"EUR";"En stock";"Apple > IPad > iPad Pro 9.7"" (2016)";"https://www.pieces2mobile.com/nappe-jack-ipad-pro-9-7-blanc.html";"https://www.pieces2mobile.com/media/catalog/product/cache/08ce6ea9b7ea9e423fa7c2e2ae0fab3c/n/a/nappe_jack_ipad_pro_9.7_blanc.jpg";"Nappe Jack iPad Pro 9.7"" Blanc. ReparMonPhone, principal grossiste en pièces détachées pour mobiles en Europe. Envois gratuits dès 35 euros. Comptes professionnels.";" DIAGNOSTIC DE LA PANNE  Vous avez abîmé ou endommagé votre iPad Pro 9.7"" par accident. La nappe Jack de votre smartphone ou tablette Apple ne fonctionne plus.  Heureusement, cette panne est réparable, et cette pièce de qualité vous permet d'en effectuer le dépannage.NOS CONSEILS  Lors de l'achat, il est conseillé de vérifier votre modèle de smartphone/tablette par sa référence plutôt que par son nom. Mais aussi de bien vérifier les versions disponibles qui peuvent changer les spécificités des pièces (attention aux confusions comme SIM / SD ou Power / Volume). Attention à ne pas pincer, déchirer les nappes, ou abîmer les pièces de rechange. Restez vigilant, certaines pièces nécessitent des compétences et un matériel de soudure adéquat.  LES GARANTIES ReparMonPhone  Nos pièces sont testées, pour une durée de vie optimale. Garanties fonctionnelles, pour une réparation sans tracas. Une politique de retours souples et rapides. "
"Caméra arrière iPad Pro 9.7""";"3994";"54";"EUR";"En stock";"Apple > IPad > iPad Pro 9.7"" (2016)";"https://www.pieces2mobile.com/camera-arriere-ipad-pro-9-7.html";"https://www.pieces2mobile.com/media/catalog/product/cache/08ce6ea9b7ea9e423fa7c2e2ae0fab3c/a/p/apple-ipad-pro-9-7-nappe-bouton-home-blanc_1.jpg";"Caméra arrière iPad Pro 9.7"". ReparMonPhone, principal grossiste en pièces détachées pour mobiles en Europe. Envois gratuits dès 35 euros. Comptes professionnels.";" DIAGNOSTIC DE LA PANNEDepuis quelque temps, la caméra arrière de votre iPad Pro 9.7"" ne fonctionne plus correctement.L’objectif de la caméra est abîmé, rayé ou cassé, ce qui vous empêche de prendre des photos nettes ou d’utiliser normalement votre appareil.La caméra arrière de votre smartphone ou tablette Apple ne semble plus capable d’effectuer une mise au point correcte.Vous constatez une perte de qualité d’image, un flou permanent ou un dysfonctionnement lors de l’ouverture de l’appareil photo.Heureusement, cette panne est réparable. Cette caméra arrière de remplacement vous permet d’effectuer une remise en état fiable de votre appareil et de retrouver une prise de vue plus nette et plus stable.NOS CONSEILSLors d’une réparation, évitez de poser la caméra sur une surface aimantée, afin de limiter les risques de dérèglement interne.Ne touchez pas directement l’objectif de la caméra arrière au moment de la mise en place, afin d’éviter les traces, poussières ou micro-rayures.Travaillez sur une surface propre et manipulez la pièce avec précaution pour préserver la qualité optique du composant.Avant le remontage définitif, vérifiez le bon positionnement de la caméra pour garantir une utilisation optimale.LES GARANTIES ReparMonPhoneNos pièces sont testées avec soin pour offrir une qualité constante et une durée de vie optimale.Elles sont garanties fonctionnelles pour permettre une réparation plus sereine.Vous bénéficiez d’une politique de retours souples et rapides.ReparMonPhone accompagne les particuliers comme les professionnels avec des pièces détachées sélectionnées avec exigence."
"Nappe / Bouton HOME iPad Pro 9.7"" Blanc";"9558";"6.97";"EUR";"En stock";"Apple > IPad > iPad Pro 9.7"" (2016)";"https://www.pieces2mobile.com/nappe-bouton-home-ipad-pro-9-7-blanc.html";"https://www.pieces2mobile.com/media/catalog/product/cache/08ce6ea9b7ea9e423fa7c2e2ae0fab3c/a/p/apple-ipad-pro-9-7-nappe-bouton-home-blanc.jpg";"Nappe / Bouton HOME iPad Pro 9.7"" Blanc. ReparMonPhone, principal grossiste en pièces de rechange pour mobiles en Europe. Envois gratuits dès 35 euros. Comptes professionnels.";" DIAGNOSTIC DE LA PANNE  Vous avez abîmé ou endommagé votre iPad Pro 9.7"" par accident. La nappe  de votre smartphone ou tablette Apple ne fonctionne plus.  Heureusement, cette panne est réparable, et cette pièce de qualité vous permet d'en effectuer le dépannage.NOS CONSEILS  Lors de l'achat, il est conseillé de vérifier votre modèle de smartphone/tablette par sa référence plutôt que par son nom. Mais aussi de bien vérifier les versions disponibles qui peuvent changer les spécificités des pièces (attention aux confusions comme SIM / SD ou Power / Volume). Attention à ne pas pincer, déchirer les nappes, ou abîmer les pièces de rechange. Restez vigilant, certaines pièces nécessitent des compétences et un matériel de soudure adéquat.  LES GARANTIES ReparMonPhone  Nos pièces sont testées, pour une durée de vie optimale. Garanties fonctionnelles, pour une réparation sans tracas. Une politique de retours souples et rapides. "
"Nappe + Bouton HOME iPad Pro 9.7"" Noir";"13283";"5.54";"EUR";"En stock";"Apple > IPad > iPad Pro 9.7"" (2016)";"https://www.pieces2mobile.com/nappe-bouton-home-ipad-pro-9-7-noir.html";"https://www.pieces2mobile.com/media/catalog/product/cache/08ce6ea9b7ea9e423fa7c2e2ae0fab3c/n/a/nappe-plus-bouton-home-ipad-pro-9.7-noir.jpg";"Nappe + Bouton HOME iPad Pro 9.7"" Noir. ReparMonPhone, principal grossiste en pièces détachées pour mobiles en Europe. Envois gratuits dès 35 euros. Comptes professionnels.";" DIAGNOSTIC DE LA PANNE  Vous avez abîmé ou endommagé votre iPad Pro 9.7"" par accident.   de votre smartphone ou tablette Apple ne fonctionne plus.  Heureusement, cette panne est réparable, et cette pièce de qualité vous permet d'en effectuer le dépannage.NOS CONSEILS  Lors de l'achat, il est conseillé de vérifier votre modèle de smartphone/tablette par sa référence plutôt que par son nom. Mais aussi de bien vérifier les versions disponibles qui peuvent changer les spécificités des pièces (attention aux confusions comme SIM / SD ou Power / Volume). Attention à ne pas pincer, déchirer les nappes, ou abîmer les pièces de rechange. Restez vigilant, certaines pièces nécessitent des compétences et un matériel de soudure adéquat.  LES GARANTIES ReparMonPhone  Nos pièces sont testées, pour une durée de vie optimale. Garanties fonctionnelles, pour une réparation sans tracas. Une politique de retours souples et rapides. "
"Coque Renforcée Pepkoo iPad Pro 9.7""";"12819";"24";"EUR";"En stock";"Accessoires > Protection > Coques";"https://www.pieces2mobile.com/coque-renforcee-pepkoo-ipad-pro-9-7.html";"https://www.pieces2mobile.com/media/catalog/product/cache/08ce6ea9b7ea9e423fa7c2e2ae0fab3c/c/o/coque_renforc_e_pepko_t_noir_1__2_1_1.jpg";"Coque Renforcée Pepkoo iPad Pro 9.7"". ReparMonPhone, principal grossiste en pièces détachées pour mobiles en Europe. Envois gratuits dès 35 euros. Comptes professionnels.";"CARACTÉRISTIQUESCompatible : Apple iPad 2018 9.7"" (6e Gen)Inclus : La coque de protectionAvec : Marque : PepkooModèle : /Couleur externe : NoirCouleur interne : NoirTexture : Lisse (Avec renforts)Matière : Silicone renforcéType : /"
"Nappe Antenne Wi-Fi (courte) iPad Pro 9.7""";"8581";"2.4";"EUR";"En stock";"Apple > IPad > iPad Pro 9.7"" (2016)";"https://www.pieces2mobile.com/nappe-antenne-wi-fi-courte-ipad-pro-9-7.html";"https://www.pieces2mobile.com/media/catalog/product/cache/08ce6ea9b7ea9e423fa7c2e2ae0fab3c/p/r/pro-9.jpg";"Nappe Antenne Wi-Fi (courte) iPad Pro 9.7"". ReparMonPhone, principal grossiste en pièces de rechange pour mobiles en Europe. Envois gratuits dès 35 euros. Comptes professionnels.";" DIAGNOSTIC DE LA PANNE  Vous avez abîmé ou endommagé votre iPad Pro 9.7"" par accident. La nappe antenne, Wi-Fi de votre smartphone ou tablette Apple ne fonctionne plus.  Heureusement, cette panne est réparable, et cette pièce de qualité vous permet d'en effectuer le dépannage.NOS CONSEILS  Lors de l'achat, il est conseillé de vérifier votre modèle de smartphone/tablette par sa référence plutôt que par son nom. Mais aussi de bien vérifier les versions disponibles qui peuvent changer les spécificités des pièces (attention aux confusions comme SIM / SD ou Power / Volume). Attention à ne pas pincer, déchirer les nappes, ou abîmer les pièces de rechange. Restez vigilant, certaines pièces nécessitent des compétences et un matériel de soudure adéquat.  LES GARANTIES ReparMonPhone  Nos pièces sont testées, pour une durée de vie optimale. Garanties fonctionnelles, pour une réparation sans tracas. Une politique de retours souples et rapides. "
"Nappe Antenne Wi-Fi (longue) iPad Pro 9.7""";"8582";"19.2";"EUR";"En stock";"Apple > IPad > iPad Pro 9.7"" (2016)";"https://www.pieces2mobile.com/nappe-antenne-wi-fi-longue-ipad-pro-9-7.html";"https://www.pieces2mobile.com/media/catalog/product/cache/08ce6ea9b7ea9e423fa7c2e2ae0fab3c/n/a/nappe_antenne_wi-fi_longue_ipad_pro_9.7.jpg";"Nappe Antenne Wi-Fi (longue) iPad Pro 9.7"". ReparMonPhone, principal grossiste en pièces de rechange pour mobiles en Europe. Envois gratuits dès 35 euros. Comptes professionnels.";" DIAGNOSTIC DE LA PANNE  Vous avez abîmé ou endommagé votre iPad Pro 9.7"" par accident. La nappe antenne, Wi-Fi de votre smartphone ou tablette Apple ne fonctionne plus.  Heureusement, cette panne est réparable, et cette pièce de qualité vous permet d'en effectuer le dépannage.NOS CONSEILS  Lors de l'achat, il est conseillé de vérifier votre modèle de smartphone/tablette par sa référence plutôt que par son nom. Mais aussi de bien vérifier les versions disponibles qui peuvent changer les spécificités des pièces (attention aux confusions comme SIM / SD ou Power / Volume). Attention à ne pas pincer, déchirer les nappes, ou abîmer les pièces de rechange. Restez vigilant, certaines pièces nécessitent des compétences et un matériel de soudure adéquat.  LES GARANTIES ReparMonPhone  Nos pièces sont testées, pour une durée de vie optimale. Garanties fonctionnelles, pour une réparation sans tracas. Une politique de retours souples et rapides. "
"Coque Enfant Coccinelle iPad Air/ Air 2/ Pro 9.7 Noir";"13016";"3.6";"EUR";"En stock";"Apple > IPad > iPad Air (2013)";"https://www.pieces2mobile.com/coque-enfant-coccinelle-ipad-air-air-2-pro-9-7-noir.html";"https://www.pieces2mobile.com/media/catalog/product/cache/08ce6ea9b7ea9e423fa7c2e2ae0fab3c/c/o/coque-enfant-coccinelle-ipad-air-air-2-pro-9-7-5.jpg";"Coque Enfant Coccinelle iPad Air/ Air 2/ Pro 9.7 Noir. ReparMonPhone, principal grossiste en pièces détachées pour mobiles en Europe. Envois gratuits dès 35 euros. Comptes professionnels.";"CARACTÉRISTIQUESCompatible : Apple iPad Air/ Air 2/ Pro 9.7Inclus : La coque de protectionAvec : Marque : Modèle : Couleur externe : NoirCouleur interne : NoirTexture : Matière : Type : "
"Coque Enfant Coccinelle iPad Air/ Air 2/ Pro 9.7 Bleu";"13018";"3.6";"EUR";"En stock";"Apple > IPad > iPad Air (2013)";"https://www.pieces2mobile.com/coque-enfant-coccinelle-ipad-air-air-2-pro-9-7-bleu.html";"https://www.pieces2mobile.com/media/catalog/product/cache/08ce6ea9b7ea9e423fa7c2e2ae0fab3c/c/o/coque-enfant-coccinelle-ipad-air-air-2-pro-9-7-8.jpg";"Coque Enfant Coccinelle iPad Air/ Air 2/ Pro 9.7 Bleu. ReparMonPhone, principal grossiste en pièces détachées pour mobiles en Europe. Envois gratuits dès 35 euros. Comptes professionnels.";"CARACTÉRISTIQUESCompatible : Apple  iPad Air/ Air 2/ Pro 9.7 Inclus : La coque de protectionAvec : Marque : Modèle : Couleur externe : BleuCouleur interne : BleuTexture : Matière : Type : "
"Coque Enfant Coccinelle iPad Air/ Air 2/ Pro 9.7 Jaune";"13019";"9";"EUR";"En stock";"Apple > IPad > iPad Air (2013)";"https://www.pieces2mobile.com/coque-enfant-coccinelle-ipad-air-air-2-pro-9-7-jaune.html";"https://www.pieces2mobile.com/media/catalog/product/cache/08ce6ea9b7ea9e423fa7c2e2ae0fab3c/c/o/coque-enfant-coccinelle-ipad-air-air-2-pro-9-7-7.jpg";"Coque Enfant Coccinelle iPad Air/ Air 2/ Pro 9.7 Jaune. ReparMonPhone, principal grossiste en pièces détachées pour mobiles en Europe. Envois gratuits dès 35 euros. Comptes professionnels.";"CARACTÉRISTIQUESCompatible : Apple iPad Air/ Air 2/ Pro 9.7 Inclus : La coque de protectionAvec : Marque : Modèle : Couleur externe : JauneCouleur interne : JauneTexture : Matière : Type : "
"Coque Protection ANTICHOC iPad Air 13"" (2024) M2 / Air 13"" (2025) M3 Noir";"20113";"18";"EUR";"En stock";"Accessoires > Protection > Housses et Étuis";"https://www.pieces2mobile.com/coque-protection-antichoc-ipad-air-13-2024-m2-air-13-2025-m3-noir.html";"https://www.pieces2mobile.com/media/catalog/product/cache/08ce6ea9b7ea9e423fa7c2e2ae0fab3c/c/o/coque-protection-anti-shock-ipad-air-13-2024-m2-air-13-2025-m3-noir-3.jpg";"Coque Protection ANTICHOC iPad Air 13"" (2024) M2 / Air 13"" (2025) M3 Noir. ReparMonPhone, principal grossiste en pièces de rechange pour mobiles en Europe. Envois gratuits dès 35 euros. Comptes professionnels.";"CARACTÉRISTIQUESCompatible :  iPad Air 13"" (2024) M2 / Air 13"" (2025) M3Inclus : La housse (étui) de protectionAvec : Anti-ChocMarque : Modèle : iPad Air 13"" (2024) M2 / Air 13"" (2025) M3Couleur externe : NoirCouleur interne : NoirTexture : LisseMatière : CuirType : /avec boîte"
"Coque Renforcée Pepkoo iPad Air 13"" (7ème Gen.) (2025) M3 Noir";"21240";"20.46";"EUR";"En stock";"Accessoires > Protection > Coques";"https://www.pieces2mobile.com/coque-renforcee-pepkoo-ipad-air-13-2025-m3-noir.html";"https://www.pieces2mobile.com/media/catalog/product/cache/08ce6ea9b7ea9e423fa7c2e2ae0fab3c/c/o/coque-renforcee-pepkoo-ipad-air-5-10.9-2022-air-4-10.9-2020-pro-11-1234-eme-gen_1.jpg";"Coque Renforcée Pepkoo iPad Air 13"" (7ème Gen.) (2025) M3 Noir. ReparMonPhone, principal grossiste en pièces de rechange pour mobiles en Europe. Envois gratuits dès 35 euros. Comptes professionnels.";"CARACTÉRISTIQUESCompatible :  iPad Air 13"" (7ème Gen.) (2025) M3Inclus : La coque de protectionAvec : Angle renforcéMarque : PepkooModèle : iPad Air 13"" (7ème Gen.) (2025) M3Couleur externe : NoirCouleur interne : NoirTexture : LisseMatière : Silicone renforcéType : /"
"Étui iPad Air 13"" (2024) M2 / Air 13"" (2025) M3 Noir";"20377";"18";"EUR";"Rupture / sur commande";"Accessoires > Protection > Housses et Étuis";"https://www.pieces2mobile.com/etui-ipad-air-13-2024-m-air-13-2025-m3-noir.html";"https://www.pieces2mobile.com/media/catalog/product/cache/08ce6ea9b7ea9e423fa7c2e2ae0fab3c/e/t/etui-ipad-air-13-2024-2025-noir-1.jpg";"Étui iPad Air 13"" (2024) M2 / Air 13"" (2025) M3 Noir. ReparMonPhone, principal grossiste en pièces de rechange pour mobiles en Europe. Envois gratuits dès 35 euros. Comptes professionnels.";"CARACTÉRISTIQUESCompatible :  Étui iPad Air 13"" (2024) M2 / Air 13"" (2025) M3Inclus : La housse (étui) de protectionAvec : RabatMarque : Modèle : Étui iPad Air 13"" (2024) M2 / Air 13"" (2025) M3Couleur externe : NoirCouleur interne : NoirTexture : LisseMatière : CuirType : /avec boîte"
"Coque ANTICHOC FORT-S PRO iPad Air 13 (2024) Noir";"18644";"24";"EUR";"En stock";"Accessoires > Protection > Coques";"https://www.pieces2mobile.com/coque-antichoc-fort-s-pro-ipad-air-13-2024-noir.html";"https://www.pieces2mobile.com/media/catalog/product/cache/08ce6ea9b7ea9e423fa7c2e2ae0fab3c/c/o/coque-antichoc-fort-s-pro-ipad-air-13-2024-noir-1_2.jpg";"Coque ANTICHOC FORT-S PRO iPad Air 13 (2024) Noir. ReparMonPhone, principal grossiste en pièces détachées pour mobiles en Europe. Envois gratuits dès 35 euros. Comptes professionnels.";"CARACTÉRISTIQUESCompatible :  iPad Air 13 (2024) Inclus : La coque de protectionAvec : Anti-ChocMarque : Modèle : iPad Air 13 (2024) Couleur externe : Couleur interne : NoirTexture : Lisse (Avec renforts)Matière : Type : /"
"Écran iPad Air 11"" (6ème Gen.) (2024) (M2) / Air 11"" (7ème Gen.) (2025) (M3) - Version Wi-Fi & Cellular origine démonter";"23388";"196.08";"EUR";"En stock";"Apple > IPad > iPad Air 11"" (6ème Gen.) (2024) (M2)";"https://www.pieces2mobile.com/ecran-ipad-air-11-6eme-gen-2024-m2-air-11-7eme-gen-2025-m3-version-wi-fi-cellular-origine-demonter.html";"https://www.pieces2mobile.com/media/catalog/product/cache/08ce6ea9b7ea9e423fa7c2e2ae0fab3c/e/c/ecran-ipad-air-11-6eme-gen.-2024-m2-air-11-7eme-gen.-2025-m3-version-wi-fi-origine-demonter.jpg";"Écran iPad Air 11"" (6ème Gen.) (2024) (M2) / Air 11"" (7ème Gen.) (2025) (M3) - Version Wi-Fi & Cellular origine démonter. ReparMonPhone, principal grossiste en pièces détachées pour mobiles en Europe. Envois gratuits dès 35 euros. Comptes professionnels.";" Écran iPad Air 11"" (6ème Gen.) (2024) (M2) / Air 11"" (7ème Gen.) (2025) (M3) - Version Wi-Fi & Cellular origine démonter Neuf Vous venez de casser l’écran de votre précieux Apple iPad Air 11"" (6ème Gen.) (2024) (M2) / Air 11"" (7ème Gen.) (2025) (M3) - Version Wi-Fi & Cellular Noir et ne savez pas où trouver une offre d’écran   LCD iPad Air 11"" (6ème Gen.) (2024) (M2) / Air 11"" (7ème Gen.) (2025) (M3) - Version Wi-Fi & Cellular Noir Neuf au meilleur prix ?Sur ReparMonPhone.com bien évidemment ! Leader en vente de pièces détachées de smartphones aux particuliers et professionnels, nous proposons justement un écran de Apple iPad Air 11"" (6ème Gen.) (2024) (M2) / Air 11"" (7ème Gen.) (2025) (M3) - Version Wi-Fi & Cellular Origine Neuf avec, afficheur LCD, vitre tactile. De quoi remplacer rapidement votre écran de iPad Air 11"" (6ème Gen.) (2024) (M2) / Air 11"" (7ème Gen.) (2025) (M3) - Version Wi-Fi & Cellular cassé au prix le plus bas.Afin de réaliser une opération sans surprise, achetez notre écran   LCD de Apple iPad Air 11"" (6ème Gen.) (2024) (M2) / Air 11"" (7ème Gen.) (2025) (M3) - Version Wi-Fi & Cellular Noir Origine Neuf. Toutes les pièces vendues par ReparMonPhone sont de qualité et permettent de conserver une expérience optimale avec votre téléphone iPad Air 11"" (6ème Gen.) (2024) (M2) / Air 11"" (7ème Gen.) (2025) (M3) - Version Wi-Fi & Cellular.Certains se demandent quel est le site mieux indiqué pour un achat d’écran Apple iPad Air 11"" (6ème Gen.) (2024) (M2) / Air 11"" (7ème Gen.) (2025) (M3) - Version Wi-Fi & Cellular Noir pas cher ? De toute évidence ReparMonPhone.com, le partenaire de tous les professionnels de la réparation en France et en Europe. Ajoutez l’écran Origine Apple iPad Air 11"" (6ème Gen.) (2024) (M2) / Air 11"" (7ème Gen.) (2025) (M3) - Version Wi-Fi & Cellular Noir à votre panier, validez votre commande et nous le livrons à l’adresse de votre choix dans les plus brefs délais !DIAGNOSTIC DE PANNE D’ÉCRAN DE Apple iPad Air 11"" (6ème Gen.) (2024) (M2) / Air 11"" (7ème Gen.) (2025) (M3) - Version Wi-Fi & Cellular NoirL’écran de votre iPad Air 11"" (6ème Gen.) (2024) (M2) / Air 11"" (7ème Gen.) (2025) (M3) - Version Wi-Fi & Cellular ne s’allume plus ou reste totalement noir.On a abîmé, rayé ou fissuré ou fragmenté l’écran ou la vitre tactile de votre Apple iPad Air 11"" (6ème Gen.) (2024) (M2) / Air 11"" (7ème Gen.) (2025) (M3) - Version Wi-Fi & Cellular Noir par accident.L’écran ou l’afficheur du téléphone iPad Air 11"" (6ème Gen.) (2024) (M2) / Air 11"" (7ème Gen.) (2025) (M3) - Version Wi-Fi & Cellular connaissent des dysfonctionnements.Heureusement nous avons la solution, notre écran Apple iPad Air 11"" (6ème Gen.) (2024) (M2) / Air 11"" (7ème Gen.) (2025) (M3) - Version Wi-Fi & Cellular Noir avec, afficheur LCD, vitre tactile vous permet d’en effectuer le remplacement dans de bonnes conditions pour d’excellents résultats.NOS CONSEILS EN MATIÈRE DE REMPLACEMENT D’ÉCRANS DE SMARTPHONE Apple iPad Air 11"" (6ème Gen.) (2024) (M2) / Air 11"" (7ème Gen.) (2025) (M3) - Version Wi-Fi & Cellular NoirAvant l’achat, il est vivement recommandé de vérifier le modèle exact du téléphone iPad Air 11"" (6ème Gen.) (2024) (M2) / Air 11"" (7ème Gen.) (2025) (M3) - Version Wi-Fi & Cellular avec sa référence plutôt que par son simple nom commercial, car il existe parfois plusieurs déclinaisons de modèles de smartphones Apple regroupées sous une même appellation et certaines versions se ressemblent beaucoup et sont souvent confondues.Prenez soin de ne pas pincer ou déchirer les nappes présentes attachées à l’écran   LCD de votre Apple iPad Air 11"" (6ème Gen.) (2024) (M2) / Air 11"" (7ème Gen.) (2025) (M3) - Version Wi-Fi & Cellular, il ne faut surtout pas les endommager.Lors de la fixation du bloc-écran de iPad Air 11"" (6ème Gen.) (2024) (M2) / Air 11"" (7ème Gen.) (2025) (M3) - Version Wi-Fi & Cellular Noir, faites attention aux petits débris qui pourraient briser l’écran et aux poussières qui peuvent nuire à la cohésion des composants.GARANTIE ÉCRAN Origine Apple ReparMonPhoneÉcran de iPad Air 11"" (6ème Gen.) (2024) (M2) / Air 11"" (7ème Gen.) (2025) (M3) - Version Wi-Fi & Cellular Noir Origine Neuf testé et vérifié avec une qualité et une durée de vie optimale.Assurance du caractère fonctionnel de l’écran Origine, en vue d’une remise en état sans tracas de votre écran.Une politique de retour souple et efficace de l’écran Origine iPad Air 11"" (6ème Gen.) (2024) (M2) / Air 11"" (7ème Gen.) (2025) (M3) - Version Wi-Fi & Cellular Noir.INFORMATIONS SUPPLÉMENTAIRES ÉCRAN   LCD Apple iPad Air 11"" (6ème Gen.) (2024) (M2) / Air 11"" (7ème Gen.) (2025) (M3) - Version Wi-Fi & Cellular Origine NeufRéf. constructeur : Résolution (taille) : 1640 x 2360 px (11.00"") "
"Écran iPad Air 6 13"" (2024) A2898 Reconditionné (PIEC)";"19342";"307.8";"EUR";"En stock";"Apple > IPad > iPad Air 13"" (6ème Gen.) (2024) M2";"https://www.pieces2mobile.com/ecran-ipad-air-6-13-2024-a2898-reconditionne-piec.html";"https://www.pieces2mobile.com/media/catalog/product/cache/08ce6ea9b7ea9e423fa7c2e2ae0fab3c/e/c/ecran-ipad-air-2024-13-a2898-reconditionne.jpg";"Écran iPad Air 6 13"" (2024) A2898 Reconditionné (PIEC). ReparMonPhone, principal grossiste en pièces de rechange pour mobiles en Europe. Envois gratuits dès 35 euros. Comptes professionnels.";" Écran iPad Air 6 13"" (2024) A2898 Reconditionné (PIEC) Neuf Vous venez de casser l’écran de votre précieux Apple iPad Air 6  et ne savez pas où trouver une offre d’écran Liquid Retina iPad Air 6  Neuf au meilleur prix ?Sur ReparMonPhone.com bien évidemment ! Leader en vente de pièces détachées de smartphones aux particuliers et professionnels, nous proposons justement un écran de Apple iPad Air 6 Reconditionné Neuf avec, afficheur LCD, vitre tactile. De quoi remplacer rapidement votre écran de iPad Air 6 cassé au prix le plus bas.Afin de réaliser une opération sans surprise, achetez notre écran Liquid Retina de Apple iPad Air 6  Reconditionné Neuf. Toutes les pièces vendues par ReparMonPhone sont de qualité et permettent de conserver une expérience optimale avec votre téléphone iPad Air 6.Certains se demandent quel est le site mieux indiqué pour un achat d’écran Apple iPad Air 6  pas cher ? De toute évidence ReparMonPhone.com, le partenaire de tous les professionnels de la réparation en France et en Europe. Ajoutez l’écran Reconditionné Apple iPad Air 6  à votre panier, validez votre commande et nous le livrons à l’adresse de votre choix dans les plus brefs délais !DIAGNOSTIC DE PANNE D’ÉCRAN DE Apple iPad Air 6 L’écran de votre iPad Air 6 ne s’allume plus ou reste totalement noir.On a abîmé, rayé ou fissuré ou fragmenté l’écran ou la vitre tactile de votre Apple iPad Air 6  par accident.L’écran ou l’afficheur du téléphone iPad Air 6 connaissent des dysfonctionnements.Heureusement nous avons la solution, notre écran Apple iPad Air 6  avec, afficheur LCD, vitre tactile vous permet d’en effectuer le remplacement dans de bonnes conditions pour d’excellents résultats.NOS CONSEILS EN MATIÈRE DE REMPLACEMENT D’ÉCRANS DE SMARTPHONE Apple iPad Air 6 Avant l’achat, il est vivement recommandé de vérifier le modèle exact du téléphone iPad Air 6 avec sa référence plutôt que par son simple nom commercial, car il existe parfois plusieurs déclinaisons de modèles de smartphones Apple regroupées sous une même appellation et certaines versions se ressemblent beaucoup et sont souvent confondues.Prenez soin de ne pas pincer ou déchirer les nappes présentes attachées à l’écran Liquid Retina de votre Apple iPad Air 6, il ne faut surtout pas les endommager.Lors de la fixation du bloc-écran de iPad Air 6 , faites attention aux petits débris qui pourraient briser l’écran et aux poussières qui peuvent nuire à la cohésion des composants.GARANTIE ÉCRAN Reconditionné Apple ReparMonPhoneÉcran de iPad Air 6  Reconditionné Neuf testé et vérifié avec une qualité et une durée de vie optimale.Assurance du caractère fonctionnel de l’écran Reconditionné, en vue d’une remise en état sans tracas de votre écran.Une politique de retour souple et efficace de l’écran Reconditionné iPad Air 6 .INFORMATIONS SUPPLÉMENTAIRES ÉCRAN Liquid Retina Apple iPad Air 6 Reconditionné NeufRéf. constructeur : Résolution (taille) :  2 732 x 2 048 (13"")"
"Housse Flip Alivo iPad Air 5 (2022) / Air 6 (2024) / Air 11"" (2024) /  Air 11"" (2025) / Air 10.9"" Noir";"16790";"9.36";"EUR";"Rupture / sur commande";"Accessoires > Protection > Housses et Étuis";"https://www.pieces2mobile.com/housse-flip-alivo-ipad-air-5-2022-air-6-2024-air-11-2024-air-11-2025-air-10-9-noir.html";"https://www.pieces2mobile.com/media/catalog/product/cache/08ce6ea9b7ea9e423fa7c2e2ae0fab3c/h/o/housse-flip-alivo-ipad-air-5-2022-noir.jpg";"Housse Flip Alivo iPad Air 5 (2022) / Air 6 (2024) / Air 11"" (2024) /  Air 11"" (2025) / Air 10.9"" Noir. ReparMonPhone, principal grossiste en pièces détachées pour mobiles en Europe. Envois gratuits dès 35 euros. Comptes professionnels.";"CARACTÉRISTIQUESCompatible : Alivo iPad Air 5 (2022) / Air 6 (2024) / Air 11"" (2024) /  Air 11"" (2025) / Air 10.9""Inclus : La coque à rabat de protectionAvec : Ouverture CaméraMarque : AlivoModèle : iPad Air 5 (2022) / Air 6 (2024) / Air 11"" (2024) /  Air 11"" (2025) / Air 10.9""Couleur externe : NoirCouleur interne : NoirTexture : GrainéMatière : Extérieur Simili-cuir / Intérieur Silicone semi-rigideType : /Livré avec emballage."
"Étui iPad Air 11"" 2024 (M2) / Air 11"" 2025 (M3) Noir";"20114";"18";"EUR";"Rupture / sur commande";"Accessoires > Protection > Housses et Étuis";"https://www.pieces2mobile.com/etui-ipad-air-11-2024-m2-air-11-2025-m3-noir.html";"https://www.pieces2mobile.com/media/catalog/product/cache/08ce6ea9b7ea9e423fa7c2e2ae0fab3c/e/t/etui-ipad-air-11-2024-m2-ipad-air-11-2025-m3-noir.jpg";"Étui iPad Air 11"" 2024 (M2) / Air 11"" 2025 (M3) Noir. ReparMonPhone, principal grossiste en pièces de rechange pour mobiles en Europe. Envois gratuits dès 35 euros. Comptes professionnels.";"CARACTÉRISTIQUESCompatible :  iPad Air 11"" 2024 (M2) / Air 11"" 2025 (M3)Inclus : La housse (étui) de protectionAvec : RabatMarque : Modèle : iPad Air 11"" 2024 (M2) / Air 11"" 2025 (M3)Couleur externe : NoirCouleur interne : NoirTexture : LisseMatière : CuirType : /avec boîte"
"Écran iPad Air 4 / 5 Cellular Reconditionné (PIEC)";"17251";"154.2";"EUR";"En stock";"Apple > IPad > iPad Air 4";"https://www.pieces2mobile.com/ecran-ipad-air-4-5-cellular-reconditionne.html";"https://www.pieces2mobile.com/media/catalog/product/cache/08ce6ea9b7ea9e423fa7c2e2ae0fab3c/e/c/ecran-ipad-air-4-5-cellular-reconditionne_1.jpg";"Écran iPad Air 4 / 5 Cellular Reconditionné (PIEC). ReparMonPhone, principal grossiste en pièces détachées pour mobiles en Europe. Envois gratuits dès 35 euros. Comptes professionnels.";" Écran iPad Air 4 / 5 Cellular Reconditionné (PIEC) Neuf Vous venez de casser l’écran de votre précieux iPad Air 4 / 5 Cellular  et ne savez pas où trouver une offre d’écran   LCD iPad Air 4 / 5 Cellular  Neuf au meilleur prix ?Sur ReparMonPhone.com bien évidemment ! Leader en vente de pièces détachées de tablettes aux particuliers et professionnels, nous proposons justement un écran d’iPad Air 4 / 5 Cellular Reconditionné Neuf avec, afficheur LCD, vitre tactile. De quoi remplacer rapidement votre écran d’iPad Air 4 / 5 Cellular cassé au prix le plus bas.Afin de réaliser une opération sans surprise, achetez notre écran d’iPad Air 4 / 5 Cellular  Reconditionné Neuf. Toutes les pièces vendues par ReparMonPhone sont de qualité et permettent de conserver une expérience optimale avec votre tablette Apple iPad Air 4 / 5 Cellular.Certains se demandent quel est le site mieux indiqué pour un achat d’écran iPad Air 4 / 5 Cellular  pas cher ? De toute évidence ReparMonPhone.com, le partenaire de tous les professionnels de la réparation en France et en Europe. Ajoutez l’écran   LCD Reconditionné iPad Air 4 / 5 Cellular  à votre panier, validez votre commande et nous le livrons à l’adresse de votre choix dans les plus brefs délais !DIAGNOSTIC DE PANNE D’ÉCRAN D’iPad Air 4 / 5 Cellular L’écran de votre iPad Air 4 / 5 Cellular ne s’allume plus ou reste totalement noir.On a abîmé, rayé ou fissuré ou fragmenté l’écran ou la vitre tactile de votre iPad Air 4 / 5 Cellular  par accident.L’écran ou l’afficheur de la tablette iPad Air 4 / 5 Cellular connaissent des dysfonctionnements.Heureusement nous avons la solution, notre écran iPad Air 4 / 5 Cellular  avec, afficheur LCD, vitre tactile vous permet d’en effectuer le remplacement dans de bonnes conditions pour d’excellents résultats.NOS CONSEILS EN MATIÈRE DE REMPLACEMENT D’ÉCRANS DE TABLETTE iPad Air 4 / 5 Cellular Avant l’achat, il est vivement recommandé de vérifier le modèle exact de tablette iPad Air 4 / 5 Cellular d’Apple avec sa référence plutôt que par son simple nom commercial, car il existe parfois plusieurs déclinaisons de modèles de tablettes Apple regroupées sous une même appellation et certaines versions se ressemblent beaucoup et sont souvent confondues.Prenez soin de ne pas pincer ou déchirer les nappes présentes attachées à l’écran de votre iPad Air 4 / 5 Cellular, il ne faut surtout pas les endommager.Lors de la fixation du bloc-écran   LCD d’iPad Air 4 / 5 Cellular , faites attention aux petits débris qui pourraient briser l’écran et aux poussières qui peuvent nuire à la cohésion des composants.GARANTIE ÉCRAN   LCD Reconditionné Apple ReparMonPhoneÉcran  d’iPad Air 4 / 5 Cellular  Reconditionné Neuf testé et vérifié avec une qualité et une durée de vie optimale.Assurance du caractère fonctionnel de l’écran Reconditionné, en vue d’une remise en état sans tracas de votre écran.Une politique de retour souple et efficace de l’écran Reconditionné iPad Air 4 / 5 Cellular .INFORMATIONS SUPPLÉMENTAIRES ÉCRAN iPad Air 4 / 5 Cellular Reconditionné NeufRéf. constructeur : A2316 , A2324 , A2325 , A2072Résolution (taille) : 1640 x 2360 px (10.9"")"
"Coque Renforcée Pepkoo iPad Air 11"" (7ème Gen.) (2025) M3 Noir";"21241";"20.46";"EUR";"En stock";"Accessoires > Protection > Coques";"https://www.pieces2mobile.com/coque-renforcee-pepkoo-ipad-air-11-2025-m3-noir.html";"https://www.pieces2mobile.com/media/catalog/product/cache/08ce6ea9b7ea9e423fa7c2e2ae0fab3c/c/o/coque-renforcee-pepkoo-ipad-air-5-10.9-2022-air-4-10.9-2020-pro-11-1234-eme-gen_1_1.jpg";"Coque Renforcée Pepkoo iPad Air 11"" (7ème Gen.) (2025) M3 Noir. ReparMonPhone, principal grossiste en pièces détachées pour mobiles en Europe. Envois gratuits dès 35 euros. Comptes professionnels.";"CARACTÉRISTIQUESCompatible :  iPad Air 11"" (7ème Gen.) (2025) M3Inclus : La coque de protectionAvec : Angle renforcéMarque : PepkooModèle : iPad Air 11"" (7ème Gen.) (2025) M3Couleur externe : NoirCouleur interne : NoirTexture : LisseMatière : Silicone renforcéType : /"
"Écran iPad Air 6 11"" (2024) Reconditionné (PIEC)";"19341";"198.98";"EUR";"En stock";"Apple > IPad > iPad Air 11"" (6ème Gen.) (2024) (M2)";"https://www.pieces2mobile.com/ecran-ipad-air-6-11-2024-reconditionne.html";"https://www.pieces2mobile.com/media/catalog/product/cache/08ce6ea9b7ea9e423fa7c2e2ae0fab3c/e/c/ecran-ipad-air-6-reconditionne.jpg";"Écran iPad Air 6 11"" (2024) Reconditionné (PIEC). ReparMonPhone, principal grossiste en pièces de rechange pour mobiles en Europe. Envois gratuits dès 35 euros. Comptes professionnels.";" Écran iPad Air 6 11"" (2024) Reconditionné (PIEC) Neuf Vous venez de casser l’écran de votre précieux Apple iPad Air 6  et ne savez pas où trouver une offre d’écran   Retina iPad Air 6  Neuf au meilleur prix ?Sur ReparMonPhone.com bien évidemment ! Leader en vente de pièces détachées de smartphones aux particuliers et professionnels, nous proposons justement un écran de Apple iPad Air 6 Reconditionné Neuf avec, afficheur LCD, vitre tactile. De quoi remplacer rapidement votre écran de iPad Air 6 cassé au prix le plus bas.Afin de réaliser une opération sans surprise, achetez notre écran   Retina de Apple iPad Air 6  Reconditionné Neuf. Toutes les pièces vendues par ReparMonPhone sont de qualité et permettent de conserver une expérience optimale avec votre téléphone iPad Air 6.Certains se demandent quel est le site mieux indiqué pour un achat d’écran Apple iPad Air 6  pas cher ? De toute évidence ReparMonPhone.com, le partenaire de tous les professionnels de la réparation en France et en Europe. Ajoutez l’écran Reconditionné Apple iPad Air 6  à votre panier, validez votre commande et nous le livrons à l’adresse de votre choix dans les plus brefs délais !DIAGNOSTIC DE PANNE D’ÉCRAN DE Apple iPad Air 6 L’écran de votre iPad Air 6 ne s’allume plus ou reste totalement noir.On a abîmé, rayé ou fissuré ou fragmenté l’écran ou la vitre tactile de votre Apple iPad Air 6  par accident.L’écran ou l’afficheur du téléphone iPad Air 6 connaissent des dysfonctionnements.Heureusement nous avons la solution, notre écran Apple iPad Air 6  avec, afficheur LCD, vitre tactile vous permet d’en effectuer le remplacement dans de bonnes conditions pour d’excellents résultats.NOS CONSEILS EN MATIÈRE DE REMPLACEMENT D’ÉCRANS DE SMARTPHONE Apple iPad Air 6 Avant l’achat, il est vivement recommandé de vérifier le modèle exact du téléphone iPad Air 6 avec sa référence plutôt que par son simple nom commercial, car il existe parfois plusieurs déclinaisons de modèles de smartphones Apple regroupées sous une même appellation et certaines versions se ressemblent beaucoup et sont souvent confondues.Prenez soin de ne pas pincer ou déchirer les nappes présentes attachées à l’écran   Retina de votre Apple iPad Air 6, il ne faut surtout pas les endommager.Lors de la fixation du bloc-écran de iPad Air 6 , faites attention aux petits débris qui pourraient briser l’écran et aux poussières qui peuvent nuire à la cohésion des composants.GARANTIE ÉCRAN Reconditionné Apple ReparMonPhoneÉcran de iPad Air 6  Reconditionné Neuf testé et vérifié avec une qualité et une durée de vie optimale.Assurance du caractère fonctionnel de l’écran Reconditionné, en vue d’une remise en état sans tracas de votre écran.Une politique de retour souple et efficace de l’écran Reconditionné iPad Air 6 .INFORMATIONS SUPPLÉMENTAIRES ÉCRAN   Retina Apple iPad Air 6 Reconditionné NeufRéf. constructeur : Résolution (taille) : 2 360 x 1 640 (11"")"
"Coque ANTICHOC FORT-S PRO iPad Air 11 (2024) Noir";"18643";"24";"EUR";"En stock";"Accessoires > Protection > Coques";"https://www.pieces2mobile.com/coque-antichoc-fort-s-pro-ipad-air-11-2024-noir.html";"https://www.pieces2mobile.com/media/catalog/product/cache/08ce6ea9b7ea9e423fa7c2e2ae0fab3c/c/o/coque-antichoc-fort-s-pro-ipad-air-11-2024-noir-1_2.jpg";"Coque ANTICHOC FORT-S PRO iPad Air 11 (2024) Noir. ReparMonPhone, principal grossiste en pièces détachées pour mobiles en Europe. Envois gratuits dès 35 euros. Comptes professionnels.";"CARACTÉRISTIQUESCompatible :  iPad Air 11 (2024) Inclus : La coque de protectionAvec : Anti-ChocMarque : Modèle : iPad Air 11 (2024) Couleur externe : Couleur interne : NoirTexture : Lisse (Avec renforts)Matière : Type : /"
"Coque Protection Anti-Choc iPad Air 11"" (2024) avec Bretelles Adjustable / Détachables Noir";"18429";"22.15";"EUR";"Rupture / sur commande";"Accessoires > Protection > Coques";"https://www.pieces2mobile.com/coque-protection-anti-choc-ipad-air-11-2024-avec-bretelles-adjustable-detachables-noir.html";"https://www.pieces2mobile.com/media/catalog/product/cache/08ce6ea9b7ea9e423fa7c2e2ae0fab3c/c/o/coque-protection-anti-shock-ipad-air-11-2024-avec-bretelles-noir-1.jpg";"Coque Protection Anti-Choc iPad Air 11"" (2024) avec Bretelles Adjustable / Détachables Noir. ReparMonPhone, principal grossiste en pièces détachées pour mobiles en Europe. Envois gratuits dès 35 euros. Comptes professionnels.";"CARACTÉRISTIQUESCompatible :  iPad Air 11"" (2024)Inclus : La coque de protectionAvec : Anti-ChocMarque : Modèle : iPad Air 11"" 2024Couleur externe : NoirCouleur interne : NoirTexture : Lisse (Avec renforts)Matière : Extérieur Silicone doux / Intérieur Plastique DurType : "
"Coque Protection ANTICHOC iPad Air 11"" (2024) Noir";"18269";"15.55";"EUR";"En stock";"Accessoires > Protection > Coques";"https://www.pieces2mobile.com/coque-protection-antichoc-ipad-air-11-2024-noir.html";"https://www.pieces2mobile.com/media/catalog/product/cache/08ce6ea9b7ea9e423fa7c2e2ae0fab3c/c/o/coque-protection-anti-shock-samsung-galaxy-tab-a9-plus-x210x216-noir-2_1.jpg";"Coque Protection ANTICHOC iPad Air 11"" (2024) Noir. ReparMonPhone, principal grossiste en pièces détachées pour mobiles en Europe. Envois gratuits dès 35 euros. Comptes professionnels.";"CARACTÉRISTIQUESCompatible :  iPad Air 11"" 2024Inclus : La coque de protectionAvec : Anti-ChocMarque : Modèle : iPad Air 11"" 2024Couleur externe : NoirCouleur interne : NoirTexture : Lisse (Avec renforts)Matière : Extérieur Silicone doux / Intérieur Plastique DurType : "
"Écran iPad Air 4 / 5 Wifi Reconditionné (PIEC)";"13385";"154.2";"EUR";"En stock";"Apple > IPad > iPad Air 4";"https://www.pieces2mobile.com/ecran-ipad-air-4.html";"https://www.pieces2mobile.com/media/catalog/product/cache/08ce6ea9b7ea9e423fa7c2e2ae0fab3c/e/c/ecran-ipad-air-4-reconditionne_1.jpg";"Écran iPad Air 4 / 5 Wifi Reconditionné (PIEC). ReparMonPhone, principal grossiste en pièces de rechange pour mobiles en Europe. Envois gratuits dès 35 euros. Comptes professionnels.";" Écran iPad Air 4 / 5 Wifi Reconditionné (PIEC) Neuf Vous venez de casser l’écran de votre précieux iPad Air 4 / 5 Wifi   et ne savez pas où trouver une offre d’écran   LCD iPad Air 4 / 5 Wifi   Neuf au meilleur prix ?Sur ReparMonPhone.com bien évidemment ! Leader en vente de pièces détachées de tablettes aux particuliers et professionnels, nous proposons justement un écran d’iPad Air 4 / 5 Wifi  Reconditionné Neuf avec, afficheur LCD, vitre tactile. De quoi remplacer rapidement votre écran d’iPad Air 4 / 5 Wifi  cassé au prix le plus bas.Afin de réaliser une opération sans surprise, achetez notre écran d’iPad Air 4 / 5 Wifi   Reconditionné Neuf. Toutes les pièces vendues par ReparMonPhone sont de qualité et permettent de conserver une expérience optimale avec votre tablette Apple iPad Air 4 / 5 Wifi .Certains se demandent quel est le site mieux indiqué pour un achat d’écran iPad Air 4 / 5 Wifi   pas cher ? De toute évidence ReparMonPhone.com, le partenaire de tous les professionnels de la réparation en France et en Europe. Ajoutez l’écran   LCD Reconditionné iPad Air 4 / 5 Wifi   à votre panier, validez votre commande et nous le livrons à l’adresse de votre choix dans les plus brefs délais !DIAGNOSTIC DE PANNE D’ÉCRAN D’iPad Air 4 / 5 Wifi  L’écran de votre iPad Air 4 / 5 Wifi  ne s’allume plus ou reste totalement noir.On a abîmé, rayé ou fissuré ou fragmenté l’écran ou la vitre tactile de votre iPad Air 4 / 5 Wifi   par accident.L’écran ou l’afficheur de la tablette iPad Air 4 / 5 Wifi  connaissent des dysfonctionnements.Heureusement nous avons la solution, notre écran iPad Air 4 / 5 Wifi   avec, afficheur LCD, vitre tactile vous permet d’en effectuer le remplacement dans de bonnes conditions pour d’excellents résultats.NOS CONSEILS EN MATIÈRE DE REMPLACEMENT D’ÉCRANS DE TABLETTE iPad Air 4 / 5 Wifi  Avant l’achat, il est vivement recommandé de vérifier le modèle exact de tablette iPad Air 4 / 5 Wifi  d’Apple avec sa référence plutôt que par son simple nom commercial, car il existe parfois plusieurs déclinaisons de modèles de tablettes Apple regroupées sous une même appellation et certaines versions se ressemblent beaucoup et sont souvent confondues.Prenez soin de ne pas pincer ou déchirer les nappes présentes attachées à l’écran de votre iPad Air 4 / 5 Wifi , il ne faut surtout pas les endommager.Lors de la fixation du bloc-écran   LCD d’iPad Air 4 / 5 Wifi  , faites attention aux petits débris qui pourraient briser l’écran et aux poussières qui peuvent nuire à la cohésion des composants.GARANTIE ÉCRAN   LCD Reconditionné Apple ReparMonPhoneÉcran  d’iPad Air 4 / 5 Wifi   Reconditionné Neuf testé et vérifié avec une qualité et une durée de vie optimale.Assurance du caractère fonctionnel de l’écran Reconditionné, en vue d’une remise en état sans tracas de votre écran.Une politique de retour souple et efficace de l’écran Reconditionné iPad Air 4 / 5 Wifi  .INFORMATIONS SUPPLÉMENTAIRES ÉCRAN iPad Air 4 / 5 Wifi  Reconditionné NeufRéf. constructeur : A2316 , A2324 , A2325 , A2072Résolution (taille) : 1536 x 2048"
"Power Management PMIC IC (343S00465) iPad Air 5 (2022)";"17592";"18.19";"EUR";"En stock";"Apple > IPad > iPad Air 5 (2022)";"https://www.pieces2mobile.com/power-management-pmic-ic-343s00465-ipad-air-5-2022.html";"https://www.pieces2mobile.com/media/catalog/product/cache/08ce6ea9b7ea9e423fa7c2e2ae0fab3c/p/o/power-management-pmic-ic-343s00465-ipad-air-5-2022.jpg";"Power Management PMIC IC (343S00465) iPad Air 5 (2022). ReparMonPhone, principal grossiste en pièces de rechange pour mobiles en Europe. Envois gratuits dès 35 euros. Comptes professionnels.";" DIAGNOSTIC DE LA PANNE  Vous avez abîmé ou endommagé votre  iPad Air 5 (2022) par accident. Le composant IC de votre smartphone ou tablette Apple ne fonctionne plus.  Heureusement, cette panne est réparable, et cette pièce de qualité vous permet d'en effectuer le dépannage.NOS CONSEILS  Lors de l'achat, il est conseillé de vérifier votre modèle de smartphone/tablette par sa référence plutôt que par son nom. Mais aussi de bien vérifier les versions disponibles qui peuvent changer les spécificités des pièces (attention aux confusions comme SIM / SD ou Power / Volume). Attention à ne pas pincer, déchirer les nappes, ou abîmer les pièces de rechange. Restez vigilant, certaines pièces nécessitent des compétences et un matériel de soudure adéquat.  LES GARANTIES ReparMonPhone  Nos pièces sont testées, pour une durée de vie optimale. Garanties fonctionnelles, pour une réparation sans tracas. Une politique de retours souples et rapides. "
"Nappe / Connecteur de Charge iPad Air 4 Noir";"16527";"9.71";"EUR";"En stock";"Apple > IPad > iPad Air 4";"https://www.pieces2mobile.com/nappe-connecteur-de-charge-ipad-air-4-noir.html";"https://www.pieces2mobile.com/media/catalog/product/cache/08ce6ea9b7ea9e423fa7c2e2ae0fab3c/n/a/nappe-plus-connecteur-de-charge-ipad-air-4-noir.jpg";"Nappe / Connecteur de Charge iPad Air 4 Noir. ReparMonPhone, principal grossiste en pièces détachées pour mobiles en Europe. Envois gratuits dès 35 euros. Comptes professionnels.";" DIAGNOSTIC DE LA PANNE  Vous avez abîmé ou endommagé votre iPad Air 4 par accident. La nappe connecteur de charge de votre smartphone ou tablette Apple ne fonctionne plus.  Heureusement, cette panne est réparable, et cette pièce de qualité vous permet d'en effectuer le dépannage.NOS CONSEILS  Lors de l'achat, il est conseillé de vérifier votre modèle de smartphone/tablette par sa référence plutôt que par son nom. Mais aussi de bien vérifier les versions disponibles qui peuvent changer les spécificités des pièces (attention aux confusions comme SIM / SD ou Power / Volume). Attention à ne pas pincer, déchirer les nappes, ou abîmer les pièces de rechange. Restez vigilant, certaines pièces nécessitent des compétences et un matériel de soudure adéquat.  LES GARANTIES ReparMonPhone  Nos pièces sont testées, pour une durée de vie optimale. Garanties fonctionnelles, pour une réparation sans tracas. Une politique de retours souples et rapides. "
"Nappe / Connecteur de Charge iPad Air 4 Or Rose";"16528";"12.34";"EUR";"En stock";"Apple > IPad > iPad Air 4";"https://www.pieces2mobile.com/nappe-connecteur-de-charge-ipad-air-4-or-rose.html";"https://www.pieces2mobile.com/media/catalog/product/cache/08ce6ea9b7ea9e423fa7c2e2ae0fab3c/n/a/nappe-plus-connecteur-de-charge-ipad-air-4-or-rose.jpg";"Nappe / Connecteur de Charge iPad Air 4 Or Rose. ReparMonPhone, principal grossiste en pièces de rechange pour mobiles en Europe. Envois gratuits dès 35 euros. Comptes professionnels.";" DIAGNOSTIC DE LA PANNE  Vous avez abîmé ou endommagé votre iPad Air 4 par accident. La nappe connecteur de charge de votre smartphone ou tablette Apple ne fonctionne plus.  Heureusement, cette panne est réparable, et cette pièce de qualité vous permet d'en effectuer le dépannage.NOS CONSEILS  Lors de l'achat, il est conseillé de vérifier votre modèle de smartphone/tablette par sa référence plutôt que par son nom. Mais aussi de bien vérifier les versions disponibles qui peuvent changer les spécificités des pièces (attention aux confusions comme SIM / SD ou Power / Volume). Attention à ne pas pincer, déchirer les nappes, ou abîmer les pièces de rechange. Restez vigilant, certaines pièces nécessitent des compétences et un matériel de soudure adéquat.  LES GARANTIES ReparMonPhone  Nos pièces sont testées, pour une durée de vie optimale. Garanties fonctionnelles, pour une réparation sans tracas. Une politique de retours souples et rapides. "
"Nappe / Connecteur de Charge iPad Air 4 Argent";"16529";"6.97";"EUR";"En stock";"Apple > IPad > iPad Air 4";"https://www.pieces2mobile.com/nappe-connecteur-de-charge-ipad-air-4-argent.html";"https://www.pieces2mobile.com/media/catalog/product/cache/08ce6ea9b7ea9e423fa7c2e2ae0fab3c/n/a/nappe-plus-connecteur-de-charge-ipad-air-4-argent.jpg";"Nappe / Connecteur de Charge iPad Air 4 Argent. ReparMonPhone, principal grossiste en pièces de rechange pour mobiles en Europe. Envois gratuits dès 35 euros. Comptes professionnels.";" DIAGNOSTIC DE LA PANNE  Vous avez abîmé ou endommagé votre iPad Air 4 par accident. La nappe connecteur de charge de votre smartphone ou tablette Apple ne fonctionne plus.  Heureusement, cette panne est réparable, et cette pièce de qualité vous permet d'en effectuer le dépannage.NOS CONSEILS  Lors de l'achat, il est conseillé de vérifier votre modèle de smartphone/tablette par sa référence plutôt que par son nom. Mais aussi de bien vérifier les versions disponibles qui peuvent changer les spécificités des pièces (attention aux confusions comme SIM / SD ou Power / Volume). Attention à ne pas pincer, déchirer les nappes, ou abîmer les pièces de rechange. Restez vigilant, certaines pièces nécessitent des compétences et un matériel de soudure adéquat.  LES GARANTIES ReparMonPhone  Nos pièces sont testées, pour une durée de vie optimale. Garanties fonctionnelles, pour une réparation sans tracas. Une politique de retours souples et rapides. "
"Nappe / Connecteur de Charge iPad Air 4 4G Argent";"17702";"6.7";"EUR";"En stock";"Apple > IPad > iPad Air 4";"https://www.pieces2mobile.com/nappe-connecteur-de-charge-ipad-air-4-4g-argent.html";"https://www.pieces2mobile.com/media/catalog/product/cache/08ce6ea9b7ea9e423fa7c2e2ae0fab3c/n/a/nappe-plus-connecteur-de-charge-ipad-air-4-4g-argent.jpg";"Nappe / Connecteur de Charge iPad Air 4 4G Argent. ReparMonPhone, principal grossiste en pièces de rechange pour mobiles en Europe. Envois gratuits dès 35 euros. Comptes professionnels.";" DIAGNOSTIC DE LA PANNE  Vous avez abîmé ou endommagé votre iPad Air 4 4G par accident. La nappe connecteur de charge de votre smartphone ou tablette Apple ne fonctionne plus.  Heureusement, cette panne est réparable, et cette pièce de qualité vous permet d'en effectuer le dépannage.NOS CONSEILS  Lors de l'achat, il est conseillé de vérifier votre modèle de smartphone/tablette par sa référence plutôt que par son nom. Mais aussi de bien vérifier les versions disponibles qui peuvent changer les spécificités des pièces (attention aux confusions comme SIM / SD ou Power / Volume). Attention à ne pas pincer, déchirer les nappes, ou abîmer les pièces de rechange. Restez vigilant, certaines pièces nécessitent des compétences et un matériel de soudure adéquat.  LES GARANTIES ReparMonPhone  Nos pièces sont testées, pour une durée de vie optimale. Garanties fonctionnelles, pour une réparation sans tracas. Une politique de retours souples et rapides. "
"Nappe Power iPad Air 4 Noir";"16530";"7.79";"EUR";"En stock";"Apple > IPad > iPad Air 4";"https://www.pieces2mobile.com/nappe-power-ipad-air-4-noir.html";"https://www.pieces2mobile.com/media/catalog/product/cache/08ce6ea9b7ea9e423fa7c2e2ae0fab3c/n/a/nappe-power-ipad-air-4-noir.jpg";"Nappe Power iPad Air 4 Noir. ReparMonPhone, principal grossiste en pièces de rechange pour mobiles en Europe. Envois gratuits dès 35 euros. Comptes professionnels.";" DIAGNOSTIC DE LA PANNE  Vous avez abîmé ou endommagé votre iPad Air 4 par accident. La nappe Power de votre smartphone ou tablette Apple ne fonctionne plus.  Heureusement, cette panne est réparable, et cette pièce de qualité vous permet d'en effectuer le dépannage.NOS CONSEILS  Lors de l'achat, il est conseillé de vérifier votre modèle de smartphone/tablette par sa référence plutôt que par son nom. Mais aussi de bien vérifier les versions disponibles qui peuvent changer les spécificités des pièces (attention aux confusions comme SIM / SD ou Power / Volume). Attention à ne pas pincer, déchirer les nappes, ou abîmer les pièces de rechange. Restez vigilant, certaines pièces nécessitent des compétences et un matériel de soudure adéquat.  LES GARANTIES ReparMonPhone  Nos pièces sont testées, pour une durée de vie optimale. Garanties fonctionnelles, pour une réparation sans tracas. Une politique de retours souples et rapides. "
"Nappe Power iPad Air 4 Argent";"16532";"4.8";"EUR";"En stock";"Apple > IPad > iPad Air 4";"https://www.pieces2mobile.com/nappe-power-ipad-air-4-argent.html";"https://www.pieces2mobile.com/media/catalog/product/cache/08ce6ea9b7ea9e423fa7c2e2ae0fab3c/n/a/nappe-power-ipad-air-4-argent.jpg";"Nappe Power iPad Air 4 Argent. ReparMonPhone, principal grossiste en pièces de rechange pour mobiles en Europe. Envois gratuits dès 35 euros. Comptes professionnels.";" DIAGNOSTIC DE LA PANNE  Vous avez abîmé ou endommagé votre iPad Air 4 par accident. La nappe Power de votre smartphone ou tablette Apple ne fonctionne plus.  Heureusement, cette panne est réparable, et cette pièce de qualité vous permet d'en effectuer le dépannage.NOS CONSEILS  Lors de l'achat, il est conseillé de vérifier votre modèle de smartphone/tablette par sa référence plutôt que par son nom. Mais aussi de bien vérifier les versions disponibles qui peuvent changer les spécificités des pièces (attention aux confusions comme SIM / SD ou Power / Volume). Attention à ne pas pincer, déchirer les nappes, ou abîmer les pièces de rechange. Restez vigilant, certaines pièces nécessitent des compétences et un matériel de soudure adéquat.  LES GARANTIES ReparMonPhone  Nos pièces sont testées, pour une durée de vie optimale. Garanties fonctionnelles, pour une réparation sans tracas. Une politique de retours souples et rapides. "
"Caméra Avant 7 MP iPad Air 4";"16533";"4.92";"EUR";"En stock";"Apple > IPad > iPad Air 4";"https://www.pieces2mobile.com/camera-avant-7-mp-ipad-air-4.html";"https://www.pieces2mobile.com/media/catalog/product/cache/08ce6ea9b7ea9e423fa7c2e2ae0fab3c/c/a/camera-avant-7-mp-ipad-air-4.jpg";"Caméra Avant 7 MP iPad Air 4. ReparMonPhone, principal grossiste en pièces détachées pour mobiles en Europe. Envois gratuits dès 35 euros. Comptes professionnels.";" DIAGNOSTIC DE LA PANNE  Depuis quelques temps, la caméra avant de votre iPad Air 4 ne fonctionne plus. L'objectif de la caméra est abîmé ou cassé, ce qui vous empêche de prendre des photos. La caméra avant de votre smartphone ou tablette Apple ne semble plus capable de faire une mise au point correcte.  Heureusement, cette panne est réparable, et cette caméra avant de qualité, vous permet d'en effectuer le dépannage.NOS CONSEILS  Que ce soit lors d'une réparation ou dans la vie de tous les jours, il ne faut pas déposer la caméra sur une surface aimantée, afin d'éviter un dérèglement interne. Ne touchez pas directement la caméra avant de la mettre en place, vous éviterez de laisser des traces sur l'objectif.  LES GARANTIES ReparMonPhone  Nos pièces sont testées, pour une durée de vie optimale. Garanties fonctionnelles, pour une réparation sans tracas. Une politique de retours souples et rapides. "
"Caméra Arrière 12 MP iPad Air 4";"16534";"16.06";"EUR";"En stock";"Apple > IPad > iPad Air 4";"https://www.pieces2mobile.com/camera-arriere-12-mp-ipad-air-4.html";"https://www.pieces2mobile.com/media/catalog/product/cache/08ce6ea9b7ea9e423fa7c2e2ae0fab3c/c/a/camera-arriere-12-mp-ipad-air-4.jpg";"Caméra Arrière 12 MP iPad Air 4. ReparMonPhone, principal grossiste en pièces détachées pour mobiles en Europe. Envois gratuits dès 35 euros. Comptes professionnels.";" DIAGNOSTIC DE LA PANNEDepuis quelque temps, la caméra arrière de votre iPad Air 4 ne fonctionne plus correctement.L’objectif de la caméra est abîmé, rayé ou cassé, ce qui vous empêche de prendre des photos nettes ou d’utiliser normalement votre appareil.La caméra arrière de votre smartphone ou tablette Apple ne semble plus capable d’effectuer une mise au point correcte.Vous constatez une perte de qualité d’image, un flou permanent ou un dysfonctionnement lors de l’ouverture de l’appareil photo.Heureusement, cette panne est réparable. Cette caméra arrière de remplacement vous permet d’effectuer une remise en état fiable de votre appareil et de retrouver une prise de vue plus nette et plus stable.NOS CONSEILSLors d’une réparation, évitez de poser la caméra sur une surface aimantée, afin de limiter les risques de dérèglement interne.Ne touchez pas directement l’objectif de la caméra arrière au moment de la mise en place, afin d’éviter les traces, poussières ou micro-rayures.Travaillez sur une surface propre et manipulez la pièce avec précaution pour préserver la qualité optique du composant.Avant le remontage définitif, vérifiez le bon positionnement de la caméra pour garantir une utilisation optimale.LES GARANTIES ReparMonPhoneNos pièces sont testées avec soin pour offrir une qualité constante et une durée de vie optimale.Elles sont garanties fonctionnelles pour permettre une réparation plus sereine.Vous bénéficiez d’une politique de retours souples et rapides.ReparMonPhone accompagne les particuliers comme les professionnels avec des pièces détachées sélectionnées avec exigence."
"Nappe SIM iPad Air 4";"16535";"6.41";"EUR";"En stock";"Apple > IPad > iPad Air 4";"https://www.pieces2mobile.com/nappe-sim-ipad-air-4.html";"https://www.pieces2mobile.com/media/catalog/product/cache/08ce6ea9b7ea9e423fa7c2e2ae0fab3c/n/a/nappe-sim-ipad-air-4.jpg";"Nappe SIM iPad Air 4. ReparMonPhone, principal grossiste en pièces détachées pour mobiles en Europe. Envois gratuits dès 35 euros. Comptes professionnels.";" DIAGNOSTIC DE LA PANNE  Vous avez abîmé ou endommagé votre iPad Air 4 par accident. La nappe SIM de votre smartphone ou tablette Apple ne fonctionne plus.  Heureusement, cette panne est réparable, et cette pièce de qualité vous permet d'en effectuer le dépannage.NOS CONSEILS  Lors de l'achat, il est conseillé de vérifier votre modèle de smartphone/tablette par sa référence plutôt que par son nom. Mais aussi de bien vérifier les versions disponibles qui peuvent changer les spécificités des pièces (attention aux confusions comme SIM / SD ou Power / Volume). Attention à ne pas pincer, déchirer les nappes, ou abîmer les pièces de rechange. Restez vigilant, certaines pièces nécessitent des compétences et un matériel de soudure adéquat.  LES GARANTIES ReparMonPhone  Nos pièces sont testées, pour une durée de vie optimale. Garanties fonctionnelles, pour une réparation sans tracas. Une politique de retours souples et rapides. "
"Power Managment IC (343S00394) iPad Air 4 Origine";"16480";"15.56";"EUR";"En stock";"Apple > IPad > iPad Air 4";"https://www.pieces2mobile.com/power-managment-ic-343s00394-ipad-air-4-origine.html";"https://www.pieces2mobile.com/media/catalog/product/cache/08ce6ea9b7ea9e423fa7c2e2ae0fab3c/p/o/power-managment-ic-343s00394-ipad-air-4-origine.jpg";"Power Managment IC (343S00394) iPad Air 4 Origine. ReparMonPhone, principal grossiste en pièces détachées pour mobiles en Europe. Envois gratuits dès 35 euros. Comptes professionnels.";" DIAGNOSTIC DE LA PANNE  Vous avez abîmé ou endommagé votre iPad Air 4 par accident. Le composant IC de votre smartphone ou tablette Apple ne fonctionne plus.  Heureusement, cette panne est réparable, et cette pièce de qualité vous permet d'en effectuer le dépannage.NOS CONSEILS  Lors de l'achat, il est conseillé de vérifier votre modèle de smartphone/tablette par sa référence plutôt que par son nom. Mais aussi de bien vérifier les versions disponibles qui peuvent changer les spécificités des pièces (attention aux confusions comme SIM / SD ou Power / Volume). Attention à ne pas pincer, déchirer les nappes, ou abîmer les pièces de rechange. Restez vigilant, certaines pièces nécessitent des compétences et un matériel de soudure adéquat.  LES GARANTIES ReparMonPhone  Nos pièces sont testées, pour une durée de vie optimale. Garanties fonctionnelles, pour une réparation sans tracas. Une politique de retours souples et rapides. "
"Power Suply IC (343S00422) iPad Air 4 Origine";"16481";"16.8";"EUR";"Rupture / sur commande";"Apple > IPad > iPad Air 4";"https://www.pieces2mobile.com/power-suply-ic-343s00422-ipad-air-4-origine.html";"https://www.pieces2mobile.com/media/catalog/product/cache/08ce6ea9b7ea9e423fa7c2e2ae0fab3c/p/o/power-suply-ic-343s00422-ipad-air-4-origine_2.jpg";"Power Suply IC (343S00422) iPad Air 4 Origine. ReparMonPhone, principal grossiste en pièces de rechange pour mobiles en Europe. Envois gratuits dès 35 euros. Comptes professionnels.";" DIAGNOSTIC DE LA PANNE  Vous avez abîmé ou endommagé votre iPad Air 4 par accident. Le composant IC de votre smartphone ou tablette Apple ne fonctionne plus.  Heureusement, cette panne est réparable, et cette pièce de qualité vous permet d'en effectuer le dépannage.NOS CONSEILS  Lors de l'achat, il est conseillé de vérifier votre modèle de smartphone/tablette par sa référence plutôt que par son nom. Mais aussi de bien vérifier les versions disponibles qui peuvent changer les spécificités des pièces (attention aux confusions comme SIM / SD ou Power / Volume). Attention à ne pas pincer, déchirer les nappes, ou abîmer les pièces de rechange. Restez vigilant, certaines pièces nécessitent des compétences et un matériel de soudure adéquat.  LES GARANTIES ReparMonPhone  Nos pièces sont testées, pour une durée de vie optimale. Garanties fonctionnelles, pour une réparation sans tracas. Une politique de retours souples et rapides. "
"Batterie iPad Air 3";"12885";"19.96";"EUR";"En stock";"Apple > IPad > iPad Air 3 10.5"" (2019)";"https://www.pieces2mobile.com/batterie-ipad-air-3.html";"https://www.pieces2mobile.com/media/catalog/product/cache/08ce6ea9b7ea9e423fa7c2e2ae0fab3c/b/a/batterie-ipad-air-3.jpg";"Batterie iPad Air 3. ReparMonPhone, principal grossiste en pièces détachées pour mobiles en Europe. Envois gratuits dès 35 euros. Comptes professionnels.";" Batterie iPad Air 3 neuve Le niveau de la batterie de votre tablette iPad Air 3 diminue rapidement et parfois il s’éteint de manière inopinée et vous ne savez pas où trouver une offre de batterie iPad Air 3 au meilleur prix ?Sur ReparMonPhone.com bien évidemment ! Leader en vente de pièces détachées de tablettes aux particuliers et professionnels, nous proposons justement la batterie  de iPad Air 3 Générique. De quoi remplacer rapidement votre batterie de iPad Air 3 en fin de vie au prix le plus bas.Afin de réaliser une opération sans surprise, achetez notre batterie  de iPad Air 3 Générique neuve. Toutes les pièces vendues par ReparMonPhone sont de qualité et permettent de conserver une expérience optimale avec votre tablette Apple iPad Air 3.Certains se demandent quel est le site mieux indiqué pour un achat de batterie iPad Air 3 pas cher ? De toute évidence ReparMonPhone.com, le partenaire de tous les professionnels de la réparation en France et en Europe. Ajoutez la batterie Générique iPad Air 3 à votre panier, validez votre commande et nous la livrons à l’adresse de votre choix dans les plus brefs délais !DIAGNOSTIC DE PANNE DE BATTERIE DE iPad Air 3Votre iPad Air 3 ne s’allume plus s’il n'est pas en charge ou son autonomie est significativement réduite.Dans les réglages de l’iPad Air 3 le pourcentage indiquant la santé de la batterie est bas.L’iPad Air 3 s’éteint de lui-même alors que son niveau de batterie est encore conséquent.Heureusement nous avons la solution, notre batterie iPad Air 3 vous permet d’en effectuer le remplacement dans de bonnes conditions pour d’excellents résultats.NOS CONSEILS EN MATIÈRE DE REMPLACEMENT DE BATTERIES D’iPad Air 3Avant l’achat, il est vivement recommandé de vérifier le modèle exact de la tablette iPad Air 3 d’Apple avec la référence de la batterie, car il existe un grand nombre de modèles de tablettes Apple et certaines versions se ressemblent beaucoup et sont parfois confondues.Prenez soin de démonter avec soin la batterie  d’iPad Air 3, il ne faut surtout pas l’endommager.Lors de la fixation de la batterie d’iPad Air 3, faites attention aux petits débris et aux poussières qui peuvent nuire à la cohésion des composants.GARANTIE BATTERIE  Générique Apple ReparMonPhoneBatterie d’iPad Air 3 Générique état neuf testée et vérifiée avec une qualité et une durée de vie optimale.Assurance du caractère fonctionnel de la batterie Générique, pour retrouver l’autonomie d’un iPad Air 3 neuf.Une politique de retour souple et efficace de la batterie Générique iPad Air 3.INFORMATIONS SUPPLÉMENTAIRES BATTERIE iPad Air 3 Générique neuvesLes batteries  neuves sont pourvues d’une charge d’usine, qu’il est conseillé de laisser se décharger complètement.Afin d’améliorer l’optimisation de la batterie, une fois que la charge d’usine atteint les 5 % à 10 %, un cycle de charge complet jusqu’à 100 % sans interruption est recommandé.Par la suite, pour assurer de bonnes performances, il est conseillé d’effectuer autant que possible ces mêmes cycles de charge.Réf. constructeur : Capacité : "
"Verre trempé iPad Air 4 (2020)";"18191";"12";"EUR";"En stock";"Accessoires > Protection Écran > Verre Trempé";"https://www.pieces2mobile.com/verre-trempe-ipad-air-4-2020.html";"https://www.pieces2mobile.com/media/catalog/product/cache/08ce6ea9b7ea9e423fa7c2e2ae0fab3c/v/e/verre-trempe-ipad-air-4-2020.jpg";"Verre trempé iPad Air 4 (2020). ReparMonPhone, principal grossiste en pièces détachées pour mobiles en Europe. Envois gratuits dès 35 euros. Comptes professionnels.";"CARACTÉRISTIQUESCompatible : Apple iPad Air 4 (2020)Inclus : Le verre trempé de protectionAvec : Intégrale : Confidentiel : Couleur : TransparentÉpaisseur : "
"Écran iPad Air 3 Noir Reconditionné (PIEC)";"1713";"126";"EUR";"Rupture / sur commande";"Apple > IPad > iPad Air 3 10.5"" (2019)";"https://www.pieces2mobile.com/ecran-ipad-air-3-noir-reconditionne.html";"https://www.pieces2mobile.com/media/catalog/product/cache/08ce6ea9b7ea9e423fa7c2e2ae0fab3c/a/p/apple-ipad-air-3-ecran-noir-reconditionne.jpg";"Écran iPad Air 3 Noir Reconditionné (PIEC). ReparMonPhone, principal grossiste en pièces de rechange pour mobiles en Europe. Envois gratuits dès 35 euros. Comptes professionnels.";" Écran iPad Air 3 Noir Reconditionné (PIEC) Neuf Vous venez de casser l’écran de votre précieux iPad Air 3 Noir et ne savez pas où trouver une offre d’écran  iPad Air 3 Noir Neuf au meilleur prix ?Sur ReparMonPhone.com bien évidemment ! Leader en vente de pièces détachées de tablettes aux particuliers et professionnels, nous proposons justement un écran d’iPad Air 3 Reconditionné Neuf avec, afficheur LCD, vitre tactile. De quoi remplacer rapidement votre écran d’iPad Air 3 cassé au prix le plus bas.Afin de réaliser une opération sans surprise, achetez notre écran d’iPad Air 3 Noir Reconditionné Neuf. Toutes les pièces vendues par ReparMonPhone sont de qualité et permettent de conserver une expérience optimale avec votre tablette Apple iPad Air 3.Certains se demandent quel est le site mieux indiqué pour un achat d’écran iPad Air 3 Noir pas cher ? De toute évidence ReparMonPhone.com, le partenaire de tous les professionnels de la réparation en France et en Europe. Ajoutez l’écran  Reconditionné iPad Air 3 Noir à votre panier, validez votre commande et nous le livrons à l’adresse de votre choix dans les plus brefs délais !DIAGNOSTIC DE PANNE D’ÉCRAN D’iPad Air 3 NoirL’écran de votre iPad Air 3 ne s’allume plus ou reste totalement noir.On a abîmé, rayé ou fissuré ou fragmenté l’écran ou la vitre tactile de votre iPad Air 3 Noir par accident.L’écran ou l’afficheur de la tablette iPad Air 3 connaissent des dysfonctionnements.Heureusement nous avons la solution, notre écran iPad Air 3 Noir avec, afficheur LCD, vitre tactile vous permet d’en effectuer le remplacement dans de bonnes conditions pour d’excellents résultats.NOS CONSEILS EN MATIÈRE DE REMPLACEMENT D’ÉCRANS DE TABLETTE iPad Air 3 NoirAvant l’achat, il est vivement recommandé de vérifier le modèle exact de tablette iPad Air 3 d’Apple avec sa référence plutôt que par son simple nom commercial, car il existe parfois plusieurs déclinaisons de modèles de tablettes Apple regroupées sous une même appellation et certaines versions se ressemblent beaucoup et sont souvent confondues.Prenez soin de ne pas pincer ou déchirer les nappes présentes attachées à l’écran de votre iPad Air 3, il ne faut surtout pas les endommager.Lors de la fixation du bloc-écran  d’iPad Air 3 Noir, faites attention aux petits débris qui pourraient briser l’écran et aux poussières qui peuvent nuire à la cohésion des composants.GARANTIE ÉCRAN  Reconditionné Apple ReparMonPhoneÉcran  d’iPad Air 3 Noir Reconditionné Neuf testé et vérifié avec une qualité et une durée de vie optimale.Assurance du caractère fonctionnel de l’écran Reconditionné, en vue d’une remise en état sans tracas de votre écran.Une politique de retour souple et efficace de l’écran Reconditionné iPad Air 3 Noir.INFORMATIONS SUPPLÉMENTAIRES ÉCRAN iPad Air 3 Reconditionné NeufRéf. constructeur : A2152, A2123, A2153, A2154.Résolution (taille) : "
"Nappe Power ipad Air 3";"21231";"5.4";"EUR";"En stock";"Apple > IPad > iPad Air 3 10.5"" (2019)";"https://www.pieces2mobile.com/nappe-power-ipad-air-3.html";"https://www.pieces2mobile.com/media/catalog/product/cache/08ce6ea9b7ea9e423fa7c2e2ae0fab3c/n/a/nappe-power-ipad-air-3.jpg";"Nappe Power ipad Air 3. ReparMonPhone, principal grossiste en pièces détachées pour mobiles en Europe. Envois gratuits dès 35 euros. Comptes professionnels.";" DIAGNOSTIC DE LA PANNE  Vous avez abîmé ou endommagé votre  ipad Air 3 par accident. La nappe bouton Power de votre smartphone ou tablette Apple ne fonctionne plus.  Heureusement, cette panne est réparable, et cette pièce de qualité vous permet d'en effectuer le dépannage.NOS CONSEILS  Lors de l'achat, il est conseillé de vérifier votre modèle de smartphone/tablette par sa référence plutôt que par son nom. Mais aussi de bien vérifier les versions disponibles qui peuvent changer les spécificités des pièces (attention aux confusions comme SIM / SD ou Power / Volume). Attention à ne pas pincer, déchirer les nappes, ou abîmer les pièces de rechange. Restez vigilant, certaines pièces nécessitent des compétences et un matériel de soudure adéquat.  LES GARANTIES ReparMonPhone  Nos pièces sont testées, pour une durée de vie optimale. Garanties fonctionnelles, pour une réparation sans tracas. Une politique de retours souples et rapides. "
"Nappe / Connecteur de charge ipad Air 3";"21227";"7.2";"EUR";"En stock";"Apple > IPad > iPad Air 3 10.5"" (2019)";"https://www.pieces2mobile.com/nappe-connecteur-de-charge-ipad-air-3.html";"https://www.pieces2mobile.com/media/catalog/product/cache/08ce6ea9b7ea9e423fa7c2e2ae0fab3c/n/a/nappe-plus-connecteur-de-charge-ipad-air-3.jpg";"Nappe / Connecteur de charge ipad Air 3. ReparMonPhone, principal grossiste en pièces détachées pour mobiles en Europe. Envois gratuits dès 35 euros. Comptes professionnels.";" DIAGNOSTIC DE LA PANNE  Vous avez abîmé ou endommagé votre  ipad Air 3 par accident. La nappe connecteur de charge de votre smartphone ou tablette Apple ne fonctionne plus.  Heureusement, cette panne est réparable, et cette pièce de qualité vous permet d'en effectuer le dépannage.NOS CONSEILS  Lors de l'achat, il est conseillé de vérifier votre modèle de smartphone/tablette par sa référence plutôt que par son nom. Mais aussi de bien vérifier les versions disponibles qui peuvent changer les spécificités des pièces (attention aux confusions comme SIM / SD ou Power / Volume). Attention à ne pas pincer, déchirer les nappes, ou abîmer les pièces de rechange. Restez vigilant, certaines pièces nécessitent des compétences et un matériel de soudure adéquat.  LES GARANTIES ReparMonPhone  Nos pièces sont testées, pour une durée de vie optimale. Garanties fonctionnelles, pour une réparation sans tracas. Une politique de retours souples et rapides. "
"Écran iPad Air 3 Blanc ";"1712";"126";"EUR";"En stock";"Apple > IPad > iPad Air 3 10.5"" (2019)";"https://www.pieces2mobile.com/ecran-ipad-air-3-blanc-reconditionne.html";"https://www.pieces2mobile.com/media/catalog/product/cache/08ce6ea9b7ea9e423fa7c2e2ae0fab3c/a/p/apple-ipad-air-3-ecran-blanc-reconditionne.jpg";"Écran iPad Air 3 Blanc . ReparMonPhone, principal grossiste en pièces de rechange pour mobiles en Europe. Envois gratuits dès 35 euros. Comptes professionnels.";" Écran iPad Air 3 Blanc  Neuf Vous venez de casser l’écran de votre précieux iPad Air 3 Blanc et ne savez pas où trouver une offre d’écran  iPad Air 3 Blanc Neuf au meilleur prix ?Sur ReparMonPhone.com bien évidemment ! Leader en vente de pièces détachées de tablettes aux particuliers et professionnels, nous proposons justement un écran d’iPad Air 3 Générique Neuf avec, afficheur LCD, vitre tactile. De quoi remplacer rapidement votre écran d’iPad Air 3 cassé au prix le plus bas.Afin de réaliser une opération sans surprise, achetez notre écran d’iPad Air 3 Blanc Générique Neuf. Toutes les pièces vendues par ReparMonPhone sont de qualité et permettent de conserver une expérience optimale avec votre tablette Apple iPad Air 3.Certains se demandent quel est le site mieux indiqué pour un achat d’écran iPad Air 3 Blanc pas cher ? De toute évidence ReparMonPhone.com, le partenaire de tous les professionnels de la réparation en France et en Europe. Ajoutez l’écran  Générique iPad Air 3 Blanc à votre panier, validez votre commande et nous le livrons à l’adresse de votre choix dans les plus brefs délais !DIAGNOSTIC DE PANNE D’ÉCRAN D’iPad Air 3 BlancL’écran de votre iPad Air 3 ne s’allume plus ou reste totalement noir.On a abîmé, rayé ou fissuré ou fragmenté l’écran ou la vitre tactile de votre iPad Air 3 Blanc par accident.L’écran ou l’afficheur de la tablette iPad Air 3 connaissent des dysfonctionnements.Heureusement nous avons la solution, notre écran iPad Air 3 Blanc avec, afficheur LCD, vitre tactile vous permet d’en effectuer le remplacement dans de bonnes conditions pour d’excellents résultats.NOS CONSEILS EN MATIÈRE DE REMPLACEMENT D’ÉCRANS DE TABLETTE iPad Air 3 BlancAvant l’achat, il est vivement recommandé de vérifier le modèle exact de tablette iPad Air 3 d’Apple avec sa référence plutôt que par son simple nom commercial, car il existe parfois plusieurs déclinaisons de modèles de tablettes Apple regroupées sous une même appellation et certaines versions se ressemblent beaucoup et sont souvent confondues.Prenez soin de ne pas pincer ou déchirer les nappes présentes attachées à l’écran de votre iPad Air 3, il ne faut surtout pas les endommager.Lors de la fixation du bloc-écran  d’iPad Air 3 Blanc, faites attention aux petits débris qui pourraient briser l’écran et aux poussières qui peuvent nuire à la cohésion des composants.GARANTIE ÉCRAN  Générique Apple ReparMonPhoneÉcran  d’iPad Air 3 Blanc Générique Neuf testé et vérifié avec une qualité et une durée de vie optimale.Assurance du caractère fonctionnel de l’écran Générique, en vue d’une remise en état sans tracas de votre écran.Une politique de retour souple et efficace de l’écran Générique iPad Air 3 Blanc.INFORMATIONS SUPPLÉMENTAIRES ÉCRAN iPad Air 3 Générique NeufRéf. constructeur : A2152, A2123, A2153, A2154.Résolution (taille) : "
"Nappe HOME ipad Air 3 Noir";"21228";"6";"EUR";"En stock";"Apple > IPad > iPad Air 3 10.5"" (2019)";"https://www.pieces2mobile.com/nappe-home-ipad-air-3-noir.html";"https://www.pieces2mobile.com/media/catalog/product/cache/08ce6ea9b7ea9e423fa7c2e2ae0fab3c/n/a/nappe-home-ipad-air-3-noir.jpg";"Nappe HOME ipad Air 3 Noir. ReparMonPhone, principal grossiste en pièces de rechange pour mobiles en Europe. Envois gratuits dès 35 euros. Comptes professionnels.";" DIAGNOSTIC DE LA PANNE  Vous avez abîmé ou endommagé votre  ipad Air 3 par accident. La nappe  bouton HOME de votre smartphone ou tablette Apple ne fonctionne plus.  Heureusement, cette panne est réparable, et cette pièce de qualité vous permet d'en effectuer le dépannage.NOS CONSEILS  Lors de l'achat, il est conseillé de vérifier votre modèle de smartphone/tablette par sa référence plutôt que par son nom. Mais aussi de bien vérifier les versions disponibles qui peuvent changer les spécificités des pièces (attention aux confusions comme SIM / SD ou Power / Volume). Attention à ne pas pincer, déchirer les nappes, ou abîmer les pièces de rechange. Restez vigilant, certaines pièces nécessitent des compétences et un matériel de soudure adéquat.  LES GARANTIES ReparMonPhone  Nos pièces sont testées, pour une durée de vie optimale. Garanties fonctionnelles, pour une réparation sans tracas. Une politique de retours souples et rapides. "
"Nappe Volume ipad Air 3";"21230";"6";"EUR";"En stock";"Apple > IPad > iPad Air 3 10.5"" (2019)";"https://www.pieces2mobile.com/nappe-volume-ipad-air-3.html";"https://www.pieces2mobile.com/media/catalog/product/cache/08ce6ea9b7ea9e423fa7c2e2ae0fab3c/n/a/nappe-volume-ipad-air-3.jpg";"Nappe Volume ipad Air 3. ReparMonPhone, principal grossiste en pièces de rechange pour mobiles en Europe. Envois gratuits dès 35 euros. Comptes professionnels.";" DIAGNOSTIC DE LA PANNE  Vous avez abîmé ou endommagé votre  ipad Air 3 par accident. La nappe bouton Volume de votre smartphone ou tablette Apple ne fonctionne plus.  Heureusement, cette panne est réparable, et cette pièce de qualité vous permet d'en effectuer le dépannage.NOS CONSEILS  Lors de l'achat, il est conseillé de vérifier votre modèle de smartphone/tablette par sa référence plutôt que par son nom. Mais aussi de bien vérifier les versions disponibles qui peuvent changer les spécificités des pièces (attention aux confusions comme SIM / SD ou Power / Volume). Attention à ne pas pincer, déchirer les nappes, ou abîmer les pièces de rechange. Restez vigilant, certaines pièces nécessitent des compétences et un matériel de soudure adéquat.  LES GARANTIES ReparMonPhone  Nos pièces sont testées, pour une durée de vie optimale. Garanties fonctionnelles, pour une réparation sans tracas. Une politique de retours souples et rapides. "
"Tirroir Sim ipad Air 3";"21233";"6";"EUR";"En stock";"Apple > IPad > iPad Air 3 10.5"" (2019)";"https://www.pieces2mobile.com/tirroir-sim-ipad-air-3.html";"https://www.pieces2mobile.com/media/catalog/product/cache/08ce6ea9b7ea9e423fa7c2e2ae0fab3c/t/i/tirroir-sim-ipad-air-3.jpg";"Tirroir Sim ipad Air 3. ReparMonPhone, principal grossiste en pièces détachées pour mobiles en Europe. Envois gratuits dès 35 euros. Comptes professionnels.";" DIAGNOSTIC DE LA PANNE  Vous avez abîmé ou endommagé votre  ipad Air 3 par accident. Le tiroir  de votre smartphone ou tablette Apple ne fonctionne plus.  Heureusement, cette panne est réparable, et cette pièce de qualité vous permet d'en effectuer le dépannage.NOS CONSEILS  Lors de l'achat, il est conseillé de vérifier votre modèle de smartphone/tablette par sa référence plutôt que par son nom. Mais aussi de bien vérifier les versions disponibles qui peuvent changer les spécificités des pièces (attention aux confusions comme SIM / SD ou Power / Volume). Attention à ne pas pincer, déchirer les nappes, ou abîmer les pièces de rechange. Restez vigilant, certaines pièces nécessitent des compétences et un matériel de soudure adéquat.  LES GARANTIES ReparMonPhone  Nos pièces sont testées, pour une durée de vie optimale. Garanties fonctionnelles, pour une réparation sans tracas. Une politique de retours souples et rapides. "
"Nappe HOME ipad Air 3 Blanc";"21229";"6";"EUR";"Rupture / sur commande";"Apple > IPad > iPad Air 3 10.5"" (2019)";"https://www.pieces2mobile.com/nappe-home-ipad-air-3-blanc.html";"https://www.pieces2mobile.com/media/catalog/product/cache/08ce6ea9b7ea9e423fa7c2e2ae0fab3c/n/a/nappe-home-ipad-air-3-blanc.jpg";"Nappe HOME ipad Air 3 Blanc. ReparMonPhone, principal grossiste en pièces détachées pour mobiles en Europe. Envois gratuits dès 35 euros. Comptes professionnels.";" DIAGNOSTIC DE LA PANNE  Vous avez abîmé ou endommagé votre  ipad Air 3 par accident. La nappe  bouton HOME de votre smartphone ou tablette Apple ne fonctionne plus.  Heureusement, cette panne est réparable, et cette pièce de qualité vous permet d'en effectuer le dépannage.NOS CONSEILS  Lors de l'achat, il est conseillé de vérifier votre modèle de smartphone/tablette par sa référence plutôt que par son nom. Mais aussi de bien vérifier les versions disponibles qui peuvent changer les spécificités des pièces (attention aux confusions comme SIM / SD ou Power / Volume). Attention à ne pas pincer, déchirer les nappes, ou abîmer les pièces de rechange. Restez vigilant, certaines pièces nécessitent des compétences et un matériel de soudure adéquat.  LES GARANTIES ReparMonPhone  Nos pièces sont testées, pour une durée de vie optimale. Garanties fonctionnelles, pour une réparation sans tracas. Une politique de retours souples et rapides. "
"Nappe SIM ipad Air 3";"21232";"4.8";"EUR";"En stock";"Apple > IPad > iPad Air 3 10.5"" (2019)";"https://www.pieces2mobile.com/nappe-sim-ipad-air-3.html";"https://www.pieces2mobile.com/media/catalog/product/cache/08ce6ea9b7ea9e423fa7c2e2ae0fab3c/n/a/nappe-sim-ipad-air-3.jpg";"Nappe SIM ipad Air 3. ReparMonPhone, principal grossiste en pièces de rechange pour mobiles en Europe. Envois gratuits dès 35 euros. Comptes professionnels.";" DIAGNOSTIC DE LA PANNE  Vous avez abîmé ou endommagé votre  ipad Air 3 par accident. La nappe  de votre smartphone ou tablette Apple ne fonctionne plus.  Heureusement, cette panne est réparable, et cette pièce de qualité vous permet d'en effectuer le dépannage.NOS CONSEILS  Lors de l'achat, il est conseillé de vérifier votre modèle de smartphone/tablette par sa référence plutôt que par son nom. Mais aussi de bien vérifier les versions disponibles qui peuvent changer les spécificités des pièces (attention aux confusions comme SIM / SD ou Power / Volume). Attention à ne pas pincer, déchirer les nappes, ou abîmer les pièces de rechange. Restez vigilant, certaines pièces nécessitent des compétences et un matériel de soudure adéquat.  LES GARANTIES ReparMonPhone  Nos pièces sont testées, pour une durée de vie optimale. Garanties fonctionnelles, pour une réparation sans tracas. Une politique de retours souples et rapides. "
"Écran iPad Air 2 (2014) occasion Noir";"15545";"101.54";"EUR";"En stock";"Apple > IPad > iPad Air 2 (2014)";"https://www.pieces2mobile.com/ecran-ipad-air-2-2014-occasion-noir.html";"https://www.pieces2mobile.com/media/catalog/product/cache/08ce6ea9b7ea9e423fa7c2e2ae0fab3c/e/c/ecran-ipad-air-2-noir_1.jpg";"Écran iPad Air 2 (2014) occasion Noir. ReparMonPhone, principal grossiste en pièces de rechange pour mobiles en Europe. Envois gratuits dès 35 euros. Comptes professionnels.";" Écran iPad Air 2 (2014) occasion Noir Occasion Vous venez de casser l’écran de votre précieux iPad Air 2 (2014) Noir et ne savez pas où trouver une offre d’écran  iPad Air 2 (2014) Noir Occasion au meilleur prix ?Sur ReparMonPhone.com bien évidemment ! Leader en vente de pièces détachées de tablettes aux particuliers et professionnels, nous proposons justement un écran d’iPad Air 2 (2014) Générique Occasion avec, afficheur LCD, vitre tactile. De quoi remplacer rapidement votre écran d’iPad Air 2 (2014) cassé au prix le plus bas.Afin de réaliser une opération sans surprise, achetez notre écran d’iPad Air 2 (2014) Noir Générique Occasion. Toutes les pièces vendues par ReparMonPhone sont de qualité et permettent de conserver une expérience optimale avec votre tablette Apple iPad Air 2 (2014).Certains se demandent quel est le site mieux indiqué pour un achat d’écran iPad Air 2 (2014) Noir pas cher ? De toute évidence ReparMonPhone.com, le partenaire de tous les professionnels de la réparation en France et en Europe. Ajoutez l’écran  Générique iPad Air 2 (2014) Noir à votre panier, validez votre commande et nous le livrons à l’adresse de votre choix dans les plus brefs délais !DIAGNOSTIC DE PANNE D’ÉCRAN D’iPad Air 2 (2014) NoirL’écran de votre iPad Air 2 (2014) ne s’allume plus ou reste totalement noir.On a abîmé, rayé ou fissuré ou fragmenté l’écran ou la vitre tactile de votre iPad Air 2 (2014) Noir par accident.L’écran ou l’afficheur de la tablette iPad Air 2 (2014) connaissent des dysfonctionnements.Heureusement nous avons la solution, notre écran iPad Air 2 (2014) Noir avec, afficheur LCD, vitre tactile vous permet d’en effectuer le remplacement dans de bonnes conditions pour d’excellents résultats.NOS CONSEILS EN MATIÈRE DE REMPLACEMENT D’ÉCRANS DE TABLETTE iPad Air 2 (2014) NoirAvant l’achat, il est vivement recommandé de vérifier le modèle exact de tablette iPad Air 2 (2014) d’Apple avec sa référence plutôt que par son simple nom commercial, car il existe parfois plusieurs déclinaisons de modèles de tablettes Apple regroupées sous une même appellation et certaines versions se ressemblent beaucoup et sont souvent confondues.Prenez soin de ne pas pincer ou déchirer les nappes présentes attachées à l’écran de votre iPad Air 2 (2014), il ne faut surtout pas les endommager.Lors de la fixation du bloc-écran  d’iPad Air 2 (2014) Noir, faites attention aux petits débris qui pourraient briser l’écran et aux poussières qui peuvent nuire à la cohésion des composants.GARANTIE ÉCRAN  Générique Apple ReparMonPhoneÉcran  d’iPad Air 2 (2014) Noir Générique Occasion testé et vérifié avec une qualité et une durée de vie optimale.Assurance du caractère fonctionnel de l’écran Générique, en vue d’une remise en état sans tracas de votre écran.Une politique de retour souple et efficace de l’écran Générique iPad Air 2 (2014) Noir.INFORMATIONS SUPPLÉMENTAIRES ÉCRAN iPad Air 2 (2014) Générique OccasionRéf. constructeur : A1566, A1567.Résolution (taille) : 1536 x 2048 pixels (9.7"") "
"Batterie iPad Air 2 A1547";"6977";"16.76";"EUR";"En stock";"Apple > IPad > iPad Air 2 (2014)";"https://www.pieces2mobile.com/batterie-a1547-ipad-air-2-origine.html";"https://www.pieces2mobile.com/media/catalog/product/cache/08ce6ea9b7ea9e423fa7c2e2ae0fab3c/i/p/ipad_air_2_1_.jpg";"Batterie iPad Air 2 A1547. ReparMonPhone, principal grossiste en pièces détachées pour mobiles en Europe. Envois gratuits dès 35 euros. Comptes professionnels.";" Batterie iPad Air 2 A1547 neuve Le niveau de la batterie de votre tablette iPad Air 2 diminue rapidement et parfois il s’éteint de manière inopinée et vous ne savez pas où trouver une offre de batterie iPad Air 2 au meilleur prix ?Sur ReparMonPhone.com bien évidemment ! Leader en vente de pièces détachées de tablettes aux particuliers et professionnels, nous proposons justement la batterie A1547 de iPad Air 2 Générique. De quoi remplacer rapidement votre batterie de iPad Air 2 en fin de vie au prix le plus bas.Afin de réaliser une opération sans surprise, achetez notre batterie A1547 de iPad Air 2 Générique neuve. Toutes les pièces vendues par ReparMonPhone sont de qualité et permettent de conserver une expérience optimale avec votre tablette Apple iPad Air 2.Certains se demandent quel est le site mieux indiqué pour un achat de batterie iPad Air 2 pas cher ? De toute évidence ReparMonPhone.com, le partenaire de tous les professionnels de la réparation en France et en Europe. Ajoutez la batterie Générique iPad Air 2 à votre panier, validez votre commande et nous la livrons à l’adresse de votre choix dans les plus brefs délais !DIAGNOSTIC DE PANNE DE BATTERIE DE iPad Air 2Votre iPad Air 2 ne s’allume plus s’il n'est pas en charge ou son autonomie est significativement réduite.Dans les réglages de l’iPad Air 2 le pourcentage indiquant la santé de la batterie est bas.L’iPad Air 2 s’éteint de lui-même alors que son niveau de batterie est encore conséquent.Heureusement nous avons la solution, notre batterie iPad Air 2 vous permet d’en effectuer le remplacement dans de bonnes conditions pour d’excellents résultats.NOS CONSEILS EN MATIÈRE DE REMPLACEMENT DE BATTERIES D’iPad Air 2Avant l’achat, il est vivement recommandé de vérifier le modèle exact de la tablette iPad Air 2 d’Apple avec la référence de la batterie, car il existe un grand nombre de modèles de tablettes Apple et certaines versions se ressemblent beaucoup et sont parfois confondues.Prenez soin de démonter avec soin la batterie A1547 d’iPad Air 2, il ne faut surtout pas l’endommager.Lors de la fixation de la batterie d’iPad Air 2, faites attention aux petits débris et aux poussières qui peuvent nuire à la cohésion des composants.GARANTIE BATTERIE A1547 Générique Apple ReparMonPhoneBatterie d’iPad Air 2 Générique état neuf testée et vérifiée avec une qualité et une durée de vie optimale.Assurance du caractère fonctionnel de la batterie Générique, pour retrouver l’autonomie d’un iPad Air 2 neuf.Une politique de retour souple et efficace de la batterie Générique iPad Air 2.INFORMATIONS SUPPLÉMENTAIRES BATTERIE iPad Air 2 Générique neuvesLes batteries A1547 neuves sont pourvues d’une charge d’usine, qu’il est conseillé de laisser se décharger complètement.Afin d’améliorer l’optimisation de la batterie, une fois que la charge d’usine atteint les 5 % à 10 %, un cycle de charge complet jusqu’à 100 % sans interruption est recommandé.Par la suite, pour assurer de bonnes performances, il est conseillé d’effectuer autant que possible ces mêmes cycles de charge.Réf. constructeur : A1547Capacité : "
"Écran iPad Air 2 (2014) Blanc";"15546";"80.16";"EUR";"En stock";"Apple > IPad > iPad Air 2 (2014)";"https://www.pieces2mobile.com/ecran-ipad-air-2-2014-blanc.html";"https://www.pieces2mobile.com/media/catalog/product/cache/08ce6ea9b7ea9e423fa7c2e2ae0fab3c/e/c/ecran-ipad-air-2-blanc_1.jpg";"Écran iPad Air 2 (2014) Blanc. ReparMonPhone, principal grossiste en pièces détachées pour mobiles en Europe. Envois gratuits dès 35 euros. Comptes professionnels.";" Écran iPad Air 2 (2014) Blanc Neuf Vous venez de casser l’écran de votre précieux iPad Air 2 (2014) Blanc et ne savez pas où trouver une offre d’écran  iPad Air 2 (2014) Blanc Neuf au meilleur prix ?Sur ReparMonPhone.com bien évidemment ! Leader en vente de pièces détachées de tablettes aux particuliers et professionnels, nous proposons justement un écran d’iPad Air 2 (2014) Générique Neuf avec, afficheur LCD, vitre tactile. De quoi remplacer rapidement votre écran d’iPad Air 2 (2014) cassé au prix le plus bas.Afin de réaliser une opération sans surprise, achetez notre écran d’iPad Air 2 (2014) Blanc Générique Neuf. Toutes les pièces vendues par ReparMonPhone sont de qualité et permettent de conserver une expérience optimale avec votre tablette Apple iPad Air 2 (2014).Certains se demandent quel est le site mieux indiqué pour un achat d’écran iPad Air 2 (2014) Blanc pas cher ? De toute évidence ReparMonPhone.com, le partenaire de tous les professionnels de la réparation en France et en Europe. Ajoutez l’écran  Générique iPad Air 2 (2014) Blanc à votre panier, validez votre commande et nous le livrons à l’adresse de votre choix dans les plus brefs délais !DIAGNOSTIC DE PANNE D’ÉCRAN D’iPad Air 2 (2014) BlancL’écran de votre iPad Air 2 (2014) ne s’allume plus ou reste totalement noir.On a abîmé, rayé ou fissuré ou fragmenté l’écran ou la vitre tactile de votre iPad Air 2 (2014) Blanc par accident.L’écran ou l’afficheur de la tablette iPad Air 2 (2014) connaissent des dysfonctionnements.Heureusement nous avons la solution, notre écran iPad Air 2 (2014) Blanc avec, afficheur LCD, vitre tactile vous permet d’en effectuer le remplacement dans de bonnes conditions pour d’excellents résultats.NOS CONSEILS EN MATIÈRE DE REMPLACEMENT D’ÉCRANS DE TABLETTE iPad Air 2 (2014) BlancAvant l’achat, il est vivement recommandé de vérifier le modèle exact de tablette iPad Air 2 (2014) d’Apple avec sa référence plutôt que par son simple nom commercial, car il existe parfois plusieurs déclinaisons de modèles de tablettes Apple regroupées sous une même appellation et certaines versions se ressemblent beaucoup et sont souvent confondues.Prenez soin de ne pas pincer ou déchirer les nappes présentes attachées à l’écran de votre iPad Air 2 (2014), il ne faut surtout pas les endommager.Lors de la fixation du bloc-écran  d’iPad Air 2 (2014) Blanc, faites attention aux petits débris qui pourraient briser l’écran et aux poussières qui peuvent nuire à la cohésion des composants.GARANTIE ÉCRAN  Générique Apple ReparMonPhoneÉcran  d’iPad Air 2 (2014) Blanc Générique Neuf testé et vérifié avec une qualité et une durée de vie optimale.Assurance du caractère fonctionnel de l’écran Générique, en vue d’une remise en état sans tracas de votre écran.Une politique de retour souple et efficace de l’écran Générique iPad Air 2 (2014) Blanc.INFORMATIONS SUPPLÉMENTAIRES ÉCRAN iPad Air 2 (2014) Générique NeufRéf. constructeur : A1566, A1567.Résolution (taille) : 1536 x 2048 pixels (9.7"") "
"Écran iPad Air 2 Blanc Reconditionné (PIEC)";"4875";"171.4";"EUR";"En stock";"Apple > IPad > iPad Air 2 (2014)";"https://www.pieces2mobile.com/pantalla-apple-ipad-air-2-blanco-reacondicionado-nuevo.html";"https://www.pieces2mobile.com/media/catalog/product/cache/08ce6ea9b7ea9e423fa7c2e2ae0fab3c/i/p/ipad_air2_lcd_assembly.jpg";"Écran iPad Air 2 Blanc Reconditionné (PIEC). ReparMonPhone, principal grossiste en pièces détachées pour mobiles en Europe. Envois gratuits dès 35 euros. Comptes professionnels.";" Écran iPad Air 2 Blanc Reconditionné (PIEC) Neuf Vous venez de casser l’écran de votre précieux iPad Air 2 Blanc et ne savez pas où trouver une offre d’écran  iPad Air 2 Blanc Neuf au meilleur prix ?Sur ReparMonPhone.com bien évidemment ! Leader en vente de pièces détachées de tablettes aux particuliers et professionnels, nous proposons justement un écran d’iPad Air 2 Reconditionné Neuf avec, afficheur LCD, vitre tactile. De quoi remplacer rapidement votre écran d’iPad Air 2 cassé au prix le plus bas.Afin de réaliser une opération sans surprise, achetez notre écran d’iPad Air 2 Blanc Reconditionné Neuf. Toutes les pièces vendues par ReparMonPhone sont de qualité et permettent de conserver une expérience optimale avec votre tablette Apple iPad Air 2.Certains se demandent quel est le site mieux indiqué pour un achat d’écran iPad Air 2 Blanc pas cher ? De toute évidence ReparMonPhone.com, le partenaire de tous les professionnels de la réparation en France et en Europe. Ajoutez l’écran  Reconditionné iPad Air 2 Blanc à votre panier, validez votre commande et nous le livrons à l’adresse de votre choix dans les plus brefs délais !DIAGNOSTIC DE PANNE D’ÉCRAN D’iPad Air 2 BlancL’écran de votre iPad Air 2 ne s’allume plus ou reste totalement noir.On a abîmé, rayé ou fissuré ou fragmenté l’écran ou la vitre tactile de votre iPad Air 2 Blanc par accident.L’écran ou l’afficheur de la tablette iPad Air 2 connaissent des dysfonctionnements.Heureusement nous avons la solution, notre écran iPad Air 2 Blanc avec, afficheur LCD, vitre tactile vous permet d’en effectuer le remplacement dans de bonnes conditions pour d’excellents résultats.NOS CONSEILS EN MATIÈRE DE REMPLACEMENT D’ÉCRANS DE TABLETTE iPad Air 2 BlancAvant l’achat, il est vivement recommandé de vérifier le modèle exact de tablette iPad Air 2 d’Apple avec sa référence plutôt que par son simple nom commercial, car il existe parfois plusieurs déclinaisons de modèles de tablettes Apple regroupées sous une même appellation et certaines versions se ressemblent beaucoup et sont souvent confondues.Prenez soin de ne pas pincer ou déchirer les nappes présentes attachées à l’écran de votre iPad Air 2, il ne faut surtout pas les endommager.Lors de la fixation du bloc-écran  d’iPad Air 2 Blanc, faites attention aux petits débris qui pourraient briser l’écran et aux poussières qui peuvent nuire à la cohésion des composants.GARANTIE ÉCRAN  Reconditionné Apple ReparMonPhoneÉcran  d’iPad Air 2 Blanc Reconditionné Neuf testé et vérifié avec une qualité et une durée de vie optimale.Assurance du caractère fonctionnel de l’écran Reconditionné, en vue d’une remise en état sans tracas de votre écran.Une politique de retour souple et efficace de l’écran Reconditionné iPad Air 2 Blanc.INFORMATIONS SUPPLÉMENTAIRES ÉCRAN iPad Air 2 Reconditionné NeufRéf. constructeur : A1566, A1567.Résolution (taille) : 1536 x 2048 pixels (9.7"") "
"Écran iPad Air 2 Noir Reconditionné (PIEC)";"5532";"108";"EUR";"En stock";"Apple > IPad > iPad Air 2 (2014)";"https://www.pieces2mobile.com/pantalla-apple-ipad-air-2-negro-reacondicionado-nuevo.html";"https://www.pieces2mobile.com/media/catalog/product/cache/08ce6ea9b7ea9e423fa7c2e2ae0fab3c/i/p/ipad_air2_lcd_assembly_black.jpg";"Écran iPad Air 2 Noir Reconditionné (PIEC). ReparMonPhone, principal grossiste en pièces détachées pour mobiles en Europe. Envois gratuits dès 35 euros. Comptes professionnels.";" Écran iPad Air 2 Noir Reconditionné (PIEC) Neuf Vous venez de casser l’écran de votre précieux iPad Air 2 Noir et ne savez pas où trouver une offre d’écran  iPad Air 2 Noir Neuf au meilleur prix ?Sur ReparMonPhone.com bien évidemment ! Leader en vente de pièces détachées de tablettes aux particuliers et professionnels, nous proposons justement un écran d’iPad Air 2 Reconditionné Neuf avec, afficheur LCD, vitre tactile. De quoi remplacer rapidement votre écran d’iPad Air 2 cassé au prix le plus bas.Afin de réaliser une opération sans surprise, achetez notre écran d’iPad Air 2 Noir Reconditionné Neuf. Toutes les pièces vendues par ReparMonPhone sont de qualité et permettent de conserver une expérience optimale avec votre tablette Apple iPad Air 2.Certains se demandent quel est le site mieux indiqué pour un achat d’écran iPad Air 2 Noir pas cher ? De toute évidence ReparMonPhone.com, le partenaire de tous les professionnels de la réparation en France et en Europe. Ajoutez l’écran  Reconditionné iPad Air 2 Noir à votre panier, validez votre commande et nous le livrons à l’adresse de votre choix dans les plus brefs délais !DIAGNOSTIC DE PANNE D’ÉCRAN D’iPad Air 2 NoirL’écran de votre iPad Air 2 ne s’allume plus ou reste totalement noir.On a abîmé, rayé ou fissuré ou fragmenté l’écran ou la vitre tactile de votre iPad Air 2 Noir par accident.L’écran ou l’afficheur de la tablette iPad Air 2 connaissent des dysfonctionnements.Heureusement nous avons la solution, notre écran iPad Air 2 Noir avec, afficheur LCD, vitre tactile vous permet d’en effectuer le remplacement dans de bonnes conditions pour d’excellents résultats.NOS CONSEILS EN MATIÈRE DE REMPLACEMENT D’ÉCRANS DE TABLETTE iPad Air 2 NoirAvant l’achat, il est vivement recommandé de vérifier le modèle exact de tablette iPad Air 2 d’Apple avec sa référence plutôt que par son simple nom commercial, car il existe parfois plusieurs déclinaisons de modèles de tablettes Apple regroupées sous une même appellation et certaines versions se ressemblent beaucoup et sont souvent confondues.Prenez soin de ne pas pincer ou déchirer les nappes présentes attachées à l’écran de votre iPad Air 2, il ne faut surtout pas les endommager.Lors de la fixation du bloc-écran  d’iPad Air 2 Noir, faites attention aux petits débris qui pourraient briser l’écran et aux poussières qui peuvent nuire à la cohésion des composants.GARANTIE ÉCRAN  Reconditionné Apple ReparMonPhoneÉcran  d’iPad Air 2 Noir Reconditionné Neuf testé et vérifié avec une qualité et une durée de vie optimale.Assurance du caractère fonctionnel de l’écran Reconditionné, en vue d’une remise en état sans tracas de votre écran.Une politique de retour souple et efficace de l’écran Reconditionné iPad Air 2 Noir.INFORMATIONS SUPPLÉMENTAIRES ÉCRAN iPad Air 2 Reconditionné NeufRéf. constructeur : A1566, A1567.Résolution (taille) : 1536 x 2048 pixels (9.7"") "
"Nappe / Connecteur de Charge iPad Air 2 Noir";"5946";"7.1";"EUR";"En stock";"Apple > IPad > iPad Air 2 (2014)";"https://www.pieces2mobile.com/nappe-charge-ipad-air-2-noir.html";"https://www.pieces2mobile.com/media/catalog/product/cache/08ce6ea9b7ea9e423fa7c2e2ae0fab3c/i/p/ipad_air_2_nappe_charge_soudur_noir_15e_5.jpg";"Nappe / Connecteur de Charge iPad Air 2 Noir. ReparMonPhone, principal grossiste en pièces de rechange pour mobiles en Europe. Envois gratuits dès 35 euros. Comptes professionnels.";" DIAGNOSTIC DE LA PANNE  Vous avez abîmé ou endommagé votre iPad Air 2 par accident. La nappe Charge de votre smartphone ou tablette Apple ne fonctionne plus.  Heureusement, cette panne est réparable, et cette pièce de qualité vous permet d'en effectuer le dépannage.NOS CONSEILS  Lors de l'achat, il est conseillé de vérifier votre modèle de smartphone/tablette par sa référence plutôt que par son nom. Mais aussi de bien vérifier les versions disponibles qui peuvent changer les spécificités des pièces (attention aux confusions comme SIM / SD ou Power / Volume). Attention à ne pas pincer, déchirer les nappes, ou abîmer les pièces de rechange. Restez vigilant, certaines pièces nécessitent des compétences et un matériel de soudure adéquat.  LES GARANTIES ReparMonPhone  Nos pièces sont testées, pour une durée de vie optimale. Garanties fonctionnelles, pour une réparation sans tracas. Une politique de retours souples et rapides. "
"Adhésif avant (écran) iPad Air 2";"5533";"4.51";"EUR";"En stock";"Apple > IPad > iPad Air 2 (2014)";"https://www.pieces2mobile.com/adhesif-avant-ecran-ipad-air-2.html";"https://www.pieces2mobile.com/media/catalog/product/cache/08ce6ea9b7ea9e423fa7c2e2ae0fab3c/i/p/ipad_air2_sticker_original_9.jpg";"Adhésif avant (écran) iPad Air 2. ReparMonPhone, principal grossiste en pièces de rechange pour mobiles en Europe. Envois gratuits dès 35 euros. Comptes professionnels.";" DIAGNOSTIC DE LA PANNE  Vous prévoyez de réparer la partie avant de votre iPad Air 2, il vous faudra donc recoller l'écran de ce dernier. L'adhésif avant de l'écran de votre smartphone ou tablette Apple n'adhère plus et se décolle.  Heureusement, cette panne est réparable, et cet adhésif avant de qualité, vous permet d'en effectuer le dépannage.NOS CONSEILS  Avant d'utiliser l'adhésif et de coller un écran ou une vitre, il est toujours préférable de tester la pièce remplacée en amont, pour écarter tout incident.  LES GARANTIES ReparMonPhone  Nos pièces sont testées, pour une durée de vie optimale. Garanties fonctionnelles, pour une réparation sans tracas. Une politique de retours souples et rapides. "
"Nappe / Connecteur de Charge iPad Air 2 Blanc";"8165";"8.04";"EUR";"En stock";"Apple > IPad > iPad Air 2 (2014)";"https://www.pieces2mobile.com/nappe-charge-ipad-air-2-blanc.html";"https://www.pieces2mobile.com/media/catalog/product/cache/08ce6ea9b7ea9e423fa7c2e2ae0fab3c/i/p/ipad-air-2-blanc-nappe-charge.jpg";"Nappe / Connecteur de Charge iPad Air 2 Blanc. ReparMonPhone, principal grossiste en pièces de rechange pour mobiles en Europe. Envois gratuits dès 35 euros. Comptes professionnels.";" DIAGNOSTIC DE LA PANNE  Vous avez abîmé ou endommagé votre iPad Air 2 par accident. La nappe Charge de votre smartphone ou tablette Apple ne fonctionne plus.  Heureusement, cette panne est réparable, et cette pièce de qualité vous permet d'en effectuer le dépannage.NOS CONSEILS  Lors de l'achat, il est conseillé de vérifier votre modèle de smartphone/tablette par sa référence plutôt que par son nom. Mais aussi de bien vérifier les versions disponibles qui peuvent changer les spécificités des pièces (attention aux confusions comme SIM / SD ou Power / Volume). Attention à ne pas pincer, déchirer les nappes, ou abîmer les pièces de rechange. Restez vigilant, certaines pièces nécessitent des compétences et un matériel de soudure adéquat.  LES GARANTIES ReparMonPhone  Nos pièces sont testées, pour une durée de vie optimale. Garanties fonctionnelles, pour une réparation sans tracas. Une politique de retours souples et rapides. "
"Nappe Jack iPad Air 2 Noir";"4799";"4.8";"EUR";"En stock";"Apple > IPad > iPad Air 2 (2014)";"https://www.pieces2mobile.com/nappe-jack-ipad-air-2-noir.html";"https://www.pieces2mobile.com/media/catalog/product/cache/08ce6ea9b7ea9e423fa7c2e2ae0fab3c/i/p/ipad-air2-audio-flex-2.jpg";"Nappe Jack iPad Air 2 Noir. ReparMonPhone, principal grossiste en pièces détachées pour mobiles en Europe. Envois gratuits dès 35 euros. Comptes professionnels.";" DIAGNOSTIC DE LA PANNE  Vous avez abîmé ou endommagé votre iPad Air 2 par accident. La nappe Jack de votre smartphone ou tablette Apple ne fonctionne plus.  Heureusement, cette panne est réparable, et cette pièce de qualité vous permet d'en effectuer le dépannage.NOS CONSEILS  Lors de l'achat, il est conseillé de vérifier votre modèle de smartphone/tablette par sa référence plutôt que par son nom. Mais aussi de bien vérifier les versions disponibles qui peuvent changer les spécificités des pièces (attention aux confusions comme SIM / SD ou Power / Volume). Attention à ne pas pincer, déchirer les nappes, ou abîmer les pièces de rechange. Restez vigilant, certaines pièces nécessitent des compétences et un matériel de soudure adéquat.  LES GARANTIES ReparMonPhone  Nos pièces sont testées, pour une durée de vie optimale. Garanties fonctionnelles, pour une réparation sans tracas. Une politique de retours souples et rapides. "
"Nappe Power iPad Air 2 ";"4800";"2.4";"EUR";"En stock";"Apple > IPad > iPad Air 2 (2014)";"https://www.pieces2mobile.com/nappe-power-ipad-air-2.html";"https://www.pieces2mobile.com/media/catalog/product/cache/08ce6ea9b7ea9e423fa7c2e2ae0fab3c/i/p/ipad_air2_power_flex_mic_.jpg";"Nappe Power iPad Air 2 . ReparMonPhone, principal grossiste en pièces de rechange pour mobiles en Europe. Envois gratuits dès 35 euros. Comptes professionnels.";" DIAGNOSTIC DE LA PANNE  Vous avez abîmé ou endommagé votre iPad Air 2  par accident. La nappe Power de votre smartphone ou tablette Apple ne fonctionne plus.  Heureusement, cette panne est réparable, et cette pièce de qualité vous permet d'en effectuer le dépannage.NOS CONSEILS  Lors de l'achat, il est conseillé de vérifier votre modèle de smartphone/tablette par sa référence plutôt que par son nom. Mais aussi de bien vérifier les versions disponibles qui peuvent changer les spécificités des pièces (attention aux confusions comme SIM / SD ou Power / Volume). Attention à ne pas pincer, déchirer les nappes, ou abîmer les pièces de rechange. Restez vigilant, certaines pièces nécessitent des compétences et un matériel de soudure adéquat.  LES GARANTIES ReparMonPhone  Nos pièces sont testées, pour une durée de vie optimale. Garanties fonctionnelles, pour une réparation sans tracas. Une politique de retours souples et rapides. "
"Nappe Jack (3G) iPad Air 2 Noir";"10444";"4.8";"EUR";"En stock";"Apple > IPad > iPad Air 2 (2014)";"https://www.pieces2mobile.com/nappe-jack-3g-ipad-air-2-noir.html";"https://www.pieces2mobile.com/media/catalog/product/cache/08ce6ea9b7ea9e423fa7c2e2ae0fab3c/n/a/nappe_jack_3g_ipad_air_2_noir.jpg";"Nappe Jack (3G) iPad Air 2 Noir. ReparMonPhone, principal grossiste en pièces de rechange pour mobiles en Europe. Envois gratuits dès 35 euros. Comptes professionnels.";" DIAGNOSTIC DE LA PANNE  Vous avez abîmé ou endommagé votre iPad Air 2 par accident. La nappe Jack de votre smartphone ou tablette Apple ne fonctionne plus.  Heureusement, cette panne est réparable, et cette pièce de qualité vous permet d'en effectuer le dépannage.NOS CONSEILS  Lors de l'achat, il est conseillé de vérifier votre modèle de smartphone/tablette par sa référence plutôt que par son nom. Mais aussi de bien vérifier les versions disponibles qui peuvent changer les spécificités des pièces (attention aux confusions comme SIM / SD ou Power / Volume). Attention à ne pas pincer, déchirer les nappes, ou abîmer les pièces de rechange. Restez vigilant, certaines pièces nécessitent des compétences et un matériel de soudure adéquat.  LES GARANTIES ReparMonPhone  Nos pièces sont testées, pour une durée de vie optimale. Garanties fonctionnelles, pour une réparation sans tracas. Une politique de retours souples et rapides. "
"Nappe Jack (3G) iPad Air 2 Blanc";"10445";"4.8";"EUR";"En stock";"Apple > IPad > iPad Air 2 (2014)";"https://www.pieces2mobile.com/nappe-jack-3g-ipad-air-2-blanc.html";"https://www.pieces2mobile.com/media/catalog/product/cache/08ce6ea9b7ea9e423fa7c2e2ae0fab3c/n/a/nappe_jack_3g_ipad_air_2_blanc.jpg";"Nappe Jack (3G) iPad Air 2 Blanc. ReparMonPhone, principal grossiste en pièces de rechange pour mobiles en Europe. Envois gratuits dès 35 euros. Comptes professionnels.";" DIAGNOSTIC DE LA PANNE  Vous avez abîmé ou endommagé votre iPad Air 2 par accident. La nappe Jack de votre smartphone ou tablette Apple ne fonctionne plus.  Heureusement, cette panne est réparable, et cette pièce de qualité vous permet d'en effectuer le dépannage.NOS CONSEILS  Lors de l'achat, il est conseillé de vérifier votre modèle de smartphone/tablette par sa référence plutôt que par son nom. Mais aussi de bien vérifier les versions disponibles qui peuvent changer les spécificités des pièces (attention aux confusions comme SIM / SD ou Power / Volume). Attention à ne pas pincer, déchirer les nappes, ou abîmer les pièces de rechange. Restez vigilant, certaines pièces nécessitent des compétences et un matériel de soudure adéquat.  LES GARANTIES ReparMonPhone  Nos pièces sont testées, pour une durée de vie optimale. Garanties fonctionnelles, pour une réparation sans tracas. Une politique de retours souples et rapides. "
"Nappe Jack iPad Air 2 Blanc";"5094";"4.8";"EUR";"En stock";"Apple > IPad > iPad Air 2 (2014)";"https://www.pieces2mobile.com/nappe-jack-ipad-air-2-blanc.html";"https://www.pieces2mobile.com/media/catalog/product/cache/08ce6ea9b7ea9e423fa7c2e2ae0fab3c/i/p/ipad-air2-audio-flex-1.jpg";"Nappe Jack iPad Air 2 Blanc. ReparMonPhone, principal grossiste en pièces de rechange pour mobiles en Europe. Envois gratuits dès 35 euros. Comptes professionnels.";" DIAGNOSTIC DE LA PANNE  Vous avez abîmé ou endommagé votre iPad Air 2 par accident. La nappe Jack de votre smartphone ou tablette Apple ne fonctionne plus.  Heureusement, cette panne est réparable, et cette pièce de qualité vous permet d'en effectuer le dépannage.NOS CONSEILS  Lors de l'achat, il est conseillé de vérifier votre modèle de smartphone/tablette par sa référence plutôt que par son nom. Mais aussi de bien vérifier les versions disponibles qui peuvent changer les spécificités des pièces (attention aux confusions comme SIM / SD ou Power / Volume). Attention à ne pas pincer, déchirer les nappes, ou abîmer les pièces de rechange. Restez vigilant, certaines pièces nécessitent des compétences et un matériel de soudure adéquat.  LES GARANTIES ReparMonPhone  Nos pièces sont testées, pour une durée de vie optimale. Garanties fonctionnelles, pour une réparation sans tracas. Une politique de retours souples et rapides. "
"Nappe / Bouton HOME iPad Air 2 / Mini 4 Blanc";"5951";"2.4";"EUR";"En stock";"Apple > IPad > iPad Air 2 (2014)";"https://www.pieces2mobile.com/nappe-bouton-home-ipad-air-2-blanc.html";"https://www.pieces2mobile.com/media/catalog/product/cache/08ce6ea9b7ea9e423fa7c2e2ae0fab3c/a/p/apple-ipad-air-2-mini-4-nappe-bouton-home-blanc.jpg";"Nappe / Bouton HOME iPad Air 2 / Mini 4 Blanc. ReparMonPhone, principal grossiste en pièces détachées pour mobiles en Europe. Envois gratuits dès 35 euros. Comptes professionnels.";" DIAGNOSTIC DE LA PANNE  Vous avez abîmé ou endommagé votre iPad Air 2 / Mini 4 par accident. La nappe  de votre smartphone ou tablette Apple ne fonctionne plus.  Heureusement, cette panne est réparable, et cette pièce de qualité vous permet d'en effectuer le dépannage.NOS CONSEILS  Lors de l'achat, il est conseillé de vérifier votre modèle de smartphone/tablette par sa référence plutôt que par son nom. Mais aussi de bien vérifier les versions disponibles qui peuvent changer les spécificités des pièces (attention aux confusions comme SIM / SD ou Power / Volume). Attention à ne pas pincer, déchirer les nappes, ou abîmer les pièces de rechange. Restez vigilant, certaines pièces nécessitent des compétences et un matériel de soudure adéquat.  LES GARANTIES ReparMonPhone  Nos pièces sont testées, pour une durée de vie optimale. Garanties fonctionnelles, pour une réparation sans tracas. Une politique de retours souples et rapides. "
"Nappe / Bouton HOME iPad Air 2 / Mini 4 Noir";"5950";"2.4";"EUR";"En stock";"Apple > IPad > iPad Air 2 (2014)";"https://www.pieces2mobile.com/nappe-bouton-home-ipad-air-2-noir.html";"https://www.pieces2mobile.com/media/catalog/product/cache/08ce6ea9b7ea9e423fa7c2e2ae0fab3c/a/p/apple-ipad-air-2-mini-4-nappe-bouton-home-noir.jpg";"Nappe / Bouton HOME iPad Air 2 / Mini 4 Noir. ReparMonPhone, principal grossiste en pièces de rechange pour mobiles en Europe. Envois gratuits dès 35 euros. Comptes professionnels.";" DIAGNOSTIC DE LA PANNE  Vous avez abîmé ou endommagé votre iPad Air 2 / Mini 4 par accident. La nappe  de votre smartphone ou tablette Apple ne fonctionne plus.  Heureusement, cette panne est réparable, et cette pièce de qualité vous permet d'en effectuer le dépannage.NOS CONSEILS  Lors de l'achat, il est conseillé de vérifier votre modèle de smartphone/tablette par sa référence plutôt que par son nom. Mais aussi de bien vérifier les versions disponibles qui peuvent changer les spécificités des pièces (attention aux confusions comme SIM / SD ou Power / Volume). Attention à ne pas pincer, déchirer les nappes, ou abîmer les pièces de rechange. Restez vigilant, certaines pièces nécessitent des compétences et un matériel de soudure adéquat.  LES GARANTIES ReparMonPhone  Nos pièces sont testées, pour une durée de vie optimale. Garanties fonctionnelles, pour une réparation sans tracas. Une politique de retours souples et rapides. "
"Membrane Bouton HOME iPad Air 2";"5945";"2.15";"EUR";"En stock";"Apple > IPad > iPad Air 2 (2014)";"https://www.pieces2mobile.com/membrane-bouton-home-ipad-air-2.html";"https://www.pieces2mobile.com/media/catalog/product/cache/08ce6ea9b7ea9e423fa7c2e2ae0fab3c/i/p/ipad_air_2_membrane_bouton_home_3e_20.jpg";"Membrane Bouton HOME iPad Air 2. ReparMonPhone, principal grossiste en pièces détachées pour mobiles en Europe. Envois gratuits dès 35 euros. Comptes professionnels.";" DIAGNOSTIC DE LA PANNE  Vous avez abîmé ou endommagé votre iPad Air 2 par accident. La membrane  bouton HOME de votre smartphone ou tablette Apple ne fonctionne plus.  Heureusement, cette panne est réparable, et cette pièce de qualité vous permet d'en effectuer le dépannage.NOS CONSEILS  Lors de l'achat, il est conseillé de vérifier votre modèle de smartphone/tablette par sa référence plutôt que par son nom. Mais aussi de bien vérifier les versions disponibles qui peuvent changer les spécificités des pièces (attention aux confusions comme SIM / SD ou Power / Volume). Attention à ne pas pincer, déchirer les nappes, ou abîmer les pièces de rechange. Restez vigilant, certaines pièces nécessitent des compétences et un matériel de soudure adéquat.  LES GARANTIES ReparMonPhone  Nos pièces sont testées, pour une durée de vie optimale. Garanties fonctionnelles, pour une réparation sans tracas. Une politique de retours souples et rapides. "
"Nappe / Bouton HOME iPad Air 2 / Mini 4 Or";"5952";"2.09";"EUR";"En stock";"Apple > IPad > iPad Air 2 (2014)";"https://www.pieces2mobile.com/nappe-bouton-home-ipad-air-2-or.html";"https://www.pieces2mobile.com/media/catalog/product/cache/08ce6ea9b7ea9e423fa7c2e2ae0fab3c/a/p/apple-ipad-air-2-mini-4-nappe-bouton-home-or.jpg";"Nappe / Bouton HOME iPad Air 2 / Mini 4 Or. ReparMonPhone, principal grossiste en pièces de rechange pour mobiles en Europe. Envois gratuits dès 35 euros. Comptes professionnels.";" DIAGNOSTIC DE LA PANNE  Vous avez abîmé ou endommagé votre iPad Air 2 / Mini 4 par accident. La nappe  bouton HOME de votre smartphone ou tablette Apple ne fonctionne plus.  Heureusement, cette panne est réparable, et cette pièce de qualité vous permet d'en effectuer le dépannage.NOS CONSEILS  Lors de l'achat, il est conseillé de vérifier votre modèle de smartphone/tablette par sa référence plutôt que par son nom. Mais aussi de bien vérifier les versions disponibles qui peuvent changer les spécificités des pièces (attention aux confusions comme SIM / SD ou Power / Volume). Attention à ne pas pincer, déchirer les nappes, ou abîmer les pièces de rechange. Restez vigilant, certaines pièces nécessitent des compétences et un matériel de soudure adéquat.  LES GARANTIES ReparMonPhone  Nos pièces sont testées, pour une durée de vie optimale. Garanties fonctionnelles, pour une réparation sans tracas. Une politique de retours souples et rapides. "
"Coque arrière iPad Air 2 4G Blanc";"10674";"12";"EUR";"En stock";"Apple > IPad > iPad Air 2 (2014)";"https://www.pieces2mobile.com/coque-arriere-ipad-air-2-4g-blanc.html";"https://www.pieces2mobile.com/media/catalog/product/cache/08ce6ea9b7ea9e423fa7c2e2ae0fab3c/c/o/coque_arri_re_ipad_air_2_4g_blanc_1__1.jpg";"Coque arrière iPad Air 2 4G Blanc. ReparMonPhone, principal grossiste en pièces de rechange pour mobiles en Europe. Envois gratuits dès 35 euros. Comptes professionnels.";" DIAGNOSTIC DE LA PANNE  Par accident, la coque arrière de votre iPad Air 2 4G est abîmée, rayée, fissurée ou cassée. La coque arrière de votre smartphone ou tablette Apple n'adhère plus ou se décolle.  Heureusement, cette panne est réparable, et cette coque arrière de qualité vous permet d'en effectuer le dépannage.NOS CONSEILS  Lors de l'achat, il est conseillé de vérifier votre modèle de smartphone/tablette par sa référence plutôt que par son nom. Attention à ne pas pincer ou déchirer les nappes présentes sur la vitre, et donc de les endommager. Pour la pose d'une vitre sans adhésif, pensez à utiliser le bon type de colle (ex: colle B7000 110 ml, ou colle B 7000 50 ml).  LES GARANTIES ReparMonPhone  Nos pièces sont testées, pour une durée de vie optimale. Garanties fonctionnelles, pour une réparation sans tracas. Une politique de retours souples et rapides. º"
"Coque arrière iPad Air 2 4G Noir";"10673";"6";"EUR";"En stock";"Apple > IPad > iPad Air 2 (2014)";"https://www.pieces2mobile.com/coque-arriere-ipad-air-2-4g-noir.html";"https://www.pieces2mobile.com/media/catalog/product/cache/08ce6ea9b7ea9e423fa7c2e2ae0fab3c/c/o/coque_arri_re_ipad_air_2_4g_noir_1__1.jpg";"Coque arrière iPad Air 2 4G Noir. ReparMonPhone, principal grossiste en pièces détachées pour mobiles en Europe. Envois gratuits dès 35 euros. Comptes professionnels.";" DIAGNOSTIC DE LA PANNE  Par accident, la coque arrière de votre iPad Air 2 4G est abîmée, rayée, fissurée ou cassée. La coque arrière de votre smartphone ou tablette Apple n'adhère plus ou se décolle.  Heureusement, cette panne est réparable, et cette coque arrière de qualité vous permet d'en effectuer le dépannage.NOS CONSEILS  Lors de l'achat, il est conseillé de vérifier votre modèle de smartphone/tablette par sa référence plutôt que par son nom. Attention à ne pas pincer ou déchirer les nappes présentes sur la vitre, et donc de les endommager. Pour la pose d'une vitre sans adhésif, pensez à utiliser le bon type de colle (ex: colle B7000 110 ml, ou colle B 7000 50 ml).  LES GARANTIES ReparMonPhone  Nos pièces sont testées, pour une durée de vie optimale. Garanties fonctionnelles, pour une réparation sans tracas. Une politique de retours souples et rapides. º"
"Antenne Wi-Fi / GPS iPad Air 2";"5944";"4.8";"EUR";"En stock";"Apple > IPad > iPad Air 2 (2014)";"https://www.pieces2mobile.com/antenne-wi-fi-gps-ipad-air-2.html";"https://www.pieces2mobile.com/media/catalog/product/cache/08ce6ea9b7ea9e423fa7c2e2ae0fab3c/i/p/ipad_air_2_gps_antenne_wifi_9e_5.jpg";"Antenne Wi-Fi / GPS iPad Air 2. ReparMonPhone, principal grossiste en pièces détachées pour mobiles en Europe. Envois gratuits dès 35 euros. Comptes professionnels.";" DIAGNOSTIC DE LA PANNE  Vous avez abîmé ou endommagé votre iPad Air 2 par accident. L'antenne GPS, Wi-Fi de votre smartphone ou tablette Apple ne fonctionne plus.  Heureusement, cette panne est réparable, et cette pièce de qualité vous permet d'en effectuer le dépannage.NOS CONSEILS  Lors de l'achat, il est conseillé de vérifier votre modèle de smartphone/tablette par sa référence plutôt que par son nom. Mais aussi de bien vérifier les versions disponibles qui peuvent changer les spécificités des pièces (attention aux confusions comme SIM / SD ou Power / Volume). Attention à ne pas pincer, déchirer les nappes, ou abîmer les pièces de rechange. Restez vigilant, certaines pièces nécessitent des compétences et un matériel de soudure adéquat.  LES GARANTIES ReparMonPhone  Nos pièces sont testées, pour une durée de vie optimale. Garanties fonctionnelles, pour une réparation sans tracas. Une politique de retours souples et rapides. "
"Support Bouton Volume iPad Air 2";"5947";"2.4";"EUR";"En stock";"Apple > IPad > iPad Air 2 (2014)";"https://www.pieces2mobile.com/support-bouton-volume-ipad-air-2.html";"https://www.pieces2mobile.com/media/catalog/product/cache/08ce6ea9b7ea9e423fa7c2e2ae0fab3c/i/p/ipad_air_2_support_bouton_volume_power_5e_10.jpg";"Support Bouton Volume iPad Air 2. ReparMonPhone, principal grossiste en pièces détachées pour mobiles en Europe. Envois gratuits dès 35 euros. Comptes professionnels.";" DIAGNOSTIC DE LA PANNE  Vous avez abîmé ou endommagé votre iPad Air 2 par accident. Le support  de votre smartphone ou tablette Apple ne fonctionne plus.  Heureusement, cette panne est réparable, et cette pièce de qualité vous permet d'en effectuer le dépannage.NOS CONSEILS  Lors de l'achat, il est conseillé de vérifier votre modèle de smartphone/tablette par sa référence plutôt que par son nom. Mais aussi de bien vérifier les versions disponibles qui peuvent changer les spécificités des pièces (attention aux confusions comme SIM / SD ou Power / Volume). Attention à ne pas pincer, déchirer les nappes, ou abîmer les pièces de rechange. Restez vigilant, certaines pièces nécessitent des compétences et un matériel de soudure adéquat.  LES GARANTIES ReparMonPhone  Nos pièces sont testées, pour une durée de vie optimale. Garanties fonctionnelles, pour une réparation sans tracas. Une politique de retours souples et rapides. "
"Support Bouton Power iPad Air 2";"5948";"1.2";"EUR";"En stock";"Apple > IPad > iPad Air 2 (2014)";"https://www.pieces2mobile.com/support-bouton-power-ipad-air-2.html";"https://www.pieces2mobile.com/media/catalog/product/cache/08ce6ea9b7ea9e423fa7c2e2ae0fab3c/i/p/ipad_air_2_support_buoton_power_5e_10.jpg";"Support Bouton Power iPad Air 2. ReparMonPhone, principal grossiste en pièces de rechange pour mobiles en Europe. Envois gratuits dès 35 euros. Comptes professionnels.";" DIAGNOSTIC DE LA PANNE  Vous avez abîmé ou endommagé votre iPad Air 2 par accident. Le support  de votre smartphone ou tablette Apple ne fonctionne plus.  Heureusement, cette panne est réparable, et cette pièce de qualité vous permet d'en effectuer le dépannage.NOS CONSEILS  Lors de l'achat, il est conseillé de vérifier votre modèle de smartphone/tablette par sa référence plutôt que par son nom. Mais aussi de bien vérifier les versions disponibles qui peuvent changer les spécificités des pièces (attention aux confusions comme SIM / SD ou Power / Volume). Attention à ne pas pincer, déchirer les nappes, ou abîmer les pièces de rechange. Restez vigilant, certaines pièces nécessitent des compétences et un matériel de soudure adéquat.  LES GARANTIES ReparMonPhone  Nos pièces sont testées, pour une durée de vie optimale. Garanties fonctionnelles, pour une réparation sans tracas. Une politique de retours souples et rapides. "
"Support Bouton HOME iPad Air 2";"5953";"2.69";"EUR";"En stock";"Apple > IPad > iPad Air 2 (2014)";"https://www.pieces2mobile.com/support-bouton-home-ipad-air-2.html";"https://www.pieces2mobile.com/media/catalog/product/cache/08ce6ea9b7ea9e423fa7c2e2ae0fab3c/i/p/ipad-air-2-support-bouton--home-5e-10.jpg";"Support Bouton HOME iPad Air 2. ReparMonPhone, principal grossiste en pièces détachées pour mobiles en Europe. Envois gratuits dès 35 euros. Comptes professionnels.";" DIAGNOSTIC DE LA PANNE  Vous avez abîmé ou endommagé votre iPad Air 2 par accident. Le support  bouton HOME de votre smartphone ou tablette Apple ne fonctionne plus.  Heureusement, cette panne est réparable, et cette pièce de qualité vous permet d'en effectuer le dépannage.NOS CONSEILS  Lors de l'achat, il est conseillé de vérifier votre modèle de smartphone/tablette par sa référence plutôt que par son nom. Mais aussi de bien vérifier les versions disponibles qui peuvent changer les spécificités des pièces (attention aux confusions comme SIM / SD ou Power / Volume). Attention à ne pas pincer, déchirer les nappes, ou abîmer les pièces de rechange. Restez vigilant, certaines pièces nécessitent des compétences et un matériel de soudure adéquat.  LES GARANTIES ReparMonPhone  Nos pièces sont testées, pour une durée de vie optimale. Garanties fonctionnelles, pour une réparation sans tracas. Une politique de retours souples et rapides. "
"Connecteur LCD iPad Air 2";"8331";"3";"EUR";"En stock";"Apple > IPad > iPad Air 2 (2014)";"https://www.pieces2mobile.com/connecteur-lcd-ipad-air-2.html";"https://www.pieces2mobile.com/media/catalog/product/cache/08ce6ea9b7ea9e423fa7c2e2ae0fab3c/i/p/ipad-air-2-lcd-con.jpg";"Connecteur LCD iPad Air 2. ReparMonPhone, principal grossiste en pièces détachées pour mobiles en Europe. Envois gratuits dès 35 euros. Comptes professionnels.";" DIAGNOSTIC DE LA PANNE  Vous avez abîmé ou endommagé votre iPad Air 2 par accident. Le connecteur LCD de votre smartphone ou tablette Apple ne fonctionne plus.  Heureusement, cette panne est réparable, et cette pièce de qualité vous permet d'en effectuer le dépannage.NOS CONSEILS  Lors de l'achat, il est conseillé de vérifier votre modèle de smartphone/tablette par sa référence plutôt que par son nom. Mais aussi de bien vérifier les versions disponibles qui peuvent changer les spécificités des pièces (attention aux confusions comme SIM / SD ou Power / Volume). Attention à ne pas pincer, déchirer les nappes, ou abîmer les pièces de rechange. Restez vigilant, certaines pièces nécessitent des compétences et un matériel de soudure adéquat.  LES GARANTIES ReparMonPhone  Nos pièces sont testées, pour une durée de vie optimale. Garanties fonctionnelles, pour une réparation sans tracas. Une politique de retours souples et rapides. "
"Capteur Cover (Hall Sensor) iPad Air 2";"8332";"2.4";"EUR";"En stock";"Apple > IPad > iPad Air 2 (2014)";"https://www.pieces2mobile.com/capteur-cover-hall-sensor-ipad-air-2.html";"https://www.pieces2mobile.com/media/catalog/product/cache/08ce6ea9b7ea9e423fa7c2e2ae0fab3c/i/p/ipad-air-2-capteur-cover.jpg";"Capteur Cover (Hall Sensor) iPad Air 2. ReparMonPhone, principal grossiste en pièces détachées pour mobiles en Europe. Envois gratuits dès 35 euros. Comptes professionnels.";" DIAGNOSTIC DE LA PANNE  Vous avez abîmé ou endommagé votre iPad Air 2 par accident. Le capteur cover  de votre smartphone ou tablette Apple ne fonctionne plus.  Heureusement, cette panne est réparable, et cette pièce de qualité vous permet d'en effectuer le dépannage.NOS CONSEILS  Lors de l'achat, il est conseillé de vérifier votre modèle de smartphone/tablette par sa référence plutôt que par son nom. Mais aussi de bien vérifier les versions disponibles qui peuvent changer les spécificités des pièces (attention aux confusions comme SIM / SD ou Power / Volume). Attention à ne pas pincer, déchirer les nappes, ou abîmer les pièces de rechange. Restez vigilant, certaines pièces nécessitent des compétences et un matériel de soudure adéquat.  LES GARANTIES ReparMonPhone  Nos pièces sont testées, pour une durée de vie optimale. Garanties fonctionnelles, pour une réparation sans tracas. Une politique de retours souples et rapides. "
"Nappe Test (LCD) iPad Air 2";"11624";"7.2";"EUR";"En stock";"Apple > IPad > iPad Air 2 (2014)";"https://www.pieces2mobile.com/nappe-test-lcd-ipad-air-2.html";"https://www.pieces2mobile.com/media/catalog/product/cache/08ce6ea9b7ea9e423fa7c2e2ae0fab3c/a/p/apple-ipad-air-2-nappe-test-lcd.jpg";"Nappe Test (LCD) iPad Air 2. ReparMonPhone, principal grossiste en pièces de rechange pour mobiles en Europe. Envois gratuits dès 35 euros. Comptes professionnels.";"Nappe Test (LCD) iPad Air 2"
"Coque Enfant iPad Air / Air 2 Rose";"8124";"9";"EUR";"En stock";"Apple > IPad > iPad Air (2013)";"https://www.pieces2mobile.com/coque-enfant-ipad-air-air-2-rose.html";"https://www.pieces2mobile.com/media/catalog/product/cache/08ce6ea9b7ea9e423fa7c2e2ae0fab3c/i/m/img_5557_3.jpg";"Coque Enfant iPad Air / Air 2 Rose. ReparMonPhone, principal grossiste en pièces détachées pour mobiles en Europe. Envois gratuits dès 35 euros. Comptes professionnels.";"CARACTÉRISTIQUESCompatible : Apple iPad Air / Air 2Inclus : La coque de protectionAvec : Poignée ergonomique, Position horizontale, Protection BoutonsMarque : EnfantModèle : /Couleur externe : RoseCouleur interne : RoseTexture : LisseMatière : Silicone semi-rigideType : /"
"Nappe Test (Tactile) iPad Air 2";"11635";"7.2";"EUR";"En stock";"Apple > IPad > iPad Air 2 (2014)";"https://www.pieces2mobile.com/nappe-test-tactile-ipad-air-2.html";"https://www.pieces2mobile.com/media/catalog/product/cache/08ce6ea9b7ea9e423fa7c2e2ae0fab3c/a/p/apple-ipad-air-2-nappe-test-tactile.jpg";"Nappe Test (Tactile) iPad Air 2. ReparMonPhone, principal grossiste en pièces de rechange pour mobiles en Europe. Envois gratuits dès 35 euros. Comptes professionnels.";"Nappe Test (Tactile) iPad Air 2"
"Câble Apple Lightning / USB (2m) MD819ZM Blanc Origine";"6178";"18";"EUR";"En stock";"Apple > iPhone > iPhone 5 (A1428 / A1429 / A1442)";"https://www.pieces2mobile.com/cable-lightning-usb-2m-md819zm-apple-origine.html";"https://www.pieces2mobile.com/media/catalog/product/cache/08ce6ea9b7ea9e423fa7c2e2ae0fab3c/p/s/psd_6_1_1.jpg";"Câble Apple Lightning / USB (2m) MD819ZM Blanc Origine. ReparMonPhone, principal grossiste en pièces détachées pour mobiles en Europe. Envois gratuits dès 35 euros. Comptes professionnels.";"La photo est non contractuelle, la forme peut changer en fonction du modèle de smartphone (emplacement caméra, etc...), seule l'apparence demeure.

CARACTÉRISTIQUES

Inclus : Le câble de charge et synchronisation
Avec : Charge rapide
Marque : Apple
Modèle : MD819ZM
Couleur : Blanc
Longueur : 2 m
Type de connectique : USB / Lightning (9 broches)"
"Coque S-Line iPad Air 2 Noir ";"8804";"2.4";"EUR";"En stock";"Apple > IPad > iPad Air 2 (2014)";"https://www.pieces2mobile.com/coque-s-line-ipad-air-2-noir.html";"https://www.pieces2mobile.com/media/catalog/product/cache/08ce6ea9b7ea9e423fa7c2e2ae0fab3c/s/-/s-line-tab-black_1_2_1.jpg";"Coque S-Line iPad Air 2 Noir . ReparMonPhone, principal grossiste en pièces de rechange pour mobiles en Europe. Envois gratuits dès 35 euros. Comptes professionnels.";"La photo est non contractuelle, la forme peut changer en fonction du modèle de smartphone (emplacement caméra, etc...), seule l'apparence demeure.CARACTÉRISTIQUESCompatible : Apple iPad Air 2Inclus : La coque de protectionAvec : Ouverture Caméra, Ouverture Charge, Ouverture Haut-parleur, Ouverture Jack, Protection Boutons, Structure thermo-mouléeMarque : S-LineModèle : /Couleur externe : NoirCouleur interne : NoirTexture : Lisse / GrainéMatière : Silicone semi-rigideType : TPU (polyuréthanes thermoplastiques)"
"iPad Air nappe home";"1464";"1.39";"EUR";"En stock";"Apple > IPad > iPad Air (2013)";"https://www.pieces2mobile.com/ipad-air-nappe-home.html";"https://www.pieces2mobile.com/media/catalog/product/cache/08ce6ea9b7ea9e423fa7c2e2ae0fab3c/i/p/ipad_air_home_flex_com.jpg";"iPad Air nappe home. ReparMonPhone, principal grossiste en pièces détachées pour mobiles en Europe. Envois gratuits dès 35 euros. Comptes professionnels.";" DIAGNOSTIC DE LA PANNE  Vous avez abîmé ou endommagé votre iPad Air par accident. La nappe HOME de votre smartphone ou tablette Apple ne fonctionne plus.  Heureusement, cette panne est réparable, et cette pièce de qualité vous permet d'en effectuer le dépannage.NOS CONSEILS  Lors de l'achat, il est conseillé de vérifier votre modèle de smartphone/tablette par sa référence plutôt que par son nom. Mais aussi de bien vérifier les versions disponibles qui peuvent changer les spécificités des pièces (attention aux confusions comme SIM / SD ou Power / Volume). Attention à ne pas pincer, déchirer les nappes, ou abîmer les pièces de rechange. Restez vigilant, certaines pièces nécessitent des compétences et un matériel de soudure adéquat.  LES GARANTIES ReparMonPhone  Nos pièces sont testées, pour une durée de vie optimale. Garanties fonctionnelles, pour une réparation sans tracas. Une politique de retours souples et rapides. "
"Joint Bouton HOME iPad Air";"4252";"2.15";"EUR";"En stock";"Apple > IPad > iPad Air (2013)";"https://www.pieces2mobile.com/joint-bouton-home-ipad-air.html";"https://www.pieces2mobile.com/media/catalog/product/cache/08ce6ea9b7ea9e423fa7c2e2ae0fab3c/2/5/252_2.jpg";"Joint Bouton HOME iPad Air. ReparMonPhone, principal grossiste en pièces détachées pour mobiles en Europe. Envois gratuits dès 35 euros. Comptes professionnels.";" DIAGNOSTIC DE LA PANNE  Vous avez abîmé ou endommagé votre iPad Air par accident. Le joint  bouton HOME de votre smartphone ou tablette Apple ne fonctionne plus.  Heureusement, cette panne est réparable, et cette pièce de qualité vous permet d'en effectuer le dépannage.NOS CONSEILS  Lors de l'achat, il est conseillé de vérifier votre modèle de smartphone/tablette par sa référence plutôt que par son nom. Mais aussi de bien vérifier les versions disponibles qui peuvent changer les spécificités des pièces (attention aux confusions comme SIM / SD ou Power / Volume). Attention à ne pas pincer, déchirer les nappes, ou abîmer les pièces de rechange. Restez vigilant, certaines pièces nécessitent des compétences et un matériel de soudure adéquat.  LES GARANTIES ReparMonPhone  Nos pièces sont testées, pour une durée de vie optimale. Garanties fonctionnelles, pour une réparation sans tracas. Une politique de retours souples et rapides. "
"Écouteurs Jack (MD827ZM/B) Apple Origine ";"1057";"10.2";"EUR";"Rupture / sur commande";"Apple > iPhone > iPhone 3GS (A1325 / A1303)";"https://www.pieces2mobile.com/ecouteurs-md827zm-b-apple-origine.html";"https://www.pieces2mobile.com/media/catalog/product/cache/08ce6ea9b7ea9e423fa7c2e2ae0fab3c/e/c/ecouteur_origine_md827zm-b_.jpg";"Écouteurs Jack (MD827ZM/B) Apple Origine . ReparMonPhone, principal grossiste en pièces détachées pour mobiles en Europe. Envois gratuits dès 35 euros. Comptes professionnels.";"  Apple  Ce produit de la marque Apple est tout ce dont vous avez besoin pour écouter de la musique ou toute autre chose sur un téléphone ou un ordinateur sans avoir à gêner les personnes qui sont à côté de vous. Vous pouvez également l’utiliser pour mieux entendre lorsque vous vous retrouvez dans des environnements bruyants afin de couvrir le bruit environnant. Il dispose d’un câble d’une longueur de  qui vous offre une certaine mobilité.  Puissance sonore  Ce modèle  de la marque Apple dispose d’une puissance de , d’une réponse en fréquence de  et d’une sensibilité de .  Consommation  Ce produit dispose d’une impédance de . On recommande en général un maximum de 64 Ohms pour les appareils mobiles pour ne pas les décharger trop vite et nuire trop significativement à leur autonomie.  Dimensions  Le diamètre des écouteurs est de .  Compatibilité  Le modèle  de la marque Apple est compatible avec les appareils suivants : .  Caractéristiques   Prise audio : Jack 3,5 mm Réponse en fréquence :  Sensibilité :  Impédance :  Puissance d’entrée maximale :  Longueur du câble :  Couleur :    Inclus : écouteurs filaires.  Remarque : ce produit est livré ."
"Membrane Bouton HOME iPad Air";"4249";"2.15";"EUR";"En stock";"Apple > IPad > iPad Air (2013)";"https://www.pieces2mobile.com/membrane-bouton-home-ipad-air.html";"https://www.pieces2mobile.com/media/catalog/product/cache/08ce6ea9b7ea9e423fa7c2e2ae0fab3c/2/4/249.jpg";"Membrane Bouton HOME iPad Air. ReparMonPhone, principal grossiste en pièces de rechange pour mobiles en Europe. Envois gratuits dès 35 euros. Comptes professionnels.";" DIAGNOSTIC DE LA PANNE  Vous avez abîmé ou endommagé votre iPad Air par accident. La membrane  bouton HOME de votre smartphone ou tablette Apple ne fonctionne plus.  Heureusement, cette panne est réparable, et cette pièce de qualité vous permet d'en effectuer le dépannage.NOS CONSEILS  Lors de l'achat, il est conseillé de vérifier votre modèle de smartphone/tablette par sa référence plutôt que par son nom. Mais aussi de bien vérifier les versions disponibles qui peuvent changer les spécificités des pièces (attention aux confusions comme SIM / SD ou Power / Volume). Attention à ne pas pincer, déchirer les nappes, ou abîmer les pièces de rechange. Restez vigilant, certaines pièces nécessitent des compétences et un matériel de soudure adéquat.  LES GARANTIES ReparMonPhone  Nos pièces sont testées, pour une durée de vie optimale. Garanties fonctionnelles, pour une réparation sans tracas. Une politique de retours souples et rapides. "
"Coque arrière iPad Air Wi-Fi Noir";"6615";"6";"EUR";"En stock";"Apple > IPad > iPad Air (2013)";"https://www.pieces2mobile.com/coque-arriere-ipad-air-wifi-noir.html";"https://www.pieces2mobile.com/media/catalog/product/cache/08ce6ea9b7ea9e423fa7c2e2ae0fab3c/i/p/ipad-air-coque-wifi-noir.jpg";"Coque arrière iPad Air Wi-Fi Noir. ReparMonPhone, principal grossiste en pièces détachées pour mobiles en Europe. Envois gratuits dès 35 euros. Comptes professionnels.";" DIAGNOSTIC DE LA PANNE  Par accident, la coque arrière de votre iPad Air WiFi est abîmée, rayée, fissurée ou cassée. La coque arrière de votre smartphone ou tablette Apple n'adhère plus ou se décolle.  Heureusement, cette panne est réparable, et cette coque arrière de qualité vous permet d'en effectuer le dépannage.NOS CONSEILS  Lors de l'achat, il est conseillé de vérifier votre modèle de smartphone/tablette par sa référence plutôt que par son nom. Attention à ne pas pincer ou déchirer les nappes présentes sur la vitre, et donc de les endommager. Pour la pose d'une vitre sans adhésif, pensez à utiliser le bon type de colle (ex: colle B7000 110 ml, ou colle B 7000 50 ml).  LES GARANTIES ReparMonPhone  Nos pièces sont testées, pour une durée de vie optimale. Garanties fonctionnelles, pour une réparation sans tracas. Une politique de retours souples et rapides. º"
"Support Bouton HOME iPad Air";"4250";"2.4";"EUR";"En stock";"Apple > IPad > iPad Air (2013)";"https://www.pieces2mobile.com/support-bouton-home-ipad-air.html";"https://www.pieces2mobile.com/media/catalog/product/cache/08ce6ea9b7ea9e423fa7c2e2ae0fab3c/2/5/250_1.jpg";"Support Bouton HOME iPad Air. ReparMonPhone, principal grossiste en pièces détachées pour mobiles en Europe. Envois gratuits dès 35 euros. Comptes professionnels.";" DIAGNOSTIC DE LA PANNE  Vous avez abîmé ou endommagé votre iPad Air par accident. Le support  bouton HOME de votre smartphone ou tablette Apple ne fonctionne plus.  Heureusement, cette panne est réparable, et cette pièce de qualité vous permet d'en effectuer le dépannage.NOS CONSEILS  Lors de l'achat, il est conseillé de vérifier votre modèle de smartphone/tablette par sa référence plutôt que par son nom. Mais aussi de bien vérifier les versions disponibles qui peuvent changer les spécificités des pièces (attention aux confusions comme SIM / SD ou Power / Volume). Attention à ne pas pincer, déchirer les nappes, ou abîmer les pièces de rechange. Restez vigilant, certaines pièces nécessitent des compétences et un matériel de soudure adéquat.  LES GARANTIES ReparMonPhone  Nos pièces sont testées, pour une durée de vie optimale. Garanties fonctionnelles, pour une réparation sans tracas. Une politique de retours souples et rapides. "
"Coque arrière iPad Air Wi-Fi Blanc";"6616";"6";"EUR";"En stock";"Apple > IPad > iPad Air (2013)";"https://www.pieces2mobile.com/coque-arriere-ipad-air-wifi-blanc.html";"https://www.pieces2mobile.com/media/catalog/product/cache/08ce6ea9b7ea9e423fa7c2e2ae0fab3c/i/p/ipad-air-coque-wifi-blanc.jpg";"Coque arrière iPad Air Wi-Fi Blanc. ReparMonPhone, principal grossiste en pièces détachées pour mobiles en Europe. Envois gratuits dès 35 euros. Comptes professionnels.";" DIAGNOSTIC DE LA PANNE  Par accident, la coque arrière de votre iPad Air WiFi est abîmée, rayée, fissurée ou cassée. La coque arrière de votre smartphone ou tablette Apple n'adhère plus ou se décolle.  Heureusement, cette panne est réparable, et cette coque arrière de qualité vous permet d'en effectuer le dépannage.NOS CONSEILS  Lors de l'achat, il est conseillé de vérifier votre modèle de smartphone/tablette par sa référence plutôt que par son nom. Attention à ne pas pincer ou déchirer les nappes présentes sur la vitre, et donc de les endommager. Pour la pose d'une vitre sans adhésif, pensez à utiliser le bon type de colle (ex: colle B7000 110 ml, ou colle B 7000 50 ml).  LES GARANTIES ReparMonPhone  Nos pièces sont testées, pour une durée de vie optimale. Garanties fonctionnelles, pour une réparation sans tracas. Une politique de retours souples et rapides. º"
"Connecteur Tactile iPad Air";"8075";"3";"EUR";"En stock";"Apple > IPad > iPad Air (2013)";"https://www.pieces2mobile.com/connecteur-tactile-ipad-air.html";"https://www.pieces2mobile.com/media/catalog/product/cache/08ce6ea9b7ea9e423fa7c2e2ae0fab3c/i/p/ipad_air_tactile_6e.jpg";"Connecteur Tactile iPad Air. ReparMonPhone, principal grossiste en pièces détachées pour mobiles en Europe. Envois gratuits dès 35 euros. Comptes professionnels.";" DIAGNOSTIC DE LA PANNE  Vous avez abîmé ou endommagé votre iPad Air par accident. Le connecteur Tactile de votre smartphone ou tablette Apple ne fonctionne plus.  Heureusement, cette panne est réparable, et cette pièce de qualité vous permet d'en effectuer le dépannage.NOS CONSEILS  Lors de l'achat, il est conseillé de vérifier votre modèle de smartphone/tablette par sa référence plutôt que par son nom. Mais aussi de bien vérifier les versions disponibles qui peuvent changer les spécificités des pièces (attention aux confusions comme SIM / SD ou Power / Volume). Attention à ne pas pincer, déchirer les nappes, ou abîmer les pièces de rechange. Restez vigilant, certaines pièces nécessitent des compétences et un matériel de soudure adéquat.  LES GARANTIES ReparMonPhone  Nos pièces sont testées, pour une durée de vie optimale. Garanties fonctionnelles, pour une réparation sans tracas. Une politique de retours souples et rapides. "
"Connecteur LCD iPad Air";"8074";"3";"EUR";"En stock";"Apple > IPad > iPad Air (2013)";"https://www.pieces2mobile.com/connecteur-lcd-ipad-air.html";"https://www.pieces2mobile.com/media/catalog/product/cache/08ce6ea9b7ea9e423fa7c2e2ae0fab3c/i/p/ipad_air_lcd_6e.jpg";"Connecteur LCD iPad Air. ReparMonPhone, principal grossiste en pièces détachées pour mobiles en Europe. Envois gratuits dès 35 euros. Comptes professionnels.";" DIAGNOSTIC DE LA PANNE  Vous avez abîmé ou endommagé votre iPad Air par accident. Le connecteur LCD de votre smartphone ou tablette Apple ne fonctionne plus.  Heureusement, cette panne est réparable, et cette pièce de qualité vous permet d'en effectuer le dépannage.NOS CONSEILS  Lors de l'achat, il est conseillé de vérifier votre modèle de smartphone/tablette par sa référence plutôt que par son nom. Mais aussi de bien vérifier les versions disponibles qui peuvent changer les spécificités des pièces (attention aux confusions comme SIM / SD ou Power / Volume). Attention à ne pas pincer, déchirer les nappes, ou abîmer les pièces de rechange. Restez vigilant, certaines pièces nécessitent des compétences et un matériel de soudure adéquat.  LES GARANTIES ReparMonPhone  Nos pièces sont testées, pour une durée de vie optimale. Garanties fonctionnelles, pour une réparation sans tracas. Une politique de retours souples et rapides. "
"iPad Air bouton home blanc";"1462";"6";"EUR";"En stock";"Apple > IPad > iPad Air (2013)";"https://www.pieces2mobile.com/ipad-air-bouton-home-blanc.html";"https://www.pieces2mobile.com/media/catalog/product/cache/08ce6ea9b7ea9e423fa7c2e2ae0fab3c/i/p/ipad_air_home_blanc_com.jpg";"iPad Air bouton home blanc. ReparMonPhone, principal grossiste en pièces de rechange pour mobiles en Europe. Envois gratuits dès 35 euros. Comptes professionnels.";" DIAGNOSTIC DE LA PANNE  Vous avez abîmé ou endommagé votre iPad Air par accident. Le bouton HOME de votre smartphone ou tablette Apple ne fonctionne plus.  Heureusement, cette panne est réparable, et cette pièce de qualité vous permet d'en effectuer le dépannage.NOS CONSEILS  Lors de l'achat, il est conseillé de vérifier votre modèle de smartphone/tablette par sa référence plutôt que par son nom. Mais aussi de bien vérifier les versions disponibles qui peuvent changer les spécificités des pièces (attention aux confusions comme SIM / SD ou Power / Volume). Attention à ne pas pincer, déchirer les nappes, ou abîmer les pièces de rechange. Restez vigilant, certaines pièces nécessitent des compétences et un matériel de soudure adéquat.  LES GARANTIES ReparMonPhone  Nos pièces sont testées, pour une durée de vie optimale. Garanties fonctionnelles, pour une réparation sans tracas. Une politique de retours souples et rapides. "
"iPad Air bouton home noir";"1463";"2.69";"EUR";"En stock";"Apple > IPad > iPad Air (2013)";"https://www.pieces2mobile.com/ipad-air-bouton-home-noir.html";"https://www.pieces2mobile.com/media/catalog/product/cache/08ce6ea9b7ea9e423fa7c2e2ae0fab3c/i/p/ipad_air_home_noir_com.jpg";"iPad Air bouton home noir. ReparMonPhone, principal grossiste en pièces détachées pour mobiles en Europe. Envois gratuits dès 35 euros. Comptes professionnels.";" DIAGNOSTIC DE LA PANNE  Vous avez abîmé ou endommagé votre iPad Air par accident. Le bouton HOME de votre smartphone ou tablette Apple ne fonctionne plus.  Heureusement, cette panne est réparable, et cette pièce de qualité vous permet d'en effectuer le dépannage.NOS CONSEILS  Lors de l'achat, il est conseillé de vérifier votre modèle de smartphone/tablette par sa référence plutôt que par son nom. Mais aussi de bien vérifier les versions disponibles qui peuvent changer les spécificités des pièces (attention aux confusions comme SIM / SD ou Power / Volume). Attention à ne pas pincer, déchirer les nappes, ou abîmer les pièces de rechange. Restez vigilant, certaines pièces nécessitent des compétences et un matériel de soudure adéquat.  LES GARANTIES ReparMonPhone  Nos pièces sont testées, pour une durée de vie optimale. Garanties fonctionnelles, pour une réparation sans tracas. Une politique de retours souples et rapides. "
"Power IC (343S0655-A1) iPad Air";"7886";"7.06";"EUR";"En stock";"Apple > IPad > iPad Air (2013)";"https://www.pieces2mobile.com/power-ic-343s0655-a1-ipad-air.html";"https://www.pieces2mobile.com/media/catalog/product/cache/08ce6ea9b7ea9e423fa7c2e2ae0fab3c/p/o/power_ic_343s0655-a1_ipad_air_1.jpg";"Power IC (343S0655-A1) iPad Air. ReparMonPhone, principal grossiste en pièces détachées pour mobiles en Europe. Envois gratuits dès 35 euros. Comptes professionnels.";" DIAGNOSTIC DE LA PANNE  Vous avez abîmé ou endommagé votre iPad Air par accident. Le composant IC de votre smartphone ou tablette Apple ne fonctionne plus.  Heureusement, cette panne est réparable, et cette pièce de qualité vous permet d'en effectuer le dépannage.NOS CONSEILS  Lors de l'achat, il est conseillé de vérifier votre modèle de smartphone/tablette par sa référence plutôt que par son nom. Mais aussi de bien vérifier les versions disponibles qui peuvent changer les spécificités des pièces (attention aux confusions comme SIM / SD ou Power / Volume). Attention à ne pas pincer, déchirer les nappes, ou abîmer les pièces de rechange. Restez vigilant, certaines pièces nécessitent des compétences et un matériel de soudure adéquat.  LES GARANTIES ReparMonPhone  Nos pièces sont testées, pour une durée de vie optimale. Garanties fonctionnelles, pour une réparation sans tracas. Une politique de retours souples et rapides. "
"Coque arrière iPad Air 4G Blanc";"6618";"6";"EUR";"En stock";"Apple > IPad > iPad Air (2013)";"https://www.pieces2mobile.com/coque-arriere-ipad-air-4g-blanc.html";"https://www.pieces2mobile.com/media/catalog/product/cache/08ce6ea9b7ea9e423fa7c2e2ae0fab3c/i/p/ipad-air-coque-4g-blanc.jpg";"Coque arrière iPad Air 4G Blanc. ReparMonPhone, principal grossiste en pièces de rechange pour mobiles en Europe. Envois gratuits dès 35 euros. Comptes professionnels.";" DIAGNOSTIC DE LA PANNE  Par accident, la coque arrière de votre iPad Air 4G est abîmée, rayée, fissurée ou cassée. La coque arrière de votre smartphone ou tablette Apple n'adhère plus ou se décolle.  Heureusement, cette panne est réparable, et cette coque arrière de qualité vous permet d'en effectuer le dépannage.NOS CONSEILS  Lors de l'achat, il est conseillé de vérifier votre modèle de smartphone/tablette par sa référence plutôt que par son nom. Attention à ne pas pincer ou déchirer les nappes présentes sur la vitre, et donc de les endommager. Pour la pose d'une vitre sans adhésif, pensez à utiliser le bon type de colle (ex: colle B7000 110 ml, ou colle B 7000 50 ml).  LES GARANTIES ReparMonPhone  Nos pièces sont testées, pour une durée de vie optimale. Garanties fonctionnelles, pour une réparation sans tracas. Une politique de retours souples et rapides. º"
"Coque arrière iPad Air 4G Noir";"6617";"18";"EUR";"En stock";"Apple > IPad > iPad Air (2013)";"https://www.pieces2mobile.com/coque-arriere-ipad-air-4g-noir.html";"https://www.pieces2mobile.com/media/catalog/product/cache/08ce6ea9b7ea9e423fa7c2e2ae0fab3c/i/p/ipad-air-coque-4g-noir2.jpg";"Coque arrière iPad Air 4G Noir. ReparMonPhone, principal grossiste en pièces de rechange pour mobiles en Europe. Envois gratuits dès 35 euros. Comptes professionnels.";" DIAGNOSTIC DE LA PANNE  Par accident, la coque arrière de votre iPad Air 4G est abîmée, rayée, fissurée ou cassée. La coque arrière de votre smartphone ou tablette Apple n'adhère plus ou se décolle.  Heureusement, cette panne est réparable, et cette coque arrière de qualité vous permet d'en effectuer le dépannage.NOS CONSEILS  Lors de l'achat, il est conseillé de vérifier votre modèle de smartphone/tablette par sa référence plutôt que par son nom. Attention à ne pas pincer ou déchirer les nappes présentes sur la vitre, et donc de les endommager. Pour la pose d'une vitre sans adhésif, pensez à utiliser le bon type de colle (ex: colle B7000 110 ml, ou colle B 7000 50 ml).  LES GARANTIES ReparMonPhone  Nos pièces sont testées, pour une durée de vie optimale. Garanties fonctionnelles, pour une réparation sans tracas. Une politique de retours souples et rapides. º"
"Adhésif avant (vitre tactile) iPad 3 / 4";"8244";"2.4";"EUR";"Rupture / sur commande";"Apple > IPad > iPad 3 (2012)";"https://www.pieces2mobile.com/adhesif-avant-vitre-tactile-ipad-3-4.html";"https://www.pieces2mobile.com/media/catalog/product/cache/08ce6ea9b7ea9e423fa7c2e2ae0fab3c/a/d/adhesif-tactile-ipad-3-4.jpg";"Adhésif avant (vitre tactile) iPad 3 / 4. ReparMonPhone, principal grossiste en pièces de rechange pour mobiles en Europe. Envois gratuits dès 35 euros. Comptes professionnels.";" DIAGNOSTIC DE LA PANNE  Vous prévoyez de réparer la partie avant de votre iPad 3 / 4, il vous faudra donc recoller la vitre tactile de ce dernier. L'adhésif avant de la vitre tactile de votre smartphone ou tablette Apple n'adhère plus et se décolle.  Heureusement, cette panne est réparable, et cet adhésif avant de qualité, vous permet d'en effectuer le dépannage.NOS CONSEILS  Avant d'utiliser l'adhésif et de coller un écran ou une vitre, il est toujours préférable de tester la pièce remplacée en amont, pour écarter tout incident.  LES GARANTIES ReparMonPhone  Nos pièces sont testées, pour une durée de vie optimale. Garanties fonctionnelles, pour une réparation sans tracas. Une politique de retours souples et rapides. "
"Vitre tactile iPad 3 / iPad 4 Noir";"863";"5.32";"EUR";"En stock";"Apple > IPad > iPad 3 (2012)";"https://www.pieces2mobile.com/vitre-tactile-ipad-3-ipad-4-noir.html";"https://www.pieces2mobile.com/media/catalog/product/cache/08ce6ea9b7ea9e423fa7c2e2ae0fab3c/c/r/cristal-t_ctil-con-bot_n-home-ipad-3-negro.jpg";"Vitre tactile iPad 3 / iPad 4 Noir. ReparMonPhone, principal grossiste en pièces détachées pour mobiles en Europe. Envois gratuits dès 35 euros. Comptes professionnels.";" DIAGNOSTIC DE LA PANNE  Par accident, la vitre tactile de votre iPad 3 / iPad 4 est abîmée, rayée, fissurée ou cassée. La vitre tactile de votre smartphone ou tablette Apple n'adhère plus ou se décolle.  Heureusement, cette panne est réparable, et cette vitre tactile de qualité vous permet d'en effectuer le dépannage.NOS CONSEILS  Lors de l'achat, il est conseillé de vérifier votre modèle de smartphone/tablette par sa référence plutôt que par son nom. Attention à ne pas pincer ou déchirer les nappes présentes sur la vitre, et donc de les endommager. Pour la pose d'une vitre sans adhésif, pensez à utiliser le bon type de colle (ex: colle B7000 110 ml, ou colle B 7000 50 ml).  LES GARANTIES ReparMonPhone  Nos pièces sont testées, pour une durée de vie optimale. Garanties fonctionnelles, pour une réparation sans tracas. Une politique de retours souples et rapides. º"
"Vitre tactile iPad 3 / iPad 4 Blanc";"864";"7.79";"EUR";"En stock";"Apple > IPad > iPad 3 (2012)";"https://www.pieces2mobile.com/vitre-tactile-ipad-3-ipad-4-blanc.html";"https://www.pieces2mobile.com/media/catalog/product/cache/08ce6ea9b7ea9e423fa7c2e2ae0fab3c/c/r/cristal-t_ctil-con-bot_n-home-ipad-3-blanco.jpg";"Vitre tactile iPad 3 / iPad 4 Blanc. ReparMonPhone, principal grossiste en pièces détachées pour mobiles en Europe. Envois gratuits dès 35 euros. Comptes professionnels.";" DIAGNOSTIC DE LA PANNE  Par accident, la vitre tactile de votre iPad 3 / iPad 4 est abîmée, rayée, fissurée ou cassée. La vitre tactile de votre smartphone ou tablette Apple n'adhère plus ou se décolle.  Heureusement, cette panne est réparable, et cette vitre tactile de qualité vous permet d'en effectuer le dépannage.NOS CONSEILS  Lors de l'achat, il est conseillé de vérifier votre modèle de smartphone/tablette par sa référence plutôt que par son nom. Attention à ne pas pincer ou déchirer les nappes présentes sur la vitre, et donc de les endommager. Pour la pose d'une vitre sans adhésif, pensez à utiliser le bon type de colle (ex: colle B7000 110 ml, ou colle B 7000 50 ml).  LES GARANTIES ReparMonPhone  Nos pièces sont testées, pour une durée de vie optimale. Garanties fonctionnelles, pour une réparation sans tracas. Une politique de retours souples et rapides. º"
"Batterie iPad 3 / 4 A1389";"3277";"17.78";"EUR";"En stock";"Apple > IPad > iPad 3 (2012)";"https://www.pieces2mobile.com/batterie-a1389-ipad-3-4-origine.html";"https://www.pieces2mobile.com/media/catalog/product/cache/08ce6ea9b7ea9e423fa7c2e2ae0fab3c/i/p/ipad_3_4_batterie.jpg";"Batterie iPad 3 / 4 A1389. ReparMonPhone, principal grossiste en pièces détachées pour mobiles en Europe. Envois gratuits dès 35 euros. Comptes professionnels.";" Batterie iPad 3 / 4 A1389 neuve Le niveau de la batterie de votre tablette iPad 3 / 4 diminue rapidement et parfois il s’éteint de manière inopinée et vous ne savez pas où trouver une offre de batterie iPad 3 / 4 au meilleur prix ?Sur ReparMonPhone.com bien évidemment ! Leader en vente de pièces détachées de tablettes aux particuliers et professionnels, nous proposons justement la batterie A1458, A1459, A1460, A1416, A1430, A1403. de iPad 3 / 4 Générique. De quoi remplacer rapidement votre batterie de iPad 3 / 4 en fin de vie au prix le plus bas.Afin de réaliser une opération sans surprise, achetez notre batterie A1458, A1459, A1460, A1416, A1430, A1403. de iPad 3 / 4 Générique neuve. Toutes les pièces vendues par ReparMonPhone sont de qualité et permettent de conserver une expérience optimale avec votre tablette Apple iPad 3 / 4.Certains se demandent quel est le site mieux indiqué pour un achat de batterie iPad 3 / 4 pas cher ? De toute évidence ReparMonPhone.com, le partenaire de tous les professionnels de la réparation en France et en Europe. Ajoutez la batterie Générique iPad 3 / 4 à votre panier, validez votre commande et nous la livrons à l’adresse de votre choix dans les plus brefs délais !DIAGNOSTIC DE PANNE DE BATTERIE DE iPad 3 / 4Votre iPad 3 / 4 ne s’allume plus s’il n'est pas en charge ou son autonomie est significativement réduite.Dans les réglages de l’iPad 3 / 4 le pourcentage indiquant la santé de la batterie est bas.L’iPad 3 / 4 s’éteint de lui-même alors que son niveau de batterie est encore conséquent.Heureusement nous avons la solution, notre batterie iPad 3 / 4 vous permet d’en effectuer le remplacement dans de bonnes conditions pour d’excellents résultats.NOS CONSEILS EN MATIÈRE DE REMPLACEMENT DE BATTERIES D’iPad 3 / 4Avant l’achat, il est vivement recommandé de vérifier le modèle exact de la tablette iPad 3 / 4 d’Apple avec la référence de la batterie, car il existe un grand nombre de modèles de tablettes Apple et certaines versions se ressemblent beaucoup et sont parfois confondues.Prenez soin de démonter avec soin la batterie A1458, A1459, A1460, A1416, A1430, A1403. d’iPad 3 / 4, il ne faut surtout pas l’endommager.Lors de la fixation de la batterie d’iPad 3 / 4, faites attention aux petits débris et aux poussières qui peuvent nuire à la cohésion des composants.GARANTIE BATTERIE A1458, A1459, A1460, A1416, A1430, A1403. Générique Apple ReparMonPhoneBatterie d’iPad 3 / 4 Générique état neuf testée et vérifiée avec une qualité et une durée de vie optimale.Assurance du caractère fonctionnel de la batterie Générique, pour retrouver l’autonomie d’un iPad 3 / 4 neuf.Une politique de retour souple et efficace de la batterie Générique iPad 3 / 4.INFORMATIONS SUPPLÉMENTAIRES BATTERIE iPad 3 / 4 Générique neuvesLes batteries A1458, A1459, A1460, A1416, A1430, A1403. neuves sont pourvues d’une charge d’usine, qu’il est conseillé de laisser se décharger complètement.Afin d’améliorer l’optimisation de la batterie, une fois que la charge d’usine atteint les 5 % à 10 %, un cycle de charge complet jusqu’à 100 % sans interruption est recommandé.Par la suite, pour assurer de bonnes performances, il est conseillé d’effectuer autant que possible ces mêmes cycles de charge.Réf. constructeur : A1458, A1459, A1460, A1416, A1430, A1403.Capacité : "
"Nappe Power iPad 3 / 4";"1542";"2.4";"EUR";"En stock";"Apple > IPad > iPad 3 (2012)";"https://www.pieces2mobile.com/nappe-power-ipad-3-4.html";"https://www.pieces2mobile.com/media/catalog/product/cache/08ce6ea9b7ea9e423fa7c2e2ae0fab3c/i/p/ipad4_powerflex_com.jpg";"Nappe Power iPad 3 / 4. ReparMonPhone, principal grossiste en pièces de rechange pour mobiles en Europe. Envois gratuits dès 35 euros. Comptes professionnels.";" DIAGNOSTIC DE LA PANNE  Vous avez abîmé ou endommagé votre iPad 3 / 4 par accident. La nappe Power de votre smartphone ou tablette Apple ne fonctionne plus.  Heureusement, cette panne est réparable, et cette pièce de qualité vous permet d'en effectuer le dépannage.NOS CONSEILS  Lors de l'achat, il est conseillé de vérifier votre modèle de smartphone/tablette par sa référence plutôt que par son nom. Mais aussi de bien vérifier les versions disponibles qui peuvent changer les spécificités des pièces (attention aux confusions comme SIM / SD ou Power / Volume). Attention à ne pas pincer, déchirer les nappes, ou abîmer les pièces de rechange. Restez vigilant, certaines pièces nécessitent des compétences et un matériel de soudure adéquat.  LES GARANTIES ReparMonPhone  Nos pièces sont testées, pour une durée de vie optimale. Garanties fonctionnelles, pour une réparation sans tracas. Une politique de retours souples et rapides. "
"Nappe Jack assemblée iPad 3 / 4 (Wi-Fi)";"8329";"2.4";"EUR";"En stock";"Apple > IPad > iPad 3 (2012)";"https://www.pieces2mobile.com/nappe-jack-assemblee-ipad-3-4-wi-fi.html";"https://www.pieces2mobile.com/media/catalog/product/cache/08ce6ea9b7ea9e423fa7c2e2ae0fab3c/i/p/ipad-wifi-jack.jpg";"Nappe Jack assemblée iPad 3 / 4 (Wi-Fi). ReparMonPhone, principal grossiste en pièces détachées pour mobiles en Europe. Envois gratuits dès 35 euros. Comptes professionnels.";" DIAGNOSTIC DE LA PANNE  Vous avez abîmé ou endommagé votre iPad 3 / 4 par accident. La nappe Jack, assemblée de votre smartphone ou tablette Apple ne fonctionne plus.  Heureusement, cette panne est réparable, et cette pièce de qualité vous permet d'en effectuer le dépannage.NOS CONSEILS  Lors de l'achat, il est conseillé de vérifier votre modèle de smartphone/tablette par sa référence plutôt que par son nom. Mais aussi de bien vérifier les versions disponibles qui peuvent changer les spécificités des pièces (attention aux confusions comme SIM / SD ou Power / Volume). Attention à ne pas pincer, déchirer les nappes, ou abîmer les pièces de rechange. Restez vigilant, certaines pièces nécessitent des compétences et un matériel de soudure adéquat.  LES GARANTIES ReparMonPhone  Nos pièces sont testées, pour une durée de vie optimale. Garanties fonctionnelles, pour une réparation sans tracas. Une politique de retours souples et rapides. "
"Caméra avant iPad 3 / 4";"1539";"2.4";"EUR";"En stock";"Apple > IPad > iPad 3 (2012)";"https://www.pieces2mobile.com/camera-avant-ipad-3-4.html";"https://www.pieces2mobile.com/media/catalog/product/cache/08ce6ea9b7ea9e423fa7c2e2ae0fab3c/1/5/1539.jpg";"Caméra avant iPad 3 / 4. ReparMonPhone, principal grossiste en pièces de rechange pour mobiles en Europe. Envois gratuits dès 35 euros. Comptes professionnels.";" DIAGNOSTIC DE LA PANNE  Depuis quelques temps, la caméra avant de votre iPad 3 / 4 ne fonctionne plus. L'objectif de la caméra est abîmé ou cassé, ce qui vous empêche de prendre des photos. La caméra avant de votre smartphone ou tablette Apple ne semble plus capable de faire une mise au point correcte.  Heureusement, cette panne est réparable, et cette caméra avant de qualité, vous permet d'en effectuer le dépannage.NOS CONSEILS  Que ce soit lors d'une réparation ou dans la vie de tous les jours, il ne faut pas déposer la caméra sur une surface aimantée, afin d'éviter un dérèglement interne. Ne touchez pas directement la caméra avant de la mettre en place, vous éviterez de laisser des traces sur l'objectif.  LES GARANTIES ReparMonPhone  Nos pièces sont testées, pour une durée de vie optimale. Garanties fonctionnelles, pour une réparation sans tracas. Une politique de retours souples et rapides. "
"Caméra arrière iPad 4 / 3";"1940";"2.4";"EUR";"En stock";"Apple > IPad > iPad 3 (2012)";"https://www.pieces2mobile.com/camera-arriere-ipad-4-3.html";"https://www.pieces2mobile.com/media/catalog/product/cache/08ce6ea9b7ea9e423fa7c2e2ae0fab3c/i/p/ipad4_tearcamera_com_1.jpg";"Caméra arrière iPad 4 / 3. ReparMonPhone, principal grossiste en pièces détachées pour mobiles en Europe. Envois gratuits dès 35 euros. Comptes professionnels.";" DIAGNOSTIC DE LA PANNEDepuis quelque temps, la caméra arrière de votre iPad 4 / 3 ne fonctionne plus correctement.L’objectif de la caméra est abîmé, rayé ou cassé, ce qui vous empêche de prendre des photos nettes ou d’utiliser normalement votre appareil.La caméra arrière de votre smartphone ou tablette Apple ne semble plus capable d’effectuer une mise au point correcte.Vous constatez une perte de qualité d’image, un flou permanent ou un dysfonctionnement lors de l’ouverture de l’appareil photo.Heureusement, cette panne est réparable. Cette caméra arrière de remplacement vous permet d’effectuer une remise en état fiable de votre appareil et de retrouver une prise de vue plus nette et plus stable.NOS CONSEILSLors d’une réparation, évitez de poser la caméra sur une surface aimantée, afin de limiter les risques de dérèglement interne.Ne touchez pas directement l’objectif de la caméra arrière au moment de la mise en place, afin d’éviter les traces, poussières ou micro-rayures.Travaillez sur une surface propre et manipulez la pièce avec précaution pour préserver la qualité optique du composant.Avant le remontage définitif, vérifiez le bon positionnement de la caméra pour garantir une utilisation optimale.LES GARANTIES ReparMonPhoneNos pièces sont testées avec soin pour offrir une qualité constante et une durée de vie optimale.Elles sont garanties fonctionnelles pour permettre une réparation plus sereine.Vous bénéficiez d’une politique de retours souples et rapides.ReparMonPhone accompagne les particuliers comme les professionnels avec des pièces détachées sélectionnées avec exigence."
"Nappe HOME iPad 4 ";"1543";"2.4";"EUR";"Rupture / sur commande";"Apple > IPad > iPad 4 (2012)";"https://www.pieces2mobile.com/nappe-home-ipad-4.html";"https://www.pieces2mobile.com/media/catalog/product/cache/08ce6ea9b7ea9e423fa7c2e2ae0fab3c/i/p/ipad4_homeflex_com.jpg";"Nappe HOME iPad 4 . ReparMonPhone, principal grossiste en pièces de rechange pour mobiles en Europe. Envois gratuits dès 35 euros. Comptes professionnels.";" DIAGNOSTIC DE LA PANNE  Vous avez abîmé ou endommagé votre iPad 4 par accident. La nappe HOME de votre smartphone ou tablette Apple ne fonctionne plus.  Heureusement, cette panne est réparable, et cette pièce de qualité vous permet d'en effectuer le dépannage.NOS CONSEILS  Lors de l'achat, il est conseillé de vérifier votre modèle de smartphone/tablette par sa référence plutôt que par son nom. Mais aussi de bien vérifier les versions disponibles qui peuvent changer les spécificités des pièces (attention aux confusions comme SIM / SD ou Power / Volume). Attention à ne pas pincer, déchirer les nappes, ou abîmer les pièces de rechange. Restez vigilant, certaines pièces nécessitent des compétences et un matériel de soudure adéquat.  LES GARANTIES ReparMonPhone  Nos pièces sont testées, pour une durée de vie optimale. Garanties fonctionnelles, pour une réparation sans tracas. Une politique de retours souples et rapides. "
"Nappe SIM iPad 3 / 4";"1551";"2.4";"EUR";"En stock";"Apple > IPad > iPad 3 (2012)";"https://www.pieces2mobile.com/nappe-sim-ipad-3-4.html";"https://www.pieces2mobile.com/media/catalog/product/cache/08ce6ea9b7ea9e423fa7c2e2ae0fab3c/p/s/psd_9.jpg";"Nappe SIM iPad 3 / 4. ReparMonPhone, principal grossiste en pièces détachées pour mobiles en Europe. Envois gratuits dès 35 euros. Comptes professionnels.";" DIAGNOSTIC DE LA PANNE  Vous avez abîmé ou endommagé votre iPad 3 / 4 par accident. La nappe SIM de votre smartphone ou tablette Apple ne fonctionne plus.  Heureusement, cette panne est réparable, et cette pièce de qualité vous permet d'en effectuer le dépannage.NOS CONSEILS  Lors de l'achat, il est conseillé de vérifier votre modèle de smartphone/tablette par sa référence plutôt que par son nom. Mais aussi de bien vérifier les versions disponibles qui peuvent changer les spécificités des pièces (attention aux confusions comme SIM / SD ou Power / Volume). Attention à ne pas pincer, déchirer les nappes, ou abîmer les pièces de rechange. Restez vigilant, certaines pièces nécessitent des compétences et un matériel de soudure adéquat.  LES GARANTIES ReparMonPhone  Nos pièces sont testées, pour une durée de vie optimale. Garanties fonctionnelles, pour une réparation sans tracas. Une politique de retours souples et rapides. "
"Nappe Écouteur interne / Jack iPad 3 / 4";"1622";"2.4";"EUR";"En stock";"Apple > IPad > iPad 3 (2012)";"https://www.pieces2mobile.com/nappe-ecouteur-jack-ipad-3-4.html";"https://www.pieces2mobile.com/media/catalog/product/cache/08ce6ea9b7ea9e423fa7c2e2ae0fab3c/f/l/flexo-auriculares-externos-ipad3-wifi_2_.jpg";"Nappe Écouteur interne / Jack iPad 3 / 4. ReparMonPhone, principal grossiste en pièces de rechange pour mobiles en Europe. Envois gratuits dès 35 euros. Comptes professionnels.";" DIAGNOSTIC DE LA PANNE  Vous avez abîmé ou endommagé votre iPad 3 / 4 par accident. La nappe Écouteur, Jack de votre smartphone ou tablette Apple ne fonctionne plus.  Heureusement, cette panne est réparable, et cette pièce de qualité vous permet d'en effectuer le dépannage.NOS CONSEILS  Lors de l'achat, il est conseillé de vérifier votre modèle de smartphone/tablette par sa référence plutôt que par son nom. Mais aussi de bien vérifier les versions disponibles qui peuvent changer les spécificités des pièces (attention aux confusions comme SIM / SD ou Power / Volume). Attention à ne pas pincer, déchirer les nappes, ou abîmer les pièces de rechange. Restez vigilant, certaines pièces nécessitent des compétences et un matériel de soudure adéquat.  LES GARANTIES ReparMonPhone  Nos pièces sont testées, pour une durée de vie optimale. Garanties fonctionnelles, pour une réparation sans tracas. Une politique de retours souples et rapides. "
"Nappe Antenne Wi-Fi / Bluetooth iPad 3 / 4 ";"1541";"1.2";"EUR";"En stock";"Apple > IPad > iPad 3 (2012)";"https://www.pieces2mobile.com/nappe-antenne-wi-fi-bluetooth-ipad-3-4.html";"https://www.pieces2mobile.com/media/catalog/product/cache/08ce6ea9b7ea9e423fa7c2e2ae0fab3c/p/s/psd_11.jpg";"Nappe Antenne Wi-Fi / Bluetooth iPad 3 / 4 . ReparMonPhone, principal grossiste en pièces de rechange pour mobiles en Europe. Envois gratuits dès 35 euros. Comptes professionnels.";" DIAGNOSTIC DE LA PANNE  Vous avez abîmé ou endommagé votre iPad 3 / 4 par accident. La nappe antenne Wi-Fi, Bluetooth de votre smartphone ou tablette Apple ne fonctionne plus.  Heureusement, cette panne est réparable, et cette pièce de qualité vous permet d'en effectuer le dépannage.NOS CONSEILS  Lors de l'achat, il est conseillé de vérifier votre modèle de smartphone/tablette par sa référence plutôt que par son nom. Mais aussi de bien vérifier les versions disponibles qui peuvent changer les spécificités des pièces (attention aux confusions comme SIM / SD ou Power / Volume). Attention à ne pas pincer, déchirer les nappes, ou abîmer les pièces de rechange. Restez vigilant, certaines pièces nécessitent des compétences et un matériel de soudure adéquat.  LES GARANTIES ReparMonPhone  Nos pièces sont testées, pour une durée de vie optimale. Garanties fonctionnelles, pour une réparation sans tracas. Une politique de retours souples et rapides. "
"Nappe Écouteur interne / Jack / CDMA iPad 2 / 3 / 4";"1624";"2.4";"EUR";"En stock";"Apple > IPad > iPad 3 (2012)";"https://www.pieces2mobile.com/nappe-ecouteur-jack-cdma-ipad-2-3-4.html";"https://www.pieces2mobile.com/media/catalog/product/cache/08ce6ea9b7ea9e423fa7c2e2ae0fab3c/i/p/ipad3_nappeecouteur_com_3.jpg";"Nappe Écouteur interne / Jack / CDMA iPad 2 / 3 / 4. ReparMonPhone, principal grossiste en pièces détachées pour mobiles en Europe. Envois gratuits dès 35 euros. Comptes professionnels.";" DIAGNOSTIC DE LA PANNE  Vous avez abîmé ou endommagé votre iPad 2 / 3 / 4 par accident. La nappe CDMA, Écouteur, Jack de votre smartphone ou tablette Apple ne fonctionne plus.  Heureusement, cette panne est réparable, et cette pièce de qualité vous permet d'en effectuer le dépannage.NOS CONSEILS  Lors de l'achat, il est conseillé de vérifier votre modèle de smartphone/tablette par sa référence plutôt que par son nom. Mais aussi de bien vérifier les versions disponibles qui peuvent changer les spécificités des pièces (attention aux confusions comme SIM / SD ou Power / Volume). Attention à ne pas pincer, déchirer les nappes, ou abîmer les pièces de rechange. Restez vigilant, certaines pièces nécessitent des compétences et un matériel de soudure adéquat.  LES GARANTIES ReparMonPhone  Nos pièces sont testées, pour une durée de vie optimale. Garanties fonctionnelles, pour une réparation sans tracas. Une politique de retours souples et rapides. "
"Nappe Micro iPad 3 / 4 ";"1550";"2.4";"EUR";"En stock";"Apple > IPad > iPad 3 (2012)";"https://www.pieces2mobile.com/nappe-micro-ipad-3-4.html";"https://www.pieces2mobile.com/media/catalog/product/cache/08ce6ea9b7ea9e423fa7c2e2ae0fab3c/i/p/ipad4_micro_com.jpg";"Nappe Micro iPad 3 / 4 . ReparMonPhone, principal grossiste en pièces détachées pour mobiles en Europe. Envois gratuits dès 35 euros. Comptes professionnels.";" DIAGNOSTIC DE LA PANNE  Vous avez abîmé ou endommagé votre iPad 3 / 4 par accident. La nappe micro de votre smartphone ou tablette Apple ne fonctionne plus.  Heureusement, cette panne est réparable, et cette pièce de qualité vous permet d'en effectuer le dépannage.NOS CONSEILS  Lors de l'achat, il est conseillé de vérifier votre modèle de smartphone/tablette par sa référence plutôt que par son nom. Mais aussi de bien vérifier les versions disponibles qui peuvent changer les spécificités des pièces (attention aux confusions comme SIM / SD ou Power / Volume). Attention à ne pas pincer, déchirer les nappes, ou abîmer les pièces de rechange. Restez vigilant, certaines pièces nécessitent des compétences et un matériel de soudure adéquat.  LES GARANTIES ReparMonPhone  Nos pièces sont testées, pour une durée de vie optimale. Garanties fonctionnelles, pour une réparation sans tracas. Une politique de retours souples et rapides. "
"Nappe Antenne GPS iPad 3 / 4 ";"1544";"2.4";"EUR";"En stock";"Apple > IPad > iPad 3 (2012)";"https://www.pieces2mobile.com/nappe-antenne-gps-ipad-3-4.html";"https://www.pieces2mobile.com/media/catalog/product/cache/08ce6ea9b7ea9e423fa7c2e2ae0fab3c/i/p/ipad4_gps_com.jpg";"Nappe Antenne GPS iPad 3 / 4 . ReparMonPhone, principal grossiste en pièces détachées pour mobiles en Europe. Envois gratuits dès 35 euros. Comptes professionnels.";" DIAGNOSTIC DE LA PANNE  Vous avez abîmé ou endommagé votre iPad 3 / 4 par accident. La nappe antenne GPS de votre smartphone ou tablette Apple ne fonctionne plus.  Heureusement, cette panne est réparable, et cette pièce de qualité vous permet d'en effectuer le dépannage.NOS CONSEILS  Lors de l'achat, il est conseillé de vérifier votre modèle de smartphone/tablette par sa référence plutôt que par son nom. Mais aussi de bien vérifier les versions disponibles qui peuvent changer les spécificités des pièces (attention aux confusions comme SIM / SD ou Power / Volume). Attention à ne pas pincer, déchirer les nappes, ou abîmer les pièces de rechange. Restez vigilant, certaines pièces nécessitent des compétences et un matériel de soudure adéquat.  LES GARANTIES ReparMonPhone  Nos pièces sont testées, pour une durée de vie optimale. Garanties fonctionnelles, pour une réparation sans tracas. Une politique de retours souples et rapides. "
"Antenne 3G (Droite) iPad 3 / 4 ";"1613";"2.4";"EUR";"En stock";"Apple > IPad > iPad 3 (2012)";"https://www.pieces2mobile.com/antenne-3g-droite-ipad-3-4.html";"https://www.pieces2mobile.com/media/catalog/product/cache/08ce6ea9b7ea9e423fa7c2e2ae0fab3c/i/p/ipad4_antennedroite_gsm3g_com_1.jpg";"Antenne 3G (Droite) iPad 3 / 4 . ReparMonPhone, principal grossiste en pièces de rechange pour mobiles en Europe. Envois gratuits dès 35 euros. Comptes professionnels.";" DIAGNOSTIC DE LA PANNE  Vous avez abîmé ou endommagé votre iPad 3 / 4 par accident. L'antenne 3G, de droite de votre smartphone ou tablette Apple ne fonctionne plus.  Heureusement, cette panne est réparable, et cette pièce de qualité vous permet d'en effectuer le dépannage.NOS CONSEILS  Lors de l'achat, il est conseillé de vérifier votre modèle de smartphone/tablette par sa référence plutôt que par son nom. Mais aussi de bien vérifier les versions disponibles qui peuvent changer les spécificités des pièces (attention aux confusions comme SIM / SD ou Power / Volume). Attention à ne pas pincer, déchirer les nappes, ou abîmer les pièces de rechange. Restez vigilant, certaines pièces nécessitent des compétences et un matériel de soudure adéquat.  LES GARANTIES ReparMonPhone  Nos pièces sont testées, pour une durée de vie optimale. Garanties fonctionnelles, pour une réparation sans tracas. Une politique de retours souples et rapides. "
"Antenne 3G (Gauche) iPad 3 / 4 ";"1612";"2.4";"EUR";"En stock";"Apple > IPad > iPad 3 (2012)";"https://www.pieces2mobile.com/antenne-3g-gauche-ipad-3-4.html";"https://www.pieces2mobile.com/media/catalog/product/cache/08ce6ea9b7ea9e423fa7c2e2ae0fab3c/i/p/ipad4_antennegauche_gsm3g_ebay.jpg";"Antenne 3G (Gauche) iPad 3 / 4 . ReparMonPhone, principal grossiste en pièces de rechange pour mobiles en Europe. Envois gratuits dès 35 euros. Comptes professionnels.";" DIAGNOSTIC DE LA PANNE  Vous avez abîmé ou endommagé votre iPad 3 / 4 par accident. L'antenne 3G, de gauche de votre smartphone ou tablette Apple ne fonctionne plus.  Heureusement, cette panne est réparable, et cette pièce de qualité vous permet d'en effectuer le dépannage.NOS CONSEILS  Lors de l'achat, il est conseillé de vérifier votre modèle de smartphone/tablette par sa référence plutôt que par son nom. Mais aussi de bien vérifier les versions disponibles qui peuvent changer les spécificités des pièces (attention aux confusions comme SIM / SD ou Power / Volume). Attention à ne pas pincer, déchirer les nappes, ou abîmer les pièces de rechange. Restez vigilant, certaines pièces nécessitent des compétences et un matériel de soudure adéquat.  LES GARANTIES ReparMonPhone  Nos pièces sont testées, pour une durée de vie optimale. Garanties fonctionnelles, pour une réparation sans tracas. Une politique de retours souples et rapides. "
"Apple iPad 3 et 4 Port connecteur LCD a carte mère";"1990";"1.2";"EUR";"En stock";"Apple > IPad > iPad 3 (2012)";"https://www.pieces2mobile.com/apple-ipad-3-et-4-port-connecteur-lcd-a-carte-mere.html";"https://www.pieces2mobile.com/media/catalog/product/cache/08ce6ea9b7ea9e423fa7c2e2ae0fab3c/i/p/ipad3_lcdconnector_com.jpg";"Apple iPad 3 et 4 Port connecteur LCD a carte mère. ReparMonPhone, principal grossiste en pièces de rechange pour mobiles en Europe. Envois gratuits dès 35 euros. Comptes professionnels.";" DIAGNOSTIC DE LA PANNE  Vous avez abîmé ou endommagé votre iPad 3 / 4 par accident. Le connecteur carte mère, LCD de votre smartphone ou tablette Apple ne fonctionne plus.  Heureusement, cette panne est réparable, et cette pièce de qualité vous permet d'en effectuer le dépannage.NOS CONSEILS  Lors de l'achat, il est conseillé de vérifier votre modèle de smartphone/tablette par sa référence plutôt que par son nom. Mais aussi de bien vérifier les versions disponibles qui peuvent changer les spécificités des pièces (attention aux confusions comme SIM / SD ou Power / Volume). Attention à ne pas pincer, déchirer les nappes, ou abîmer les pièces de rechange. Restez vigilant, certaines pièces nécessitent des compétences et un matériel de soudure adéquat.  LES GARANTIES ReparMonPhone  Nos pièces sont testées, pour une durée de vie optimale. Garanties fonctionnelles, pour une réparation sans tracas. Une politique de retours souples et rapides. "
"Bouton Volume iPad 2 / 3 / 4";"5292";"2.4";"EUR";"En stock";"Apple > IPad > iPad 3 (2012)";"https://www.pieces2mobile.com/bouton-volume-ipad-2-3-4.html";"https://www.pieces2mobile.com/media/catalog/product/cache/08ce6ea9b7ea9e423fa7c2e2ae0fab3c/i/p/ipad_3-4_volume_buttoncopy.jpg";"Bouton Volume iPad 2 / 3 / 4. ReparMonPhone, principal grossiste en pièces détachées pour mobiles en Europe. Envois gratuits dès 35 euros. Comptes professionnels.";" DIAGNOSTIC DE LA PANNE  Vous avez abîmé ou endommagé votre iPad 2 / 3 / 4 par accident. Le bouton Volume de votre smartphone ou tablette Apple ne fonctionne plus.  Heureusement, cette panne est réparable, et cette pièce de qualité vous permet d'en effectuer le dépannage.NOS CONSEILS  Lors de l'achat, il est conseillé de vérifier votre modèle de smartphone/tablette par sa référence plutôt que par son nom. Mais aussi de bien vérifier les versions disponibles qui peuvent changer les spécificités des pièces (attention aux confusions comme SIM / SD ou Power / Volume). Attention à ne pas pincer, déchirer les nappes, ou abîmer les pièces de rechange. Restez vigilant, certaines pièces nécessitent des compétences et un matériel de soudure adéquat.  LES GARANTIES ReparMonPhone  Nos pièces sont testées, pour une durée de vie optimale. Garanties fonctionnelles, pour une réparation sans tracas. Une politique de retours souples et rapides. "
"Bouton Hold iPad 2 / 3 / 4";"5291";"2.4";"EUR";"En stock";"Apple > IPad > iPad 3 (2012)";"https://www.pieces2mobile.com/bouton-hold-ipad-2-3-4.html";"https://www.pieces2mobile.com/media/catalog/product/cache/08ce6ea9b7ea9e423fa7c2e2ae0fab3c/i/p/ipad-2-3-mute-button-1.jpg";"Bouton Hold iPad 2 / 3 / 4. ReparMonPhone, principal grossiste en pièces de rechange pour mobiles en Europe. Envois gratuits dès 35 euros. Comptes professionnels.";" DIAGNOSTIC DE LA PANNE  Vous avez abîmé ou endommagé votre iPad 2 / 3 / 4 par accident. Le bouton Hold de votre smartphone ou tablette Apple ne fonctionne plus.  Heureusement, cette panne est réparable, et cette pièce de qualité vous permet d'en effectuer le dépannage.NOS CONSEILS  Lors de l'achat, il est conseillé de vérifier votre modèle de smartphone/tablette par sa référence plutôt que par son nom. Mais aussi de bien vérifier les versions disponibles qui peuvent changer les spécificités des pièces (attention aux confusions comme SIM / SD ou Power / Volume). Attention à ne pas pincer, déchirer les nappes, ou abîmer les pièces de rechange. Restez vigilant, certaines pièces nécessitent des compétences et un matériel de soudure adéquat.  LES GARANTIES ReparMonPhone  Nos pièces sont testées, pour une durée de vie optimale. Garanties fonctionnelles, pour une réparation sans tracas. Une politique de retours souples et rapides. "
"Housse Grainé Mercury Samsung Galaxy Note 10.1 2014 (P600) Blue Jean / Vert Citron";"994";"2.4";"EUR";"Rupture / sur commande";"Apple > IPad > iPad 4 (2012)";"https://www.pieces2mobile.com/housse-graine-mercury-samsung-galaxy-note-10-1-2014-p600-blue-jean-vert-citron.html";"https://www.pieces2mobile.com/media/catalog/product/cache/08ce6ea9b7ea9e423fa7c2e2ae0fab3c/m/e/mercury-tab-grain-jeans-vert.jpg";"Housse Grainé Mercury Samsung Galaxy Note 10.1 2014 (P600) Blue Jean / Vert Citron. ReparMonPhone, principal grossiste en pièces détachées pour mobiles en Europe. Envois gratuits dès 35 euros. Comptes professionnels.";"La photo est non contractuelle, la forme peut changer en fonction du modèle de smartphone (emplacement caméra, etc...), seule l'apparence demeure.CARACTÉRISTIQUESCompatible : Samsung Galaxie Note 10.1 2014 (P600)Inclus : La housse de protectionAvec : Attache dragonne, Ouverture Caméra, Ouverture Charge, Ouverture Écouteur, Ouverture Jack, Rabat magnétique, Rangement porte-cartes, Structure thermo-mouléeMarque : MercuryModèle : /Couleur externe : Blue JeansCouleur interne : Vert CitronTexture : GrainéMatière : Extérieur Simili-cuir / Intérieur Silicone semi-rigideType : /"
"Verre trempé iPad 2 / 3 / 4";"9915";"9.6";"EUR";"Rupture / sur commande";"Apple > IPad > iPad 3 (2012)";"https://www.pieces2mobile.com/verre-trempe-ipad-2-3-4.html";"https://www.pieces2mobile.com/media/catalog/product/cache/08ce6ea9b7ea9e423fa7c2e2ae0fab3c/t/e/tempered-glass_ipad_2.jpg";"Verre trempé iPad 2 / 3 / 4. ReparMonPhone, principal grossiste en pièces détachées pour mobiles en Europe. Envois gratuits dès 35 euros. Comptes professionnels.";"La photo est non contractuelle, la forme peut changer en fonction du modèle de smartphone (emplacement caméra, etc...), seule l'apparence demeure.CARACTÉRISTIQUESCompatible : Apple iPad 2 / 3 / 4Inclus : Le verre trempé de protectionAvec : Technologie 2.5D (Polissage des angles et côtés du verre)Intégrale : NonConfidentiel : NonCouleur : TransparentÉpaisseur : 0.3 mm"
"Housse Grainé Mercury Samsung Galaxy Tab S 8.4 (T700/T705) Noir";"996";"2.4";"EUR";"Rupture / sur commande";"Apple > IPad > iPad 4 (2012)";"https://www.pieces2mobile.com/housse-graine-mercury-samsung-galaxy-tab-s-8-4-t700-t705-noir.html";"https://www.pieces2mobile.com/media/catalog/product/cache/08ce6ea9b7ea9e423fa7c2e2ae0fab3c/m/e/mercury-tab-grain-noir_2.jpg";"Housse Grainé Mercury Samsung Galaxy Tab S 8.4 (T700/T705) Noir. ReparMonPhone, principal grossiste en pièces détachées pour mobiles en Europe. Envois gratuits dès 35 euros. Comptes professionnels.";"La photo est non contractuelle, la forme peut changer en fonction du modèle de smartphone (emplacement caméra, etc...), seule l'apparence demeure.CARACTÉRISTIQUESCompatible : Samsung Galaxy Tab S 8.4 (T700/T705)Inclus : La housse de protectionAvec : Attache dragonne, Ouverture Caméra, Ouverture Charge, Ouverture Écouteur, Ouverture Jack, Rabat magnétique, Rangement porte-cartes, Structure thermo-mouléeMarque : MercuryModèle : /Couleur externe : NoirCouleur interne : NoirTexture : GrainéMatière : Extérieur Simili-cuir / Intérieur Silicone semi-rigideType : /"
"Kit Bouton HOME complet iPad 2 / 3 Blanc";"1547";"2.4";"EUR";"En stock";"Apple > IPad > iPad 3 (2012)";"https://www.pieces2mobile.com/kit-bouton-home-complet-ipad-2-3-blanc.html";"https://www.pieces2mobile.com/media/catalog/product/cache/08ce6ea9b7ea9e423fa7c2e2ae0fab3c/k/i/kit-bouton-home-complet-ipad-2--3-blanc.jpg";"Kit Bouton HOME complet iPad 2 / 3 Blanc. ReparMonPhone, principal grossiste en pièces détachées pour mobiles en Europe. Envois gratuits dès 35 euros. Comptes professionnels.";" DIAGNOSTIC DE LA PANNE  Vous avez abîmé ou endommagé votre iPad 2 / 3 par accident. Le kit  bouton HOME, complet de votre smartphone ou tablette Apple ne fonctionne plus.  Heureusement, cette panne est réparable, et cette pièce de qualité vous permet d'en effectuer le dépannage.NOS CONSEILS  Lors de l'achat, il est conseillé de vérifier votre modèle de smartphone/tablette par sa référence plutôt que par son nom. Mais aussi de bien vérifier les versions disponibles qui peuvent changer les spécificités des pièces (attention aux confusions comme SIM / SD ou Power / Volume). Attention à ne pas pincer, déchirer les nappes, ou abîmer les pièces de rechange. Restez vigilant, certaines pièces nécessitent des compétences et un matériel de soudure adéquat.  LES GARANTIES ReparMonPhone  Nos pièces sont testées, pour une durée de vie optimale. Garanties fonctionnelles, pour une réparation sans tracas. Une politique de retours souples et rapides. "
"Kit Bouton HOME complet iPad 2 / 3 Noir ";"1548";"2.4";"EUR";"En stock";"Apple > IPad > iPad 3 (2012)";"https://www.pieces2mobile.com/kit-bouton-home-complet-ipad-2-3-noir.html";"https://www.pieces2mobile.com/media/catalog/product/cache/08ce6ea9b7ea9e423fa7c2e2ae0fab3c/k/i/kit_bouton_home_complet_ipad_2_3_noir_1.jpg";"Kit Bouton HOME complet iPad 2 / 3 Noir . ReparMonPhone, principal grossiste en pièces de rechange pour mobiles en Europe. Envois gratuits dès 35 euros. Comptes professionnels.";" DIAGNOSTIC DE LA PANNE  Vous avez abîmé ou endommagé votre iPad 2 / 3 par accident. Le kit  bouton HOME, complet de votre smartphone ou tablette Apple ne fonctionne plus.  Heureusement, cette panne est réparable, et cette pièce de qualité vous permet d'en effectuer le dépannage.NOS CONSEILS  Lors de l'achat, il est conseillé de vérifier votre modèle de smartphone/tablette par sa référence plutôt que par son nom. Mais aussi de bien vérifier les versions disponibles qui peuvent changer les spécificités des pièces (attention aux confusions comme SIM / SD ou Power / Volume). Attention à ne pas pincer, déchirer les nappes, ou abîmer les pièces de rechange. Restez vigilant, certaines pièces nécessitent des compétences et un matériel de soudure adéquat.  LES GARANTIES ReparMonPhone  Nos pièces sont testées, pour une durée de vie optimale. Garanties fonctionnelles, pour une réparation sans tracas. Une politique de retours souples et rapides. "
"Batterie iPad 2 A1376";"3008";"14.28";"EUR";"En stock";"Apple > IPad > iPad 2 (2011)";"https://www.pieces2mobile.com/batterie-a1376-ipad-2-origine.html";"https://www.pieces2mobile.com/media/catalog/product/cache/08ce6ea9b7ea9e423fa7c2e2ae0fab3c/i/p/ipad_2_battery.jpg";"Batterie iPad 2 A1376. ReparMonPhone, principal grossiste en pièces détachées pour mobiles en Europe. Envois gratuits dès 35 euros. Comptes professionnels.";" Batterie iPad 2 A1376 neuve Le niveau de la batterie de votre tablette iPad 2 diminue rapidement et parfois il s’éteint de manière inopinée et vous ne savez pas où trouver une offre de batterie iPad 2 au meilleur prix ?Sur ReparMonPhone.com bien évidemment ! Leader en vente de pièces détachées de tablettes aux particuliers et professionnels, nous proposons justement la batterie A1395, A1396, A1397. de iPad 2 Générique. De quoi remplacer rapidement votre batterie de iPad 2 en fin de vie au prix le plus bas.Afin de réaliser une opération sans surprise, achetez notre batterie A1395, A1396, A1397. de iPad 2 Générique neuve. Toutes les pièces vendues par ReparMonPhone sont de qualité et permettent de conserver une expérience optimale avec votre tablette Apple iPad 2.Certains se demandent quel est le site mieux indiqué pour un achat de batterie iPad 2 pas cher ? De toute évidence ReparMonPhone.com, le partenaire de tous les professionnels de la réparation en France et en Europe. Ajoutez la batterie Générique iPad 2 à votre panier, validez votre commande et nous la livrons à l’adresse de votre choix dans les plus brefs délais !DIAGNOSTIC DE PANNE DE BATTERIE DE iPad 2Votre iPad 2 ne s’allume plus s’il n'est pas en charge ou son autonomie est significativement réduite.Dans les réglages de l’iPad 2 le pourcentage indiquant la santé de la batterie est bas.L’iPad 2 s’éteint de lui-même alors que son niveau de batterie est encore conséquent.Heureusement nous avons la solution, notre batterie iPad 2 vous permet d’en effectuer le remplacement dans de bonnes conditions pour d’excellents résultats.NOS CONSEILS EN MATIÈRE DE REMPLACEMENT DE BATTERIES D’iPad 2Avant l’achat, il est vivement recommandé de vérifier le modèle exact de la tablette iPad 2 d’Apple avec la référence de la batterie, car il existe un grand nombre de modèles de tablettes Apple et certaines versions se ressemblent beaucoup et sont parfois confondues.Prenez soin de démonter avec soin la batterie A1395, A1396, A1397. d’iPad 2, il ne faut surtout pas l’endommager.Lors de la fixation de la batterie d’iPad 2, faites attention aux petits débris et aux poussières qui peuvent nuire à la cohésion des composants.GARANTIE BATTERIE A1395, A1396, A1397. Générique Apple ReparMonPhoneBatterie d’iPad 2 Générique état neuf testée et vérifiée avec une qualité et une durée de vie optimale.Assurance du caractère fonctionnel de la batterie Générique, pour retrouver l’autonomie d’un iPad 2 neuf.Une politique de retour souple et efficace de la batterie Générique iPad 2.INFORMATIONS SUPPLÉMENTAIRES BATTERIE iPad 2 Générique neuvesLes batteries A1395, A1396, A1397. neuves sont pourvues d’une charge d’usine, qu’il est conseillé de laisser se décharger complètement.Afin d’améliorer l’optimisation de la batterie, une fois que la charge d’usine atteint les 5 % à 10 %, un cycle de charge complet jusqu’à 100 % sans interruption est recommandé.Par la suite, pour assurer de bonnes performances, il est conseillé d’effectuer autant que possible ces mêmes cycles de charge.Réf. constructeur : A1395, A1396, A1397.Capacité : "
"Vitre tactile iPad 2 Blanc";"585";"8.4";"EUR";"En stock";"Apple > IPad > iPad 2 (2011)";"https://www.pieces2mobile.com/vitre-tactile-ipad-2-blanc.html";"https://www.pieces2mobile.com/media/catalog/product/cache/08ce6ea9b7ea9e423fa7c2e2ae0fab3c/p/s/psd_18.jpg";"Vitre tactile iPad 2 Blanc. ReparMonPhone, principal grossiste en pièces détachées pour mobiles en Europe. Envois gratuits dès 35 euros. Comptes professionnels.";" DIAGNOSTIC DE LA PANNE  Par accident, la vitre tactile de votre iPad 2 est abîmée, rayée, fissurée ou cassée. La vitre tactile de votre smartphone ou tablette Apple n'adhère plus ou se décolle.  Heureusement, cette panne est réparable, et cette vitre tactile de qualité vous permet d'en effectuer le dépannage.NOS CONSEILS  Lors de l'achat, il est conseillé de vérifier votre modèle de smartphone/tablette par sa référence plutôt que par son nom. Attention à ne pas pincer ou déchirer les nappes présentes sur la vitre, et donc de les endommager. Pour la pose d'une vitre sans adhésif, pensez à utiliser le bon type de colle (ex: colle B7000 110 ml, ou colle B 7000 50 ml).  LES GARANTIES ReparMonPhone  Nos pièces sont testées, pour une durée de vie optimale. Garanties fonctionnelles, pour une réparation sans tracas. Une politique de retours souples et rapides. º"
"Vitre tactile iPad 2 Noir";"589";"8.4";"EUR";"En stock";"Apple > IPad > iPad 2 (2011)";"https://www.pieces2mobile.com/vitre-tactile-ipad-2-noir.html";"https://www.pieces2mobile.com/media/catalog/product/cache/08ce6ea9b7ea9e423fa7c2e2ae0fab3c/p/s/psd_10.jpg";"Vitre tactile iPad 2 Noir. ReparMonPhone, principal grossiste en pièces détachées pour mobiles en Europe. Envois gratuits dès 35 euros. Comptes professionnels.";" DIAGNOSTIC DE LA PANNE  Par accident, la vitre tactile de votre iPad 2 est abîmée, rayée, fissurée ou cassée. La vitre tactile de votre smartphone ou tablette Apple n'adhère plus ou se décolle.  Heureusement, cette panne est réparable, et cette vitre tactile de qualité vous permet d'en effectuer le dépannage.NOS CONSEILS  Lors de l'achat, il est conseillé de vérifier votre modèle de smartphone/tablette par sa référence plutôt que par son nom. Attention à ne pas pincer ou déchirer les nappes présentes sur la vitre, et donc de les endommager. Pour la pose d'une vitre sans adhésif, pensez à utiliser le bon type de colle (ex: colle B7000 110 ml, ou colle B 7000 50 ml).  LES GARANTIES ReparMonPhone  Nos pièces sont testées, pour une durée de vie optimale. Garanties fonctionnelles, pour une réparation sans tracas. Une politique de retours souples et rapides. º"
"Afficheur LCD iPad 2 ";"584";"23.38";"EUR";"Rupture / sur commande";"Apple > IPad > iPad 2 (2011)";"https://www.pieces2mobile.com/afficheur-lcd-ipad-2.html";"https://www.pieces2mobile.com/media/catalog/product/cache/08ce6ea9b7ea9e423fa7c2e2ae0fab3c/i/p/ipad_2_lcd_p2m.jpg";"Afficheur LCD iPad 2 . ReparMonPhone, principal grossiste en pièces de rechange pour mobiles en Europe. Envois gratuits dès 35 euros. Comptes professionnels.";" DIAGNOSTIC DE LA PANNE  L'affichage de votre iPad 2  reste inexistant ou totalement noir. Vous avez abîmé, rayé, fissuré ou cassé votre afficheur LCD par accident. L'écran, l'afficheur LCD ou la vitre tactile de votre smartphone ou tablette Apple ne fonctionne plus.  Heureusement, cette panne est réparable, et cet afficheur LCD de qualité vous permet d'en effectuer le dépannage.NOS CONSEILS  Lors de l'achat, il est conseillé de verifier votre modèle de smartphone/tablette par sa référence plutôt que par son nom. Avant toute réparation, un test de l'écran (non monté) est impératif afin de prévenir un éventuel problème lié au dit écran. Attention à ne pas pincer ou déchirer les nappes présentes sur l'écran, et donc de les endommager. Si vous fixer un écran simple sur son châssis pensez à bien nettoyer ce dernier. En effet, les petits débris pourront le casser à nouveau, et les poussières empêcheront une bonne fixation de votre écran.  LES GARANTIES ReparMonPhone  Nos pièces sont testées, pour une durée de vie optimale. Garanties fonctionnelles, pour une réparation sans tracas. Une politique de retours souples et rapides. "
"Nappe connecteur de charge ipad 2";"706";"2.4";"EUR";"Rupture / sur commande";"Apple > IPad > iPad 2 (2011)";"https://www.pieces2mobile.com/nappe-connecteur-de-charge-ipad-2.html";"https://www.pieces2mobile.com/media/catalog/product/cache/08ce6ea9b7ea9e423fa7c2e2ae0fab3c/6/6/666.jpg";"Nappe connecteur de charge ipad 2. ReparMonPhone, principal grossiste en pièces détachées pour mobiles en Europe. Envois gratuits dès 35 euros. Comptes professionnels.";" DIAGNOSTIC DE LA PANNE  Vous avez abîmé ou endommagé votre iPad 2 par accident. La nappe Charge de votre smartphone ou tablette Apple ne fonctionne plus.  Heureusement, cette panne est réparable, et cette pièce de qualité vous permet d'en effectuer le dépannage.NOS CONSEILS  Lors de l'achat, il est conseillé de vérifier votre modèle de smartphone/tablette par sa référence plutôt que par son nom. Mais aussi de bien vérifier les versions disponibles qui peuvent changer les spécificités des pièces (attention aux confusions comme SIM / SD ou Power / Volume). Attention à ne pas pincer, déchirer les nappes, ou abîmer les pièces de rechange. Restez vigilant, certaines pièces nécessitent des compétences et un matériel de soudure adéquat.  LES GARANTIES ReparMonPhone  Nos pièces sont testées, pour une durée de vie optimale. Garanties fonctionnelles, pour une réparation sans tracas. Une politique de retours souples et rapides. "
"iPad 2 NAPPE POWER VOLUME VIBREUR WiFi 3G VERSION FIN 2012 et CDMA";"1488";"1.2";"EUR";"En stock";"Apple > IPad > iPad 2 (2011)";"https://www.pieces2mobile.com/ipad-2-nappe-power-volume-vibreur-wifi-3g-version-fin-2012-et-cdma.html";"https://www.pieces2mobile.com/media/catalog/product/cache/08ce6ea9b7ea9e423fa7c2e2ae0fab3c/i/p/ipad_2_power_flex_2.jpg";"iPad 2 NAPPE POWER VOLUME VIBREUR WiFi 3G VERSION FIN 2012 et CDMA. ReparMonPhone, principal grossiste en pièces détachées pour mobiles en Europe. Envois gratuits dès 35 euros. Comptes professionnels.";" DIAGNOSTIC DE LA PANNE  Vous avez abîmé ou endommagé votre IPad 2 par accident. La nappe CDMA, Power, Volume de votre smartphone ou tablette Apple ne fonctionne plus.  Heureusement, cette panne est réparable, et cette pièce de qualité vous permet d'en effectuer le dépannage.NOS CONSEILS  Lors de l'achat, il est conseillé de vérifier votre modèle de smartphone/tablette par sa référence plutôt que par son nom. Mais aussi de bien vérifier les versions disponibles qui peuvent changer les spécificités des pièces (attention aux confusions comme SIM / SD ou Power / Volume). Attention à ne pas pincer, déchirer les nappes, ou abîmer les pièces de rechange. Restez vigilant, certaines pièces nécessitent des compétences et un matériel de soudure adéquat.  LES GARANTIES ReparMonPhone  Nos pièces sont testées, pour une durée de vie optimale. Garanties fonctionnelles, pour une réparation sans tracas. Une politique de retours souples et rapides. "
"Caméra avant iPad 2 Wi-Fi / 3G";"710";"2.4";"EUR";"En stock";"Apple > IPad > iPad 2 (2011)";"https://www.pieces2mobile.com/camera-avant-ipad-2-wifi-3g.html";"https://www.pieces2mobile.com/media/catalog/product/cache/08ce6ea9b7ea9e423fa7c2e2ae0fab3c/6/6/669.jpg";"Caméra avant iPad 2 Wi-Fi / 3G. ReparMonPhone, principal grossiste en pièces de rechange pour mobiles en Europe. Envois gratuits dès 35 euros. Comptes professionnels.";" DIAGNOSTIC DE LA PANNE  Depuis quelques temps, la caméra avant de votre iPad 2 wifi / 3G ne fonctionne plus. L'objectif de la caméra est abîmé ou cassé, ce qui vous empêche de prendre des photos. La caméra avant de votre smartphone ou tablette Apple ne semble plus capable de faire une mise au point correcte.  Heureusement, cette panne est réparable, et cette caméra avant de qualité, vous permet d'en effectuer le dépannage.NOS CONSEILS  Que ce soit lors d'une réparation ou dans la vie de tous les jours, il ne faut pas déposer la caméra sur une surface aimantée, afin d'éviter un dérèglement interne. Ne touchez pas directement la caméra avant de la mettre en place, vous éviterez de laisser des traces sur l'objectif.  LES GARANTIES ReparMonPhone  Nos pièces sont testées, pour une durée de vie optimale. Garanties fonctionnelles, pour une réparation sans tracas. Une politique de retours souples et rapides. "
"Nappe Jack complète iPad 2";"8070";"2.4";"EUR";"Rupture / sur commande";"Apple > IPad > iPad 2 (2011)";"https://www.pieces2mobile.com/nappe-jack-complete-ipad-2.html";"https://www.pieces2mobile.com/media/catalog/product/cache/08ce6ea9b7ea9e423fa7c2e2ae0fab3c/i/p/ipad_2_jack_complete_1.jpg";"Nappe Jack complète iPad 2. ReparMonPhone, principal grossiste en pièces détachées pour mobiles en Europe. Envois gratuits dès 35 euros. Comptes professionnels.";" DIAGNOSTIC DE LA PANNE  Vous avez abîmé ou endommagé votre iPad 2 par accident. La nappe complète, Jack de votre smartphone ou tablette Apple ne fonctionne plus.  Heureusement, cette panne est réparable, et cette pièce de qualité vous permet d'en effectuer le dépannage.NOS CONSEILS  Lors de l'achat, il est conseillé de vérifier votre modèle de smartphone/tablette par sa référence plutôt que par son nom. Mais aussi de bien vérifier les versions disponibles qui peuvent changer les spécificités des pièces (attention aux confusions comme SIM / SD ou Power / Volume). Attention à ne pas pincer, déchirer les nappes, ou abîmer les pièces de rechange. Restez vigilant, certaines pièces nécessitent des compétences et un matériel de soudure adéquat.  LES GARANTIES ReparMonPhone  Nos pièces sont testées, pour une durée de vie optimale. Garanties fonctionnelles, pour une réparation sans tracas. Une politique de retours souples et rapides. "
"Nappe flex jack prise casque ipad 2 wifi";"712";"2.4";"EUR";"En stock";"Apple > IPad > iPad 2 (2011)";"https://www.pieces2mobile.com/nappe-flex-jack-prise-casque-ipad-2-wifi.html";"https://www.pieces2mobile.com/media/catalog/product/cache/08ce6ea9b7ea9e423fa7c2e2ae0fab3c/6/7/671.jpg";"Nappe flex jack prise casque ipad 2 wifi. ReparMonPhone, principal grossiste en pièces de rechange pour mobiles en Europe. Envois gratuits dès 35 euros. Comptes professionnels.";" DIAGNOSTIC DE LA PANNE  Vous avez abîmé ou endommagé votre iPad 2 par accident. La nappe Jack de votre smartphone ou tablette Apple ne fonctionne plus.  Heureusement, cette panne est réparable, et cette pièce de qualité vous permet d'en effectuer le dépannage.NOS CONSEILS  Lors de l'achat, il est conseillé de vérifier votre modèle de smartphone/tablette par sa référence plutôt que par son nom. Mais aussi de bien vérifier les versions disponibles qui peuvent changer les spécificités des pièces (attention aux confusions comme SIM / SD ou Power / Volume). Attention à ne pas pincer, déchirer les nappes, ou abîmer les pièces de rechange. Restez vigilant, certaines pièces nécessitent des compétences et un matériel de soudure adéquat.  LES GARANTIES ReparMonPhone  Nos pièces sont testées, pour une durée de vie optimale. Garanties fonctionnelles, pour une réparation sans tracas. Une politique de retours souples et rapides. "
"Caméra arrière iPad 2 Wi-Fi / 3G";"709";"2.4";"EUR";"En stock";"Apple > IPad > iPad 2 (2011)";"https://www.pieces2mobile.com/camera-arriere-ipad-2-wifi-3g.html";"https://www.pieces2mobile.com/media/catalog/product/cache/08ce6ea9b7ea9e423fa7c2e2ae0fab3c/6/6/668.jpg";"Caméra arrière iPad 2 Wi-Fi / 3G. ReparMonPhone, principal grossiste en pièces détachées pour mobiles en Europe. Envois gratuits dès 35 euros. Comptes professionnels.";" DIAGNOSTIC DE LA PANNEDepuis quelque temps, la caméra arrière de votre iPad 2 wifi / 3G ne fonctionne plus correctement.L’objectif de la caméra est abîmé, rayé ou cassé, ce qui vous empêche de prendre des photos nettes ou d’utiliser normalement votre appareil.La caméra arrière de votre smartphone ou tablette Apple ne semble plus capable d’effectuer une mise au point correcte.Vous constatez une perte de qualité d’image, un flou permanent ou un dysfonctionnement lors de l’ouverture de l’appareil photo.Heureusement, cette panne est réparable. Cette caméra arrière de remplacement vous permet d’effectuer une remise en état fiable de votre appareil et de retrouver une prise de vue plus nette et plus stable.NOS CONSEILSLors d’une réparation, évitez de poser la caméra sur une surface aimantée, afin de limiter les risques de dérèglement interne.Ne touchez pas directement l’objectif de la caméra arrière au moment de la mise en place, afin d’éviter les traces, poussières ou micro-rayures.Travaillez sur une surface propre et manipulez la pièce avec précaution pour préserver la qualité optique du composant.Avant le remontage définitif, vérifiez le bon positionnement de la caméra pour garantir une utilisation optimale.LES GARANTIES ReparMonPhoneNos pièces sont testées avec soin pour offrir une qualité constante et une durée de vie optimale.Elles sont garanties fonctionnelles pour permettre une réparation plus sereine.Vous bénéficiez d’une politique de retours souples et rapides.ReparMonPhone accompagne les particuliers comme les professionnels avec des pièces détachées sélectionnées avec exigence."
"Nappe SIM / Jack iPad 2";"9363";"1.2";"EUR";"En stock";"Apple > IPad > iPad 2 (2011)";"https://www.pieces2mobile.com/nappe-sim-jack-ipad-2.html";"https://www.pieces2mobile.com/media/catalog/product/cache/08ce6ea9b7ea9e423fa7c2e2ae0fab3c/i/p/ipad-2-nappe-prise-jack-sim.jpg";"Nappe SIM / Jack iPad 2. ReparMonPhone, principal grossiste en pièces de rechange pour mobiles en Europe. Envois gratuits dès 35 euros. Comptes professionnels.";" DIAGNOSTIC DE LA PANNE  Vous avez abîmé ou endommagé votre iPad 2 par accident. La nappe SIM de votre smartphone ou tablette Apple ne fonctionne plus.  Heureusement, cette panne est réparable, et cette pièce de qualité vous permet d'en effectuer le dépannage.NOS CONSEILS  Lors de l'achat, il est conseillé de vérifier votre modèle de smartphone/tablette par sa référence plutôt que par son nom. Mais aussi de bien vérifier les versions disponibles qui peuvent changer les spécificités des pièces (attention aux confusions comme SIM / SD ou Power / Volume). Attention à ne pas pincer, déchirer les nappes, ou abîmer les pièces de rechange. Restez vigilant, certaines pièces nécessitent des compétences et un matériel de soudure adéquat.  LES GARANTIES ReparMonPhone  Nos pièces sont testées, pour une durée de vie optimale. Garanties fonctionnelles, pour une réparation sans tracas. Une politique de retours souples et rapides. "
"NAPPE WIFI iPad 2";"688";"4.12";"EUR";"Rupture / sur commande";"Apple > IPad > iPad 2 (2011)";"https://www.pieces2mobile.com/nappe-wifi-ipad-2.html";"https://www.pieces2mobile.com/media/catalog/product/cache/08ce6ea9b7ea9e423fa7c2e2ae0fab3c/6/4/649.jpg";"NAPPE WIFI iPad 2. ReparMonPhone, principal grossiste en pièces de rechange pour mobiles en Europe. Envois gratuits dès 35 euros. Comptes professionnels.";" DIAGNOSTIC DE LA PANNE  Vous avez abîmé ou endommagé votre iPad 2 par accident. La nappe Wi-Fi de votre smartphone ou tablette Apple ne fonctionne plus.  Heureusement, cette panne est réparable, et cette pièce de qualité vous permet d'en effectuer le dépannage.NOS CONSEILS  Lors de l'achat, il est conseillé de vérifier votre modèle de smartphone/tablette par sa référence plutôt que par son nom. Mais aussi de bien vérifier les versions disponibles qui peuvent changer les spécificités des pièces (attention aux confusions comme SIM / SD ou Power / Volume). Attention à ne pas pincer, déchirer les nappes, ou abîmer les pièces de rechange. Restez vigilant, certaines pièces nécessitent des compétences et un matériel de soudure adéquat.  LES GARANTIES ReparMonPhone  Nos pièces sont testées, pour une durée de vie optimale. Garanties fonctionnelles, pour une réparation sans tracas. Une politique de retours souples et rapides. "
"Nappe LCD iPad 2 (3G/Wi-Fi)";"707";"1.2";"EUR";"En stock";"Apple > IPad > iPad 2 (2011)";"https://www.pieces2mobile.com/nappe-lcd-ipad-2-3g-wi-fi.html";"https://www.pieces2mobile.com/media/catalog/product/cache/08ce6ea9b7ea9e423fa7c2e2ae0fab3c/f/l/flexo-conector-de-lcd-ipad2.jpg";"Nappe LCD iPad 2 (3G/Wi-Fi). ReparMonPhone, principal grossiste en pièces de rechange pour mobiles en Europe. Envois gratuits dès 35 euros. Comptes professionnels.";" DIAGNOSTIC DE LA PANNE  Vous avez abîmé ou endommagé votre iPad 2 par accident. La nappe LCD de votre smartphone ou tablette Apple ne fonctionne plus.  Heureusement, cette panne est réparable, et cette pièce de qualité vous permet d'en effectuer le dépannage.NOS CONSEILS  Lors de l'achat, il est conseillé de vérifier votre modèle de smartphone/tablette par sa référence plutôt que par son nom. Mais aussi de bien vérifier les versions disponibles qui peuvent changer les spécificités des pièces (attention aux confusions comme SIM / SD ou Power / Volume). Attention à ne pas pincer, déchirer les nappes, ou abîmer les pièces de rechange. Restez vigilant, certaines pièces nécessitent des compétences et un matériel de soudure adéquat.  LES GARANTIES ReparMonPhone  Nos pièces sont testées, pour une durée de vie optimale. Garanties fonctionnelles, pour une réparation sans tracas. Une politique de retours souples et rapides. "
"Haut-parleur iPad 2 ";"9723";"1.2";"EUR";"En stock";"Apple > IPad > iPad 2 (2011)";"https://www.pieces2mobile.com/haut-parleur-ipad-2.html";"https://www.pieces2mobile.com/media/catalog/product/cache/08ce6ea9b7ea9e423fa7c2e2ae0fab3c/i/p/ipad-2.jpg";"Haut-parleur iPad 2 . ReparMonPhone, principal grossiste en pièces de rechange pour mobiles en Europe. Envois gratuits dès 35 euros. Comptes professionnels.";" DIAGNOSTIC DE LA PANNE  Vous avez abîmé ou endommagé votre iPad 2  par accident. Le haut-parleur  de votre smartphone ou tablette Apple ne fonctionne plus.  Heureusement, cette panne est réparable, et cette pièce de qualité vous permet d'en effectuer le dépannage.NOS CONSEILS  Lors de l'achat, il est conseillé de vérifier votre modèle de smartphone/tablette par sa référence plutôt que par son nom. Mais aussi de bien vérifier les versions disponibles qui peuvent changer les spécificités des pièces (attention aux confusions comme SIM / SD ou Power / Volume). Attention à ne pas pincer, déchirer les nappes, ou abîmer les pièces de rechange. Restez vigilant, certaines pièces nécessitent des compétences et un matériel de soudure adéquat.  LES GARANTIES ReparMonPhone  Nos pièces sont testées, pour une durée de vie optimale. Garanties fonctionnelles, pour une réparation sans tracas. Une politique de retours souples et rapides. "
"iPad Nappe VOLUME, POWER,VERROU MUTE";"562";"2.4";"EUR";"En stock";"Apple > IPad > iPad (2010)";"https://www.pieces2mobile.com/ipad-nappe-volume-power-verrou-mute.html";"https://www.pieces2mobile.com/media/catalog/product/cache/08ce6ea9b7ea9e423fa7c2e2ae0fab3c/5/2/528.jpg";"iPad Nappe VOLUME, POWER,VERROU MUTE. ReparMonPhone, principal grossiste en pièces détachées pour mobiles en Europe. Envois gratuits dès 35 euros. Comptes professionnels.";" DIAGNOSTIC DE LA PANNE  Vous avez abîmé ou endommagé votre iPad par accident. La nappe Power, Vibreur, Volume de votre smartphone ou tablette Apple ne fonctionne plus.  Heureusement, cette panne est réparable, et cette pièce de qualité vous permet d'en effectuer le dépannage.NOS CONSEILS  Lors de l'achat, il est conseillé de vérifier votre modèle de smartphone/tablette par sa référence plutôt que par son nom. Mais aussi de bien vérifier les versions disponibles qui peuvent changer les spécificités des pièces (attention aux confusions comme SIM / SD ou Power / Volume). Attention à ne pas pincer, déchirer les nappes, ou abîmer les pièces de rechange. Restez vigilant, certaines pièces nécessitent des compétences et un matériel de soudure adéquat.  LES GARANTIES ReparMonPhone  Nos pièces sont testées, pour une durée de vie optimale. Garanties fonctionnelles, pour une réparation sans tracas. Une politique de retours souples et rapides. "
"Antenne 3G / GSM (Gauche) iPad 2 (3G)";"1699";"2.4";"EUR";"En stock";"Apple > IPad > iPad 2 (2011)";"https://www.pieces2mobile.com/antenne-3g-gsm-gauche-ipad-2-3g.html";"https://www.pieces2mobile.com/media/catalog/product/cache/08ce6ea9b7ea9e423fa7c2e2ae0fab3c/i/p/ipad2_antennegauche_com.jpg";"Antenne 3G / GSM (Gauche) iPad 2 (3G). ReparMonPhone, principal grossiste en pièces détachées pour mobiles en Europe. Envois gratuits dès 35 euros. Comptes professionnels.";" DIAGNOSTIC DE LA PANNE  Vous avez abîmé ou endommagé votre iPad 2 (3G) par accident. L'antenne 3G, GSM, de gauche de votre smartphone ou tablette Apple ne fonctionne plus.  Heureusement, cette panne est réparable, et cette pièce de qualité vous permet d'en effectuer le dépannage.NOS CONSEILS  Lors de l'achat, il est conseillé de vérifier votre modèle de smartphone/tablette par sa référence plutôt que par son nom. Mais aussi de bien vérifier les versions disponibles qui peuvent changer les spécificités des pièces (attention aux confusions comme SIM / SD ou Power / Volume). Attention à ne pas pincer, déchirer les nappes, ou abîmer les pièces de rechange. Restez vigilant, certaines pièces nécessitent des compétences et un matériel de soudure adéquat.  LES GARANTIES ReparMonPhone  Nos pièces sont testées, pour une durée de vie optimale. Garanties fonctionnelles, pour une réparation sans tracas. Une politique de retours souples et rapides. "
"Carte fille iPad 2 (3G)";"1908";"2.4";"EUR";"En stock";"Apple > IPad > iPad 2 (2011)";"https://www.pieces2mobile.com/carte-fille-ipad-2-3g.html";"https://www.pieces2mobile.com/media/catalog/product/cache/08ce6ea9b7ea9e423fa7c2e2ae0fab3c/c/a/carte_fille_ipad_2_3g_1_.jpg";"Carte fille iPad 2 (3G). ReparMonPhone, principal grossiste en pièces détachées pour mobiles en Europe. Envois gratuits dès 35 euros. Comptes professionnels.";" DIAGNOSTIC DE LA PANNE  Vous avez abîmé ou endommagé votre iPad 2 par accident. La carte fille 3G de votre smartphone ou tablette Apple ne fonctionne plus.  Heureusement, cette panne est réparable, et cette pièce de qualité vous permet d'en effectuer le dépannage.NOS CONSEILS  Lors de l'achat, il est conseillé de vérifier votre modèle de smartphone/tablette par sa référence plutôt que par son nom. Mais aussi de bien vérifier les versions disponibles qui peuvent changer les spécificités des pièces (attention aux confusions comme SIM / SD ou Power / Volume). Attention à ne pas pincer, déchirer les nappes, ou abîmer les pièces de rechange. Restez vigilant, certaines pièces nécessitent des compétences et un matériel de soudure adéquat.  LES GARANTIES ReparMonPhone  Nos pièces sont testées, pour une durée de vie optimale. Garanties fonctionnelles, pour une réparation sans tracas. Une politique de retours souples et rapides. "
"Résistance V3 (Rétro-éclairage) iPad 2";"8098";"2.4";"EUR";"En stock";"Apple > IPad > iPad 2 (2011)";"https://www.pieces2mobile.com/resistance-v3-retro-eclairage-ipad-2.html";"https://www.pieces2mobile.com/media/catalog/product/cache/08ce6ea9b7ea9e423fa7c2e2ae0fab3c/i/p/ipad-2-ic.jpg";"Résistance V3 (Rétro-éclairage) iPad 2. ReparMonPhone, principal grossiste en pièces de rechange pour mobiles en Europe. Envois gratuits dès 35 euros. Comptes professionnels.";"Attention : Dans la cadre d'une réparation pour un problème de rétro-éclairage sur l'iPad, si vos habituelles premières tentatives restent en echec ainsi que le changement du composant IC, alors celui de cette résistance peut résoudre le problème.DIAGNOSTIC DE LA PANNE  Vous avez abîmé ou endommagé votre iPad 2 par accident. La résistance  de votre smartphone ou tablette Apple ne fonctionne plus.  Heureusement, cette panne est réparable, et cette pièce de qualité vous permet d'en effectuer le dépannage.NOS CONSEILS  Lors de l'achat, il est conseillé de vérifier votre modèle de smartphone/tablette par sa référence plutôt que par son nom. Mais aussi de bien vérifier les versions disponibles qui peuvent changer les spécificités des pièces (attention aux confusions comme SIM / SD ou Power / Volume). Attention à ne pas pincer, déchirer les nappes, ou abîmer les pièces de rechange. Restez vigilant, certaines pièces nécessitent des compétences et un matériel de soudure adéquat.  LES GARANTIES ReparMonPhone  Nos pièces sont testées, pour une durée de vie optimale. Garanties fonctionnelles, pour une réparation sans tracas. Une politique de retours souples et rapides. "
"Apple iPad 2 Port connecteur LCD sur carte mère.";"1910";"2.4";"EUR";"En stock";"Apple > IPad > iPad 2 (2011)";"https://www.pieces2mobile.com/apple-ipad-2-port-connecteur-lcd-sur-carte-mere.html";"https://www.pieces2mobile.com/media/catalog/product/cache/08ce6ea9b7ea9e423fa7c2e2ae0fab3c/i/p/ipad2_brocheor_com.jpg";"Apple iPad 2 Port connecteur LCD sur carte mère.. ReparMonPhone, principal grossiste en pièces détachées pour mobiles en Europe. Envois gratuits dès 35 euros. Comptes professionnels.";" DIAGNOSTIC DE LA PANNE  Vous avez abîmé ou endommagé votre iPad 2 par accident. Le connecteur carte mère, LCD de votre smartphone ou tablette Apple ne fonctionne plus.  Heureusement, cette panne est réparable, et cette pièce de qualité vous permet d'en effectuer le dépannage.NOS CONSEILS  Lors de l'achat, il est conseillé de vérifier votre modèle de smartphone/tablette par sa référence plutôt que par son nom. Mais aussi de bien vérifier les versions disponibles qui peuvent changer les spécificités des pièces (attention aux confusions comme SIM / SD ou Power / Volume). Attention à ne pas pincer, déchirer les nappes, ou abîmer les pièces de rechange. Restez vigilant, certaines pièces nécessitent des compétences et un matériel de soudure adéquat.  LES GARANTIES ReparMonPhone  Nos pièces sont testées, pour une durée de vie optimale. Garanties fonctionnelles, pour une réparation sans tracas. Une politique de retours souples et rapides. "
"Carte fille iPad 2 (Wi-Fi)";"1909";"2.4";"EUR";"En stock";"Apple > IPad > iPad 2 (2011)";"https://www.pieces2mobile.com/carte-fille-ipad-2-wi-fi.html";"https://www.pieces2mobile.com/media/catalog/product/cache/08ce6ea9b7ea9e423fa7c2e2ae0fab3c/c/a/carte_fille_ipad_2_wifi_1_.jpg";"Carte fille iPad 2 (Wi-Fi). ReparMonPhone, principal grossiste en pièces de rechange pour mobiles en Europe. Envois gratuits dès 35 euros. Comptes professionnels.";" DIAGNOSTIC DE LA PANNE  Vous avez abîmé ou endommagé votre iPad 2 par accident. La carte fille Wi-Fi de votre smartphone ou tablette Apple ne fonctionne plus.  Heureusement, cette panne est réparable, et cette pièce de qualité vous permet d'en effectuer le dépannage.NOS CONSEILS  Lors de l'achat, il est conseillé de vérifier votre modèle de smartphone/tablette par sa référence plutôt que par son nom. Mais aussi de bien vérifier les versions disponibles qui peuvent changer les spécificités des pièces (attention aux confusions comme SIM / SD ou Power / Volume). Attention à ne pas pincer, déchirer les nappes, ou abîmer les pièces de rechange. Restez vigilant, certaines pièces nécessitent des compétences et un matériel de soudure adéquat.  LES GARANTIES ReparMonPhone  Nos pièces sont testées, pour une durée de vie optimale. Garanties fonctionnelles, pour une réparation sans tracas. Une politique de retours souples et rapides. "
"Rétro-éclairage IC (4R7) iPad 2";"6463";"2.4";"EUR";"En stock";"Apple > IPad > iPad 2 (2011)";"https://www.pieces2mobile.com/retro-eclairage-ic-4r7-ipad-2.html";"https://www.pieces2mobile.com/media/catalog/product/cache/08ce6ea9b7ea9e423fa7c2e2ae0fab3c/i/c/ic-6463.jpg";"Rétro-éclairage IC (4R7) iPad 2. ReparMonPhone, principal grossiste en pièces détachées pour mobiles en Europe. Envois gratuits dès 35 euros. Comptes professionnels.";" DIAGNOSTIC DE LA PANNE  Vous avez abîmé ou endommagé votre iPad 2 par accident. Le composant IC de votre smartphone ou tablette Apple ne fonctionne plus.  Heureusement, cette panne est réparable, et cette pièce de qualité vous permet d'en effectuer le dépannage.NOS CONSEILS  Lors de l'achat, il est conseillé de vérifier votre modèle de smartphone/tablette par sa référence plutôt que par son nom. Mais aussi de bien vérifier les versions disponibles qui peuvent changer les spécificités des pièces (attention aux confusions comme SIM / SD ou Power / Volume). Attention à ne pas pincer, déchirer les nappes, ou abîmer les pièces de rechange. Restez vigilant, certaines pièces nécessitent des compétences et un matériel de soudure adéquat.  LES GARANTIES ReparMonPhone  Nos pièces sont testées, pour une durée de vie optimale. Garanties fonctionnelles, pour une réparation sans tracas. Une politique de retours souples et rapides. "
"Nappe Flex Connecteur ecran LCD pour iPad Wi-Fi et iPad 3G ";"635";"2.4";"EUR";"En stock";"Apple > IPad > iPad (2010)";"https://www.pieces2mobile.com/nappe-flex-connecteur-ecran-lcd-pour-ipad-wi-fi-et-ipad-3g.html";"https://www.pieces2mobile.com/media/catalog/product/cache/08ce6ea9b7ea9e423fa7c2e2ae0fab3c/6/0/600.jpg";"Nappe Flex Connecteur ecran LCD pour iPad Wi-Fi et iPad 3G . ReparMonPhone, principal grossiste en pièces de rechange pour mobiles en Europe. Envois gratuits dès 35 euros. Comptes professionnels.";" DIAGNOSTIC DE LA PANNE  Vous avez abîmé ou endommagé votre iPad par accident. La nappe LCD de votre smartphone ou tablette Apple ne fonctionne plus.  Heureusement, cette panne est réparable, et cette pièce de qualité vous permet d'en effectuer le dépannage.NOS CONSEILS  Lors de l'achat, il est conseillé de vérifier votre modèle de smartphone/tablette par sa référence plutôt que par son nom. Mais aussi de bien vérifier les versions disponibles qui peuvent changer les spécificités des pièces (attention aux confusions comme SIM / SD ou Power / Volume). Attention à ne pas pincer, déchirer les nappes, ou abîmer les pièces de rechange. Restez vigilant, certaines pièces nécessitent des compétences et un matériel de soudure adéquat.  LES GARANTIES ReparMonPhone  Nos pièces sont testées, pour une durée de vie optimale. Garanties fonctionnelles, pour une réparation sans tracas. Une politique de retours souples et rapides. "
"IPAD WiFi nappe HOME Flex iPad 3G ";"592";"2.4";"EUR";"En stock";"Apple > IPad > iPad (2010)";"https://www.pieces2mobile.com/ipad-wifi-nappe-home-flex-ipad-3g.html";"https://www.pieces2mobile.com/media/catalog/product/cache/08ce6ea9b7ea9e423fa7c2e2ae0fab3c/5/5/558.jpg";"IPAD WiFi nappe HOME Flex iPad 3G . ReparMonPhone, principal grossiste en pièces détachées pour mobiles en Europe. Envois gratuits dès 35 euros. Comptes professionnels.";" DIAGNOSTIC DE LA PANNE  Vous avez abîmé ou endommagé votre iPad par accident. La nappe HOME de votre smartphone ou tablette Apple ne fonctionne plus.  Heureusement, cette panne est réparable, et cette pièce de qualité vous permet d'en effectuer le dépannage.NOS CONSEILS  Lors de l'achat, il est conseillé de vérifier votre modèle de smartphone/tablette par sa référence plutôt que par son nom. Mais aussi de bien vérifier les versions disponibles qui peuvent changer les spécificités des pièces (attention aux confusions comme SIM / SD ou Power / Volume). Attention à ne pas pincer, déchirer les nappes, ou abîmer les pièces de rechange. Restez vigilant, certaines pièces nécessitent des compétences et un matériel de soudure adéquat.  LES GARANTIES ReparMonPhone  Nos pièces sont testées, pour une durée de vie optimale. Garanties fonctionnelles, pour une réparation sans tracas. Une politique de retours souples et rapides. "
"APPLE iPad WiFi / 3G Set de BOUTONS VOLUME, POWER,VERROU MUTE ";"590";"2.4";"EUR";"En stock";"Apple > IPad > iPad (2010)";"https://www.pieces2mobile.com/apple-ipad-wifi-3g-set-de-boutons-volume-power-verrou-mute.html";"https://www.pieces2mobile.com/media/catalog/product/cache/08ce6ea9b7ea9e423fa7c2e2ae0fab3c/5/5/556.jpg";"APPLE iPad WiFi / 3G Set de BOUTONS VOLUME, POWER,VERROU MUTE . ReparMonPhone, principal grossiste en pièces de rechange pour mobiles en Europe. Envois gratuits dès 35 euros. Comptes professionnels.";" DIAGNOSTIC DE LA PANNE  Vous avez abîmé ou endommagé votre iPad par accident. Le kit  de votre smartphone ou tablette Apple ne fonctionne plus.  Heureusement, cette panne est réparable, et cette pièce de qualité vous permet d'en effectuer le dépannage.NOS CONSEILS  Lors de l'achat, il est conseillé de vérifier votre modèle de smartphone/tablette par sa référence plutôt que par son nom. Mais aussi de bien vérifier les versions disponibles qui peuvent changer les spécificités des pièces (attention aux confusions comme SIM / SD ou Power / Volume). Attention à ne pas pincer, déchirer les nappes, ou abîmer les pièces de rechange. Restez vigilant, certaines pièces nécessitent des compétences et un matériel de soudure adéquat.  LES GARANTIES ReparMonPhone  Nos pièces sont testées, pour une durée de vie optimale. Garanties fonctionnelles, pour une réparation sans tracas. Une politique de retours souples et rapides. "
"Écran iPad Mini 6 (2021) Reconditionné (PIEC)";"14880";"296.4";"EUR";"En stock";"Apple > IPad > iPad Mini 6 (2021)";"https://www.pieces2mobile.com/ecran-ipad-mini-6-2021-reconditionne-piec.html";"https://www.pieces2mobile.com/media/catalog/product/cache/08ce6ea9b7ea9e423fa7c2e2ae0fab3c/i/p/ipad_mini6_2021_screen_sku_14880.jpg";"Écran iPad Mini 6 (2021) Reconditionné (PIEC). ReparMonPhone, principal grossiste en pièces de rechange pour mobiles en Europe. Envois gratuits dès 35 euros. Comptes professionnels.";" Écran iPad Mini 6 (2021) Reconditionné (PIEC) Neuf Vous venez de casser l’écran de votre précieux iPad Mini 6 (2021)  Reconditionné (PIEC)  et ne savez pas où trouver une offre d’écran Liquid Retina iPad Mini 6 (2021)  Reconditionné (PIEC)  Neuf au meilleur prix ?Sur ReparMonPhone.com bien évidemment ! Leader en vente de pièces détachées de tablettes aux particuliers et professionnels, nous proposons justement un écran complet d’iPad Mini 6 (2021)  Reconditionné (PIEC) Reconditionné Neuf . De quoi remplacer rapidement votre écran d’iPad Mini 6 (2021)  Reconditionné (PIEC) cassé au prix le plus bas.Afin de réaliser une opération sans surprise, achetez notre écran d’iPad Mini 6 (2021)  Reconditionné (PIEC)  Reconditionné Neuf. Toutes les pièces vendues par ReparMonPhone sont de qualité et permettent de conserver une expérience optimale avec votre tablette Apple iPad Mini 6 (2021)  Reconditionné (PIEC).Certains se demandent quel est le site mieux indiqué pour un achat d’écran iPad Mini 6 (2021)  Reconditionné (PIEC)  pas cher ? De toute évidence ReparMonPhone.com, le partenaire de tous les professionnels de la réparation en France et en Europe. Ajoutez l’écran Liquid Retina Reconditionné iPad Mini 6 (2021)  Reconditionné (PIEC)  à votre panier, validez votre commande et nous le livrons à l’adresse de votre choix dans les plus brefs délais !DIAGNOSTIC DE PANNE D’ÉCRAN D’iPad Mini 6 (2021)  Reconditionné (PIEC) L’écran de votre iPad Mini 6 (2021)  Reconditionné (PIEC) ne s’allume plus ou reste totalement noir.On a abîmé, rayé ou fissuré ou fragmenté l’écran ou la vitre tactile de votre iPad Mini 6 (2021)  Reconditionné (PIEC)  par accident.L’écran ou l’afficheur de la tablette iPad Mini 6 (2021)  Reconditionné (PIEC) connaissent des dysfonctionnements.Heureusement nous avons la solution, notre écran iPad Mini 6 (2021)  Reconditionné (PIEC)   vous permet d’en effectuer le remplacement dans de bonnes conditions pour d’excellents résultats.NOS CONSEILS EN MATIÈRE DE REMPLACEMENT D’ÉCRANS DE TABLETTE iPad Mini 6 (2021)  Reconditionné (PIEC) Avant l’achat, il est vivement recommandé de vérifier le modèle exact de tablette iPad Mini 6 (2021)  Reconditionné (PIEC) d’Apple avec sa référence plutôt que par son simple nom commercial, car il existe parfois plusieurs déclinaisons de modèles de tablettes Apple regroupées sous une même appellation et certaines versions se ressemblent beaucoup et sont souvent confondues.Prenez soin de ne pas pincer ou déchirer les nappes présentes attachées à l’écran de votre iPad Mini 6 (2021)  Reconditionné (PIEC), il ne faut surtout pas les endommager.Lors de la fixation du bloc-écran Liquid Retina d’iPad Mini 6 (2021)  Reconditionné (PIEC) , faites attention aux petits débris qui pourraient briser l’écran et aux poussières qui peuvent nuire à la cohésion des composants.GARANTIE ÉCRAN Liquid Retina Reconditionné Apple ReparMonPhoneÉcran  d’iPad Mini 6 (2021)  Reconditionné (PIEC)  Reconditionné Neuf testé et vérifié avec une qualité et une durée de vie optimale.Assurance du caractère fonctionnel de l’écran Reconditionné, en vue d’une remise en état sans tracas de votre écran.Une politique de retour souple et efficace de l’écran Reconditionné iPad Mini 6 (2021)  Reconditionné (PIEC) .INFORMATIONS SUPPLÉMENTAIRES ÉCRAN iPad Mini 6 (2021)  Reconditionné (PIEC) Reconditionné NeufRéf. constructeur : Résolution (taille) : "
"Capteur de proximité iPad";"9382";"9";"EUR";"En stock";"Apple > IPad > iPad (2010)";"https://www.pieces2mobile.com/capteur-de-proximite-ipad.html";"https://www.pieces2mobile.com/media/catalog/product/cache/08ce6ea9b7ea9e423fa7c2e2ae0fab3c/i/p/ipad-capteur-proxi.jpg";"Capteur de proximité iPad. ReparMonPhone, principal grossiste en pièces détachées pour mobiles en Europe. Envois gratuits dès 35 euros. Comptes professionnels.";" DIAGNOSTIC DE LA PANNE  Vous avez abîmé ou endommagé votre iPad par accident. Le capteur de proximité  de votre smartphone ou tablette Apple ne fonctionne plus.  Heureusement, cette panne est réparable, et cette pièce de qualité vous permet d'en effectuer le dépannage.NOS CONSEILS  Lors de l'achat, il est conseillé de vérifier votre modèle de smartphone/tablette par sa référence plutôt que par son nom. Mais aussi de bien vérifier les versions disponibles qui peuvent changer les spécificités des pièces (attention aux confusions comme SIM / SD ou Power / Volume). Attention à ne pas pincer, déchirer les nappes, ou abîmer les pièces de rechange. Restez vigilant, certaines pièces nécessitent des compétences et un matériel de soudure adéquat.  LES GARANTIES ReparMonPhone  Nos pièces sont testées, pour une durée de vie optimale. Garanties fonctionnelles, pour une réparation sans tracas. Une politique de retours souples et rapides. "
"Adhésif Écran iPad Mini 6 (2021)";"18921";"2.23";"EUR";"En stock";"Apple > IPad > iPad Mini 6 (2021)";"https://www.pieces2mobile.com/adhesif-ecran-ipad-mini-6-2021.html";"https://www.pieces2mobile.com/media/catalog/product/cache/08ce6ea9b7ea9e423fa7c2e2ae0fab3c/a/d/adhesif-ecran-ipad-mini-6-2021.jpg";"Adhésif Écran iPad Mini 6 (2021). ReparMonPhone, principal grossiste en pièces de rechange pour mobiles en Europe. Envois gratuits dès 35 euros. Comptes professionnels.";" DIAGNOSTIC DE LA PANNE  Vous prévoyez de réparer la partie écran de votre iPad Mini 6 (2021), il vous faudra donc recoller  de ce dernier. L'adhésif écran de  de votre smartphone ou tablette Apple n'adhère plus et se décolle.  Heureusement, cette panne est réparable, et cet adhésif écran de qualité, vous permet d'en effectuer le dépannage.NOS CONSEILS  Avant d'utiliser l'adhésif et de coller un écran ou une vitre, il est toujours préférable de tester la pièce remplacée en amont, pour écarter tout incident.  LES GARANTIES ReparMonPhone  Nos pièces sont testées, pour une durée de vie optimale. Garanties fonctionnelles, pour une réparation sans tracas. Une politique de retours souples et rapides. "
"Nappe / Connecteur de charge iPad Mini 6 (2021)";"18919";"9.6";"EUR";"En stock";"Apple > IPad > iPad Mini 6 (2021)";"https://www.pieces2mobile.com/nappe-connecteur-de-charge-ipad-mini-6-2021.html";"https://www.pieces2mobile.com/media/catalog/product/cache/08ce6ea9b7ea9e423fa7c2e2ae0fab3c/n/a/nappe-plus-connecteur-de-charge-ipad-mini-6-2021_2.jpg";"Nappe / Connecteur de charge iPad Mini 6 (2021). ReparMonPhone, principal grossiste en pièces de rechange pour mobiles en Europe. Envois gratuits dès 35 euros. Comptes professionnels.";" DIAGNOSTIC DE LA PANNE  Vous avez abîmé ou endommagé votre iPad Mini 6 (2021) par accident. La nappe connecteur de charge de votre smartphone ou tablette Apple ne fonctionne plus.  Heureusement, cette panne est réparable, et cette pièce de qualité vous permet d'en effectuer le dépannage.NOS CONSEILS  Lors de l'achat, il est conseillé de vérifier votre modèle de smartphone/tablette par sa référence plutôt que par son nom. Mais aussi de bien vérifier les versions disponibles qui peuvent changer les spécificités des pièces (attention aux confusions comme SIM / SD ou Power / Volume). Attention à ne pas pincer, déchirer les nappes, ou abîmer les pièces de rechange. Restez vigilant, certaines pièces nécessitent des compétences et un matériel de soudure adéquat.  LES GARANTIES ReparMonPhone  Nos pièces sont testées, pour une durée de vie optimale. Garanties fonctionnelles, pour une réparation sans tracas. Une politique de retours souples et rapides. "
"Nappe Power iPad Mini 6 (2021)";"18920";"14.51";"EUR";"En stock";"Apple > IPad > iPad Mini 6 (2021)";"https://www.pieces2mobile.com/nappe-power-ipad-mini-6-2021.html";"https://www.pieces2mobile.com/media/catalog/product/cache/08ce6ea9b7ea9e423fa7c2e2ae0fab3c/n/a/nappe-power-ipad-mini-6-2021_1.jpg";"Nappe Power iPad Mini 6 (2021). ReparMonPhone, principal grossiste en pièces détachées pour mobiles en Europe. Envois gratuits dès 35 euros. Comptes professionnels.";" DIAGNOSTIC DE LA PANNE  Vous avez abîmé ou endommagé votre iPad Mini 6 (2021) par accident. La nappe Power de votre smartphone ou tablette Apple ne fonctionne plus.  Heureusement, cette panne est réparable, et cette pièce de qualité vous permet d'en effectuer le dépannage.NOS CONSEILS  Lors de l'achat, il est conseillé de vérifier votre modèle de smartphone/tablette par sa référence plutôt que par son nom. Mais aussi de bien vérifier les versions disponibles qui peuvent changer les spécificités des pièces (attention aux confusions comme SIM / SD ou Power / Volume). Attention à ne pas pincer, déchirer les nappes, ou abîmer les pièces de rechange. Restez vigilant, certaines pièces nécessitent des compétences et un matériel de soudure adéquat.  LES GARANTIES ReparMonPhone  Nos pièces sont testées, pour une durée de vie optimale. Garanties fonctionnelles, pour une réparation sans tracas. Une politique de retours souples et rapides. "
"Caméra Avant iPad Mini 6 (2021)";"19073";"25.92";"EUR";"En stock";"Apple > IPad > iPad Mini 6 (2021)";"https://www.pieces2mobile.com/camera-avant-ipad-mini-6-2021.html";"https://www.pieces2mobile.com/media/catalog/product/cache/08ce6ea9b7ea9e423fa7c2e2ae0fab3c/c/a/camera-avant-ipad-mini-6-2021.jpg";"Caméra Avant iPad Mini 6 (2021). ReparMonPhone, principal grossiste en pièces détachées pour mobiles en Europe. Envois gratuits dès 35 euros. Comptes professionnels.";" DIAGNOSTIC DE LA PANNE  Depuis quelques temps, la caméra avant de votre iPad Mini 6 (2021) ne fonctionne plus. L'objectif de la caméra est abîmé ou cassé, ce qui vous empêche de prendre des photos. La caméra avant de votre smartphone ou tablette Apple ne semble plus capable de faire une mise au point correcte.  Heureusement, cette panne est réparable, et cette caméra avant de qualité, vous permet d'en effectuer le dépannage.NOS CONSEILS  Que ce soit lors d'une réparation ou dans la vie de tous les jours, il ne faut pas déposer la caméra sur une surface aimantée, afin d'éviter un dérèglement interne. Ne touchez pas directement la caméra avant de la mettre en place, vous éviterez de laisser des traces sur l'objectif.  LES GARANTIES ReparMonPhone  Nos pièces sont testées, pour une durée de vie optimale. Garanties fonctionnelles, pour une réparation sans tracas. Une politique de retours souples et rapides. "
"Caméra Arrière iPad Mini 6 (2021)";"19077";"17.22";"EUR";"En stock";"Apple > IPad > iPad Mini 6 (2021)";"https://www.pieces2mobile.com/camera-arriere-ipad-mini-6-2021.html";"https://www.pieces2mobile.com/media/catalog/product/cache/08ce6ea9b7ea9e423fa7c2e2ae0fab3c/c/a/camera-arriere-ipad-mini-6-2021_5.jpg";"Caméra Arrière iPad Mini 6 (2021). ReparMonPhone, principal grossiste en pièces détachées pour mobiles en Europe. Envois gratuits dès 35 euros. Comptes professionnels.";" DIAGNOSTIC DE LA PANNEDepuis quelque temps, la caméra arrière de votre iPad Mini 6 (2021) ne fonctionne plus correctement.L’objectif de la caméra est abîmé, rayé ou cassé, ce qui vous empêche de prendre des photos nettes ou d’utiliser normalement votre appareil.La caméra arrière de votre smartphone ou tablette Apple ne semble plus capable d’effectuer une mise au point correcte.Vous constatez une perte de qualité d’image, un flou permanent ou un dysfonctionnement lors de l’ouverture de l’appareil photo.Heureusement, cette panne est réparable. Cette caméra arrière de remplacement vous permet d’effectuer une remise en état fiable de votre appareil et de retrouver une prise de vue plus nette et plus stable.NOS CONSEILSLors d’une réparation, évitez de poser la caméra sur une surface aimantée, afin de limiter les risques de dérèglement interne.Ne touchez pas directement l’objectif de la caméra arrière au moment de la mise en place, afin d’éviter les traces, poussières ou micro-rayures.Travaillez sur une surface propre et manipulez la pièce avec précaution pour préserver la qualité optique du composant.Avant le remontage définitif, vérifiez le bon positionnement de la caméra pour garantir une utilisation optimale.LES GARANTIES ReparMonPhoneNos pièces sont testées avec soin pour offrir une qualité constante et une durée de vie optimale.Elles sont garanties fonctionnelles pour permettre une réparation plus sereine.Vous bénéficiez d’une politique de retours souples et rapides.ReparMonPhone accompagne les particuliers comme les professionnels avec des pièces détachées sélectionnées avec exigence."
"Nappe Micro iPad Mini 6 (2021)";"19072";"12";"EUR";"En stock";"Apple > IPad > iPad Mini 6 (2021)";"https://www.pieces2mobile.com/nappe-micro-ipad-mini-6-2021.html";"https://www.pieces2mobile.com/media/catalog/product/cache/08ce6ea9b7ea9e423fa7c2e2ae0fab3c/n/a/nappe-micro-ipad-mini-6-2021.jpg";"Nappe Micro iPad Mini 6 (2021). ReparMonPhone, principal grossiste en pièces détachées pour mobiles en Europe. Envois gratuits dès 35 euros. Comptes professionnels.";" DIAGNOSTIC DE LA PANNE  Vous avez abîmé ou endommagé votre iPad Mini 6 (2021) par accident. La nappe micro de votre smartphone ou tablette Apple ne fonctionne plus.  Heureusement, cette panne est réparable, et cette pièce de qualité vous permet d'en effectuer le dépannage.NOS CONSEILS  Lors de l'achat, il est conseillé de vérifier votre modèle de smartphone/tablette par sa référence plutôt que par son nom. Mais aussi de bien vérifier les versions disponibles qui peuvent changer les spécificités des pièces (attention aux confusions comme SIM / SD ou Power / Volume). Attention à ne pas pincer, déchirer les nappes, ou abîmer les pièces de rechange. Restez vigilant, certaines pièces nécessitent des compétences et un matériel de soudure adéquat.  LES GARANTIES ReparMonPhone  Nos pièces sont testées, pour une durée de vie optimale. Garanties fonctionnelles, pour une réparation sans tracas. Une politique de retours souples et rapides. "
"Nappe Lecteur SIM iPad Mini 6 (2021)";"19074";"25.92";"EUR";"En stock";"Apple > IPad > iPad Mini 6 (2021)";"https://www.pieces2mobile.com/nappe-lecteur-sim-ipad-mini-6-2021.html";"https://www.pieces2mobile.com/media/catalog/product/cache/08ce6ea9b7ea9e423fa7c2e2ae0fab3c/n/a/nappe-lecteur-sim-ipad-mini-6-2021_1.jpg";"Nappe Lecteur SIM iPad Mini 6 (2021). ReparMonPhone, principal grossiste en pièces détachées pour mobiles en Europe. Envois gratuits dès 35 euros. Comptes professionnels.";" DIAGNOSTIC DE LA PANNE  Vous avez abîmé ou endommagé votre iPad Mini 6 (2021) par accident. Le lecteur, La nappe SIM de votre smartphone ou tablette Apple ne fonctionne plus.  Heureusement, cette panne est réparable, et cette pièce de qualité vous permet d'en effectuer le dépannage.NOS CONSEILS  Lors de l'achat, il est conseillé de vérifier votre modèle de smartphone/tablette par sa référence plutôt que par son nom. Mais aussi de bien vérifier les versions disponibles qui peuvent changer les spécificités des pièces (attention aux confusions comme SIM / SD ou Power / Volume). Attention à ne pas pincer, déchirer les nappes, ou abîmer les pièces de rechange. Restez vigilant, certaines pièces nécessitent des compétences et un matériel de soudure adéquat.  LES GARANTIES ReparMonPhone  Nos pièces sont testées, pour une durée de vie optimale. Garanties fonctionnelles, pour une réparation sans tracas. Une politique de retours souples et rapides. "
"Nappe Capteur de proximité iPad Mini 6 (2021)";"19685";"8.4";"EUR";"En stock";"Apple > IPad > iPad Mini 6 (2021)";"https://www.pieces2mobile.com/nappe-capteur-de-proximite-ipad-mini-6-2021.html";"https://www.pieces2mobile.com/media/catalog/product/cache/08ce6ea9b7ea9e423fa7c2e2ae0fab3c/n/a/nappe-capteur-de-proximite-ipad-mini-6-2021.jpg";"Nappe Capteur de proximité iPad Mini 6 (2021). ReparMonPhone, principal grossiste en pièces de rechange pour mobiles en Europe. Envois gratuits dès 35 euros. Comptes professionnels.";" DIAGNOSTIC DE LA PANNE  Vous avez abîmé ou endommagé votre iPad Mini 6 (2021) par accident. La nappe capteur de proximité de votre smartphone ou tablette Apple ne fonctionne plus.  Heureusement, cette panne est réparable, et cette pièce de qualité vous permet d'en effectuer le dépannage.NOS CONSEILS  Lors de l'achat, il est conseillé de vérifier votre modèle de smartphone/tablette par sa référence plutôt que par son nom. Mais aussi de bien vérifier les versions disponibles qui peuvent changer les spécificités des pièces (attention aux confusions comme SIM / SD ou Power / Volume). Attention à ne pas pincer, déchirer les nappes, ou abîmer les pièces de rechange. Restez vigilant, certaines pièces nécessitent des compétences et un matériel de soudure adéquat.  LES GARANTIES ReparMonPhone  Nos pièces sont testées, pour une durée de vie optimale. Garanties fonctionnelles, pour une réparation sans tracas. Une politique de retours souples et rapides. "
"Tiroir SIM iPad Mini 6 (2021) Noir";"19075";"4.2";"EUR";"En stock";"Apple > IPad > iPad Mini 6 (2021)";"https://www.pieces2mobile.com/tiroir-sim-ipad-mini-6-2021-noir.html";"https://www.pieces2mobile.com/media/catalog/product/cache/08ce6ea9b7ea9e423fa7c2e2ae0fab3c/t/i/tiroir-sim-ipad-mini-6-2021-noir_6.jpg";"Tiroir SIM iPad Mini 6 (2021) Noir. ReparMonPhone, principal grossiste en pièces détachées pour mobiles en Europe. Envois gratuits dès 35 euros. Comptes professionnels.";" DIAGNOSTIC DE LA PANNE  Vous avez abîmé ou endommagé votre iPad Mini 6 (2021) par accident. Le tiroir SIM de votre smartphone ou tablette Apple ne fonctionne plus.  Heureusement, cette panne est réparable, et cette pièce de qualité vous permet d'en effectuer le dépannage.NOS CONSEILS  Lors de l'achat, il est conseillé de vérifier votre modèle de smartphone/tablette par sa référence plutôt que par son nom. Mais aussi de bien vérifier les versions disponibles qui peuvent changer les spécificités des pièces (attention aux confusions comme SIM / SD ou Power / Volume). Attention à ne pas pincer, déchirer les nappes, ou abîmer les pièces de rechange. Restez vigilant, certaines pièces nécessitent des compétences et un matériel de soudure adéquat.  LES GARANTIES ReparMonPhone  Nos pièces sont testées, pour une durée de vie optimale. Garanties fonctionnelles, pour une réparation sans tracas. Une politique de retours souples et rapides. "
"Kit Plaque + Vis iPad Mini 6 (2021)";"19076";"6";"EUR";"En stock";"Apple > IPad > iPad Mini 6 (2021)";"https://www.pieces2mobile.com/kit-plaque-vis-ipad-mini-6-2021.html";"https://www.pieces2mobile.com/media/catalog/product/cache/08ce6ea9b7ea9e423fa7c2e2ae0fab3c/k/i/kit-plaque-plus-vis-ipad-mini-6-2021_8.jpg";"Kit Plaque + Vis iPad Mini 6 (2021). ReparMonPhone, principal grossiste en pièces détachées pour mobiles en Europe. Envois gratuits dès 35 euros. Comptes professionnels.";" DIAGNOSTIC DE LA PANNE  Vous avez abîmé ou endommagé votre iPad Mini 6 (2021) par accident. La bobine, Le kit, la plaque vis de votre smartphone ou tablette Apple ne fonctionne plus.  Heureusement, cette panne est réparable, et cette pièce de qualité vous permet d'en effectuer le dépannage.NOS CONSEILS  Lors de l'achat, il est conseillé de vérifier votre modèle de smartphone/tablette par sa référence plutôt que par son nom. Mais aussi de bien vérifier les versions disponibles qui peuvent changer les spécificités des pièces (attention aux confusions comme SIM / SD ou Power / Volume). Attention à ne pas pincer, déchirer les nappes, ou abîmer les pièces de rechange. Restez vigilant, certaines pièces nécessitent des compétences et un matériel de soudure adéquat.  LES GARANTIES ReparMonPhone  Nos pièces sont testées, pour une durée de vie optimale. Garanties fonctionnelles, pour une réparation sans tracas. Une politique de retours souples et rapides. "
"Étui iPad Mini 6 (2021) / 7 (2024) Noir";"20115";"18";"EUR";"Rupture / sur commande";"Accessoires > Protection > Housses et Étuis";"https://www.pieces2mobile.com/etui-ipad-mini-6-2021-7-2024-noir.html";"https://www.pieces2mobile.com/media/catalog/product/cache/08ce6ea9b7ea9e423fa7c2e2ae0fab3c/e/t/etui-ipad-mini-6-2021-7-2024-noir-1.jpg";"Étui iPad Mini 6 (2021) / 7 (2024) Noir. ReparMonPhone, principal grossiste en pièces de rechange pour mobiles en Europe. Envois gratuits dès 35 euros. Comptes professionnels.";"CARACTÉRISTIQUESCompatible :  iPad Mini 6 (2021) / 7 (2024)Inclus : La housse (étui) de protectionAvec : RabatMarque : Modèle : iPad Mini 6 (2021) / 7 (2024)Couleur externe : NoirCouleur interne : NoirTexture : LisseMatière : CuirType : /avec boîte"
"Écran iPad Mini 5 Noir Reconditionné (PIEC)";"2130";"80.16";"EUR";"En stock";"Apple > IPad > iPad Mini 5 (2019)";"https://www.pieces2mobile.com/ecran-ipad-mini-5-noir-reconditionne.html";"https://www.pieces2mobile.com/media/catalog/product/cache/08ce6ea9b7ea9e423fa7c2e2ae0fab3c/a/p/apple-ipad-mini-5-ecran-noir-reconditionne.jpg";"Écran iPad Mini 5 Noir Reconditionné (PIEC). ReparMonPhone, principal grossiste en pièces détachées pour mobiles en Europe. Envois gratuits dès 35 euros. Comptes professionnels.";" Écran iPad Mini 5 Noir Reconditionné (PIEC) Neuf Vous venez de casser l’écran de votre précieux iPad Mini 5 Noir et ne savez pas où trouver une offre d’écran  iPad Mini 5 Noir Neuf au meilleur prix ?Sur ReparMonPhone.com bien évidemment ! Leader en vente de pièces détachées de tablettes aux particuliers et professionnels, nous proposons justement un écran d’iPad Mini 5 Reconditionné Neuf avec, afficheur LCD, vitre tactile. De quoi remplacer rapidement votre écran d’iPad Mini 5 cassé au prix le plus bas.Afin de réaliser une opération sans surprise, achetez notre écran d’iPad Mini 5 Noir Reconditionné Neuf. Toutes les pièces vendues par ReparMonPhone sont de qualité et permettent de conserver une expérience optimale avec votre tablette Apple iPad Mini 5.Certains se demandent quel est le site mieux indiqué pour un achat d’écran iPad Mini 5 Noir pas cher ? De toute évidence ReparMonPhone.com, le partenaire de tous les professionnels de la réparation en France et en Europe. Ajoutez l’écran  Reconditionné iPad Mini 5 Noir à votre panier, validez votre commande et nous le livrons à l’adresse de votre choix dans les plus brefs délais !DIAGNOSTIC DE PANNE D’ÉCRAN D’iPad Mini 5 NoirL’écran de votre iPad Mini 5 ne s’allume plus ou reste totalement noir.On a abîmé, rayé ou fissuré ou fragmenté l’écran ou la vitre tactile de votre iPad Mini 5 Noir par accident.L’écran ou l’afficheur de la tablette iPad Mini 5 connaissent des dysfonctionnements.Heureusement nous avons la solution, notre écran iPad Mini 5 Noir avec, afficheur LCD, vitre tactile vous permet d’en effectuer le remplacement dans de bonnes conditions pour d’excellents résultats.NOS CONSEILS EN MATIÈRE DE REMPLACEMENT D’ÉCRANS DE TABLETTE iPad Mini 5 NoirAvant l’achat, il est vivement recommandé de vérifier le modèle exact de tablette iPad Mini 5 d’Apple avec sa référence plutôt que par son simple nom commercial, car il existe parfois plusieurs déclinaisons de modèles de tablettes Apple regroupées sous une même appellation et certaines versions se ressemblent beaucoup et sont souvent confondues.Prenez soin de ne pas pincer ou déchirer les nappes présentes attachées à l’écran de votre iPad Mini 5, il ne faut surtout pas les endommager.Lors de la fixation du bloc-écran  d’iPad Mini 5 Noir, faites attention aux petits débris qui pourraient briser l’écran et aux poussières qui peuvent nuire à la cohésion des composants.GARANTIE ÉCRAN  Reconditionné Apple ReparMonPhoneÉcran  d’iPad Mini 5 Noir Reconditionné Neuf testé et vérifié avec une qualité et une durée de vie optimale.Assurance du caractère fonctionnel de l’écran Reconditionné, en vue d’une remise en état sans tracas de votre écran.Une politique de retour souple et efficace de l’écran Reconditionné iPad Mini 5 Noir.INFORMATIONS SUPPLÉMENTAIRES ÉCRAN iPad Mini 5 Reconditionné NeufRéf. constructeur : A2133, A2124, A2126, A2125.Résolution (taille) : "
"Écran iPad Mini 4 Blanc Origine";"9994";"80.16";"EUR";"En stock";"Apple > IPad > iPad Mini 4 (2015)";"https://www.pieces2mobile.com/ecran-ipad-mini-4-blanc.html";"https://www.pieces2mobile.com/media/catalog/product/cache/08ce6ea9b7ea9e423fa7c2e2ae0fab3c/_/c/_cran_ipad_mini_4_blanc_1_.jpg";"Écran iPad Mini 4 Blanc Origine. ReparMonPhone, principal grossiste en pièces détachées pour mobiles en Europe. Envois gratuits dès 35 euros. Comptes professionnels.";" Écran iPad Mini 4 Blanc Origine Neuf Vous venez de casser l’écran de votre précieux iPad Mini 4 Blanc et ne savez pas où trouver une offre d’écran  iPad Mini 4 Blanc Neuf au meilleur prix ?Sur ReparMonPhone.com bien évidemment ! Leader en vente de pièces détachées de tablettes aux particuliers et professionnels, nous proposons justement un écran d’iPad Mini 4 Origine Neuf avec, afficheur LCD, vitre tactile. De quoi remplacer rapidement votre écran d’iPad Mini 4 cassé au prix le plus bas.Afin de réaliser une opération sans surprise, achetez notre écran d’iPad Mini 4 Blanc Origine Neuf. Toutes les pièces vendues par ReparMonPhone sont de qualité et permettent de conserver une expérience optimale avec votre tablette Apple iPad Mini 4.Certains se demandent quel est le site mieux indiqué pour un achat d’écran iPad Mini 4 Blanc pas cher ? De toute évidence ReparMonPhone.com, le partenaire de tous les professionnels de la réparation en France et en Europe. Ajoutez l’écran  Origine iPad Mini 4 Blanc à votre panier, validez votre commande et nous le livrons à l’adresse de votre choix dans les plus brefs délais !DIAGNOSTIC DE PANNE D’ÉCRAN D’iPad Mini 4 BlancL’écran de votre iPad Mini 4 ne s’allume plus ou reste totalement noir.On a abîmé, rayé ou fissuré ou fragmenté l’écran ou la vitre tactile de votre iPad Mini 4 Blanc par accident.L’écran ou l’afficheur de la tablette iPad Mini 4 connaissent des dysfonctionnements.Heureusement nous avons la solution, notre écran iPad Mini 4 Blanc avec, afficheur LCD, vitre tactile vous permet d’en effectuer le remplacement dans de bonnes conditions pour d’excellents résultats.NOS CONSEILS EN MATIÈRE DE REMPLACEMENT D’ÉCRANS DE TABLETTE iPad Mini 4 BlancAvant l’achat, il est vivement recommandé de vérifier le modèle exact de tablette iPad Mini 4 d’Apple avec sa référence plutôt que par son simple nom commercial, car il existe parfois plusieurs déclinaisons de modèles de tablettes Apple regroupées sous une même appellation et certaines versions se ressemblent beaucoup et sont souvent confondues.Prenez soin de ne pas pincer ou déchirer les nappes présentes attachées à l’écran de votre iPad Mini 4, il ne faut surtout pas les endommager.Lors de la fixation du bloc-écran  d’iPad Mini 4 Blanc, faites attention aux petits débris qui pourraient briser l’écran et aux poussières qui peuvent nuire à la cohésion des composants.GARANTIE ÉCRAN  Origine Apple ReparMonPhoneÉcran  d’iPad Mini 4 Blanc Origine Neuf testé et vérifié avec une qualité et une durée de vie optimale.Assurance du caractère fonctionnel de l’écran Origine, en vue d’une remise en état sans tracas de votre écran.Une politique de retour souple et efficace de l’écran Origine iPad Mini 4 Blanc.INFORMATIONS SUPPLÉMENTAIRES ÉCRAN iPad Mini 4 Origine NeufRéf. constructeur : Résolution (taille) : 1536 x 2048 pixels (7.9"")"
"Écran iPad Mini 5 Blanc Reconditionné (PIEC)";"1773";"96";"EUR";"En stock";"Apple > IPad > iPad Mini 5 (2019)";"https://www.pieces2mobile.com/ecran-ipad-mini-5-blanc-reconditionne.html";"https://www.pieces2mobile.com/media/catalog/product/cache/08ce6ea9b7ea9e423fa7c2e2ae0fab3c/a/p/apple-ipad-mini-5-ecran-blanc-reconditionne_1.jpg";"Écran iPad Mini 5 Blanc Reconditionné (PIEC). ReparMonPhone, principal grossiste en pièces détachées pour mobiles en Europe. Envois gratuits dès 35 euros. Comptes professionnels.";" Écran iPad Mini 5 Blanc Reconditionné (PIEC) Neuf Vous venez de casser l’écran de votre précieux iPad Mini 5 Blanc et ne savez pas où trouver une offre d’écran  iPad Mini 5 Blanc Neuf au meilleur prix ?Sur ReparMonPhone.com bien évidemment ! Leader en vente de pièces détachées de tablettes aux particuliers et professionnels, nous proposons justement un écran d’iPad Mini 5 Reconditionné Neuf avec, afficheur LCD, vitre tactile. De quoi remplacer rapidement votre écran d’iPad Mini 5 cassé au prix le plus bas.Afin de réaliser une opération sans surprise, achetez notre écran d’iPad Mini 5 Blanc Reconditionné Neuf. Toutes les pièces vendues par ReparMonPhone sont de qualité et permettent de conserver une expérience optimale avec votre tablette Apple iPad Mini 5.Certains se demandent quel est le site mieux indiqué pour un achat d’écran iPad Mini 5 Blanc pas cher ? De toute évidence ReparMonPhone.com, le partenaire de tous les professionnels de la réparation en France et en Europe. Ajoutez l’écran  Reconditionné iPad Mini 5 Blanc à votre panier, validez votre commande et nous le livrons à l’adresse de votre choix dans les plus brefs délais !DIAGNOSTIC DE PANNE D’ÉCRAN D’iPad Mini 5 BlancL’écran de votre iPad Mini 5 ne s’allume plus ou reste totalement noir.On a abîmé, rayé ou fissuré ou fragmenté l’écran ou la vitre tactile de votre iPad Mini 5 Blanc par accident.L’écran ou l’afficheur de la tablette iPad Mini 5 connaissent des dysfonctionnements.Heureusement nous avons la solution, notre écran iPad Mini 5 Blanc avec, afficheur LCD, vitre tactile vous permet d’en effectuer le remplacement dans de bonnes conditions pour d’excellents résultats.NOS CONSEILS EN MATIÈRE DE REMPLACEMENT D’ÉCRANS DE TABLETTE iPad Mini 5 BlancAvant l’achat, il est vivement recommandé de vérifier le modèle exact de tablette iPad Mini 5 d’Apple avec sa référence plutôt que par son simple nom commercial, car il existe parfois plusieurs déclinaisons de modèles de tablettes Apple regroupées sous une même appellation et certaines versions se ressemblent beaucoup et sont souvent confondues.Prenez soin de ne pas pincer ou déchirer les nappes présentes attachées à l’écran de votre iPad Mini 5, il ne faut surtout pas les endommager.Lors de la fixation du bloc-écran  d’iPad Mini 5 Blanc, faites attention aux petits débris qui pourraient briser l’écran et aux poussières qui peuvent nuire à la cohésion des composants.GARANTIE ÉCRAN  Reconditionné Apple ReparMonPhoneÉcran  d’iPad Mini 5 Blanc Reconditionné Neuf testé et vérifié avec une qualité et une durée de vie optimale.Assurance du caractère fonctionnel de l’écran Reconditionné, en vue d’une remise en état sans tracas de votre écran.Une politique de retour souple et efficace de l’écran Reconditionné iPad Mini 5 Blanc.INFORMATIONS SUPPLÉMENTAIRES ÉCRAN iPad Mini 5 Reconditionné NeufRéf. constructeur : A2133, A2124, A2126, A2125.Résolution (taille) : "
"Nappe / Connecteur de Charge iPad Mini 5 (2019)";"15766";"6.16";"EUR";"En stock";"Apple > IPad > iPad Mini 5 (2019)";"https://www.pieces2mobile.com/nappe-connecteur-de-charge-ipad-mini-5-2019.html";"https://www.pieces2mobile.com/media/catalog/product/cache/08ce6ea9b7ea9e423fa7c2e2ae0fab3c/n/a/nappe-plus-connecteur-de-charge-ipad-mini-5-2019.jpg";"Nappe / Connecteur de Charge iPad Mini 5 (2019). ReparMonPhone, principal grossiste en pièces détachées pour mobiles en Europe. Envois gratuits dès 35 euros. Comptes professionnels.";" DIAGNOSTIC DE LA PANNE  Vous avez abîmé ou endommagé votre iPad Mini 5 (2019) par accident. La nappe connecteur de charge de votre smartphone ou tablette Apple ne fonctionne plus.  Heureusement, cette panne est réparable, et cette pièce de qualité vous permet d'en effectuer le dépannage.NOS CONSEILS  Lors de l'achat, il est conseillé de vérifier votre modèle de smartphone/tablette par sa référence plutôt que par son nom. Mais aussi de bien vérifier les versions disponibles qui peuvent changer les spécificités des pièces (attention aux confusions comme SIM / SD ou Power / Volume). Attention à ne pas pincer, déchirer les nappes, ou abîmer les pièces de rechange. Restez vigilant, certaines pièces nécessitent des compétences et un matériel de soudure adéquat.  LES GARANTIES ReparMonPhone  Nos pièces sont testées, pour une durée de vie optimale. Garanties fonctionnelles, pour une réparation sans tracas. Une politique de retours souples et rapides. "
"Batterie iPad Mini 4 A1546";"7591";"13.82";"EUR";"Rupture / sur commande";"Apple > IPad > iPad Mini 4 (2015)";"https://www.pieces2mobile.com/batterie-a1546-ipad-mini-4-origine.html";"https://www.pieces2mobile.com/media/catalog/product/cache/08ce6ea9b7ea9e423fa7c2e2ae0fab3c/b/a/batterie_a1546_ipad_mini_4_origine.jpg";"Batterie iPad Mini 4 A1546. ReparMonPhone, principal grossiste en pièces de rechange pour mobiles en Europe. Envois gratuits dès 35 euros. Comptes professionnels.";" Batterie iPad Mini 4 A1546 neuve Le niveau de la batterie de votre tablette iPad Mini 4 diminue rapidement et parfois il s’éteint de manière inopinée et vous ne savez pas où trouver une offre de batterie iPad Mini 4 au meilleur prix ?Sur ReparMonPhone.com bien évidemment ! Leader en vente de pièces détachées de tablettes aux particuliers et professionnels, nous proposons justement la batterie A1538, A1550. de iPad Mini 4 Générique. De quoi remplacer rapidement votre batterie de iPad Mini 4 en fin de vie au prix le plus bas.Afin de réaliser une opération sans surprise, achetez notre batterie A1538, A1550. de iPad Mini 4 Générique neuve. Toutes les pièces vendues par ReparMonPhone sont de qualité et permettent de conserver une expérience optimale avec votre tablette Apple iPad Mini 4.Certains se demandent quel est le site mieux indiqué pour un achat de batterie iPad Mini 4 pas cher ? De toute évidence ReparMonPhone.com, le partenaire de tous les professionnels de la réparation en France et en Europe. Ajoutez la batterie Générique iPad Mini 4 à votre panier, validez votre commande et nous la livrons à l’adresse de votre choix dans les plus brefs délais !DIAGNOSTIC DE PANNE DE BATTERIE DE iPad Mini 4Votre iPad Mini 4 ne s’allume plus s’il n'est pas en charge ou son autonomie est significativement réduite.Dans les réglages de l’iPad Mini 4 le pourcentage indiquant la santé de la batterie est bas.L’iPad Mini 4 s’éteint de lui-même alors que son niveau de batterie est encore conséquent.Heureusement nous avons la solution, notre batterie iPad Mini 4 vous permet d’en effectuer le remplacement dans de bonnes conditions pour d’excellents résultats.NOS CONSEILS EN MATIÈRE DE REMPLACEMENT DE BATTERIES D’iPad Mini 4Avant l’achat, il est vivement recommandé de vérifier le modèle exact de la tablette iPad Mini 4 d’Apple avec la référence de la batterie, car il existe un grand nombre de modèles de tablettes Apple et certaines versions se ressemblent beaucoup et sont parfois confondues.Prenez soin de démonter avec soin la batterie A1538, A1550. d’iPad Mini 4, il ne faut surtout pas l’endommager.Lors de la fixation de la batterie d’iPad Mini 4, faites attention aux petits débris et aux poussières qui peuvent nuire à la cohésion des composants.GARANTIE BATTERIE A1538, A1550. Générique Apple ReparMonPhoneBatterie d’iPad Mini 4 Générique état neuf testée et vérifiée avec une qualité et une durée de vie optimale.Assurance du caractère fonctionnel de la batterie Générique, pour retrouver l’autonomie d’un iPad Mini 4 neuf.Une politique de retour souple et efficace de la batterie Générique iPad Mini 4.INFORMATIONS SUPPLÉMENTAIRES BATTERIE iPad Mini 4 Générique neuvesLes batteries A1538, A1550. neuves sont pourvues d’une charge d’usine, qu’il est conseillé de laisser se décharger complètement.Afin d’améliorer l’optimisation de la batterie, une fois que la charge d’usine atteint les 5 % à 10 %, un cycle de charge complet jusqu’à 100 % sans interruption est recommandé.Par la suite, pour assurer de bonnes performances, il est conseillé d’effectuer autant que possible ces mêmes cycles de charge.Réf. constructeur : A1538, A1550.Capacité : "
"Écran iPad Mini 4 Noir Origine";"9993";"80.16";"EUR";"En stock";"Apple > IPad > iPad Mini 4 (2015)";"https://www.pieces2mobile.com/ecran-ipad-mini-4-noir.html";"https://www.pieces2mobile.com/media/catalog/product/cache/08ce6ea9b7ea9e423fa7c2e2ae0fab3c/_/c/_cran_ipad_mini_4_noir_1_.jpg";"Écran iPad Mini 4 Noir Origine. ReparMonPhone, principal grossiste en pièces détachées pour mobiles en Europe. Envois gratuits dès 35 euros. Comptes professionnels.";" Écran iPad Mini 4 Noir Origine Neuf Vous venez de casser l’écran de votre précieux iPad Mini 4 Noir et ne savez pas où trouver une offre d’écran  iPad Mini 4 Noir Neuf au meilleur prix ?Sur ReparMonPhone.com bien évidemment ! Leader en vente de pièces détachées de tablettes aux particuliers et professionnels, nous proposons justement un écran d’iPad Mini 4 Origine Neuf avec, afficheur LCD, vitre tactile. De quoi remplacer rapidement votre écran d’iPad Mini 4 cassé au prix le plus bas.Afin de réaliser une opération sans surprise, achetez notre écran d’iPad Mini 4 Noir Origine Neuf. Toutes les pièces vendues par ReparMonPhone sont de qualité et permettent de conserver une expérience optimale avec votre tablette Apple iPad Mini 4.Certains se demandent quel est le site mieux indiqué pour un achat d’écran iPad Mini 4 Noir pas cher ? De toute évidence ReparMonPhone.com, le partenaire de tous les professionnels de la réparation en France et en Europe. Ajoutez l’écran  Origine iPad Mini 4 Noir à votre panier, validez votre commande et nous le livrons à l’adresse de votre choix dans les plus brefs délais !DIAGNOSTIC DE PANNE D’ÉCRAN D’iPad Mini 4 NoirL’écran de votre iPad Mini 4 ne s’allume plus ou reste totalement noir.On a abîmé, rayé ou fissuré ou fragmenté l’écran ou la vitre tactile de votre iPad Mini 4 Noir par accident.L’écran ou l’afficheur de la tablette iPad Mini 4 connaissent des dysfonctionnements.Heureusement nous avons la solution, notre écran iPad Mini 4 Noir avec, afficheur LCD, vitre tactile vous permet d’en effectuer le remplacement dans de bonnes conditions pour d’excellents résultats.NOS CONSEILS EN MATIÈRE DE REMPLACEMENT D’ÉCRANS DE TABLETTE iPad Mini 4 NoirAvant l’achat, il est vivement recommandé de vérifier le modèle exact de tablette iPad Mini 4 d’Apple avec sa référence plutôt que par son simple nom commercial, car il existe parfois plusieurs déclinaisons de modèles de tablettes Apple regroupées sous une même appellation et certaines versions se ressemblent beaucoup et sont souvent confondues.Prenez soin de ne pas pincer ou déchirer les nappes présentes attachées à l’écran de votre iPad Mini 4, il ne faut surtout pas les endommager.Lors de la fixation du bloc-écran  d’iPad Mini 4 Noir, faites attention aux petits débris qui pourraient briser l’écran et aux poussières qui peuvent nuire à la cohésion des composants.GARANTIE ÉCRAN  Origine Apple ReparMonPhoneÉcran  d’iPad Mini 4 Noir Origine Neuf testé et vérifié avec une qualité et une durée de vie optimale.Assurance du caractère fonctionnel de l’écran Origine, en vue d’une remise en état sans tracas de votre écran.Une politique de retour souple et efficace de l’écran Origine iPad Mini 4 Noir.INFORMATIONS SUPPLÉMENTAIRES ÉCRAN iPad Mini 4 Origine NeufRéf. constructeur : Résolution (taille) : 1536 x 2048 pixels (7.9"") "
"Adhésif avant (écran) iPad Mini 4";"8381";"1.15";"EUR";"En stock";"Apple > IPad > iPad Mini 4 (2015)";"https://www.pieces2mobile.com/adhesif-avant-ecran-ipad-mini-4.html";"https://www.pieces2mobile.com/media/catalog/product/cache/08ce6ea9b7ea9e423fa7c2e2ae0fab3c/i/p/ipad-mini-4-adhesif-ecran.jpg";"Adhésif avant (écran) iPad Mini 4. ReparMonPhone, principal grossiste en pièces détachées pour mobiles en Europe. Envois gratuits dès 35 euros. Comptes professionnels.";" DIAGNOSTIC DE LA PANNE  Vous prévoyez de réparer la partie avant de votre iPad Mini 4, il vous faudra donc recoller l'écran de ce dernier. L'adhésif avant de l'écran de votre smartphone ou tablette Apple n'adhère plus et se décolle.  Heureusement, cette panne est réparable, et cet adhésif avant de qualité, vous permet d'en effectuer le dépannage.NOS CONSEILS  Avant d'utiliser l'adhésif et de coller un écran ou une vitre, il est toujours préférable de tester la pièce remplacée en amont, pour écarter tout incident.  LES GARANTIES ReparMonPhone  Nos pièces sont testées, pour une durée de vie optimale. Garanties fonctionnelles, pour une réparation sans tracas. Une politique de retours souples et rapides. "
"Nappe / Connecteur de Charge iPad Mini 4 Noir";"8334";"3";"EUR";"En stock";"Apple > IPad > iPad Mini 4 (2015)";"https://www.pieces2mobile.com/nappe-charge-ipad-mini-4-noir.html";"https://www.pieces2mobile.com/media/catalog/product/cache/08ce6ea9b7ea9e423fa7c2e2ae0fab3c/m/i/mini-4-charge-noir.jpg";"Nappe / Connecteur de Charge iPad Mini 4 Noir. ReparMonPhone, principal grossiste en pièces détachées pour mobiles en Europe. Envois gratuits dès 35 euros. Comptes professionnels.";" DIAGNOSTIC DE LA PANNE  Vous avez abîmé ou endommagé votre iPad Mini 4 par accident. La nappe Charge de votre smartphone ou tablette Apple ne fonctionne plus.  Heureusement, cette panne est réparable, et cette pièce de qualité vous permet d'en effectuer le dépannage.NOS CONSEILS  Lors de l'achat, il est conseillé de vérifier votre modèle de smartphone/tablette par sa référence plutôt que par son nom. Mais aussi de bien vérifier les versions disponibles qui peuvent changer les spécificités des pièces (attention aux confusions comme SIM / SD ou Power / Volume). Attention à ne pas pincer, déchirer les nappes, ou abîmer les pièces de rechange. Restez vigilant, certaines pièces nécessitent des compétences et un matériel de soudure adéquat.  LES GARANTIES ReparMonPhone  Nos pièces sont testées, pour une durée de vie optimale. Garanties fonctionnelles, pour une réparation sans tracas. Une politique de retours souples et rapides. "
"Nappe Volume iPad Mini 4";"8337";"4.8";"EUR";"En stock";"Apple > IPad > iPad Mini 4 (2015)";"https://www.pieces2mobile.com/nappe-volume-ipad-mini-4.html";"https://www.pieces2mobile.com/media/catalog/product/cache/08ce6ea9b7ea9e423fa7c2e2ae0fab3c/m/i/mini-4-volume.jpg";"Nappe Volume iPad Mini 4. ReparMonPhone, principal grossiste en pièces de rechange pour mobiles en Europe. Envois gratuits dès 35 euros. Comptes professionnels.";" DIAGNOSTIC DE LA PANNE  Vous avez abîmé ou endommagé votre iPad Mini 4 par accident. La nappe Volume de votre smartphone ou tablette Apple ne fonctionne plus.  Heureusement, cette panne est réparable, et cette pièce de qualité vous permet d'en effectuer le dépannage.NOS CONSEILS  Lors de l'achat, il est conseillé de vérifier votre modèle de smartphone/tablette par sa référence plutôt que par son nom. Mais aussi de bien vérifier les versions disponibles qui peuvent changer les spécificités des pièces (attention aux confusions comme SIM / SD ou Power / Volume). Attention à ne pas pincer, déchirer les nappes, ou abîmer les pièces de rechange. Restez vigilant, certaines pièces nécessitent des compétences et un matériel de soudure adéquat.  LES GARANTIES ReparMonPhone  Nos pièces sont testées, pour une durée de vie optimale. Garanties fonctionnelles, pour une réparation sans tracas. Une politique de retours souples et rapides. "
"Antenne GPS iPad Mini 4";"8335";"1.2";"EUR";"En stock";"Apple > IPad > iPad Mini 4 (2015)";"https://www.pieces2mobile.com/antenne-gps-ipad-mini-4.html";"https://www.pieces2mobile.com/media/catalog/product/cache/08ce6ea9b7ea9e423fa7c2e2ae0fab3c/m/i/mini-4-gps.jpg";"Antenne GPS iPad Mini 4. ReparMonPhone, principal grossiste en pièces de rechange pour mobiles en Europe. Envois gratuits dès 35 euros. Comptes professionnels.";" DIAGNOSTIC DE LA PANNE  Vous avez abîmé ou endommagé votre iPad Mini 4 par accident. L'antenne GPS de votre smartphone ou tablette Apple ne fonctionne plus.  Heureusement, cette panne est réparable, et cette pièce de qualité vous permet d'en effectuer le dépannage.NOS CONSEILS  Lors de l'achat, il est conseillé de vérifier votre modèle de smartphone/tablette par sa référence plutôt que par son nom. Mais aussi de bien vérifier les versions disponibles qui peuvent changer les spécificités des pièces (attention aux confusions comme SIM / SD ou Power / Volume). Attention à ne pas pincer, déchirer les nappes, ou abîmer les pièces de rechange. Restez vigilant, certaines pièces nécessitent des compétences et un matériel de soudure adéquat.  LES GARANTIES ReparMonPhone  Nos pièces sont testées, pour une durée de vie optimale. Garanties fonctionnelles, pour une réparation sans tracas. Une politique de retours souples et rapides. "
"Nappe Power iPad Mini 4";"8336";"4.8";"EUR";"Rupture / sur commande";"Apple > IPad > iPad Mini 4 (2015)";"https://www.pieces2mobile.com/nappe-power-ipad-mini-4.html";"https://www.pieces2mobile.com/media/catalog/product/cache/08ce6ea9b7ea9e423fa7c2e2ae0fab3c/n/a/nappe-power-ipad.jpg";"Nappe Power iPad Mini 4. ReparMonPhone, principal grossiste en pièces détachées pour mobiles en Europe. Envois gratuits dès 35 euros. Comptes professionnels.";" DIAGNOSTIC DE LA PANNE  Vous avez abîmé ou endommagé votre iPad Mini 4 par accident. La nappe Power de votre smartphone ou tablette Apple ne fonctionne plus.  Heureusement, cette panne est réparable, et cette pièce de qualité vous permet d'en effectuer le dépannage.NOS CONSEILS  Lors de l'achat, il est conseillé de vérifier votre modèle de smartphone/tablette par sa référence plutôt que par son nom. Mais aussi de bien vérifier les versions disponibles qui peuvent changer les spécificités des pièces (attention aux confusions comme SIM / SD ou Power / Volume). Attention à ne pas pincer, déchirer les nappes, ou abîmer les pièces de rechange. Restez vigilant, certaines pièces nécessitent des compétences et un matériel de soudure adéquat.  LES GARANTIES ReparMonPhone  Nos pièces sont testées, pour une durée de vie optimale. Garanties fonctionnelles, pour une réparation sans tracas. Une politique de retours souples et rapides. "
"Tiroir SIM iPad Mini 3 / Mini 4 Gris Sidéral";"5738";"2.4";"EUR";"En stock";"Apple > IPad > iPad Mini 3 (2014)";"https://www.pieces2mobile.com/tiroir-sim-ipad-mini-3-mini-4-gris-sideral.html";"https://www.pieces2mobile.com/media/catalog/product/cache/08ce6ea9b7ea9e423fa7c2e2ae0fab3c/i/p/ipad_mini3_sim_tray_black.jpg";"Tiroir SIM iPad Mini 3 / Mini 4 Gris Sidéral. ReparMonPhone, principal grossiste en pièces détachées pour mobiles en Europe. Envois gratuits dès 35 euros. Comptes professionnels.";" DIAGNOSTIC DE LA PANNE  Vous avez abîmé ou endommagé votre iPad Mini 3 / Mini 4 par accident. Le tiroir SIM de votre smartphone ou tablette Apple ne fonctionne plus.  Heureusement, cette panne est réparable, et cette pièce de qualité vous permet d'en effectuer le dépannage.NOS CONSEILS  Lors de l'achat, il est conseillé de vérifier votre modèle de smartphone/tablette par sa référence plutôt que par son nom. Mais aussi de bien vérifier les versions disponibles qui peuvent changer les spécificités des pièces (attention aux confusions comme SIM / SD ou Power / Volume). Attention à ne pas pincer, déchirer les nappes, ou abîmer les pièces de rechange. Restez vigilant, certaines pièces nécessitent des compétences et un matériel de soudure adéquat.  LES GARANTIES ReparMonPhone  Nos pièces sont testées, pour une durée de vie optimale. Garanties fonctionnelles, pour une réparation sans tracas. Une politique de retours souples et rapides. "
"Tiroir SIM iPad Mini 3 / Mini 4 Argent";"5739";"2.4";"EUR";"En stock";"Apple > IPad > iPad Mini 3 (2014)";"https://www.pieces2mobile.com/tiroir-sim-ipad-mini-3-mini-4-argent.html";"https://www.pieces2mobile.com/media/catalog/product/cache/08ce6ea9b7ea9e423fa7c2e2ae0fab3c/i/p/ipad_mini3_sim_tray_sliver.jpg";"Tiroir SIM iPad Mini 3 / Mini 4 Argent. ReparMonPhone, principal grossiste en pièces détachées pour mobiles en Europe. Envois gratuits dès 35 euros. Comptes professionnels.";" DIAGNOSTIC DE LA PANNE  Vous avez abîmé ou endommagé votre iPad Mini 3 / Mini 4 par accident. Le tiroir SIM de votre smartphone ou tablette Apple ne fonctionne plus.  Heureusement, cette panne est réparable, et cette pièce de qualité vous permet d'en effectuer le dépannage.NOS CONSEILS  Lors de l'achat, il est conseillé de vérifier votre modèle de smartphone/tablette par sa référence plutôt que par son nom. Mais aussi de bien vérifier les versions disponibles qui peuvent changer les spécificités des pièces (attention aux confusions comme SIM / SD ou Power / Volume). Attention à ne pas pincer, déchirer les nappes, ou abîmer les pièces de rechange. Restez vigilant, certaines pièces nécessitent des compétences et un matériel de soudure adéquat.  LES GARANTIES ReparMonPhone  Nos pièces sont testées, pour une durée de vie optimale. Garanties fonctionnelles, pour une réparation sans tracas. Une politique de retours souples et rapides. "
"Tiroir SIM iPad Mini 3 / Mini 4 Or";"5737";"2.4";"EUR";"En stock";"Apple > IPad > iPad Mini 3 (2014)";"https://www.pieces2mobile.com/tiroir-sim-ipad-mini-3-mini-4-or.html";"https://www.pieces2mobile.com/media/catalog/product/cache/08ce6ea9b7ea9e423fa7c2e2ae0fab3c/i/p/ipad_mini3_sim_tray_gold.jpg";"Tiroir SIM iPad Mini 3 / Mini 4 Or. ReparMonPhone, principal grossiste en pièces de rechange pour mobiles en Europe. Envois gratuits dès 35 euros. Comptes professionnels.";" DIAGNOSTIC DE LA PANNE  Vous avez abîmé ou endommagé votre iPad Mini 3 / Mini 4 par accident. Le tiroir SIM de votre smartphone ou tablette Apple ne fonctionne plus.  Heureusement, cette panne est réparable, et cette pièce de qualité vous permet d'en effectuer le dépannage.NOS CONSEILS  Lors de l'achat, il est conseillé de vérifier votre modèle de smartphone/tablette par sa référence plutôt que par son nom. Mais aussi de bien vérifier les versions disponibles qui peuvent changer les spécificités des pièces (attention aux confusions comme SIM / SD ou Power / Volume). Attention à ne pas pincer, déchirer les nappes, ou abîmer les pièces de rechange. Restez vigilant, certaines pièces nécessitent des compétences et un matériel de soudure adéquat.  LES GARANTIES ReparMonPhone  Nos pièces sont testées, pour une durée de vie optimale. Garanties fonctionnelles, pour une réparation sans tracas. Une politique de retours souples et rapides. "
"Capteur Cover (Hall Sensor) iPad Mini 4";"8333";"1.2";"EUR";"En stock";"Apple > IPad > iPad Mini 4 (2015)";"https://www.pieces2mobile.com/capteur-cover-hall-sensor-ipad-mini-4.html";"https://www.pieces2mobile.com/media/catalog/product/cache/08ce6ea9b7ea9e423fa7c2e2ae0fab3c/m/i/mini-4-capteur-cover.jpg";"Capteur Cover (Hall Sensor) iPad Mini 4. ReparMonPhone, principal grossiste en pièces détachées pour mobiles en Europe. Envois gratuits dès 35 euros. Comptes professionnels.";" DIAGNOSTIC DE LA PANNE  Vous avez abîmé ou endommagé votre iPad Mini 4 par accident. Le capteur cover  de votre smartphone ou tablette Apple ne fonctionne plus.  Heureusement, cette panne est réparable, et cette pièce de qualité vous permet d'en effectuer le dépannage.NOS CONSEILS  Lors de l'achat, il est conseillé de vérifier votre modèle de smartphone/tablette par sa référence plutôt que par son nom. Mais aussi de bien vérifier les versions disponibles qui peuvent changer les spécificités des pièces (attention aux confusions comme SIM / SD ou Power / Volume). Attention à ne pas pincer, déchirer les nappes, ou abîmer les pièces de rechange. Restez vigilant, certaines pièces nécessitent des compétences et un matériel de soudure adéquat.  LES GARANTIES ReparMonPhone  Nos pièces sont testées, pour une durée de vie optimale. Garanties fonctionnelles, pour une réparation sans tracas. Une politique de retours souples et rapides. "
"Verre trempé iPad Mini 4 / Mini 5";"9919";"19.99";"EUR";"En stock";"Accessoires > Protection Écran > Verre Trempé";"https://www.pieces2mobile.com/verre-trempe-ipad-mini-4.html";"https://www.pieces2mobile.com/media/catalog/product/cache/08ce6ea9b7ea9e423fa7c2e2ae0fab3c/t/e/tempered-glass_ipad_3.jpg";"Verre trempé iPad Mini 4 / Mini 5. ReparMonPhone, principal grossiste en pièces de rechange pour mobiles en Europe. Envois gratuits dès 35 euros. Comptes professionnels.";"La photo est non contractuelle, la forme peut changer en fonction du modèle de smartphone (emplacement caméra, etc...), seule l'apparence demeure.CARACTÉRISTIQUESCompatible : Apple iPad Mini 4 / iPad Mini 5Inclus : Le verre trempé de protectionAvec : Technologie 2.5D (Polissage des angles et côtés du verre)Intégrale : NonConfidentiel : NonCouleur : TransparentÉpaisseur : 0.3 mm"
"Nappe Jack iPad Mini 4 (2015) Blanc";"15767";"3.6";"EUR";"En stock";"Apple > IPad > iPad Mini 4 (2015)";"https://www.pieces2mobile.com/nappe-jack-ipad-mini-4-2015-blanc.html";"https://www.pieces2mobile.com/media/catalog/product/cache/08ce6ea9b7ea9e423fa7c2e2ae0fab3c/n/a/nappe-jack-ipad-mini-4-2015-blanc.jpg";"Nappe Jack iPad Mini 4 (2015) Blanc. ReparMonPhone, principal grossiste en pièces de rechange pour mobiles en Europe. Envois gratuits dès 35 euros. Comptes professionnels.";" DIAGNOSTIC DE LA PANNE  Vous avez abîmé ou endommagé votre iPad Mini 4 (2015) par accident. La nappe Jack de votre smartphone ou tablette Apple ne fonctionne plus.  Heureusement, cette panne est réparable, et cette pièce de qualité vous permet d'en effectuer le dépannage.NOS CONSEILS  Lors de l'achat, il est conseillé de vérifier votre modèle de smartphone/tablette par sa référence plutôt que par son nom. Mais aussi de bien vérifier les versions disponibles qui peuvent changer les spécificités des pièces (attention aux confusions comme SIM / SD ou Power / Volume). Attention à ne pas pincer, déchirer les nappes, ou abîmer les pièces de rechange. Restez vigilant, certaines pièces nécessitent des compétences et un matériel de soudure adéquat.  LES GARANTIES ReparMonPhone  Nos pièces sont testées, pour une durée de vie optimale. Garanties fonctionnelles, pour une réparation sans tracas. Une politique de retours souples et rapides. "
"Batterie iPad Mini 3 ";"9664";"17.62";"EUR";"En stock";"Apple > IPad > iPad Mini 3 (2014)";"https://www.pieces2mobile.com/batterie-ipad-mini-3-origine.html";"https://www.pieces2mobile.com/media/catalog/product/cache/08ce6ea9b7ea9e423fa7c2e2ae0fab3c/b/a/batterie_ipad_mini_3_origine.jpg";"Batterie iPad Mini 3 . ReparMonPhone, principal grossiste en pièces de rechange pour mobiles en Europe. Envois gratuits dès 35 euros. Comptes professionnels.";" Batterie iPad Mini 3  neuve Le niveau de la batterie de votre tablette iPad Mini 3 diminue rapidement et parfois il s’éteint de manière inopinée et vous ne savez pas où trouver une offre de batterie iPad Mini 3 au meilleur prix ?Sur ReparMonPhone.com bien évidemment ! Leader en vente de pièces détachées de tablettes aux particuliers et professionnels, nous proposons justement la batterie A1599, A1600. de iPad Mini 3 Générique. De quoi remplacer rapidement votre batterie de iPad Mini 3 en fin de vie au prix le plus bas.Afin de réaliser une opération sans surprise, achetez notre batterie A1599, A1600. de iPad Mini 3 Générique neuve. Toutes les pièces vendues par ReparMonPhone sont de qualité et permettent de conserver une expérience optimale avec votre tablette Apple iPad Mini 3.Certains se demandent quel est le site mieux indiqué pour un achat de batterie iPad Mini 3 pas cher ? De toute évidence ReparMonPhone.com, le partenaire de tous les professionnels de la réparation en France et en Europe. Ajoutez la batterie Générique iPad Mini 3 à votre panier, validez votre commande et nous la livrons à l’adresse de votre choix dans les plus brefs délais !DIAGNOSTIC DE PANNE DE BATTERIE DE iPad Mini 3Votre iPad Mini 3 ne s’allume plus s’il n'est pas en charge ou son autonomie est significativement réduite.Dans les réglages de l’iPad Mini 3 le pourcentage indiquant la santé de la batterie est bas.L’iPad Mini 3 s’éteint de lui-même alors que son niveau de batterie est encore conséquent.Heureusement nous avons la solution, notre batterie iPad Mini 3 vous permet d’en effectuer le remplacement dans de bonnes conditions pour d’excellents résultats.NOS CONSEILS EN MATIÈRE DE REMPLACEMENT DE BATTERIES D’iPad Mini 3Avant l’achat, il est vivement recommandé de vérifier le modèle exact de la tablette iPad Mini 3 d’Apple avec la référence de la batterie, car il existe un grand nombre de modèles de tablettes Apple et certaines versions se ressemblent beaucoup et sont parfois confondues.Prenez soin de démonter avec soin la batterie A1599, A1600. d’iPad Mini 3, il ne faut surtout pas l’endommager.Lors de la fixation de la batterie d’iPad Mini 3, faites attention aux petits débris et aux poussières qui peuvent nuire à la cohésion des composants.GARANTIE BATTERIE A1599, A1600. Générique Apple ReparMonPhoneBatterie d’iPad Mini 3 Générique état neuf testée et vérifiée avec une qualité et une durée de vie optimale.Assurance du caractère fonctionnel de la batterie Générique, pour retrouver l’autonomie d’un iPad Mini 3 neuf.Une politique de retour souple et efficace de la batterie Générique iPad Mini 3.INFORMATIONS SUPPLÉMENTAIRES BATTERIE iPad Mini 3 Générique neuvesLes batteries A1599, A1600. neuves sont pourvues d’une charge d’usine, qu’il est conseillé de laisser se décharger complètement.Afin d’améliorer l’optimisation de la batterie, une fois que la charge d’usine atteint les 5 % à 10 %, un cycle de charge complet jusqu’à 100 % sans interruption est recommandé.Par la suite, pour assurer de bonnes performances, il est conseillé d’effectuer autant que possible ces mêmes cycles de charge.Réf. constructeur : A1599, A1600.Capacité : "
"Vitre tactile assemblée iPad Mini 3 Blanc";"5733";"17.75";"EUR";"En stock";"Apple > IPad > iPad Mini 3 (2014)";"https://www.pieces2mobile.com/vitre-tactile-assemblee-ipad-mini-3-blanc.html";"https://www.pieces2mobile.com/media/catalog/product/cache/08ce6ea9b7ea9e423fa7c2e2ae0fab3c/i/p/ipad_mini3_touch_assembly_white.jpg";"Vitre tactile assemblée iPad Mini 3 Blanc. ReparMonPhone, principal grossiste en pièces détachées pour mobiles en Europe. Envois gratuits dès 35 euros. Comptes professionnels.";" DIAGNOSTIC DE LA PANNE  Par accident, la vitre tactile de votre iPad Mini 3 est abîmée, rayée, fissurée ou cassée. La vitre tactile de votre smartphone ou tablette Apple n'adhère plus ou se décolle.  Heureusement, cette panne est réparable, et cette vitre tactile de qualité vous permet d'en effectuer le dépannage.NOS CONSEILS  Lors de l'achat, il est conseillé de vérifier votre modèle de smartphone/tablette par sa référence plutôt que par son nom. Attention à ne pas pincer ou déchirer les nappes présentes sur la vitre, et donc de les endommager. Pour la pose d'une vitre sans adhésif, pensez à utiliser le bon type de colle (ex: colle B7000 110 ml, ou colle B 7000 50 ml).  LES GARANTIES ReparMonPhone  Nos pièces sont testées, pour une durée de vie optimale. Garanties fonctionnelles, pour une réparation sans tracas. Une politique de retours souples et rapides. º"
"Vitre tactile assemblée iPad Mini 3 Noir";"5732";"8.04";"EUR";"En stock";"Apple > IPad > iPad Mini 3 (2014)";"https://www.pieces2mobile.com/vitre-tactile-assemblee-ipad-mini-3-noir.html";"https://www.pieces2mobile.com/media/catalog/product/cache/08ce6ea9b7ea9e423fa7c2e2ae0fab3c/i/p/ipad_mini3_touch_assembly_black.jpg";"Vitre tactile assemblée iPad Mini 3 Noir. ReparMonPhone, principal grossiste en pièces de rechange pour mobiles en Europe. Envois gratuits dès 35 euros. Comptes professionnels.";" DIAGNOSTIC DE LA PANNE  Par accident, la vitre tactile de votre iPad Mini 3 est abîmée, rayée, fissurée ou cassée. La vitre tactile de votre smartphone ou tablette Apple n'adhère plus ou se décolle.  Heureusement, cette panne est réparable, et cette vitre tactile de qualité vous permet d'en effectuer le dépannage.NOS CONSEILS  Lors de l'achat, il est conseillé de vérifier votre modèle de smartphone/tablette par sa référence plutôt que par son nom. Attention à ne pas pincer ou déchirer les nappes présentes sur la vitre, et donc de les endommager. Pour la pose d'une vitre sans adhésif, pensez à utiliser le bon type de colle (ex: colle B7000 110 ml, ou colle B 7000 50 ml).  LES GARANTIES ReparMonPhone  Nos pièces sont testées, pour une durée de vie optimale. Garanties fonctionnelles, pour une réparation sans tracas. Une politique de retours souples et rapides. º"
"Adhésif avant (vitre tactile) iPad Mini 3";"5734";"1.2";"EUR";"En stock";"Apple > IPad > iPad Mini 3 (2014)";"https://www.pieces2mobile.com/adhesif-avant-vitre-tactile-ipad-mini-3.html";"https://www.pieces2mobile.com/media/catalog/product/cache/08ce6ea9b7ea9e423fa7c2e2ae0fab3c/a/d/adh_sif_avant_vitre_tactile_ipad_mini_3_1.jpg";"Adhésif avant (vitre tactile) iPad Mini 3. ReparMonPhone, principal grossiste en pièces de rechange pour mobiles en Europe. Envois gratuits dès 35 euros. Comptes professionnels.";" DIAGNOSTIC DE LA PANNE  Vous prévoyez de réparer la partie avant de votre iPad Mini 3, il vous faudra donc recoller la vitre tactile de ce dernier. L'adhésif avant de la vitre tactile de votre smartphone ou tablette Apple n'adhère plus et se décolle.  Heureusement, cette panne est réparable, et cet adhésif avant de qualité, vous permet d'en effectuer le dépannage.NOS CONSEILS  Avant d'utiliser l'adhésif et de coller un écran ou une vitre, il est toujours préférable de tester la pièce remplacée en amont, pour écarter tout incident.  LES GARANTIES ReparMonPhone  Nos pièces sont testées, pour une durée de vie optimale. Garanties fonctionnelles, pour une réparation sans tracas. Une politique de retours souples et rapides. "
"Afficheur LCD iPad Mini 2 / Mini 3";"4862";"31.8";"EUR";"En stock";"Apple > IPad > iPad Mini 2 (2013)";"https://www.pieces2mobile.com/afficheur-lcd-ipad-mini-2-mini-3.html";"https://www.pieces2mobile.com/media/catalog/product/cache/08ce6ea9b7ea9e423fa7c2e2ae0fab3c/e/c/ecran_7.jpg";"Afficheur LCD iPad Mini 2 / Mini 3. ReparMonPhone, principal grossiste en pièces détachées pour mobiles en Europe. Envois gratuits dès 35 euros. Comptes professionnels.";" DIAGNOSTIC DE LA PANNE  L'affichage de votre iPad Mini 2 / Mini 3 reste inexistant ou totalement noir. Vous avez abîmé, rayé, fissuré ou cassé votre afficheur LCD par accident. L'écran, l'afficheur LCD ou la vitre tactile de votre smartphone ou tablette Apple ne fonctionne plus.  Heureusement, cette panne est réparable, et cet afficheur LCD de qualité vous permet d'en effectuer le dépannage.NOS CONSEILS  Lors de l'achat, il est conseillé de verifier votre modèle de smartphone/tablette par sa référence plutôt que par son nom. Avant toute réparation, un test de l'écran (non monté) est impératif afin de prévenir un éventuel problème lié au dit écran. Attention à ne pas pincer ou déchirer les nappes présentes sur l'écran, et donc de les endommager. Si vous fixer un écran simple sur son châssis pensez à bien nettoyer ce dernier. En effet, les petits débris pourront le casser à nouveau, et les poussières empêcheront une bonne fixation de votre écran.  LES GARANTIES ReparMonPhone  Nos pièces sont testées, pour une durée de vie optimale. Garanties fonctionnelles, pour une réparation sans tracas. Une politique de retours souples et rapides. "
"Nappe / Connecteur de Charge iPad Mini 3 Noir";"9364";"2.4";"EUR";"En stock";"Apple > IPad > iPad Mini 3 (2014)";"https://www.pieces2mobile.com/nappe-charge-ipad-mini-3-noir.html";"https://www.pieces2mobile.com/media/catalog/product/cache/08ce6ea9b7ea9e423fa7c2e2ae0fab3c/i/p/ipad-mini-3-charge-noir.jpg";"Nappe / Connecteur de Charge iPad Mini 3 Noir. ReparMonPhone, principal grossiste en pièces de rechange pour mobiles en Europe. Envois gratuits dès 35 euros. Comptes professionnels.";" DIAGNOSTIC DE LA PANNE  Vous avez abîmé ou endommagé votre iPad Mini 3 par accident. La nappe Charge de votre smartphone ou tablette Apple ne fonctionne plus.  Heureusement, cette panne est réparable, et cette pièce de qualité vous permet d'en effectuer le dépannage.NOS CONSEILS  Lors de l'achat, il est conseillé de vérifier votre modèle de smartphone/tablette par sa référence plutôt que par son nom. Mais aussi de bien vérifier les versions disponibles qui peuvent changer les spécificités des pièces (attention aux confusions comme SIM / SD ou Power / Volume). Attention à ne pas pincer, déchirer les nappes, ou abîmer les pièces de rechange. Restez vigilant, certaines pièces nécessitent des compétences et un matériel de soudure adéquat.  LES GARANTIES ReparMonPhone  Nos pièces sont testées, pour une durée de vie optimale. Garanties fonctionnelles, pour une réparation sans tracas. Une politique de retours souples et rapides. "
"Nappe / Connecteur de Charge iPad Mini 3 Blanc";"9365";"1.2";"EUR";"En stock";"Apple > IPad > iPad Mini 3 (2014)";"https://www.pieces2mobile.com/nappe-charge-ipad-mini-3-blanc.html";"https://www.pieces2mobile.com/media/catalog/product/cache/08ce6ea9b7ea9e423fa7c2e2ae0fab3c/i/p/ipad-mini-3-nappe-charge-blanc.jpg";"Nappe / Connecteur de Charge iPad Mini 3 Blanc. ReparMonPhone, principal grossiste en pièces détachées pour mobiles en Europe. Envois gratuits dès 35 euros. Comptes professionnels.";" DIAGNOSTIC DE LA PANNE  Vous avez abîmé ou endommagé votre iPad Mini 3 par accident. La nappe Charge de votre smartphone ou tablette Apple ne fonctionne plus.  Heureusement, cette panne est réparable, et cette pièce de qualité vous permet d'en effectuer le dépannage.NOS CONSEILS  Lors de l'achat, il est conseillé de vérifier votre modèle de smartphone/tablette par sa référence plutôt que par son nom. Mais aussi de bien vérifier les versions disponibles qui peuvent changer les spécificités des pièces (attention aux confusions comme SIM / SD ou Power / Volume). Attention à ne pas pincer, déchirer les nappes, ou abîmer les pièces de rechange. Restez vigilant, certaines pièces nécessitent des compétences et un matériel de soudure adéquat.  LES GARANTIES ReparMonPhone  Nos pièces sont testées, pour une durée de vie optimale. Garanties fonctionnelles, pour une réparation sans tracas. Une politique de retours souples et rapides. "
"Nappe HOME iPad Mini 3 Or";"5735";"2.4";"EUR";"En stock";"Apple > IPad > iPad Mini 3 (2014)";"https://www.pieces2mobile.com/nappe-home-ipad-mini-3-or.html";"https://www.pieces2mobile.com/media/catalog/product/cache/08ce6ea9b7ea9e423fa7c2e2ae0fab3c/i/p/ipad_mini3_home_flex_assembly_gold.jpg";"Nappe HOME iPad Mini 3 Or. ReparMonPhone, principal grossiste en pièces de rechange pour mobiles en Europe. Envois gratuits dès 35 euros. Comptes professionnels.";" DIAGNOSTIC DE LA PANNE  Vous avez abîmé ou endommagé votre iPad Mini 3 par accident. La nappe HOME de votre smartphone ou tablette Apple ne fonctionne plus.  Heureusement, cette panne est réparable, et cette pièce de qualité vous permet d'en effectuer le dépannage.NOS CONSEILS  Lors de l'achat, il est conseillé de vérifier votre modèle de smartphone/tablette par sa référence plutôt que par son nom. Mais aussi de bien vérifier les versions disponibles qui peuvent changer les spécificités des pièces (attention aux confusions comme SIM / SD ou Power / Volume). Attention à ne pas pincer, déchirer les nappes, ou abîmer les pièces de rechange. Restez vigilant, certaines pièces nécessitent des compétences et un matériel de soudure adéquat.  LES GARANTIES ReparMonPhone  Nos pièces sont testées, pour une durée de vie optimale. Garanties fonctionnelles, pour une réparation sans tracas. Une politique de retours souples et rapides. "
"Nappe Power / Volume iPad Mini 2 / Mini 3 ";"4239";"2.4";"EUR";"En stock";"Apple > IPad > iPad Mini 2 (2013)";"https://www.pieces2mobile.com/nappe-power-volume-ipad-mini-2-mini-3.html";"https://www.pieces2mobile.com/media/catalog/product/cache/08ce6ea9b7ea9e423fa7c2e2ae0fab3c/i/p/ipad_mini_2_power.jpg";"Nappe Power / Volume iPad Mini 2 / Mini 3 . ReparMonPhone, principal grossiste en pièces détachées pour mobiles en Europe. Envois gratuits dès 35 euros. Comptes professionnels.";" DIAGNOSTIC DE LA PANNE  Vous avez abîmé ou endommagé votre iPad Mini 2 / Mini 3  par accident. La nappe Power, Volume de votre smartphone ou tablette Apple ne fonctionne plus.  Heureusement, cette panne est réparable, et cette pièce de qualité vous permet d'en effectuer le dépannage.NOS CONSEILS  Lors de l'achat, il est conseillé de vérifier votre modèle de smartphone/tablette par sa référence plutôt que par son nom. Mais aussi de bien vérifier les versions disponibles qui peuvent changer les spécificités des pièces (attention aux confusions comme SIM / SD ou Power / Volume). Attention à ne pas pincer, déchirer les nappes, ou abîmer les pièces de rechange. Restez vigilant, certaines pièces nécessitent des compétences et un matériel de soudure adéquat.  LES GARANTIES ReparMonPhone  Nos pièces sont testées, pour une durée de vie optimale. Garanties fonctionnelles, pour une réparation sans tracas. Une politique de retours souples et rapides. "
"Nappe HOME iPad Mini 3 Blanc";"5736";"2.4";"EUR";"En stock";"Apple > IPad > iPad Mini 3 (2014)";"https://www.pieces2mobile.com/nappe-home-ipad-mini-3-blanc.html";"https://www.pieces2mobile.com/media/catalog/product/cache/08ce6ea9b7ea9e423fa7c2e2ae0fab3c/i/p/ipad_mini3_home_flex_assembly_sliver.jpg";"Nappe HOME iPad Mini 3 Blanc. ReparMonPhone, principal grossiste en pièces de rechange pour mobiles en Europe. Envois gratuits dès 35 euros. Comptes professionnels.";" DIAGNOSTIC DE LA PANNE  Vous avez abîmé ou endommagé votre iPad Mini 3 par accident. La nappe HOME de votre smartphone ou tablette Samsung ne fonctionne plus.  Heureusement, cette panne est réparable, et cette pièce de qualité vous permet d'en effectuer le dépannage.NOS CONSEILS  Lors de l'achat, il est conseillé de vérifier votre modèle de smartphone/tablette par sa référence plutôt que par son nom. Mais aussi de bien vérifier les versions disponibles qui peuvent changer les spécificités des pièces (attention aux confusions comme SIM / SD ou Power / Volume). Attention à ne pas pincer, déchirer les nappes, ou abîmer les pièces de rechange. Restez vigilant, certaines pièces nécessitent des compétences et un matériel de soudure adéquat.  LES GARANTIES ReparMonPhone  Nos pièces sont testées, pour une durée de vie optimale. Garanties fonctionnelles, pour une réparation sans tracas. Une politique de retours souples et rapides. "
"Nappe HOME iPad Mini 3 Noir";"6091";"2.4";"EUR";"Rupture / sur commande";"Apple > IPad > iPad Mini 3 (2014)";"https://www.pieces2mobile.com/nappe-home-ipad-mini-3-noir.html";"https://www.pieces2mobile.com/media/catalog/product/cache/08ce6ea9b7ea9e423fa7c2e2ae0fab3c/i/p/ipad-mini-3-nappe-bouton-home-noir.jpg";"Nappe HOME iPad Mini 3 Noir. ReparMonPhone, principal grossiste en pièces de rechange pour mobiles en Europe. Envois gratuits dès 35 euros. Comptes professionnels.";" DIAGNOSTIC DE LA PANNE  Vous avez abîmé ou endommagé votre iPad Mini 3 par accident. La nappe HOME de votre smartphone ou tablette Apple ne fonctionne plus.  Heureusement, cette panne est réparable, et cette pièce de qualité vous permet d'en effectuer le dépannage.NOS CONSEILS  Lors de l'achat, il est conseillé de vérifier votre modèle de smartphone/tablette par sa référence plutôt que par son nom. Mais aussi de bien vérifier les versions disponibles qui peuvent changer les spécificités des pièces (attention aux confusions comme SIM / SD ou Power / Volume). Attention à ne pas pincer, déchirer les nappes, ou abîmer les pièces de rechange. Restez vigilant, certaines pièces nécessitent des compétences et un matériel de soudure adéquat.  LES GARANTIES ReparMonPhone  Nos pièces sont testées, pour une durée de vie optimale. Garanties fonctionnelles, pour une réparation sans tracas. Une politique de retours souples et rapides. "
"Haut-parleur iPad Mini 3";"9368";"2.4";"EUR";"En stock";"Apple > IPad > iPad Mini 3 (2014)";"https://www.pieces2mobile.com/haut-parleur-ipad-mini-3.html";"https://www.pieces2mobile.com/media/catalog/product/cache/08ce6ea9b7ea9e423fa7c2e2ae0fab3c/i/p/ipad-mini-3-hp.jpg";"Haut-parleur iPad Mini 3. ReparMonPhone, principal grossiste en pièces de rechange pour mobiles en Europe. Envois gratuits dès 35 euros. Comptes professionnels.";" DIAGNOSTIC DE LA PANNE  Vous avez abîmé ou endommagé votre iPad Mini 3 par accident. Le haut-parleur  de votre smartphone ou tablette Apple ne fonctionne plus.  Heureusement, cette panne est réparable, et cette pièce de qualité vous permet d'en effectuer le dépannage.NOS CONSEILS  Lors de l'achat, il est conseillé de vérifier votre modèle de smartphone/tablette par sa référence plutôt que par son nom. Mais aussi de bien vérifier les versions disponibles qui peuvent changer les spécificités des pièces (attention aux confusions comme SIM / SD ou Power / Volume). Attention à ne pas pincer, déchirer les nappes, ou abîmer les pièces de rechange. Restez vigilant, certaines pièces nécessitent des compétences et un matériel de soudure adéquat.  LES GARANTIES ReparMonPhone  Nos pièces sont testées, pour une durée de vie optimale. Garanties fonctionnelles, pour une réparation sans tracas. Une politique de retours souples et rapides. "
"Nappe Micro iPad Mini 2 / 3 ";"4240";"2.4";"EUR";"En stock";"Apple > IPad > iPad Mini 2 (2013)";"https://www.pieces2mobile.com/nappe-micro-ipad-mini-2-3.html";"https://www.pieces2mobile.com/media/catalog/product/cache/08ce6ea9b7ea9e423fa7c2e2ae0fab3c/2/3/239_4.jpg";"Nappe Micro iPad Mini 2 / 3 . ReparMonPhone, principal grossiste en pièces détachées pour mobiles en Europe. Envois gratuits dès 35 euros. Comptes professionnels.";" DIAGNOSTIC DE LA PANNE  Vous avez abîmé ou endommagé votre iPad Mini 2 / 3  par accident. La nappe micro de votre smartphone ou tablette Apple ne fonctionne plus.  Heureusement, cette panne est réparable, et cette pièce de qualité vous permet d'en effectuer le dépannage.NOS CONSEILS  Lors de l'achat, il est conseillé de vérifier votre modèle de smartphone/tablette par sa référence plutôt que par son nom. Mais aussi de bien vérifier les versions disponibles qui peuvent changer les spécificités des pièces (attention aux confusions comme SIM / SD ou Power / Volume). Attention à ne pas pincer, déchirer les nappes, ou abîmer les pièces de rechange. Restez vigilant, certaines pièces nécessitent des compétences et un matériel de soudure adéquat.  LES GARANTIES ReparMonPhone  Nos pièces sont testées, pour une durée de vie optimale. Garanties fonctionnelles, pour une réparation sans tracas. Une politique de retours souples et rapides. "
"Nappe Antenne GPS iPad Mini 3 ";"9369";"2.4";"EUR";"En stock";"Apple > IPad > iPad Mini 3 (2014)";"https://www.pieces2mobile.com/nappe-antenne-gps-ipad-mini-3.html";"https://www.pieces2mobile.com/media/catalog/product/cache/08ce6ea9b7ea9e423fa7c2e2ae0fab3c/i/p/ipad-mini-3-nappe-gps.jpg";"Nappe Antenne GPS iPad Mini 3 . ReparMonPhone, principal grossiste en pièces de rechange pour mobiles en Europe. Envois gratuits dès 35 euros. Comptes professionnels.";" DIAGNOSTIC DE LA PANNE  Vous avez abîmé ou endommagé votre iPad Mini 3  par accident. La nappe antenne GPS de votre smartphone ou tablette Apple ne fonctionne plus.  Heureusement, cette panne est réparable, et cette pièce de qualité vous permet d'en effectuer le dépannage.NOS CONSEILS  Lors de l'achat, il est conseillé de vérifier votre modèle de smartphone/tablette par sa référence plutôt que par son nom. Mais aussi de bien vérifier les versions disponibles qui peuvent changer les spécificités des pièces (attention aux confusions comme SIM / SD ou Power / Volume). Attention à ne pas pincer, déchirer les nappes, ou abîmer les pièces de rechange. Restez vigilant, certaines pièces nécessitent des compétences et un matériel de soudure adéquat.  LES GARANTIES ReparMonPhone  Nos pièces sont testées, pour une durée de vie optimale. Garanties fonctionnelles, pour une réparation sans tracas. Une politique de retours souples et rapides. "
"Antenne 4G (Gauche) iPad Mini 1 / 2 / 3";"2113";"2.4";"EUR";"En stock";"Apple > IPad > iPad Mini (2012)";"https://www.pieces2mobile.com/antenne-4g-gauche-ipad-mini-1-2-3.html";"https://www.pieces2mobile.com/media/catalog/product/cache/08ce6ea9b7ea9e423fa7c2e2ae0fab3c/i/p/ipad-mini-antenne-3g.jpg";"Antenne 4G (Gauche) iPad Mini 1 / 2 / 3. ReparMonPhone, principal grossiste en pièces de rechange pour mobiles en Europe. Envois gratuits dès 35 euros. Comptes professionnels.";" DIAGNOSTIC DE LA PANNE  Vous avez abîmé ou endommagé votre iPad Mini 1 / 2 / 3 par accident. L'antenne 4G, de gauche de votre smartphone ou tablette Apple ne fonctionne plus.  Heureusement, cette panne est réparable, et cette pièce de qualité vous permet d'en effectuer le dépannage.NOS CONSEILS  Lors de l'achat, il est conseillé de vérifier votre modèle de smartphone/tablette par sa référence plutôt que par son nom. Mais aussi de bien vérifier les versions disponibles qui peuvent changer les spécificités des pièces (attention aux confusions comme SIM / SD ou Power / Volume). Attention à ne pas pincer, déchirer les nappes, ou abîmer les pièces de rechange. Restez vigilant, certaines pièces nécessitent des compétences et un matériel de soudure adéquat.  LES GARANTIES ReparMonPhone  Nos pièces sont testées, pour une durée de vie optimale. Garanties fonctionnelles, pour une réparation sans tracas. Une politique de retours souples et rapides. "
"Antenne 4G (Droite) iPad Mini 1 / 2 / 3";"2115";"2.4";"EUR";"En stock";"Apple > IPad > iPad Mini (2012)";"https://www.pieces2mobile.com/antenne-4g-droite-ipad-mini-1-2-3.html";"https://www.pieces2mobile.com/media/catalog/product/cache/08ce6ea9b7ea9e423fa7c2e2ae0fab3c/i/p/ipad_mini_antenne_3g_droite.jpg";"Antenne 4G (Droite) iPad Mini 1 / 2 / 3. ReparMonPhone, principal grossiste en pièces détachées pour mobiles en Europe. Envois gratuits dès 35 euros. Comptes professionnels.";" DIAGNOSTIC DE LA PANNE  Vous avez abîmé ou endommagé votre iPad Mini 1 / 2 / 3 par accident. L'antenne 4G, de droite de votre smartphone ou tablette Apple ne fonctionne plus.  Heureusement, cette panne est réparable, et cette pièce de qualité vous permet d'en effectuer le dépannage.NOS CONSEILS  Lors de l'achat, il est conseillé de vérifier votre modèle de smartphone/tablette par sa référence plutôt que par son nom. Mais aussi de bien vérifier les versions disponibles qui peuvent changer les spécificités des pièces (attention aux confusions comme SIM / SD ou Power / Volume). Attention à ne pas pincer, déchirer les nappes, ou abîmer les pièces de rechange. Restez vigilant, certaines pièces nécessitent des compétences et un matériel de soudure adéquat.  LES GARANTIES ReparMonPhone  Nos pièces sont testées, pour une durée de vie optimale. Garanties fonctionnelles, pour une réparation sans tracas. Une politique de retours souples et rapides. "
"Antenne 3G (Gauche) iPad Mini 2 / Mini 3";"4242";"2.4";"EUR";"En stock";"Apple > IPad > iPad Mini 2 (2013)";"https://www.pieces2mobile.com/antenne-3g-gauche-ipad-mini-2-mini-3.html";"https://www.pieces2mobile.com/media/catalog/product/cache/08ce6ea9b7ea9e423fa7c2e2ae0fab3c/2/4/242_3.jpg";"Antenne 3G (Gauche) iPad Mini 2 / Mini 3. ReparMonPhone, principal grossiste en pièces de rechange pour mobiles en Europe. Envois gratuits dès 35 euros. Comptes professionnels.";" DIAGNOSTIC DE LA PANNE  Vous avez abîmé ou endommagé votre iPad Mini 2/ Mini 3 par accident. L'antenne 3G, de gauche de votre smartphone ou tablette Apple ne fonctionne plus.  Heureusement, cette panne est réparable, et cette pièce de qualité vous permet d'en effectuer le dépannage.NOS CONSEILS  Lors de l'achat, il est conseillé de vérifier votre modèle de smartphone/tablette par sa référence plutôt que par son nom. Mais aussi de bien vérifier les versions disponibles qui peuvent changer les spécificités des pièces (attention aux confusions comme SIM / SD ou Power / Volume). Attention à ne pas pincer, déchirer les nappes, ou abîmer les pièces de rechange. Restez vigilant, certaines pièces nécessitent des compétences et un matériel de soudure adéquat.  LES GARANTIES ReparMonPhone  Nos pièces sont testées, pour une durée de vie optimale. Garanties fonctionnelles, pour une réparation sans tracas. Une politique de retours souples et rapides. "
"Antenne 3G (Droite) iPad Mini 2 / Mini 3";"4243";"2.4";"EUR";"En stock";"Apple > IPad > iPad Mini 2 (2013)";"https://www.pieces2mobile.com/antenne-3g-droite-ipad-mini-2-mini-3.html";"https://www.pieces2mobile.com/media/catalog/product/cache/08ce6ea9b7ea9e423fa7c2e2ae0fab3c/i/p/ipad_mini_antenne_3g_droite_1.jpg";"Antenne 3G (Droite) iPad Mini 2 / Mini 3. ReparMonPhone, principal grossiste en pièces détachées pour mobiles en Europe. Envois gratuits dès 35 euros. Comptes professionnels.";" DIAGNOSTIC DE LA PANNE  Vous avez abîmé ou endommagé votre iPad Mini 2/ Mini 3 par accident. L'antenne 3G, de droite de votre smartphone ou tablette Apple ne fonctionne plus.  Heureusement, cette panne est réparable, et cette pièce de qualité vous permet d'en effectuer le dépannage.NOS CONSEILS  Lors de l'achat, il est conseillé de vérifier votre modèle de smartphone/tablette par sa référence plutôt que par son nom. Mais aussi de bien vérifier les versions disponibles qui peuvent changer les spécificités des pièces (attention aux confusions comme SIM / SD ou Power / Volume). Attention à ne pas pincer, déchirer les nappes, ou abîmer les pièces de rechange. Restez vigilant, certaines pièces nécessitent des compétences et un matériel de soudure adéquat.  LES GARANTIES ReparMonPhone  Nos pièces sont testées, pour une durée de vie optimale. Garanties fonctionnelles, pour une réparation sans tracas. Une politique de retours souples et rapides. "
"Connecteur Carte Mère / LCD iPad Mini 2 / 3";"6370";"1.2";"EUR";"En stock";"Apple > IPad > iPad Mini 2 (2013)";"https://www.pieces2mobile.com/connecteur-carte-mere-lcd-ipad-mini-2-3.html";"https://www.pieces2mobile.com/media/catalog/product/cache/08ce6ea9b7ea9e423fa7c2e2ae0fab3c/i/p/ipad_mini_2-3_lcd_connecteur_carte_mere_6e.jpg";"Connecteur Carte Mère / LCD iPad Mini 2 / 3. ReparMonPhone, principal grossiste en pièces détachées pour mobiles en Europe. Envois gratuits dès 35 euros. Comptes professionnels.";" DIAGNOSTIC DE LA PANNE  Vous avez abîmé ou endommagé votre iPad Mini 2 / 3 par accident. Le connecteur carte mère, LCD de votre smartphone ou tablette Apple ne fonctionne plus.  Heureusement, cette panne est réparable, et cette pièce de qualité vous permet d'en effectuer le dépannage.NOS CONSEILS  Lors de l'achat, il est conseillé de vérifier votre modèle de smartphone/tablette par sa référence plutôt que par son nom. Mais aussi de bien vérifier les versions disponibles qui peuvent changer les spécificités des pièces (attention aux confusions comme SIM / SD ou Power / Volume). Attention à ne pas pincer, déchirer les nappes, ou abîmer les pièces de rechange. Restez vigilant, certaines pièces nécessitent des compétences et un matériel de soudure adéquat.  LES GARANTIES ReparMonPhone  Nos pièces sont testées, pour une durée de vie optimale. Garanties fonctionnelles, pour une réparation sans tracas. Une politique de retours souples et rapides. "
"Batterie iPad Mini 2 A1512";"4873";"18.55";"EUR";"En stock";"Apple > IPad > iPad Mini 2 (2013)";"https://www.pieces2mobile.com/batterie-a1512-ipad-mini-2-origine.html";"https://www.pieces2mobile.com/media/catalog/product/cache/08ce6ea9b7ea9e423fa7c2e2ae0fab3c/b/a/batterie_ipad_mini_2.jpg";"Batterie iPad Mini 2 A1512. ReparMonPhone, principal grossiste en pièces de rechange pour mobiles en Europe. Envois gratuits dès 35 euros. Comptes professionnels.";" Batterie iPad Mini 2 A1512 neuve Le niveau de la batterie de votre tablette iPad Mini 2 diminue rapidement et parfois il s’éteint de manière inopinée et vous ne savez pas où trouver une offre de batterie iPad Mini 2 au meilleur prix ?Sur ReparMonPhone.com bien évidemment ! Leader en vente de pièces détachées de tablettes aux particuliers et professionnels, nous proposons justement la batterie A1489, A1490, A1491. de iPad Mini 2 Générique. De quoi remplacer rapidement votre batterie de iPad Mini 2 en fin de vie au prix le plus bas.Afin de réaliser une opération sans surprise, achetez notre batterie A1489, A1490, A1491. de iPad Mini 2 Générique neuve. Toutes les pièces vendues par ReparMonPhone sont de qualité et permettent de conserver une expérience optimale avec votre tablette Apple iPad Mini 2.Certains se demandent quel est le site mieux indiqué pour un achat de batterie iPad Mini 2 pas cher ? De toute évidence ReparMonPhone.com, le partenaire de tous les professionnels de la réparation en France et en Europe. Ajoutez la batterie Générique iPad Mini 2 à votre panier, validez votre commande et nous la livrons à l’adresse de votre choix dans les plus brefs délais !DIAGNOSTIC DE PANNE DE BATTERIE DE iPad Mini 2Votre iPad Mini 2 ne s’allume plus s’il n'est pas en charge ou son autonomie est significativement réduite.Dans les réglages de l’iPad Mini 2 le pourcentage indiquant la santé de la batterie est bas.L’iPad Mini 2 s’éteint de lui-même alors que son niveau de batterie est encore conséquent.Heureusement nous avons la solution, notre batterie iPad Mini 2 vous permet d’en effectuer le remplacement dans de bonnes conditions pour d’excellents résultats.NOS CONSEILS EN MATIÈRE DE REMPLACEMENT DE BATTERIES D’iPad Mini 2Avant l’achat, il est vivement recommandé de vérifier le modèle exact de la tablette iPad Mini 2 d’Apple avec la référence de la batterie, car il existe un grand nombre de modèles de tablettes Apple et certaines versions se ressemblent beaucoup et sont parfois confondues.Prenez soin de démonter avec soin la batterie A1489, A1490, A1491. d’iPad Mini 2, il ne faut surtout pas l’endommager.Lors de la fixation de la batterie d’iPad Mini 2, faites attention aux petits débris et aux poussières qui peuvent nuire à la cohésion des composants.GARANTIE BATTERIE A1489, A1490, A1491. Générique Apple ReparMonPhoneBatterie d’iPad Mini 2 Générique état neuf testée et vérifiée avec une qualité et une durée de vie optimale.Assurance du caractère fonctionnel de la batterie Générique, pour retrouver l’autonomie d’un iPad Mini 2 neuf.Une politique de retour souple et efficace de la batterie Générique iPad Mini 2.INFORMATIONS SUPPLÉMENTAIRES BATTERIE iPad Mini 2 Générique neuvesLes batteries A1489, A1490, A1491. neuves sont pourvues d’une charge d’usine, qu’il est conseillé de laisser se décharger complètement.Afin d’améliorer l’optimisation de la batterie, une fois que la charge d’usine atteint les 5 % à 10 %, un cycle de charge complet jusqu’à 100 % sans interruption est recommandé.Par la suite, pour assurer de bonnes performances, il est conseillé d’effectuer autant que possible ces mêmes cycles de charge.Réf. constructeur : A1489, A1490, A1491.Capacité : "
"Vitre tactile iPad Mini 1 / Mini 2 Blanc";"1633";"6.48";"EUR";"En stock";"Apple > IPad > iPad Mini (2012)";"https://www.pieces2mobile.com/vitre-tactile-sans-soudure-ipad-mini-1-mini-2-blanc.html";"https://www.pieces2mobile.com/media/catalog/product/cache/08ce6ea9b7ea9e423fa7c2e2ae0fab3c/i/p/ipadmini_vitre_blanc_com.jpg";"Vitre tactile iPad Mini 1 / Mini 2 Blanc. ReparMonPhone, principal grossiste en pièces détachées pour mobiles en Europe. Envois gratuits dès 35 euros. Comptes professionnels.";" DIAGNOSTIC DE LA PANNE  Par accident, la vitre tactile de votre iPad mini 1 / mini 2 est abîmée, rayée, fissurée ou cassée. La vitre tactile de votre smartphone ou tablette Apple n'adhère plus ou se décolle.  Heureusement, cette panne est réparable, et cette vitre tactile de qualité vous permet d'en effectuer le dépannage.NOS CONSEILS  Lors de l'achat, il est conseillé de vérifier votre modèle de smartphone/tablette par sa référence plutôt que par son nom. Attention à ne pas pincer ou déchirer les nappes présentes sur la vitre, et donc de les endommager. Pour la pose d'une vitre sans adhésif, pensez à utiliser le bon type de colle (ex: colle B7000 110 ml, ou colle B 7000 50 ml).  LES GARANTIES ReparMonPhone  Nos pièces sont testées, pour une durée de vie optimale. Garanties fonctionnelles, pour une réparation sans tracas. Une politique de retours souples et rapides. º"
"Vitre tactile iPad Mini 1 / Mini 2 Noir";"1632";"6.96";"EUR";"En stock";"Apple > IPad > iPad Mini (2012)";"https://www.pieces2mobile.com/vitre-tactile-sans-soudure-ipad-mini-1-mini-2-noir.html";"https://www.pieces2mobile.com/media/catalog/product/cache/08ce6ea9b7ea9e423fa7c2e2ae0fab3c/i/p/ipadmini_vitre_noir_com.jpg";"Vitre tactile iPad Mini 1 / Mini 2 Noir. ReparMonPhone, principal grossiste en pièces détachées pour mobiles en Europe. Envois gratuits dès 35 euros. Comptes professionnels.";" DIAGNOSTIC DE LA PANNE  Par accident, la vitre tactile de votre iPad mini 1 / mini 2 est abîmée, rayée, fissurée ou cassée. La vitre tactile de votre smartphone ou tablette Apple n'adhère plus ou se décolle.  Heureusement, cette panne est réparable, et cette vitre tactile de qualité vous permet d'en effectuer le dépannage.NOS CONSEILS  Lors de l'achat, il est conseillé de vérifier votre modèle de smartphone/tablette par sa référence plutôt que par son nom. Attention à ne pas pincer ou déchirer les nappes présentes sur la vitre, et donc de les endommager. Pour la pose d'une vitre sans adhésif, pensez à utiliser le bon type de colle (ex: colle B7000 110 ml, ou colle B 7000 50 ml).  LES GARANTIES ReparMonPhone  Nos pièces sont testées, pour une durée de vie optimale. Garanties fonctionnelles, pour une réparation sans tracas. Une politique de retours souples et rapides. º"
"Vitre tactile iPad Mini / Mini 2 Noir Origine";"7128";"9.47";"EUR";"Rupture / sur commande";"Apple > IPad > iPad Mini (2012)";"https://www.pieces2mobile.com/vitre-tactile-ipad-mini-mini-2-noir-origine.html";"https://www.pieces2mobile.com/media/catalog/product/cache/08ce6ea9b7ea9e423fa7c2e2ae0fab3c/v/i/vitre_tactile_ipad_mini_noir_origine.jpg";"Vitre tactile iPad Mini / Mini 2 Noir Origine. ReparMonPhone, principal grossiste en pièces de rechange pour mobiles en Europe. Envois gratuits dès 35 euros. Comptes professionnels.";" DIAGNOSTIC DE LA PANNE  Par accident, la vitre tactile de votre iPad Mini / Mini 2 est abîmée, rayée, fissurée ou cassée. La vitre tactile de votre smartphone ou tablette Apple n'adhère plus ou se décolle.  Heureusement, cette panne est réparable, et cette vitre tactile de qualité vous permet d'en effectuer le dépannage.NOS CONSEILS  Lors de l'achat, il est conseillé de vérifier votre modèle de smartphone/tablette par sa référence plutôt que par son nom. Attention à ne pas pincer ou déchirer les nappes présentes sur la vitre, et donc de les endommager. Pour la pose d'une vitre sans adhésif, pensez à utiliser le bon type de colle (ex: colle B7000 110 ml, ou colle B 7000 50 ml).  LES GARANTIES ReparMonPhone  Nos pièces sont testées, pour une durée de vie optimale. Garanties fonctionnelles, pour une réparation sans tracas. Une politique de retours souples et rapides. º"
"Vitre tactile iPad Mini / Mini 2 Blanc Origine";"7129";"7.2";"EUR";"En stock";"Apple > IPad > iPad Mini (2012)";"https://www.pieces2mobile.com/vitre-tactile-ipad-mini-mini-2-blanc-origine.html";"https://www.pieces2mobile.com/media/catalog/product/cache/08ce6ea9b7ea9e423fa7c2e2ae0fab3c/v/i/vitre_tactile_ipad_mini_blanc_origine.jpg";"Vitre tactile iPad Mini / Mini 2 Blanc Origine. ReparMonPhone, principal grossiste en pièces de rechange pour mobiles en Europe. Envois gratuits dès 35 euros. Comptes professionnels.";" DIAGNOSTIC DE LA PANNE  Par accident, la vitre tactile de votre iPad Mini / Mini 2 est abîmée, rayée, fissurée ou cassée. La vitre tactile de votre smartphone ou tablette Apple n'adhère plus ou se décolle.  Heureusement, cette panne est réparable, et cette vitre tactile de qualité vous permet d'en effectuer le dépannage.NOS CONSEILS  Lors de l'achat, il est conseillé de vérifier votre modèle de smartphone/tablette par sa référence plutôt que par son nom. Attention à ne pas pincer ou déchirer les nappes présentes sur la vitre, et donc de les endommager. Pour la pose d'une vitre sans adhésif, pensez à utiliser le bon type de colle (ex: colle B7000 110 ml, ou colle B 7000 50 ml).  LES GARANTIES ReparMonPhone  Nos pièces sont testées, pour une durée de vie optimale. Garanties fonctionnelles, pour une réparation sans tracas. Une politique de retours souples et rapides. º"
"Nappe Jack iPad Mini / Mini 2 Noir ";"459";"2.4";"EUR";"En stock";"Apple > IPad > iPad Mini (2012)";"https://www.pieces2mobile.com/nappe-jack-ipad-mini-mini-2-noir.html";"https://www.pieces2mobile.com/media/catalog/product/cache/08ce6ea9b7ea9e423fa7c2e2ae0fab3c/j/a/jack-ipad-mini-noir.jpg";"Nappe Jack iPad Mini / Mini 2 Noir . ReparMonPhone, principal grossiste en pièces détachées pour mobiles en Europe. Envois gratuits dès 35 euros. Comptes professionnels.";" DIAGNOSTIC DE LA PANNE  Vous avez abîmé ou endommagé votre iPad Mini 1 / Mini 2 par accident. La nappe Jack de votre smartphone ou tablette Apple ne fonctionne plus.  Heureusement, cette panne est réparable, et cette pièce de qualité vous permet d'en effectuer le dépannage.NOS CONSEILS  Lors de l'achat, il est conseillé de vérifier votre modèle de smartphone/tablette par sa référence plutôt que par son nom. Mais aussi de bien vérifier les versions disponibles qui peuvent changer les spécificités des pièces (attention aux confusions comme SIM / SD ou Power / Volume). Attention à ne pas pincer, déchirer les nappes, ou abîmer les pièces de rechange. Restez vigilant, certaines pièces nécessitent des compétences et un matériel de soudure adéquat.  LES GARANTIES ReparMonPhone  Nos pièces sont testées, pour une durée de vie optimale. Garanties fonctionnelles, pour une réparation sans tracas. Une politique de retours souples et rapides. "
"Nappe Jack iPad Mini / Mini 2 Blanc";"8151";"2.4";"EUR";"En stock";"Apple > IPad > iPad Mini (2012)";"https://www.pieces2mobile.com/nappe-jack-ipad-mini-mini-2-blanc.html";"https://www.pieces2mobile.com/media/catalog/product/cache/08ce6ea9b7ea9e423fa7c2e2ae0fab3c/j/a/jack-ipad-mini_blanc.jpg";"Nappe Jack iPad Mini / Mini 2 Blanc. ReparMonPhone, principal grossiste en pièces détachées pour mobiles en Europe. Envois gratuits dès 35 euros. Comptes professionnels.";" DIAGNOSTIC DE LA PANNE  Vous avez abîmé ou endommagé votre iPad Mini / Mini 2 par accident. La nappe Jack de votre smartphone ou tablette Apple ne fonctionne plus.  Heureusement, cette panne est réparable, et cette pièce de qualité vous permet d'en effectuer le dépannage.NOS CONSEILS  Lors de l'achat, il est conseillé de vérifier votre modèle de smartphone/tablette par sa référence plutôt que par son nom. Mais aussi de bien vérifier les versions disponibles qui peuvent changer les spécificités des pièces (attention aux confusions comme SIM / SD ou Power / Volume). Attention à ne pas pincer, déchirer les nappes, ou abîmer les pièces de rechange. Restez vigilant, certaines pièces nécessitent des compétences et un matériel de soudure adéquat.  LES GARANTIES ReparMonPhone  Nos pièces sont testées, pour une durée de vie optimale. Garanties fonctionnelles, pour une réparation sans tracas. Une politique de retours souples et rapides. "
"Nappe HOME iPad Mini / Mini 2";"1257";"1.2";"EUR";"En stock";"Apple > IPad > iPad Mini (2012)";"https://www.pieces2mobile.com/nappe-home-ipad-mini-mini-2.html";"https://www.pieces2mobile.com/media/catalog/product/cache/08ce6ea9b7ea9e423fa7c2e2ae0fab3c/i/p/ipad_mini_home_s1_1.jpg";"Nappe HOME iPad Mini / Mini 2. ReparMonPhone, principal grossiste en pièces de rechange pour mobiles en Europe. Envois gratuits dès 35 euros. Comptes professionnels.";" DIAGNOSTIC DE LA PANNE  Vous avez abîmé ou endommagé votre iPad Mini / Mini 2 par accident. La nappe HOME de votre smartphone ou tablette Apple ne fonctionne plus.  Heureusement, cette panne est réparable, et cette pièce de qualité vous permet d'en effectuer le dépannage.NOS CONSEILS  Lors de l'achat, il est conseillé de vérifier votre modèle de smartphone/tablette par sa référence plutôt que par son nom. Mais aussi de bien vérifier les versions disponibles qui peuvent changer les spécificités des pièces (attention aux confusions comme SIM / SD ou Power / Volume). Attention à ne pas pincer, déchirer les nappes, ou abîmer les pièces de rechange. Restez vigilant, certaines pièces nécessitent des compétences et un matériel de soudure adéquat.  LES GARANTIES ReparMonPhone  Nos pièces sont testées, pour une durée de vie optimale. Garanties fonctionnelles, pour une réparation sans tracas. Une politique de retours souples et rapides. "
"Nappe Antenne Wi-Fi / Bluetooth iPad Mini 1 / Mini 2";"2117";"2.4";"EUR";"En stock";"Apple > IPad > iPad Mini (2012)";"https://www.pieces2mobile.com/nappe-antenne-wi-fi-bluetooth-ipad-mini-1-mini-2.html";"https://www.pieces2mobile.com/media/catalog/product/cache/08ce6ea9b7ea9e423fa7c2e2ae0fab3c/a/n/antenna-wifi-y-bluetooth-ipad-mini_2_.jpg";"Nappe Antenne Wi-Fi / Bluetooth iPad Mini 1 / Mini 2. ReparMonPhone, principal grossiste en pièces de rechange pour mobiles en Europe. Envois gratuits dès 35 euros. Comptes professionnels.";" DIAGNOSTIC DE LA PANNE  Vous avez abîmé ou endommagé votre iPad Mini 1 / Mini 2 par accident. La nappe antenne Wi-Fi, Bluetooth de votre smartphone ou tablette Apple ne fonctionne plus.  Heureusement, cette panne est réparable, et cette pièce de qualité vous permet d'en effectuer le dépannage.NOS CONSEILS  Lors de l'achat, il est conseillé de vérifier votre modèle de smartphone/tablette par sa référence plutôt que par son nom. Mais aussi de bien vérifier les versions disponibles qui peuvent changer les spécificités des pièces (attention aux confusions comme SIM / SD ou Power / Volume). Attention à ne pas pincer, déchirer les nappes, ou abîmer les pièces de rechange. Restez vigilant, certaines pièces nécessitent des compétences et un matériel de soudure adéquat.  LES GARANTIES ReparMonPhone  Nos pièces sont testées, pour une durée de vie optimale. Garanties fonctionnelles, pour une réparation sans tracas. Une politique de retours souples et rapides. "
"Nappe Antenne GPS iPad Mini 1 / Mini 2";"2118";"1.2";"EUR";"En stock";"Apple > IPad > iPad Mini (2012)";"https://www.pieces2mobile.com/nappe-antenne-gps-ipad-mini-1-mini-2.html";"https://www.pieces2mobile.com/media/catalog/product/cache/08ce6ea9b7ea9e423fa7c2e2ae0fab3c/i/p/ipadminigpse.jpg";"Nappe Antenne GPS iPad Mini 1 / Mini 2. ReparMonPhone, principal grossiste en pièces détachées pour mobiles en Europe. Envois gratuits dès 35 euros. Comptes professionnels.";" DIAGNOSTIC DE LA PANNE  Vous avez abîmé ou endommagé votre iPad Mini 1 / Mini 2 par accident. La nappe antenne GPS de votre smartphone ou tablette Apple ne fonctionne plus.  Heureusement, cette panne est réparable, et cette pièce de qualité vous permet d'en effectuer le dépannage.NOS CONSEILS  Lors de l'achat, il est conseillé de vérifier votre modèle de smartphone/tablette par sa référence plutôt que par son nom. Mais aussi de bien vérifier les versions disponibles qui peuvent changer les spécificités des pièces (attention aux confusions comme SIM / SD ou Power / Volume). Attention à ne pas pincer, déchirer les nappes, ou abîmer les pièces de rechange. Restez vigilant, certaines pièces nécessitent des compétences et un matériel de soudure adéquat.  LES GARANTIES ReparMonPhone  Nos pièces sont testées, pour une durée de vie optimale. Garanties fonctionnelles, pour une réparation sans tracas. Une politique de retours souples et rapides. "
"Joint Bouton HOME iPad Mini / Mini 2";"1667";"2.4";"EUR";"En stock";"Apple > IPad > iPad Mini (2012)";"https://www.pieces2mobile.com/joint-bouton-home-ipad-mini-mini-2.html";"https://www.pieces2mobile.com/media/catalog/product/cache/08ce6ea9b7ea9e423fa7c2e2ae0fab3c/i/p/ipadmini_jointure_com.jpg";"Joint Bouton HOME iPad Mini / Mini 2. ReparMonPhone, principal grossiste en pièces détachées pour mobiles en Europe. Envois gratuits dès 35 euros. Comptes professionnels.";" DIAGNOSTIC DE LA PANNE  Vous avez abîmé ou endommagé votre iPad Mini / Mini 2 par accident. Le joint  bouton HOME de votre smartphone ou tablette Apple ne fonctionne plus.  Heureusement, cette panne est réparable, et cette pièce de qualité vous permet d'en effectuer le dépannage.NOS CONSEILS  Lors de l'achat, il est conseillé de vérifier votre modèle de smartphone/tablette par sa référence plutôt que par son nom. Mais aussi de bien vérifier les versions disponibles qui peuvent changer les spécificités des pièces (attention aux confusions comme SIM / SD ou Power / Volume). Attention à ne pas pincer, déchirer les nappes, ou abîmer les pièces de rechange. Restez vigilant, certaines pièces nécessitent des compétences et un matériel de soudure adéquat.  LES GARANTIES ReparMonPhone  Nos pièces sont testées, pour une durée de vie optimale. Garanties fonctionnelles, pour une réparation sans tracas. Une politique de retours souples et rapides. "
"Membrane Bouton HOME iPad Mini / Mini 2";"4241";"2.4";"EUR";"En stock";"Apple > IPad > iPad Mini (2012)";"https://www.pieces2mobile.com/membrane-bouton-home-ipad-mini-mini-2.html";"https://www.pieces2mobile.com/media/catalog/product/cache/08ce6ea9b7ea9e423fa7c2e2ae0fab3c/i/p/ipad_mini_membrane.jpg";"Membrane Bouton HOME iPad Mini / Mini 2. ReparMonPhone, principal grossiste en pièces de rechange pour mobiles en Europe. Envois gratuits dès 35 euros. Comptes professionnels.";" DIAGNOSTIC DE LA PANNE  Vous avez abîmé ou endommagé votre iPad Mini / Mini 2 par accident. La membrane  bouton HOME de votre smartphone ou tablette Apple ne fonctionne plus.  Heureusement, cette panne est réparable, et cette pièce de qualité vous permet d'en effectuer le dépannage.NOS CONSEILS  Lors de l'achat, il est conseillé de vérifier votre modèle de smartphone/tablette par sa référence plutôt que par son nom. Mais aussi de bien vérifier les versions disponibles qui peuvent changer les spécificités des pièces (attention aux confusions comme SIM / SD ou Power / Volume). Attention à ne pas pincer, déchirer les nappes, ou abîmer les pièces de rechange. Restez vigilant, certaines pièces nécessitent des compétences et un matériel de soudure adéquat.  LES GARANTIES ReparMonPhone  Nos pièces sont testées, pour une durée de vie optimale. Garanties fonctionnelles, pour une réparation sans tracas. Une politique de retours souples et rapides. "
"Tiroir SIM iPad Mini 1 / Mini 2 Noir";"3254";"2.4";"EUR";"En stock";"Apple > IPad > iPad Mini (2012)";"https://www.pieces2mobile.com/tiroir-sim-ipad-mini-1-mini-2-noir.html";"https://www.pieces2mobile.com/media/catalog/product/cache/08ce6ea9b7ea9e423fa7c2e2ae0fab3c/1/5/156.jpg";"Tiroir SIM iPad Mini 1 / Mini 2 Noir. ReparMonPhone, principal grossiste en pièces détachées pour mobiles en Europe. Envois gratuits dès 35 euros. Comptes professionnels.";" DIAGNOSTIC DE LA PANNE  Vous avez abîmé ou endommagé votre iPad Mini 1 / Mini 2 par accident. Le tiroir SIM de votre smartphone ou tablette Apple ne fonctionne plus.  Heureusement, cette panne est réparable, et cette pièce de qualité vous permet d'en effectuer le dépannage.NOS CONSEILS  Lors de l'achat, il est conseillé de vérifier votre modèle de smartphone/tablette par sa référence plutôt que par son nom. Mais aussi de bien vérifier les versions disponibles qui peuvent changer les spécificités des pièces (attention aux confusions comme SIM / SD ou Power / Volume). Attention à ne pas pincer, déchirer les nappes, ou abîmer les pièces de rechange. Restez vigilant, certaines pièces nécessitent des compétences et un matériel de soudure adéquat.  LES GARANTIES ReparMonPhone  Nos pièces sont testées, pour une durée de vie optimale. Garanties fonctionnelles, pour une réparation sans tracas. Une politique de retours souples et rapides. "
"Bouton HOME iPad Mini / Mini 2 Blanc";"1668";"1.2";"EUR";"En stock";"Apple > IPad > iPad Mini (2012)";"https://www.pieces2mobile.com/bouton-home-ipad-mini-mini-2-blanc.html";"https://www.pieces2mobile.com/media/catalog/product/cache/08ce6ea9b7ea9e423fa7c2e2ae0fab3c/i/p/ipadmini_homeblanc_com.jpg";"Bouton HOME iPad Mini / Mini 2 Blanc. ReparMonPhone, principal grossiste en pièces de rechange pour mobiles en Europe. Envois gratuits dès 35 euros. Comptes professionnels.";" DIAGNOSTIC DE LA PANNE  Vous avez abîmé ou endommagé votre iPad Mini / Mini 2 par accident. Le bouton HOME de votre smartphone ou tablette Apple ne fonctionne plus.  Heureusement, cette panne est réparable, et cette pièce de qualité vous permet d'en effectuer le dépannage.NOS CONSEILS  Lors de l'achat, il est conseillé de vérifier votre modèle de smartphone/tablette par sa référence plutôt que par son nom. Mais aussi de bien vérifier les versions disponibles qui peuvent changer les spécificités des pièces (attention aux confusions comme SIM / SD ou Power / Volume). Attention à ne pas pincer, déchirer les nappes, ou abîmer les pièces de rechange. Restez vigilant, certaines pièces nécessitent des compétences et un matériel de soudure adéquat.  LES GARANTIES ReparMonPhone  Nos pièces sont testées, pour une durée de vie optimale. Garanties fonctionnelles, pour une réparation sans tracas. Une politique de retours souples et rapides. "
"Connecteur Tactile iPad Mini 1 / Mini 2";"1666";"2.4";"EUR";"En stock";"Apple > IPad > iPad Mini (2012)";"https://www.pieces2mobile.com/connecteur-tactile-ipad-mini-1-mini-2.html";"https://www.pieces2mobile.com/media/catalog/product/cache/08ce6ea9b7ea9e423fa7c2e2ae0fab3c/i/p/ipadmini_touchconnector_com_1.jpg";"Connecteur Tactile iPad Mini 1 / Mini 2. ReparMonPhone, principal grossiste en pièces détachées pour mobiles en Europe. Envois gratuits dès 35 euros. Comptes professionnels.";" DIAGNOSTIC DE LA PANNE  Vous avez abîmé ou endommagé votre iPad Mini 1 / Mini 2 par accident. Le connecteur Tactile de votre smartphone ou tablette Apple ne fonctionne plus.  Heureusement, cette panne est réparable, et cette pièce de qualité vous permet d'en effectuer le dépannage.NOS CONSEILS  Lors de l'achat, il est conseillé de vérifier votre modèle de smartphone/tablette par sa référence plutôt que par son nom. Mais aussi de bien vérifier les versions disponibles qui peuvent changer les spécificités des pièces (attention aux confusions comme SIM / SD ou Power / Volume). Attention à ne pas pincer, déchirer les nappes, ou abîmer les pièces de rechange. Restez vigilant, certaines pièces nécessitent des compétences et un matériel de soudure adéquat.  LES GARANTIES ReparMonPhone  Nos pièces sont testées, pour une durée de vie optimale. Garanties fonctionnelles, pour une réparation sans tracas. Une politique de retours souples et rapides. "
"Bouton HOME iPad Mini / Mini 2 Noir";"1669";"2.4";"EUR";"En stock";"Apple > IPad > iPad Mini (2012)";"https://www.pieces2mobile.com/bouton-home-ipad-mini-mini-2-noir.html";"https://www.pieces2mobile.com/media/catalog/product/cache/08ce6ea9b7ea9e423fa7c2e2ae0fab3c/i/p/ipadmini_homenoir_com.jpg";"Bouton HOME iPad Mini / Mini 2 Noir. ReparMonPhone, principal grossiste en pièces de rechange pour mobiles en Europe. Envois gratuits dès 35 euros. Comptes professionnels.";" DIAGNOSTIC DE LA PANNE  Vous avez abîmé ou endommagé votre iPad Mini / Mini 2 par accident. Le bouton HOME de votre smartphone ou tablette Apple ne fonctionne plus.  Heureusement, cette panne est réparable, et cette pièce de qualité vous permet d'en effectuer le dépannage.NOS CONSEILS  Lors de l'achat, il est conseillé de vérifier votre modèle de smartphone/tablette par sa référence plutôt que par son nom. Mais aussi de bien vérifier les versions disponibles qui peuvent changer les spécificités des pièces (attention aux confusions comme SIM / SD ou Power / Volume). Attention à ne pas pincer, déchirer les nappes, ou abîmer les pièces de rechange. Restez vigilant, certaines pièces nécessitent des compétences et un matériel de soudure adéquat.  LES GARANTIES ReparMonPhone  Nos pièces sont testées, pour une durée de vie optimale. Garanties fonctionnelles, pour une réparation sans tracas. Une politique de retours souples et rapides. "
"Bouton Volume iPad Mini / Mini 2 Argent";"1838";"1.2";"EUR";"En stock";"Apple > IPad > iPad Mini (2012)";"https://www.pieces2mobile.com/bouton-volume-ipad-mini-mini-2-argent.html";"https://www.pieces2mobile.com/media/catalog/product/cache/08ce6ea9b7ea9e423fa7c2e2ae0fab3c/a/p/apple-ipad-mini-mini-2-bouton-volume-argent.jpg";"Bouton Volume iPad Mini / Mini 2 Argent. ReparMonPhone, principal grossiste en pièces détachées pour mobiles en Europe. Envois gratuits dès 35 euros. Comptes professionnels.";" DIAGNOSTIC DE LA PANNE  Vous avez abîmé ou endommagé votre iPad Mini / Mini 2 par accident. Le bouton Volume de votre smartphone ou tablette Apple ne fonctionne plus.  Heureusement, cette panne est réparable, et cette pièce de qualité vous permet d'en effectuer le dépannage.NOS CONSEILS  Lors de l'achat, il est conseillé de vérifier votre modèle de smartphone/tablette par sa référence plutôt que par son nom. Mais aussi de bien vérifier les versions disponibles qui peuvent changer les spécificités des pièces (attention aux confusions comme SIM / SD ou Power / Volume). Attention à ne pas pincer, déchirer les nappes, ou abîmer les pièces de rechange. Restez vigilant, certaines pièces nécessitent des compétences et un matériel de soudure adéquat.  LES GARANTIES ReparMonPhone  Nos pièces sont testées, pour une durée de vie optimale. Garanties fonctionnelles, pour une réparation sans tracas. Une politique de retours souples et rapides. "
"Bouton Vibreur iPad Mini / Mini 2 Noir";"1840";"1.2";"EUR";"En stock";"Apple > IPad > iPad Mini (2012)";"https://www.pieces2mobile.com/bouton-vibreur-ipad-mini-mini-2-noir.html";"https://www.pieces2mobile.com/media/catalog/product/cache/08ce6ea9b7ea9e423fa7c2e2ae0fab3c/a/p/apple-ipad-mini-mini-2-bouton-vibreur-noir.jpg";"Bouton Vibreur iPad Mini / Mini 2 Noir. ReparMonPhone, principal grossiste en pièces de rechange pour mobiles en Europe. Envois gratuits dès 35 euros. Comptes professionnels.";" DIAGNOSTIC DE LA PANNE  Vous avez abîmé ou endommagé votre iPad Mini / Mini 2 par accident. Le bouton Vibreur de votre smartphone ou tablette Apple ne fonctionne plus.  Heureusement, cette panne est réparable, et cette pièce de qualité vous permet d'en effectuer le dépannage.NOS CONSEILS  Lors de l'achat, il est conseillé de vérifier votre modèle de smartphone/tablette par sa référence plutôt que par son nom. Mais aussi de bien vérifier les versions disponibles qui peuvent changer les spécificités des pièces (attention aux confusions comme SIM / SD ou Power / Volume). Attention à ne pas pincer, déchirer les nappes, ou abîmer les pièces de rechange. Restez vigilant, certaines pièces nécessitent des compétences et un matériel de soudure adéquat.  LES GARANTIES ReparMonPhone  Nos pièces sont testées, pour une durée de vie optimale. Garanties fonctionnelles, pour une réparation sans tracas. Une politique de retours souples et rapides. "
"Bouton Vibreur iPad Mini / Mini 2 Argent";"1841";"1.2";"EUR";"En stock";"Apple > IPad > iPad Mini (2012)";"https://www.pieces2mobile.com/bouton-vibreur-ipad-mini-mini-2-argent.html";"https://www.pieces2mobile.com/media/catalog/product/cache/08ce6ea9b7ea9e423fa7c2e2ae0fab3c/a/p/apple-ipad-mini-mini-2-bouton-vibreur-argent.jpg";"Bouton Vibreur iPad Mini / Mini 2 Argent. ReparMonPhone, principal grossiste en pièces de rechange pour mobiles en Europe. Envois gratuits dès 35 euros. Comptes professionnels.";" DIAGNOSTIC DE LA PANNE  Vous avez abîmé ou endommagé votre iPad Mini / Mini 2 par accident. Le bouton Vibreur de votre smartphone ou tablette Apple ne fonctionne plus.  Heureusement, cette panne est réparable, et cette pièce de qualité vous permet d'en effectuer le dépannage.NOS CONSEILS  Lors de l'achat, il est conseillé de vérifier votre modèle de smartphone/tablette par sa référence plutôt que par son nom. Mais aussi de bien vérifier les versions disponibles qui peuvent changer les spécificités des pièces (attention aux confusions comme SIM / SD ou Power / Volume). Attention à ne pas pincer, déchirer les nappes, ou abîmer les pièces de rechange. Restez vigilant, certaines pièces nécessitent des compétences et un matériel de soudure adéquat.  LES GARANTIES ReparMonPhone  Nos pièces sont testées, pour une durée de vie optimale. Garanties fonctionnelles, pour une réparation sans tracas. Une politique de retours souples et rapides. "
"Bouton Power iPad Mini / Mini 2 Noir";"1844";"1.2";"EUR";"En stock";"Apple > IPad > iPad Mini (2012)";"https://www.pieces2mobile.com/bouton-power-ipad-mini-1-2-noir.html";"https://www.pieces2mobile.com/media/catalog/product/cache/08ce6ea9b7ea9e423fa7c2e2ae0fab3c/a/p/apple-ipad-mini-mini-2-bouton-power-noir.jpg";"Bouton Power iPad Mini / Mini 2 Noir. ReparMonPhone, principal grossiste en pièces détachées pour mobiles en Europe. Envois gratuits dès 35 euros. Comptes professionnels.";" DIAGNOSTIC DE LA PANNE  Vous avez abîmé ou endommagé votre iPad Mini / Mini 2 par accident. Le bouton Power de votre smartphone ou tablette Apple ne fonctionne plus.  Heureusement, cette panne est réparable, et cette pièce de qualité vous permet d'en effectuer le dépannage.NOS CONSEILS  Lors de l'achat, il est conseillé de vérifier votre modèle de smartphone/tablette par sa référence plutôt que par son nom. Mais aussi de bien vérifier les versions disponibles qui peuvent changer les spécificités des pièces (attention aux confusions comme SIM / SD ou Power / Volume). Attention à ne pas pincer, déchirer les nappes, ou abîmer les pièces de rechange. Restez vigilant, certaines pièces nécessitent des compétences et un matériel de soudure adéquat.  LES GARANTIES ReparMonPhone  Nos pièces sont testées, pour une durée de vie optimale. Garanties fonctionnelles, pour une réparation sans tracas. Une politique de retours souples et rapides. "
"Bouton Power iPad Mini / Mini 2 Argent";"1842";"1.2";"EUR";"En stock";"Apple > IPad > iPad Mini (2012)";"https://www.pieces2mobile.com/bouton-power-ipad-mini-1-2-argent.html";"https://www.pieces2mobile.com/media/catalog/product/cache/08ce6ea9b7ea9e423fa7c2e2ae0fab3c/a/p/apple-ipad-mini-mini-2-bouton-power-argent.jpg";"Bouton Power iPad Mini / Mini 2 Argent. ReparMonPhone, principal grossiste en pièces détachées pour mobiles en Europe. Envois gratuits dès 35 euros. Comptes professionnels.";" DIAGNOSTIC DE LA PANNE  Vous avez abîmé ou endommagé votre iPad Mini / Mini 2 par accident. Le bouton Power de votre smartphone ou tablette Apple ne fonctionne plus.  Heureusement, cette panne est réparable, et cette pièce de qualité vous permet d'en effectuer le dépannage.NOS CONSEILS  Lors de l'achat, il est conseillé de vérifier votre modèle de smartphone/tablette par sa référence plutôt que par son nom. Mais aussi de bien vérifier les versions disponibles qui peuvent changer les spécificités des pièces (attention aux confusions comme SIM / SD ou Power / Volume). Attention à ne pas pincer, déchirer les nappes, ou abîmer les pièces de rechange. Restez vigilant, certaines pièces nécessitent des compétences et un matériel de soudure adéquat.  LES GARANTIES ReparMonPhone  Nos pièces sont testées, pour une durée de vie optimale. Garanties fonctionnelles, pour une réparation sans tracas. Une politique de retours souples et rapides. "
"Power Management IC (U8100) iPad Mini 2 (2013)";"15617";"2.4";"EUR";"En stock";"Apple > IPad > iPad Mini 2 (2013)";"https://www.pieces2mobile.com/power-management-ic-u8100-ipad-mini-2-2013.html";"https://www.pieces2mobile.com/media/catalog/product/cache/08ce6ea9b7ea9e423fa7c2e2ae0fab3c/p/o/power-manager-ic-u8100-ipad-mini-2-2013-343s0656-a1.jpg";"Power Management IC (U8100) iPad Mini 2 (2013). ReparMonPhone, principal grossiste en pièces détachées pour mobiles en Europe. Envois gratuits dès 35 euros. Comptes professionnels.";" DIAGNOSTIC DE LA PANNE  Vous avez abîmé ou endommagé votre iPad Mini 2 (2013) par accident. Le composant IC de votre smartphone ou tablette Apple ne fonctionne plus.  Heureusement, cette panne est réparable, et cette pièce de qualité vous permet d'en effectuer le dépannage.NOS CONSEILS  Lors de l'achat, il est conseillé de vérifier votre modèle de smartphone/tablette par sa référence plutôt que par son nom. Mais aussi de bien vérifier les versions disponibles qui peuvent changer les spécificités des pièces (attention aux confusions comme SIM / SD ou Power / Volume). Attention à ne pas pincer, déchirer les nappes, ou abîmer les pièces de rechange. Restez vigilant, certaines pièces nécessitent des compétences et un matériel de soudure adéquat.  LES GARANTIES ReparMonPhone  Nos pièces sont testées, pour une durée de vie optimale. Garanties fonctionnelles, pour une réparation sans tracas. Une politique de retours souples et rapides. "
"Nappe Test LCD iPad Mini 2";"5052";"2.4";"EUR";"En stock";"Apple > IPad > iPad Mini 2 (2013)";"https://www.pieces2mobile.com/nappe-test-lcd-ipad-mini-2.html";"https://www.pieces2mobile.com/media/catalog/product/cache/08ce6ea9b7ea9e423fa7c2e2ae0fab3c/n/a/nappe-test-ipad-mini-2.jpg";"Nappe Test LCD iPad Mini 2. ReparMonPhone, principal grossiste en pièces détachées pour mobiles en Europe. Envois gratuits dès 35 euros. Comptes professionnels.";"Nappe rallonge d'extension pour tester l'&eacute;cran LCD sans tout d&eacute;monter de l'iPad Mini 2."
"Apple iPad mini Nappe connecteur de charge Noir";"1903";"2.4";"EUR";"En stock";"Apple > IPad > iPad Mini (2012)";"https://www.pieces2mobile.com/apple-ipad-mini-nappe-connecteur-de-charge-noir.html";"https://www.pieces2mobile.com/media/catalog/product/cache/08ce6ea9b7ea9e423fa7c2e2ae0fab3c/i/p/ipadmini_cc_noir_ebay.jpg";"Apple iPad mini Nappe connecteur de charge Noir. ReparMonPhone, principal grossiste en pièces de rechange pour mobiles en Europe. Envois gratuits dès 35 euros. Comptes professionnels.";" DIAGNOSTIC DE LA PANNE  Vous avez abîmé ou endommagé votre iPad Mini par accident. La nappe Charge de votre smartphone ou tablette Apple ne fonctionne plus.  Heureusement, cette panne est réparable, et cette pièce de qualité vous permet d'en effectuer le dépannage.NOS CONSEILS  Lors de l'achat, il est conseillé de vérifier votre modèle de smartphone/tablette par sa référence plutôt que par son nom. Mais aussi de bien vérifier les versions disponibles qui peuvent changer les spécificités des pièces (attention aux confusions comme SIM / SD ou Power / Volume). Attention à ne pas pincer, déchirer les nappes, ou abîmer les pièces de rechange. Restez vigilant, certaines pièces nécessitent des compétences et un matériel de soudure adéquat.  LES GARANTIES ReparMonPhone  Nos pièces sont testées, pour une durée de vie optimale. Garanties fonctionnelles, pour une réparation sans tracas. Une politique de retours souples et rapides. "
"Apple iPad mini Nappe connecteur de charge Blanc";"1902";"2.4";"EUR";"Rupture / sur commande";"Apple > IPad > iPad Mini (2012)";"https://www.pieces2mobile.com/apple-ipad-mini-nappe-connecteur-de-charge-blanc.html";"https://www.pieces2mobile.com/media/catalog/product/cache/08ce6ea9b7ea9e423fa7c2e2ae0fab3c/i/p/ipadmini_cc_blanc_com.jpg";"Apple iPad mini Nappe connecteur de charge Blanc. ReparMonPhone, principal grossiste en pièces de rechange pour mobiles en Europe. Envois gratuits dès 35 euros. Comptes professionnels.";" DIAGNOSTIC DE LA PANNE  Vous avez abîmé ou endommagé votre iPad Mini par accident. La nappe Charge de votre smartphone ou tablette Apple ne fonctionne plus.  Heureusement, cette panne est réparable, et cette pièce de qualité vous permet d'en effectuer le dépannage.NOS CONSEILS  Lors de l'achat, il est conseillé de vérifier votre modèle de smartphone/tablette par sa référence plutôt que par son nom. Mais aussi de bien vérifier les versions disponibles qui peuvent changer les spécificités des pièces (attention aux confusions comme SIM / SD ou Power / Volume). Attention à ne pas pincer, déchirer les nappes, ou abîmer les pièces de rechange. Restez vigilant, certaines pièces nécessitent des compétences et un matériel de soudure adéquat.  LES GARANTIES ReparMonPhone  Nos pièces sont testées, pour une durée de vie optimale. Garanties fonctionnelles, pour une réparation sans tracas. Une politique de retours souples et rapides. "
"Batterie iPad Mini A1445";"4872";"21.59";"EUR";"En stock";"Apple > IPad > iPad Mini (2012)";"https://www.pieces2mobile.com/batterie-a1445-ipad-mini-origine.html";"https://www.pieces2mobile.com/media/catalog/product/cache/08ce6ea9b7ea9e423fa7c2e2ae0fab3c/b/a/batt06.jpg";"Batterie iPad Mini A1445. ReparMonPhone, principal grossiste en pièces de rechange pour mobiles en Europe. Envois gratuits dès 35 euros. Comptes professionnels.";" Batterie iPad Mini A1445 neuve Le niveau de la batterie de votre tablette iPad Mini diminue rapidement et parfois il s’éteint de manière inopinée et vous ne savez pas où trouver une offre de batterie iPad Mini au meilleur prix ?Sur ReparMonPhone.com bien évidemment ! Leader en vente de pièces détachées de tablettes aux particuliers et professionnels, nous proposons justement la batterie A1432, A1454, A1455. de iPad Mini Générique. De quoi remplacer rapidement votre batterie de iPad Mini en fin de vie au prix le plus bas.Afin de réaliser une opération sans surprise, achetez notre batterie A1432, A1454, A1455. de iPad Mini Générique neuve. Toutes les pièces vendues par ReparMonPhone sont de qualité et permettent de conserver une expérience optimale avec votre tablette Apple iPad Mini.Certains se demandent quel est le site mieux indiqué pour un achat de batterie iPad Mini pas cher ? De toute évidence ReparMonPhone.com, le partenaire de tous les professionnels de la réparation en France et en Europe. Ajoutez la batterie Générique iPad Mini à votre panier, validez votre commande et nous la livrons à l’adresse de votre choix dans les plus brefs délais !DIAGNOSTIC DE PANNE DE BATTERIE DE iPad MiniVotre iPad Mini ne s’allume plus s’il n'est pas en charge ou son autonomie est significativement réduite.Dans les réglages de l’iPad Mini le pourcentage indiquant la santé de la batterie est bas.L’iPad Mini s’éteint de lui-même alors que son niveau de batterie est encore conséquent.Heureusement nous avons la solution, notre batterie iPad Mini vous permet d’en effectuer le remplacement dans de bonnes conditions pour d’excellents résultats.NOS CONSEILS EN MATIÈRE DE REMPLACEMENT DE BATTERIES D’iPad MiniAvant l’achat, il est vivement recommandé de vérifier le modèle exact de la tablette iPad Mini d’Apple avec la référence de la batterie, car il existe un grand nombre de modèles de tablettes Apple et certaines versions se ressemblent beaucoup et sont parfois confondues.Prenez soin de démonter avec soin la batterie A1432, A1454, A1455. d’iPad Mini, il ne faut surtout pas l’endommager.Lors de la fixation de la batterie d’iPad Mini, faites attention aux petits débris et aux poussières qui peuvent nuire à la cohésion des composants.GARANTIE BATTERIE A1432, A1454, A1455. Générique Apple ReparMonPhoneBatterie d’iPad Mini Générique état neuf testée et vérifiée avec une qualité et une durée de vie optimale.Assurance du caractère fonctionnel de la batterie Générique, pour retrouver l’autonomie d’un iPad Mini neuf.Une politique de retour souple et efficace de la batterie Générique iPad Mini.INFORMATIONS SUPPLÉMENTAIRES BATTERIE iPad Mini Générique neuvesLes batteries A1432, A1454, A1455. neuves sont pourvues d’une charge d’usine, qu’il est conseillé de laisser se décharger complètement.Afin d’améliorer l’optimisation de la batterie, une fois que la charge d’usine atteint les 5 % à 10 %, un cycle de charge complet jusqu’à 100 % sans interruption est recommandé.Par la suite, pour assurer de bonnes performances, il est conseillé d’effectuer autant que possible ces mêmes cycles de charge.Réf. constructeur : A1432, A1454, A1455.Capacité : "
"Nappe Micro iPad Mini";"3231";"2.4";"EUR";"Rupture / sur commande";"Apple > IPad > iPad Mini (2012)";"https://www.pieces2mobile.com/nappe-micro-ipad-mini.html";"https://www.pieces2mobile.com/media/catalog/product/cache/08ce6ea9b7ea9e423fa7c2e2ae0fab3c/1/3/136.jpg";"Nappe Micro iPad Mini. ReparMonPhone, principal grossiste en pièces détachées pour mobiles en Europe. Envois gratuits dès 35 euros. Comptes professionnels.";" DIAGNOSTIC DE LA PANNE  Vous avez abîmé ou endommagé votre iPad Mini par accident. La nappe micro de votre smartphone ou tablette Apple ne fonctionne plus.  Heureusement, cette panne est réparable, et cette pièce de qualité vous permet d'en effectuer le dépannage.NOS CONSEILS  Lors de l'achat, il est conseillé de vérifier votre modèle de smartphone/tablette par sa référence plutôt que par son nom. Mais aussi de bien vérifier les versions disponibles qui peuvent changer les spécificités des pièces (attention aux confusions comme SIM / SD ou Power / Volume). Attention à ne pas pincer, déchirer les nappes, ou abîmer les pièces de rechange. Restez vigilant, certaines pièces nécessitent des compétences et un matériel de soudure adéquat.  LES GARANTIES ReparMonPhone  Nos pièces sont testées, pour une durée de vie optimale. Garanties fonctionnelles, pour une réparation sans tracas. Une politique de retours souples et rapides. "
"iPad Mini Support bouton power";"1971";"2.4";"EUR";"En stock";"Apple > IPad > iPad Mini (2012)";"https://www.pieces2mobile.com/ipad-mini-support-bouton-power.html";"https://www.pieces2mobile.com/media/catalog/product/cache/08ce6ea9b7ea9e423fa7c2e2ae0fab3c/i/p/ipadmini_supportpower_com.jpg";"iPad Mini Support bouton power. ReparMonPhone, principal grossiste en pièces de rechange pour mobiles en Europe. Envois gratuits dès 35 euros. Comptes professionnels.";" DIAGNOSTIC DE LA PANNE  Vous avez abîmé ou endommagé votre iPad Mini par accident. Le support  de votre smartphone ou tablette Apple ne fonctionne plus.  Heureusement, cette panne est réparable, et cette pièce de qualité vous permet d'en effectuer le dépannage.NOS CONSEILS  Lors de l'achat, il est conseillé de vérifier votre modèle de smartphone/tablette par sa référence plutôt que par son nom. Mais aussi de bien vérifier les versions disponibles qui peuvent changer les spécificités des pièces (attention aux confusions comme SIM / SD ou Power / Volume). Attention à ne pas pincer, déchirer les nappes, ou abîmer les pièces de rechange. Restez vigilant, certaines pièces nécessitent des compétences et un matériel de soudure adéquat.  LES GARANTIES ReparMonPhone  Nos pièces sont testées, pour une durée de vie optimale. Garanties fonctionnelles, pour une réparation sans tracas. Une politique de retours souples et rapides. "
"Support Nappe LCD / Tactile iPad Mini";"6414";"2.4";"EUR";"En stock";"Apple > IPad > iPad Mini (2012)";"https://www.pieces2mobile.com/support-nappe-lcd-tactile-ipad-mini.html";"https://www.pieces2mobile.com/media/catalog/product/cache/08ce6ea9b7ea9e423fa7c2e2ae0fab3c/i/p/ipad-mini-petite-plaque.jpg";"Support Nappe LCD / Tactile iPad Mini. ReparMonPhone, principal grossiste en pièces détachées pour mobiles en Europe. Envois gratuits dès 35 euros. Comptes professionnels.";" DIAGNOSTIC DE LA PANNE  Vous avez abîmé ou endommagé votre iPad Mini par accident. Le support  de votre smartphone ou tablette Apple ne fonctionne plus.  Heureusement, cette panne est réparable, et cette pièce de qualité vous permet d'en effectuer le dépannage.NOS CONSEILS  Lors de l'achat, il est conseillé de vérifier votre modèle de smartphone/tablette par sa référence plutôt que par son nom. Mais aussi de bien vérifier les versions disponibles qui peuvent changer les spécificités des pièces (attention aux confusions comme SIM / SD ou Power / Volume). Attention à ne pas pincer, déchirer les nappes, ou abîmer les pièces de rechange. Restez vigilant, certaines pièces nécessitent des compétences et un matériel de soudure adéquat.  LES GARANTIES ReparMonPhone  Nos pièces sont testées, pour une durée de vie optimale. Garanties fonctionnelles, pour une réparation sans tracas. Une politique de retours souples et rapides. "
"iPad Mini Support bouton Volume";"1671";"2.4";"EUR";"En stock";"Apple > IPad > iPad Mini (2012)";"https://www.pieces2mobile.com/ipad-mini-support-bouton-volume.html";"https://www.pieces2mobile.com/media/catalog/product/cache/08ce6ea9b7ea9e423fa7c2e2ae0fab3c/i/p/ipadmini_supportvolume_com.jpg";"iPad Mini Support bouton Volume. ReparMonPhone, principal grossiste en pièces détachées pour mobiles en Europe. Envois gratuits dès 35 euros. Comptes professionnels.";" DIAGNOSTIC DE LA PANNE  Vous avez abîmé ou endommagé votre iPad Mini par accident. Le support  de votre smartphone ou tablette Apple ne fonctionne plus.  Heureusement, cette panne est réparable, et cette pièce de qualité vous permet d'en effectuer le dépannage.NOS CONSEILS  Lors de l'achat, il est conseillé de vérifier votre modèle de smartphone/tablette par sa référence plutôt que par son nom. Mais aussi de bien vérifier les versions disponibles qui peuvent changer les spécificités des pièces (attention aux confusions comme SIM / SD ou Power / Volume). Attention à ne pas pincer, déchirer les nappes, ou abîmer les pièces de rechange. Restez vigilant, certaines pièces nécessitent des compétences et un matériel de soudure adéquat.  LES GARANTIES ReparMonPhone  Nos pièces sont testées, pour une durée de vie optimale. Garanties fonctionnelles, pour une réparation sans tracas. Une politique de retours souples et rapides. "
"Apple iPad Mini Port connecteur écran LCD";"1843";"2.4";"EUR";"En stock";"Apple > IPad > iPad Mini (2012)";"https://www.pieces2mobile.com/apple-ipad-mini-port-connecteur-ecran-lcd.html";"https://www.pieces2mobile.com/media/catalog/product/cache/08ce6ea9b7ea9e423fa7c2e2ae0fab3c/i/p/ipadmini_portconnect_lcd_com.jpg";"Apple iPad Mini Port connecteur écran LCD. ReparMonPhone, principal grossiste en pièces de rechange pour mobiles en Europe. Envois gratuits dès 35 euros. Comptes professionnels.";" DIAGNOSTIC DE LA PANNE  Vous avez abîmé ou endommagé votre iPad Mini par accident. Le connecteur LCD de votre smartphone ou tablette Apple ne fonctionne plus.  Heureusement, cette panne est réparable, et cette pièce de qualité vous permet d'en effectuer le dépannage.NOS CONSEILS  Lors de l'achat, il est conseillé de vérifier votre modèle de smartphone/tablette par sa référence plutôt que par son nom. Mais aussi de bien vérifier les versions disponibles qui peuvent changer les spécificités des pièces (attention aux confusions comme SIM / SD ou Power / Volume). Attention à ne pas pincer, déchirer les nappes, ou abîmer les pièces de rechange. Restez vigilant, certaines pièces nécessitent des compétences et un matériel de soudure adéquat.  LES GARANTIES ReparMonPhone  Nos pièces sont testées, pour une durée de vie optimale. Garanties fonctionnelles, pour une réparation sans tracas. Une politique de retours souples et rapides. "
"Aimant (mise en veille) iPad Mini";"6635";"2.4";"EUR";"En stock";"Apple > IPad > iPad Mini (2012)";"https://www.pieces2mobile.com/aimant-mise-en-veille-ipad-mini.html";"https://www.pieces2mobile.com/media/catalog/product/cache/08ce6ea9b7ea9e423fa7c2e2ae0fab3c/i/p/ipa_mini_aimant_de_mise_en_veille.jpg";"Aimant (mise en veille) iPad Mini. ReparMonPhone, principal grossiste en pièces détachées pour mobiles en Europe. Envois gratuits dès 35 euros. Comptes professionnels.";" DIAGNOSTIC DE LA PANNE  Vous avez abîmé ou endommagé votre iPad Mini par accident. L'aimant  de votre smartphone ou tablette Apple ne fonctionne plus.  Heureusement, cette panne est réparable, et cette pièce de qualité vous permet d'en effectuer le dépannage.NOS CONSEILS  Lors de l'achat, il est conseillé de vérifier votre modèle de smartphone/tablette par sa référence plutôt que par son nom. Mais aussi de bien vérifier les versions disponibles qui peuvent changer les spécificités des pièces (attention aux confusions comme SIM / SD ou Power / Volume). Attention à ne pas pincer, déchirer les nappes, ou abîmer les pièces de rechange. Restez vigilant, certaines pièces nécessitent des compétences et un matériel de soudure adéquat.  LES GARANTIES ReparMonPhone  Nos pièces sont testées, pour une durée de vie optimale. Garanties fonctionnelles, pour une réparation sans tracas. Une politique de retours souples et rapides. "
"Nappe Test LCD iPad Mini";"5051";"2.4";"EUR";"En stock";"Apple > IPad > iPad Mini (2012)";"https://www.pieces2mobile.com/nappe-test-lcd-ipad-mini.html";"https://www.pieces2mobile.com/media/catalog/product/cache/08ce6ea9b7ea9e423fa7c2e2ae0fab3c/n/a/nappe-test-ipad-mini.jpg";"Nappe Test LCD iPad Mini. ReparMonPhone, principal grossiste en pièces détachées pour mobiles en Europe. Envois gratuits dès 35 euros. Comptes professionnels.";"Nappe rallonge d'extension pour tester l'&eacute;cran LCD sans tout d&eacute;monter de l'iPad Mini."
