Slug;SKU_Fournisseur;Score_Correspondance;Prix_Fournisseur
adaptateur-apple-usb-c-vers-mini-jack-3-5-mm-mw2q3zm-a-blanc-origine;12949;100.0;10.68
adaptateur-double-pour-iphone-anneau-us-sj274-usams-noir;12071;100.0;2.4
adaptateur-otg-type-c-micro-usb-camotg-01-baseus-noir;12050;100.0;3.6
adaptateur-otg-type-c-vers-usb-3-1-baseus;12049;100.0;10.8
adaptateur-otg-usb-3-1-vers-type-c-baseus;12049;100.0;10.8
adaptateur-prise-secteur-amerique-chine-vers-europe-2-broches;6301;100.0;2.4
adaptateur-prise-secteur-universelle-uk-us-cn-au-vers-eu-france;14930;100.0;4.02
adaptateur-samsung-galaxy-micro-usb-vers-usb-type-c-pour-chargeur-blanc-origine;17323;100.0;2.4
adaptateur-samsung-galaxy-micro-usb-vers-usb-type-c-pour-chargeur-noir-origine;17322;100.0;2.4
adaptateur-samsung-galaxy-otg-micro-usb-vers-usb-blanc-origine;17324;100.0;2.4
adaptateur-samsung-type-c-micro-usb-gh98-41290a-origine-noir;10422;100.0;9.6
adaptateur-samsung-type-c-usb-otg-gh98-41288a-origine-noir;10423;100.0;9.6
adaptateur-thunderbolt-3-usb-c-vers-thunderbolt-2-apple-a1790-myh93zm-a-blanc-or;21485;100.0;55.0
adaptateur-type-c-prise-jack-huawei-cm20;3788;100.0;6.0
adaptateur-type-c-charge-audio-type-c-jack-catl45-01-baseus-rouge;12048;100.0;14.4
adaptateur-type-c-charge-audio-type-c-jack-ls19-hoco-noir;10127;100.0;18.0
adaptateur-usb-type-a-vers-usb-type-c-google-pixel-origine;22982;100.0;8.4
adaptateur-usb-c-vers-apple-pencil-apple-a2869-mwml3zm-a-blanc-origine;21487;100.0;10.0
adaptateur-usb-c-vers-lightning-apple-a2868-muqx3zm-a-blanc-origine;21486;100.0;35.0
adhesif-300-lse-pour-vitre-samsung-galaxy-s3;3350;100.0;0.6
adhesif-arriere-bas-samsung-galaxy-z-flip4-5g-f721b-origine;16203;100.0;3.6
adhesif-arriere-vitre-arriere-samsung-galaxy-a3-2017-a320f;9118;100.0;0.6
adhesif-arriere-vitre-arriere-samsung-galaxy-a40-a405f;10502;100.0;0.91
adhesif-arriere-vitre-arriere-samsung-galaxy-a5-2016-a510f;810;100.0;0.6
adhesif-arriere-vitre-arriere-samsung-galaxy-a5-2017-a520f;9098;100.0;2.4
adhesif-arriere-vitre-arriere-samsung-galaxy-a70-a705f;8118;100.0;2.38
adhesif-arriere-vitre-arriere-samsung-galaxy-a8-2018-a530f;11007;100.0;0.96
adhesif-arriere-vitre-arriere-samsung-galaxy-note-7-n930f;2186;100.0;0.6
adhesif-arriere-vitre-arriere-samsung-galaxy-note-8-n950f-origine;11919;100.0;0.96
adhesif-arriere-vitre-arriere-samsung-galaxy-note-9-n960f-origine;11920;100.0;2.4
adhesif-arriere-vitre-arriere-samsung-galaxy-s10-g973f;7085;100.0;2.23
adhesif-arriere-vitre-arriere-samsung-galaxy-s10-g975f;7057;100.0;1.07
adhesif-arriere-vitre-arriere-samsung-galaxy-s6-g920f;3978;100.0;3.6
adhesif-arriere-vitre-arriere-samsung-galaxy-s6-edge-g925f;6314;100.0;3.6
adhesif-arriere-vitre-arriere-samsung-galaxy-s7-g930f;8375;100.0;1.55
adhesif-arriere-vitre-arriere-samsung-galaxy-s7-edge-g935f;8376;100.0;0.96
adhesif-arriere-vitre-arriere-samsung-galaxy-s8-g950f;9067;100.0;0.91
adhesif-arriere-vitre-arriere-samsung-galaxy-s8-g955f;9069;100.0;3.6
adhesif-arriere-vis-samsung-galaxy-s20-4g-g985f-s20-5g-g986b-gh82-22135a-origine;18740;100.0;6.0
adhesif-arriere-samsung-galaxy-a05s-4g-a057g-origine;20236;100.0;3.6
adhesif-arriere-samsung-galaxy-a22-5g-a226b-gh81-20750a-origine;17332;100.0;3.6
adhesif-arriere-samsung-galaxy-a23-5g-a236b-origine;16199;100.0;4.2
adhesif-arriere-samsung-galaxy-a33-5g-a336b-origine;16197;100.0;4.2
adhesif-arriere-samsung-galaxy-a34-5g-a346b-origine;20237;100.0;4.8
adhesif-arriere-samsung-galaxy-a36-5g-a366b-origine;20316;100.0;4.8
adhesif-arriere-samsung-galaxy-a50-a505f;12310;100.0;0.67
adhesif-arriere-samsung-galaxy-a51-a515f-gh02-20014a-origine;17325;100.0;3.6
adhesif-arriere-samsung-galaxy-a52-4g-a525f-a52-5g-a526b-a72-a725f-a72-5g-a726b-;13982;100.0;6.0
adhesif-arriere-samsung-galaxy-a53-5g-a536b-origine;16131;100.0;4.8
adhesif-arriere-samsung-galaxy-a54-5g-a546b-origine;16320;100.0;3.6
adhesif-arriere-samsung-galaxy-a7-2018-a750f-gh81-16200a-origine;18350;100.0;2.4
adhesif-arriere-samsung-galaxy-a80-a805f-gh81-17066a-origine;17327;100.0;1.8
adhesif-arriere-samsung-galaxy-j4-j415f-j6-j610f-gh81-16190a-origine;18248;100.0;2.4
adhesif-arriere-samsung-galaxy-m23-5g-m236b-gh81-22240a-origine;18411;100.0;3.6
adhesif-arriere-samsung-galaxy-note-10-lite-n770f;12243;100.0;2.38
adhesif-arriere-samsung-galaxy-s20-fe-g781b-gh81-19848a-origine;17328;100.0;4.2
adhesif-arriere-samsung-galaxy-s21-fe-g990b-origine-gh81-20833a;16133;100.0;4.8
adhesif-arriere-samsung-galaxy-s24-s926b-origine-gh81-24787a;20675;100.0;4.8
adhesif-arriere-samsung-galaxy-s25-ultra-s938b-origine;20135;100.0;4.2
adhesif-arriere-samsung-galaxy-s25-s936b-origine;20133;100.0;3.6
adhesif-arriere-samsung-galaxy-s9-g960f;11232;100.0;3.6
adhesif-arriere-samsung-galaxy-s9-g960f-origine;11060;100.0;8.39
adhesif-arriere-samsung-galaxy-s9-g965f;11231;100.0;3.6
adhesif-arriere-samsung-galaxy-s9-g965f-origine;11071;100.0;4.8
adhesif-arriere-samsung-galaxy-z-flip5-sm-f731-origine;20671;100.0;3.6
adhesif-arriere-samsung-galaxy-z-fold5-5g-f946b-origine;20669;100.0;6.0
adhesif-avant-ecran-3m-samsung-galaxy-note-3-n9005;6465;100.0;0.6
adhesif-avant-ecran-huawei-ascend-g7-g7-l01;8379;100.0;3.6
adhesif-avant-ecran-huawei-ascend-mate-7;8378;100.0;0.66
adhesif-avant-ecran-huawei-mate-8;9662;100.0;3.6
adhesif-avant-ecran-huawei-mate-9-mha-l09;9598;100.0;3.6
adhesif-avant-ecran-huawei-p8-lite-ale-l21;8377;100.0;0.66
adhesif-avant-ecran-huawei-p9-eva-l09;7990;100.0;3.6
adhesif-avant-ecran-ipad-air-2;5533;100.0;4.51
adhesif-avant-ecran-ipad-mini-4;8381;100.0;1.15
adhesif-avant-ecran-ipad-pro-12-9;10784;100.0;4.79
adhesif-avant-ecran-iphone-8-se-2020-se-2022-noir;10678;100.0;1.2
adhesif-avant-ecran-samsung-galaxy-a3-a300fu;3881;100.0;0.6
adhesif-avant-ecran-samsung-galaxy-a3-2016-a310f;1725;100.0;0.6
adhesif-avant-ecran-samsung-galaxy-a3-2017-a320f;10446;100.0;0.6
adhesif-avant-ecran-samsung-galaxy-a5-a500fu;3909;100.0;0.6
adhesif-avant-ecran-samsung-galaxy-a5-2016-a510f;5909;100.0;0.6
adhesif-avant-ecran-samsung-galaxy-a5-2017-a520f;9089;100.0;1.5
adhesif-avant-ecran-samsung-galaxy-a7-a700f;3910;100.0;0.6
adhesif-avant-ecran-samsung-galaxy-a7-2018-a750f;11794;100.0;2.16
adhesif-avant-ecran-samsung-galaxy-a8-2018-a530f;11006;100.0;0.88
adhesif-avant-ecran-samsung-galaxy-a8-2018-a730f;7088;100.0;0.6
adhesif-avant-ecran-samsung-galaxy-alpha-g850f;3911;100.0;3.6
adhesif-avant-ecran-samsung-galaxy-j3-2017-j330f;10878;100.0;1.07
adhesif-avant-ecran-samsung-galaxy-j4-j415f-j6-j610f;11822;100.0;0.88
adhesif-avant-ecran-samsung-galaxy-j5-2017-j530f;10907;100.0;2.4
adhesif-avant-ecran-samsung-galaxy-note-4-n910f;4996;100.0;0.6
adhesif-avant-ecran-samsung-galaxy-note-7-n930f;9866;100.0;0.6
adhesif-avant-ecran-samsung-galaxy-s3-mini-i8190;4997;100.0;0.6
adhesif-avant-ecran-samsung-galaxy-s4-mini-i9195;4998;100.0;3.6
adhesif-avant-ecran-samsung-galaxy-s5-g900f;3428;100.0;3.6
adhesif-avant-ecran-samsung-galaxy-s5-mini-g800f;5119;100.0;3.6
adhesif-avant-ecran-samsung-galaxy-s6-g920f;3977;100.0;3.6
adhesif-avant-ecran-samsung-galaxy-s6-edge-g925f;6065;100.0;3.6
adhesif-avant-ecran-samsung-galaxy-s7-g930f;8374;100.0;1.19
adhesif-avant-ecran-samsung-tab-3-8-0-t310;10130;100.0;0.6
adhesif-avant-vitre-tactile-ipad-3-4;8244;100.0;2.4
adhesif-avant-vitre-tactile-ipad-mini-3;5734;100.0;1.2
adhesif-batterie-iphone-13-mini;14375;100.0;1.32
adhesif-batterie-iphone-air;21401;100.0;2.4
adhesif-batterie-magnetique-iphone-16;19364;100.0;0.76
adhesif-batterie-magnetique-iphone-16-plus;19365;100.0;0.76
adhesif-batterie-magnetique-iphone-16-pro;19366;100.0;0.76
adhesif-batterie-magnetique-iphone-16-pro-max;19367;100.0;0.76
adhesif-batterie-samsung-galaxy-a14-4g-a145f-gh81-23516a-origine;18686;100.0;3.6
adhesif-batterie-samsung-galaxy-a3-a300-gh81-12502a-origine;19564;100.0;2.4
adhesif-batterie-samsung-galaxy-a5-2017-a520-gh02-14012a-origine;19562;100.0;2.4
adhesif-batterie-samsung-galaxy-s20-fe-4g-g780f-gh02-21855a;12960;100.0;3.6
adhesif-batterie-samsung-galaxy-s8-g950-gh02-14493a-origine;19563;100.0;2.4
adhesif-ecran-exterieur-samsung-galaxy-z-fold3-5g-f926b-origine;16202;100.0;3.6
adhesif-ecran-externe-samsung-galaxy-z-fold2-f916b-gh02-22215a-origine;17331;100.0;3.0
adhesif-ecran-ipad-mini-6-2021;18921;100.0;2.23
adhesif-ecran-iphone-12-mini;13262;100.0;1.49
adhesif-ecran-iphone-13-mini;16180;100.0;1.07
adhesif-ecran-iphone-air;21400;100.0;2.4
adhesif-ecran-samsung-galaxy-a35-5g-a356b-origine-gh81-25066a;20231;100.0;6.0
adhesif-ecran-samsung-galaxy-a55-5g-a556b-origine-gh81-25070a;20235;100.0;4.8
adhesif-ecran-samsung-galaxy-a56-5g-a566b-origine;20176;100.0;3.6
adhesif-ecran-samsung-galaxy-s22-ultra-s908b-gh81-22944a-origine;18426;100.0;3.6
adhesif-ecran-samsung-galaxy-s23-ultra-5g-s918b-origine;20225;100.0;5.4
adhesif-ecran-samsung-galaxy-s24-s921b-origine-gh81-24812a;20101;100.0;4.8
adhesif-ecran-samsung-galaxy-s24-fe-s721b-origine-gh81-26417a;20103;100.0;4.2
adhesif-ecran-samsung-galaxy-s24-ultra-5g-s928b-origine;20175;100.0;4.8
adhesif-ecran-samsung-galaxy-s24-s926b-origine;21011;100.0;4.8
adhesif-ecran-samsung-galaxy-s25-ultra-s938b-origine-gh81-26954a;20134;100.0;4.8
adhesif-ecran-samsung-galaxy-s26-ultra-5g-s948b-gh81-28383a-origine;23067;100.0;4.8
adhesif-ecran-samsung-galaxy-s26-5g-s947b-gh81-28630a-origine;23065;100.0;3.6
adhesif-ecran-samsung-galaxy-tab-a8-10-5-2021-x200-x205-gh81-21983a-origine;17330;100.0;2.4
adhesif-ecran-samsung-galaxy-tab-active-3-t570-t575-gh02-21605a-origine;18537;100.0;3.6
adhesif-ecran-samsung-galaxy-tab-s2-8-0-t710-t715-gh81-13008a-origine;18535;100.0;3.6
adhesif-ecran-samsung-galaxy-xcover-4-g390f-gh81-14646a-origine;17326;100.0;1.8
adhesif-ecran-samsung-galaxy-xcover-5-g525f-gh81-20375a-origine;17329;100.0;1.8
adhesif-ecran-samsung-galaxy-z-flip-5-5g-f731-origine;20668;100.0;2.4
adhesif-ecran-samsung-galaxy-z-fold5-f946b-origine;20676;100.0;7.2
adhesif-ecran-samsung-galaxy-z-fold7-f966b-origine;21015;100.0;4.8
adhesif-interne-batterie-iphone-5s-5c-se;3232;100.0;0.72
adhesif-interne-batterie-iphone-6-7;8808;100.0;1.2
adhesif-interne-batterie-iphone-6s-plus-7-plus;8809;100.0;0.6
adhesif-interne-batterie-iphone-8-se-2020-se-2022-origine;11246;100.0;1.2
adhesif-interne-batterie-iphone-8-plus-origine;11247;100.0;1.2
adhesif-interne-batterie-iphone-x;11245;100.0;0.95
adhesif-interne-batterie-iphone-xr;4361;100.0;1.07
adhesif-interne-batterie-iphone-xs;4362;100.0;3.6
adhesif-interne-batterie-iphone-xs-max;4363;100.0;1.44
adhesif-interne-batterie-samsung-galaxy-a70-a705f;8117;100.0;0.9
adhesif-interne-batterie-samsung-galaxy-s10-g973f;9494;100.0;1.8
adhesif-interne-batterie-samsung-galaxy-s7-g930f;8338;100.0;2.02
adhesif-interne-batterie-samsung-galaxy-s7-edge-g935f;5233;100.0;1.16
adhesif-ipad-2019-10-2-7e-gen-ipad-2020-10-2-8e-gen;13228;100.0;5.6
adhesif-kit-ecran-samsung-galaxy-s23-s911b-gh82-30551a-origine;18386;100.0;7.2
adhesif-pour-cache-camera-arriere-apple-iphone-4s;1009;100.0;0.6
adhesif-pour-vitre-tactile-ipad-air-original;3276;100.0;3.22
adhesif-usb-samsung-galaxy-a9-2018-a920f;11898;100.0;0.6
adhesif-vitre-arriere-bas-pour-samsung-galaxy-z-flip3-5g-f711b;14860;100.0;3.28
adhesif-vitre-arriere-bas-samsung-galaxy-z-flip-5g-f707b-gh02-21200a;14090;100.0;1.2
adhesif-vitre-arriere-et-ecran-samsung-galaxy-a55-5g-a556b-origine;20672;100.0;9.6
adhesif-vitre-arriere-haut-pour-samsung-galaxy-z-flip3-5g-f711b;14861;100.0;3.37
adhesif-vitre-arriere-haut-samsung-galaxy-z-flip-5g-f707b-gh02-21201a;14089;100.0;1.68
adhesif-vitre-arriere-iphone-air;21402;100.0;2.4
adhesif-vitre-arriere-samsung-galaxy-a16-5g-a166b-origine-gh81-26599a;20254;100.0;3.6
adhesif-vitre-arriere-samsung-galaxy-a30s-a307f-gh02-20300a-origine;18536;100.0;3.0
adhesif-vitre-arriere-samsung-galaxy-a35-5g-a356b-origine;20232;100.0;4.8
adhesif-vitre-arriere-samsung-galaxy-a55-5g-a556b-origine-gh02-25681a;20234;100.0;4.8
adhesif-vitre-arriere-samsung-galaxy-s24-s921b-origine-gh81-24811a;20102;100.0;3.6
adhesif-vitre-arriere-samsung-galaxy-s24-fe-s721b-origine;20104;100.0;4.02
adhesif-vitre-arriere-samsung-galaxy-s24-ultra-origine-gh81-24823a;20105;100.0;3.0
adhesif-vitre-arriere-samsung-z-flip6-5g-f741b-origine;19204;100.0;2.4
adhesif-vitre-pour-samsung-galaxy-note-2;3024;100.0;0.6
adhesif-vitre-pour-samsung-galaxy-s2;3023;100.0;3.6
adhesif-vitre-pour-samsung-galaxy-s4;3021;100.0;3.6
adhesive-batterie-samsung-galaxy-a14-5g-a146b-gh81-23283a-origine;18692;100.0;4.8
afficheur-lcd-d-occasion-huawei-ascend-y300;7182;100.0;1.2
afficheur-lcd-huawei-ascend-g620s;6934;100.0;3.6
afficheur-lcd-huawei-ascend-y330;9766;100.0;3.6
afficheur-lcd-huawei-y635;9764;100.0;3.6
afficheur-lcd-ipad-10-9-10e-gen-2022-reconditionne-piec;16339;100.0;117.72
afficheur-lcd-ipad-2;584;100.0;23.38
afficheur-lcd-ipad-2019-2020-2021-10-2-7e-gen-8e-gen-9e-gen-origine;3714;100.0;65.52
afficheur-lcd-ipad-9-7-6e-gen-5e-gen-ipad-air-reconditionne;7248;100.0;49.92
afficheur-lcd-ipad-air-ipad-2017-9-7;1455;100.0;37.92
afficheur-lcd-ipad-mini-2-mini-3;4862;100.0;31.8
afficheur-lcd-samsung-galaxy-ace-s5830i-s5839i;1054;100.0;1.2
afficheur-lcd-samsung-galaxy-chat-s3350;6070;100.0;1.2
afficheur-lcd-samsung-galaxy-core-i8260;8473;100.0;3.6
afficheur-lcd-samsung-galaxy-core-plus-g350;4761;100.0;3.6
afficheur-lcd-samsung-galaxy-core-prime-g360f-core-prime-4g-g361f;6569;100.0;17.05
afficheur-lcd-samsung-galaxy-core-prime-4g-g361f-origine;19730;100.0;7.2
afficheur-lcd-samsung-galaxy-express-2-g3815-galaxy-core-4g-g386f;4983;100.0;1.2
afficheur-lcd-samsung-galaxy-j1-j100f-origine;6582;100.0;3.6
afficheur-lcd-samsung-galaxy-tab-10-1;3393;100.0;21.64
afficheur-lcd-samsung-galaxy-tab-3-lite-7-t110-t111-t113;4886;100.0;23.28
afficheur-lcd-samsung-galaxy-tab-4-7-0-t230-t235;5109;100.0;29.81
afficheur-lcd-samsung-galaxy-tab-a-9-7-t550;8753;100.0;29.7
afficheur-lcd-samsung-galaxy-tab-a6-tab-a-2016-10-1-t580;7066;100.0;26.64
afficheur-lcd-samsung-galaxy-tab-e-9-6-t560;8860;100.0;42.01
afficheur-lcd-samsung-galaxy-trend-2-lite-g318h;8596;100.0;3.6
afficheur-lcd-samsung-galaxy-trend-lite-s7390;4143;100.0;3.6
afficheur-lcd-samsung-galaxy-xcover-2-s7710;6611;100.0;3.6
afficheur-lcd-samsung-galaxy-xcover-3-g388f;6158;100.0;8.4
afficheur-lcd-samsung-galaxy-xcover-3-g388f-origine;18143;100.0;12.0
aimant-mise-en-veille-ipad-mini;6635;100.0;2.4
aimants-de-positionnement-mag-safe-recharge-sans-fil-iphone-13-13-pro-13-pro-max;15278;100.0;1.34
aimants-de-positionnement-mag-safe-recharge-sans-fil-iphone-13-mini;15279;100.0;1.4
aimants-de-positionnement-mag-safe-recharge-sans-fil-iphone-14-pro-14-pro-max;16655;100.0;1.2
aimants-de-positionnement-mag-safe-recharge-sans-fil-iphone-serie-12;13710;100.0;1.2
airtag-2eme-generation-pack-de-1-mfe94zm-a-origine;23215;100.0;37.2
airtag-apple-lot-de-4-a2187-mx542zy-a-origine;19081;100.0;138.0
airtag-apple-pack-de-1-a2187-mx532zy-a-origine;19080;100.0;37.2
alcool-isopropylique-999-250ml;4560;100.0;6.0
alimentation-baseband-ic-intel-pmb6848-iphone-8-x;14604;100.0;2.4
alimentation-baseband-ic-pmb6829-iphone-xs-xr-xs-max;14605;100.0;2.4
alimentation-baseband-ic-pmb6840-iphone-11;14579;100.0;4.66
alimentation-baseband-ic-pmx55-iphone-12;14571;100.0;3.02
alimentation-baseband-ic-qualcomm-pmd9655-iphone-8-x;14603;100.0;2.4
alimentation-baseband-ic-iphone-7-iphone-7-plus;3755;100.0;16.8
alimentation-camera-ic-338s00510-u3700-iphone-11;14582;100.0;2.4
amplificateur-reseau-ic-77803-20-iphone-6-6-plus;7054;100.0;2.4
anetnne-nfc-samsung-galaxy-j6-j610f-gh42-06189a-origine;18365;100.0;4.8
anneau-objectif-camera-iphone-4-4s;348;100.0;2.4
antenne-courte-samsung-galaxy-s9-g960f-blanc;4838;100.0;1.08
antenne-courte-samsung-galaxy-s9-g965f-bleu;4843;100.0;9.6
antenne-gps-iphone-xs;11717;100.0;3.6
antenne-gps-iphone-xs-max;11707;100.0;0.9
antenne-longue-samsung-galaxy-s9-g960f-bleu;4837;100.0;1.08
antenne-longue-samsung-galaxy-s9-g965f-blanc;4842;100.0;9.6
antenne-cache-bas-samsung-galaxy-a04s-4g-a047f-piec;21823;100.0;1.0
antenne-cache-samsung-galaxy-z-fold6-5g-f956b-piec;22727;100.0;1.72
antenne-3g-droite-ipad-3-4;1613;100.0;2.4
antenne-3g-droite-ipad-air-2017-9-7-2018-9-7-6e-gen;4245;100.0;7.2
antenne-3g-droite-ipad-mini-2-mini-3;4243;100.0;2.4
antenne-3g-gauche-ipad-3-4;1612;100.0;2.4
antenne-3g-gauche-ipad-air-2017-9-7-2018-9-7-6e-gen;4244;100.0;7.2
antenne-3g-gauche-ipad-mini-2-mini-3;4242;100.0;2.4
antenne-3g-gsm-gauche-ipad-2-3g;1699;100.0;2.4
antenne-4g-droite-ipad-mini-1-2-3;2115;100.0;2.4
antenne-4g-gauche-ipad-mini-1-2-3;2113;100.0;2.4
antenne-4g-samsung-galaxy-s4-zoom-sm-c101;9358;100.0;2.4
antenne-5g-mmwave-apple-iphone-15;22430;100.0;4.8
antenne-5g-mmwave-iphone-12;13222;100.0;1.2
antenne-5g-mmwave-iphone-12-mini;13227;100.0;1.2
antenne-5g-mmwave-iphone-12-pro;13215;100.0;1.2
antenne-5g-mmwave-iphone-12-pro-max;13208;100.0;1.2
antenne-audio-iphone-5s;3229;100.0;1.2
antenne-bluetooth-iphone-12;13221;100.0;2.92
antenne-bluetooth-iphone-12-mini;13190;100.0;1.51
antenne-bluetooth-iphone-12-pro;13214;100.0;3.92
antenne-bluetooth-iphone-12-pro-max;13207;100.0;4.8
antenne-carte-mere-iphone-5;6074;100.0;1.2
antenne-du-haut-samsung-galaxy-a8-2018-a530f;10986;100.0;0.72
antenne-gps-ipad-air-2017-9-7-2018-9-7-6e-gen;4246;100.0;1.15
antenne-gps-ipad-mini-4;8335;100.0;1.2
antenne-gsm-iphone-xr;15459;100.0;1.2
antenne-nfc-samsung-galaxy-a35-5g-a356b-piec;22070;100.0;4.08
antenne-principale-samsung-galaxy-a8-2018-a530f;10985;100.0;0.72
antenne-rouge-samsung-galaxy-a13-a137f-piec;21634;100.0;1.32
antenne-samsung-galaxy-a03-a035g-noir-piec;22072;100.0;1.68
antenne-samsung-galaxy-a10s-a107f;13371;100.0;1.26
antenne-samsung-galaxy-a22-5g-a226b-blanc-piec;15025;100.0;1.2
antenne-samsung-galaxy-a40-a405f-bleu-98mm;12300;100.0;1.2
antenne-samsung-galaxy-a41-a415f-blanche-piec;21671;100.0;1.32
antenne-samsung-galaxy-a52-4g-a525f-a52-5g-a526b-a52s-5g-a528b-blanc-piec;13414;100.0;1.08
antenne-samsung-galaxy-a52-4g-a525f-a52-5g-a526b-a52s-5g-a528b-bleu-piec;13413;100.0;1.2
antenne-samsung-galaxy-s4-zoom-sm-c101;9359;100.0;2.4
antenne-samsung-galaxy-s5-g900f-blanc;4375;100.0;2.4
antenne-samsung-galaxy-s5-g900f-bleue;4272;100.0;2.4
antenne-wi-fi-bluetooth-iphone-6;4973;100.0;2.4
antenne-wi-fi-gps-ipad-air-2;5944;100.0;4.8
antenne-wi-fi-samsung-galaxy-a01-2020-a015f;13490;100.0;2.54
antenne-wifi-gps-samsung-galaxy-tab-s7-t976b-gh82-23409a-origine;18672;100.0;13.2
antenne-wifi-samsung-galaxy-a24-4g-a245f-blanc;19777;100.0;1.45
antenne-wifi-samsung-galaxy-a24-4g-a245f-rouge;19778;100.0;1.45
antenne-wifi-samsung-galaxy-tab-active4-pro-lte-t636b-gh96-15443a-origine;18462;100.0;9.6
apple-ipad-2-port-connecteur-lcd-sur-carte-mere;1910;100.0;2.4
apple-ipad-3-et-4-port-connecteur-lcd-a-carte-mere;1990;100.0;1.2
apple-ipad-mini-nappe-connecteur-de-charge-blanc;1902;100.0;2.4
apple-ipad-mini-nappe-connecteur-de-charge-noir;1903;100.0;2.4
apple-ipad-mini-port-connecteur-ecran-lcd;1843;100.0;2.4
apple-ipad-wifi-3g-set-de-boutons-volume-power-verrou-mute;590;100.0;2.4
apple-iphone-3g-blanc-ecran-vitre-tactile-bouton-home-chassis;416;100.0;3.6
apple-iphone-3g-blanc-kit-boutons-volume-power-vibreur;567;100.0;0.6
apple-iphone-3g-ecran-lcd;504;100.0;2.4
apple-iphone-3g-ecran-vitre-tactile-blanche;444;100.0;2.4
apple-iphone-3g-ecran-vitre-tactile-et-adhesif-3m;387;100.0;2.4
apple-iphone-3g-ecran-vitre-tactile-montee-sur-chassis;482;100.0;3.6
apple-iphone-3g-et-3gs-bouton-power;1929;100.0;0.24
apple-iphone-3g-et-3gs-bouton-vibreur;1831;100.0;0.24
apple-iphone-3g-et-3gs-bouton-volume;1830;100.0;0.24
apple-iphone-3g-kit-2-vis-du-bas;548;100.0;0.24
apple-iphone-3g-kit-de-32-vis;671;100.0;0.6
apple-iphone-3g-module-camera-appareil-photo-numerique;448;100.0;1.2
apple-iphone-3g-noir-kit-boutons-volume-power-vibreur;566;100.0;0.6
apple-iphone-3gs-bobine-6r8;673;100.0;0.6
apple-iphone-3gs-nappe-capteur-de-proximite-n-3-support-metallique;661;100.0;1.2
apple-iphone-4-adhesif-pour-vitre-camera-arriere;1008;100.0;0.6
apple-iphone-4-antenne-reseau-wifi;668;100.0;2.4
apple-iphone-4-blanc-nappe-dock-connecteur-de-charge-micro;640;100.0;2.4
apple-iphone-4-connecteur-batterie-sur-carte-mere;546;100.0;1.2
apple-iphone-4-haut-parleur-antenne-wifi;552;100.0;2.4
apple-iphone-4-module-antenne-wifi;436;100.0;2.4
apple-iphone-4-module-ecouteur-interne-haut-parleur;424;100.0;2.4
apple-iphone-4-nappe-et-bouton-home-blanc;426;100.0;0.6
apple-iphone-4-pieces-de-fixation-pour-support-vibreur-volume-power;681;100.0;0.6
apple-iphone-4-support-connecteur-batterie;418;100.0;1.2
apple-iphone-4-vibreur-interne;520;100.0;2.4
apple-iphone-4s-blanc-membrane-avec-bouton-home;560;100.0;1.2
apple-iphone-4s-bouton-metal-volume-power-vibreur;525;100.0;2.4
apple-iphone-4s-haut-parleur-antenne-wifi;1691;100.0;2.4
apple-iphone-4s-nappe-du-bouton-home;516;100.0;0.6
apple-iphone-4s-nappe-module-vibreur;556;100.0;2.4
apple-iphone-4s-nappe-volume-vibreur-jack-blanc;554;100.0;2.4
apple-iphone-4s-nappe-volume-vibreur-jack-noir;3009;100.0;2.4
apple-iphone-4s-noir-membrane-avec-bouton-home;524;100.0;1.2
apple-iphone-4s-support-du-bouton-power;395;100.0;0.12
apple-iphone-4s-support-du-bouton-volume;349;100.0;1.2
apple-iphone-5-adhesif-batterie;1809;100.0;1.2
apple-iphone-5-blanc-bague-support-entree-connecteur-de-charge-chrome;1928;100.0;0.6
apple-iphone-5-blanc-bague-support-entree-jack-chrome;1827;100.0;0.6
apple-iphone-5-blanc-lentille-vitre-arriere-flash-chrome;1825;100.0;0.6
apple-iphone-5-blanc-lentille-vitre-camera-arriere-chrome;1826;100.0;0.6
apple-iphone-5-grille-anti-poussiere-pour-le-haut-parleur;1837;100.0;0.6
apple-iphone-5-lecteur-de-carte-sim;1692;100.0;0.6
apple-iphone-5-levier-ejecteur-de-carte-sim;1804;100.0;0.6
apple-iphone-5-mousse-adhesive-du-cache-camera;1858;100.0;0.96
apple-iphone-5-mousse-de-la-nappe-connecteur-camera-avant;1807;100.0;0.6
apple-iphone-5-nappe-antenne-reseau-gsm;2036;100.0;2.4
apple-iphone-5-nappe-bouton-home;900;100.0;1.2
apple-iphone-5-nappe-haut-parleur;897;100.0;2.4
apple-iphone-5-port-connecteur-lcd;1813;100.0;1.2
apple-iphone-5-port-connecteur-nappe-power;1811;100.0;1.2
apple-iphone-5-port-connecteur-vitre-tactile;1812;100.0;1.2
apple-iphone-5-protection-anti-poussiere-du-haut-parleur;1802;100.0;1.2
apple-iphone-5-protection-anti-poussiere-du-microphone;1801;100.0;0.6
apple-iphone-5-support-bouton-home;1693;100.0;0.96
apple-iphone-5-support-bouton-volume;1789;100.0;1.2
apple-iphone-5-support-camera-avant;1694;100.0;1.2
apple-iphone-5-support-camera-avant-factime-et-ecouteur-interne;1791;100.0;1.2
apple-iphone-5-support-chassis-de-l-ecran-lcd;1803;100.0;2.4
apple-iphone-5-support-de-camera-arriere;1795;100.0;1.2
apple-iphone-5-support-de-la-nappe-ecran;1794;100.0;1.2
apple-iphone-5-support-du-bouton-power;1798;100.0;1.2
apple-iphone-5-support-du-bouton-vibreur;1797;100.0;0.6
apple-iphone-5-support-du-fil-d-antenne;1796;100.0;1.2
apple-iphone-5-support-du-flash;1800;100.0;1.2
apple-iphone-5-support-du-vibreur;1799;100.0;1.2
apple-iphone-5-support-microphone;1792;100.0;1.2
audio-ic-338s00105-u3101-iphone-7-7-plus;11789;100.0;1.99
audio-ic-338s00105-u3500-iphone-6s-6s-plus;10645;100.0;1.2
audio-ic-338s00248-grande-iphone-8-8-plus-x-xr-xs-max-se;14597;100.0;2.66
audio-ic-338s00295-iphone-8-8-plus-x-se-2020-u5000;14598;100.0;3.23
audio-ic-338s00411-iphone-xs-xr-xs-max-11;14599;100.0;4.12
audio-ic-338s1202-iphone-5c-5s-6-6-plus;8918;100.0;3.48
audio-ic-338s1285-petite-iphone-6s-6s-plus;10646;100.0;1.2
audio-ic-grande-338s00509-iphone-11;14580;100.0;2.16
audio-ic-petite-338s00411-iphone-11;14581;100.0;4.61
audio-ic-petite-samsung-galaxy-s10;14739;100.0;6.0
audio-ic-rtr8600-iphone-5;8076;100.0;2.4
audio-ic-iphone-4s;8077;100.0;1.2
backlight-lot-x10-iphone-6s-plus-reconditionne-piec;10928;100.0;6.0
backlight-lot-x10-iphone-6s-reconditionne-piec;10927;100.0;3.6
backlight-lot-x10-iphone-7-plus-reconditionne-piec;10930;100.0;108.0
backlight-lot-x10-iphone-7-reconditionne-piec;10929;100.0;6.0
backlight-ic-retro-eclairage-5ar5-ipad-pro-12-9;10926;100.0;1.9
backlight-ic-u1502-iphone-6;9005;100.0;1.2
backlight-light-filter-fl2024-iphone-6-6-plus;9840;100.0;1.2
backlight-light-filter-lot-x3-iphone-6s-6s-plus;9871;100.0;3.6
baseband-nand-power-control-ic-ubbpmu-e-iphone-13;16270;100.0;2.4
batterie-samsung-galaxy-ace-2-i8160-origine-eb425161lu;5563;100.0;10.8
batterie-6000mah-samsung-galaxy-m30s-m307f-eb-bm207aby;12945;100.0;18.0
batterie-apn-616-00106-iphone-se-origine;4482;100.0;6.46
batterie-b150ac-samsung-galaxy-core-i8260-i8262-origine;5756;100.0;6.0
batterie-b450bc-samsung-galaxy-core-lite-4g-g3586v-origine;8100;100.0;6.0
batterie-eb-b220ac-samsung-galaxy-grand-2-g7105-origine;3348;100.0;18.0
batterie-eb-bg388bbe-samsung-galaxy-xcover-3-g388f;1977;100.0;6.0
batterie-eb-l1g6lluc-samsung-galaxy-s3-i9300-s3-4g-i9305-grand-i9060-origine;4138;100.0;25.0
batterie-externe-10000-mah-avec-afficheur-numerique-double-port-usb-power-bank-u;16767;100.0;24.12
batterie-externe-10000-mah-double-ports-usb-usb-c-usb-a-pd20w-charge-rapide-avec;21884;100.0;18.0
batterie-externe-10000-mah-trois-ports-usb-2-usb-a-1-usb-c-power-bank-usams-cd25;20839;100.0;18.0
batterie-externe-20000-mah-trois-ports-usb-2-usb-a-1-usb-c-charge-rapide-20w-ave;20840;100.0;22.8
batterie-externe-charge-rapide-serie-yattu-30000mah-power-bank-usams-at-noir;15853;100.0;52.94
batterie-externe-emoji-caca-powerbank-2600-mah-mojipower;20579;100.0;8.4
batterie-huawei-ascend-mate-7-origine-hb417094ebc;8816;100.0;24.0
batterie-huawei-honor-9-honor-9-premium-p10-origine-hb386280ecw;9796;100.0;14.4
batterie-huawei-mate-20-pro-p30-pro-origine-hb486486ecw;11750;100.0;19.2
batterie-huawei-mate-8-origine-hb396693ecw;8815;100.0;13.2
batterie-huawei-mate-9-mate-9-pro-origine-hb396689ecw;884;100.0;7.2
batterie-huawei-mate-s-crr-l09-origine-hb436178ebw;7214;100.0;6.0
batterie-huawei-p-smart-p8-lite-2017-p9-p10-lite-p20-lite-honor-9-lite-y7-2018-y;8814;100.0;12.0
batterie-huawei-p20-pro-mate-10-pro-mate-10-mate-20-honor-view-20-origine;11183;100.0;18.0
batterie-ipad-2-a1376;3008;100.0;14.28
batterie-ipad-3-4-a1389;3277;100.0;17.78
batterie-ipad-air-a1484-ipad-9-7-2018;4874;100.0;17.28
batterie-ipad-air-5-6-7-8-9e-gen-a1484;12883;100.0;13.68
batterie-ipad-air-2-a1547;6977;100.0;16.76
batterie-ipad-air-4-air-5-ipad-2022-10-9-10e-gen-a2288;21201;100.0;27.16
batterie-ipad-mini-2-a1512;4873;100.0;18.55
batterie-ipad-mini-3;9664;100.0;17.62
batterie-ipad-mini-4-a1546;7591;100.0;13.82
batterie-ipad-mini-a1445;4872;100.0;21.59
batterie-ipad-pro-10-5-a1798;13739;100.0;24.0
batterie-ipad-pro-11-2018;12884;100.0;23.21
batterie-ipad-pro-12-9-2eme-gen;15244;100.0;24.13
batterie-ipad-pro-12-9-3eme-gen;15245;100.0;27.95
batterie-ipad-pro-12-9-4eme-gen;15246;100.0;29.96
batterie-ipad-pro-12-9-a1677;10735;100.0;22.22
batterie-ipad-pro-9-7-a1664;10736;100.0;16.51
batterie-iphone-11-apn-616-00641;13755;100.0;7.2
batterie-iphone-11-pro-616-00659;13754;100.0;10.8
batterie-iphone-11-pro-max-616-00651;13753;100.0;10.8
batterie-iphone-11-pro-max-ti-origine-616-00651;16574;100.0;13.66
batterie-iphone-11-pro-max-ti-origine-decode-sans-message;17522;100.0;18.64
batterie-iphone-11-pro-ti-origine-616-00659;16573;100.0;13.12
batterie-iphone-11-pro-ti-origine-decode-sans-message;17521;100.0;17.92
batterie-iphone-11-ti-origine-apn-616-00641;17247;100.0;10.24
batterie-iphone-11-ti-origine-decode-sans-message;17520;100.0;14.08
batterie-iphone-12-12-pro-sans-message-d-erreur-original-ti-diag;19660;100.0;12.14
batterie-iphone-12-12-pro-a2479;14032;100.0;7.7
batterie-iphone-12-12-pro-ti-origine-a2479;16575;100.0;10.48
batterie-iphone-12-mini-sans-message-d-erreur-original-ti-diag;19662;100.0;11.18
batterie-iphone-12-mini-a2471;14033;100.0;7.34
batterie-iphone-12-mini-ti-origine-a2471;16576;100.0;9.74
batterie-iphone-12-pro-max-sans-message-d-erreur-original-ti-diag;19661;100.0;14.92
batterie-iphone-12-pro-max-a2466;14031;100.0;11.68
batterie-iphone-12-pro-max-ti-origine-a2466;16577;100.0;12.95
batterie-iphone-13-sans-message-d-erreur-original-ti-diag;19663;100.0;11.94
batterie-iphone-13-a2633;15869;100.0;8.32
batterie-iphone-13-mini-sans-message-d-erreur-original-ti-diag;19666;100.0;12.14
batterie-iphone-13-mini-a2660;16549;100.0;8.32
batterie-iphone-13-mini-ti-origine-a2660;16579;100.0;10.61
batterie-iphone-13-pro-sans-message-d-erreur-original-ti-diag;19664;100.0;14.6
batterie-iphone-13-pro-a2638;15870;100.0;11.29
batterie-iphone-13-pro-max-sans-message-d-erreur-original-ti-diag;19665;100.0;16.26
batterie-iphone-13-pro-max-a2643;15871;100.0;11.52
batterie-iphone-13-pro-max-ti-origine-a2643;16581;100.0;12.84
batterie-iphone-13-pro-ti-origine-a2638;16580;100.0;13.46
batterie-iphone-13-ti-origine-a2633;16578;100.0;10.72
batterie-iphone-14-sans-message-d-erreur-original-ti-diag;19667;100.0;12.88
batterie-iphone-14-a2863;16441;100.0;9.4
batterie-iphone-14-plus-sans-message-d-erreur-original-ti-diag;19668;100.0;13.84
batterie-iphone-14-plus-a2850;16442;100.0;10.34
batterie-iphone-14-pro-sans-message-d-erreur-original-ti-diag;19669;100.0;15.02
batterie-iphone-14-pro-a2866;16443;100.0;10.8
batterie-iphone-14-pro-max-sans-message-d-erreur-original-ti-diag;19670;100.0;17.68
batterie-iphone-14-pro-max-a2830;16444;100.0;14.4
batterie-iphone-14-pro-max-ti-origine-a2830;17248;100.0;15.52
batterie-iphone-14-pro-ti-origine-a2866;17250;100.0;13.6
batterie-iphone-14-ti-origine-a2863;17249;100.0;11.05
batterie-iphone-15-sans-message-d-erreur-original-ti-diag;20089;100.0;13.84
batterie-iphone-15-plus-sans-message-d-erreur-original-ti-diag;20090;100.0;14.54
batterie-iphone-15-plus-ti-origine;18897;100.0;12.0
batterie-iphone-15-pro-sans-message-d-erreur-original-ti-diag;20091;100.0;16.48
batterie-iphone-15-pro-max-sans-message-d-erreur-original-ti-diag;20092;100.0;18.64
batterie-iphone-15-pro-max-ti-origine;18899;100.0;16.94
batterie-iphone-15-pro-ti-origine;18898;100.0;13.84
batterie-iphone-15-ti-origine;18896;100.0;11.9
batterie-iphone-16-plus-ti-origine-na247;21081;100.0;14.78
batterie-iphone-16-pro-max-ti-origine-s2218-102cs;21083;100.0;17.42
batterie-iphone-16-pro-ti-origine-2203b-103cs;21082;100.0;15.76
batterie-iphone-16-ti-origine-na264;21080;100.0;13.84
batterie-iphone-16e-ti-origine-pske2-na248h;22596;100.0;16.26
batterie-iphone-17-111cs-origine-demonter-piec;23166;100.0;42.0
batterie-iphone-17-pro-max-origine-e-sim;21356;100.0;36.0
batterie-iphone-17-pro-max-version-sim-origine-demonte-na295;22200;100.0;48.0
batterie-iphone-17-pro-s2225-origine-demonte-piec;21725;100.0;58.8
batterie-iphone-4s-apn-616-0580;517;100.0;11.23
batterie-iphone-5-origine-apn-616-0613;1495;100.0;8.88
batterie-iphone-5c-5s-origine-apn-616-0721;4501;100.0;6.4
batterie-iphone-6-apn-616-0805;10639;100.0;5.44
batterie-iphone-6-origine-apn-616-0805;4586;100.0;6.26
batterie-iphone-6-plus-origine-apn-616-0765;4602;100.0;7.51
batterie-iphone-6s-apn-616-00036;8905;100.0;5.44
batterie-iphone-6s-origine-apn-616-00036;9164;100.0;6.32
batterie-iphone-6s-plus-origine-apn-616-0042;9163;100.0;7.72
batterie-iphone-7-apn-616-00255;10429;100.0;5.68
batterie-iphone-7-origine-apn-616-00255;11605;100.0;6.52
batterie-iphone-7-plus-origine-apn-616-00249;9491;100.0;6.96
batterie-iphone-8-origine-apn-616-00357;11083;100.0;7.27
batterie-iphone-8-plus-origine-apn-616-00367;11082;100.0;8.42
batterie-iphone-se-2020-a2312;12815;100.0;6.64
batterie-iphone-se-2020-ti-origine-a2312;14314;100.0;7.96
batterie-iphone-se-2022-3e-gen-ti-origine-a2819;15919;100.0;8.82
batterie-iphone-se-apn-616-00106;8625;100.0;5.16
batterie-iphone-x-origine-apn-616-00346;11081;100.0;10.96
batterie-iphone-xr-origine-616-00471;6006;96.0;9.4
batterie-iphone-xr-ti-origine-616-00471;6006;100.0;9.4
batterie-iphone-xs-max-origine-616-00507;6043;100.0;11.9
batterie-iphone-xs-origine-616-00512;6007;100.0;10.96
batterie-kbtel-samsung-galaxy-grand-2-g7105;6723;100.0;2.4
batterie-lte-7300-mah-samsung-galaxy-tab-s4-10-5-sm-t835-t830-eb-bt835abu;12947;100.0;16.99
batterie-principale-samsung-galaxy-z-flip7-f766b-origine-gh82-37582a;20742;100.0;21.6
batterie-principale-samsung-galaxy-z-flip7-fe-f761b-origine-gh82-37736a;20745;100.0;21.6
batterie-principale-samsung-galaxy-z-fold7-f966b-origine-gh82-37550a;20741;100.0;26.4
batterie-samsung-galaxy-a02s-a025g-a03s-a037f-a03-a035-origine;14492;100.0;22.8
batterie-samsung-galaxy-a02s-2021-a025g-hq-50s;17934;100.0;9.6
batterie-samsung-galaxy-a03-core-a032f;21122;100.0;12.0
batterie-samsung-galaxy-a04-a045f-a22-5g-a226b-a04e-a042f-scud-wt-w1;19800;100.0;9.55
batterie-samsung-galaxy-a04s-a047f-gh82-29803a-origine;20215;100.0;22.8
batterie-samsung-galaxy-a05-a055f-wt-s-n28;19806;100.0;9.55
batterie-samsung-galaxy-a05s-a057f-gh81-24363a-origine;19618;100.0;25.2
batterie-samsung-galaxy-a05s-a057g-slc-51;19802;100.0;9.66
batterie-samsung-galaxy-a06-2024-a065f-hq-7160ss;19808;100.0;10.9
batterie-samsung-galaxy-a10-a105f-reconditionne-piec-eb-ba750abu;17932;100.0;7.36
batterie-samsung-galaxy-a10s-a107f-a20s-a207f-scud-wt-n6;15639;100.0;8.21
batterie-samsung-galaxy-a10s-a107f-a20s-a207f-honor-holly-2-plus-scud-wt-n6-origine;12946;100.0;30.0
batterie-samsung-galaxy-a13-5g-a136b-origine-gh82-27431a;19847;100.0;24.0
batterie-samsung-galaxy-a14-4g-a145f-origine-gh81-23539a;18999;100.0;25.2
batterie-samsung-galaxy-a14-5g-a146-a04-2022-a045f-a04e-a042f-origine-wt-s-w1;18998;100.0;26.4
batterie-samsung-galaxy-a15-4g-a155f-5g-a156b-eb-ba156aby;19805;100.0;9.66
batterie-samsung-galaxy-a15-4g-a155f-5g-a156b-origine-gh82-33639a;18895;100.0;21.6
batterie-samsung-galaxy-a16-a26-a17-a166-a165-a266-a176-a175-origine-gh82-36145a;19277;100.0;22.8
batterie-samsung-galaxy-a16-5g-a166b-eb-ba166ase;19807;100.0;10.72
batterie-samsung-galaxy-a20e-a202f-eb-ba202abu;15494;100.0;8.88
batterie-samsung-galaxy-a20e-a202f-origine-gh82-20188a;4711;100.0;24.0
batterie-samsung-galaxy-a21s-a217f-a217m-a02-a022f-a12-a125f-a13-a135f-a137f-m12;15590;100.0;9.68
batterie-samsung-galaxy-a21s-a217f-a12-a125-a127-a13-a135f-a137f-eb-ba217aby-gh82-22989a-origine;12919;100.0;24.0
batterie-samsung-galaxy-a22-5g-a226b-gh81-20698a-origine;14491;100.0;26.4
batterie-samsung-galaxy-a23-5g-a236b-origine-gh82-29731a;19278;100.0;25.2
batterie-samsung-galaxy-a24-4g-a245f-eb-ba245aby;19803;100.0;9.96
batterie-samsung-galaxy-a25-5g-a256b-a55-5g-a556b-eb-ba256abs;19804;100.0;9.55
batterie-samsung-galaxy-a3-2016-a310f-origine-eb-ba310abe;8444;100.0;14.4
batterie-samsung-galaxy-a31-a315f-a32-4g-a325f-a22-4g-a225f-eb-ba315aby;15591;100.0;9.55
batterie-samsung-galaxy-a31-a32-4g-a22-4g-gh82-25567a-origine;12986;100.0;25.2
batterie-samsung-galaxy-a35-5g-a356b-origine-gh82-34228a;19279;100.0;25.2
batterie-samsung-galaxy-a37-5g-a376b-origine-eb-ba566ase;22916;100.0;24.0
batterie-samsung-galaxy-a40-a405f-eb-ba405abe;15488;100.0;8.17
batterie-samsung-galaxy-a40-a405f-origine-eb-ba405abe;4710;100.0;20.4
batterie-samsung-galaxy-a41-a415f-eb-ba415aby;15641;100.0;7.3
batterie-samsung-galaxy-a41-a415f-origine-gh82-22861a;12619;100.0;24.0
batterie-samsung-galaxy-a5-a500fu-origine-eb-ba500abe;5763;100.0;18.0
batterie-samsung-galaxy-a5-2017-a520f-j5-2017-j530f-eb-ba520abe;15480;100.0;8.03
batterie-samsung-galaxy-a5-2017-a520f-j5-2017-j530f-origine-eb-ba520abe;10722;100.0;24.0
batterie-samsung-galaxy-a50-a505f-a30s-a307f-origine-eb-ba505abu;4706;100.0;24.0
batterie-samsung-galaxy-a50-a505f-eb-ba505abu;15484;100.0;7.19
batterie-samsung-galaxy-a51-a515f-eb-ba515aby;15486;100.0;8.48
batterie-samsung-galaxy-a51-a515f-origine-eb-ba515aby-gh82-21668a;12620;100.0;24.0
batterie-samsung-galaxy-a51-5g-a516b-eb-ba516aby-origine;18737;100.0;25.2
batterie-samsung-galaxy-a53-5g-a536b-a33-5g-a336b-origine-gh82-28027a;16319;100.0;25.2
batterie-samsung-galaxy-a54-5g-a546b-a34-5g-a346b-a35-5g-a356b-eb-ba546aby;19801;100.0;9.94
batterie-samsung-galaxy-a55-5g-a556b-a54-5g-a546b-a34-5g-a346b-a25-5g-a256b-orig;18161;100.0;21.6
batterie-samsung-galaxy-a57-5g-a576b-a56-a566b-a36-5g-a366-eb-ba566ase-origine;20262;100.0;24.0
batterie-samsung-galaxy-a6-2018-a600f-j6-2018-j600f-eb-bj800abe;15586;100.0;8.45
batterie-samsung-galaxy-a6-2018-a600f-j6-2018-j600f-gh82-16479a-origine;11364;100.0;24.0
batterie-samsung-galaxy-a6-2018-a605f-origine-eb-bj805abe;11378;100.0;21.6
batterie-samsung-galaxy-a7-a700f-origine-eb-ba700abe;6285;100.0;3.6
batterie-samsung-galaxy-a7-2017-a720f-j7-2017-j730f-origine-eb-ba720abe;11504;100.0;22.8
batterie-samsung-galaxy-a7-2018-a750f-a10-a105f-m10-m105f-eb-ba750abu-origine;4716;100.0;25.2
batterie-samsung-galaxy-a7-2018-a750f-eb-ba750abu;15483;100.0;10.8
batterie-samsung-galaxy-a70-a705f-eb-ba705abu;15490;100.0;7.81
batterie-samsung-galaxy-a70-a705f-origine-gh82-19746a;8230;100.0;25.2
batterie-samsung-galaxy-a71-a715f-eb-ba715aby;21225;100.0;9.6
batterie-samsung-galaxy-a71-a715f-gh82-22153a-origine;13233;100.0;27.6
batterie-samsung-galaxy-a72-a725f-a32-5g-a326b-a42-5g-a426b-m32-4g-m325f-eb-ba42;13694;100.0;27.6
batterie-samsung-galaxy-a72-a42-a32-5g-eb-ba426aby;15493;100.0;9.66
batterie-samsung-galaxy-a8-2018-a530f-eb-ba530abe;15637;100.0;7.56
batterie-samsung-galaxy-a8-2018-a530f-origine-gh82-15656a;10980;100.0;24.0
batterie-samsung-galaxy-a80-a805f-origine-eb-ba905abu;4394;100.0;30.0
batterie-samsung-galaxy-a9-2018-a920f-origine-eb-ba920abu;11882;100.0;24.0
batterie-samsung-galaxy-gear-s3-frontier-gear-s3-classic-origine-gh43-04699a;22462;100.0;14.4
batterie-samsung-galaxy-j4-sm-j400-eb-bj700cbe;12788;100.0;15.6
batterie-samsung-galaxy-j5-j500f-j3-2016-j320f-grand-prime-g530fz-g531f-eb-bg531bbe;15830;100.0;8.03
batterie-samsung-galaxy-j6-j610f-j4-j415-origine-eb-bg610abe;11825;100.0;15.0
batterie-samsung-galaxy-j7-2016-j710f-origine-eb-bj710cbe;11813;100.0;20.4
batterie-samsung-galaxy-m13-4g-m135f-origine-gh82-29136a;18164;100.0;27.6
batterie-samsung-galaxy-m20-m205f-eb-bg580abu;12943;100.0;20.4
batterie-samsung-galaxy-m23-5g-m236b-m33-5g-m336b-m53-5g-m536b-origine-eb-bm526;18165;100.0;26.4
batterie-samsung-galaxy-m30s-m307f-m21-m215f-origine-gh82-22406a;18163;100.0;30.0
batterie-samsung-galaxy-note-n7000-origine-eb615268vu;4144;100.0;25.0
batterie-samsung-galaxy-note-10-n970f-origine-eb-bn970abu;9687;100.0;26.4
batterie-samsung-galaxy-note-10-lite-n770f-eb-bn770ab;15588;100.0;11.59
batterie-samsung-galaxy-note-10-lite-n770f-eb-bn770ab-origine;12232;100.0;25.2
batterie-samsung-galaxy-note-10-1-2014-p600-p605-origine-gh43-03998a;19533;100.0;22.8
batterie-samsung-galaxy-note-10-n975f-eb-bn972abu;15850;100.0;11.47
batterie-samsung-galaxy-note-10-n975f-origine-eb-bn972abu-gh82-20814a;3653;100.0;30.0
batterie-samsung-galaxy-note-20-5g-n980f-n981f-origine-gh82-23496a;15797;100.0;25.2
batterie-samsung-galaxy-note-20-ultra-5g-n986b-origine-gh82-23333a;15795;100.0;28.8
batterie-samsung-galaxy-note-3-neo-n7505-origine-eb-bn750bbec;11791;100.0;9.28
batterie-samsung-galaxy-note-8-n950f-eb-bn950abe;15491;100.0;9.8
batterie-samsung-galaxy-note-8-n950f-origine-gh82-15090a;10934;100.0;25.2
batterie-samsung-galaxy-note-8-0-n5100-n5110-sp3770e1h;6836;100.0;11.06
batterie-samsung-galaxy-note-9-n960f-eb-bn965abu;15589;100.0;8.2
batterie-samsung-galaxy-note-9-n960f-gh82-17562a-origine;11934;100.0;30.0
batterie-samsung-galaxy-note-pro-12-2-tab-pro-12-2-t9500e;10461;100.0;13.2
batterie-samsung-galaxy-s-advance-i9070-origine-gh43-03689c;19542;100.0;7.2
batterie-samsung-galaxy-s10-g973f-eb-bg973abu;15485;100.0;7.9
batterie-samsung-galaxy-s10-g973f-origine-gh82-18826a;9409;100.0;25.2
batterie-samsung-galaxy-s10-5g-g977b-gh82-19750a-origine;12944;100.0;36.0
batterie-samsung-galaxy-s10-lite-g770f-origine-eb-ba907aby;18166;100.0;30.0
batterie-samsung-galaxy-s10-g975f-eb-bg975abu;15585;100.0;8.71
batterie-samsung-galaxy-s10-g975f-origine-gh82-18827a;8812;100.0;25.2
batterie-samsung-galaxy-s10e-g970f-eb-bg970abu;15492;100.0;7.44
batterie-samsung-galaxy-s10e-g970f-origine-gh82-18825a;8108;100.0;25.2
batterie-samsung-galaxy-s20-g980f-s20-5g-g981f-eb-bg980aby;15587;100.0;8.32
batterie-samsung-galaxy-s20-g980f-s20-5g-g981f-eb-bg980aby-gh82-22122a-origine;3763;100.0;24.0
batterie-samsung-galaxy-s20-fe-4g-g780f-5g-g781b-a52-a52s-a528b-eb-bg781aby;15642;100.0;9.12
batterie-samsung-galaxy-s20-fe-4g-s20-fe-5g-a52-a52s-eb-bg781aby-origine;12962;100.0;26.4
batterie-samsung-galaxy-s20-ultra-g988f-eb-bg988aby;15638;100.0;11.83
batterie-samsung-galaxy-s20-ultra-g988f-origine-gh82-22272a;3734;100.0;30.0
batterie-samsung-galaxy-s20-5g-g986f-s20-4g-g985f-origine-gh82-22133a;3766;100.0;26.4
batterie-samsung-galaxy-s20-5g-g986f-eb-bg985aby;15599;100.0;9.12
batterie-samsung-galaxy-s21-g991b-origine-gh82-24537a;14309;100.0;24.0
batterie-samsung-galaxy-s21-fe-g990b-eb-bg990aby;19809;100.0;8.84
batterie-samsung-galaxy-s21-fe-5g-g990b-origine-gh82-26409a;15796;100.0;25.2
batterie-samsung-galaxy-s21-ultra-5g-g998b-eb-bg998aby;15849;100.0;9.8
batterie-samsung-galaxy-s21-ultra-5g-g998b-origine-gh82-24592a;14311;100.0;28.8
batterie-samsung-galaxy-s21-5g-g996b-origine-gh82-24556a;14310;100.0;28.8
batterie-samsung-galaxy-s22-s901b-eb-bs901aby;19810;100.0;9.38
batterie-samsung-galaxy-s22-s901b-origine-gh82-27494a;15248;100.0;24.0
batterie-samsung-galaxy-s22-ultra-s908b-eb-bs908aby;19811;100.0;9.66
batterie-samsung-galaxy-s22-ultra-s908b-origine-gh82-27484a;15249;100.0;27.6
batterie-samsung-galaxy-s22-s906b-origine-eb-bs906aby;16796;100.0;30.0
batterie-samsung-galaxy-s23-s911b-eb-bs912aby;19812;100.0;9.55
batterie-samsung-galaxy-s23-5g-s911b-origine-gh82-30483a-eb-bs912aby;16064;100.0;24.0
batterie-samsung-galaxy-s23-fe-s711b-eb-bs711aby;19818;100.0;10.98
batterie-samsung-galaxy-s23-fe-s711b-gh82-32860a-origine;17537;100.0;25.2
batterie-samsung-galaxy-s23-ultra-s918b-eb-bs918aby;19814;100.0;9.8
batterie-samsung-galaxy-s23-ultra-s918b-origine-gh82-30459a;16210;100.0;30.0
batterie-samsung-galaxy-s23-s916b-eb-bs916aby;19813;100.0;9.66
batterie-samsung-galaxy-s23-s916b-origine-eb-bs916aby;16065;100.0;26.4
batterie-samsung-galaxy-s24-s921b-eb-bs922abe;19815;100.0;9.29
batterie-samsung-galaxy-s24-s921b-origine-gh82-33290a;17976;100.0;31.2
batterie-samsung-galaxy-s24-fe-s721b-eb-bs721abe-origine;19617;100.0;25.2
batterie-samsung-galaxy-s24-fe-s721b-eb-bs721aby;19819;100.0;11.32
batterie-samsung-galaxy-s24-ultra-s928b-eb-bs928aby;19817;100.0;13.94
batterie-samsung-galaxy-s24-ultra-s928b-origine-gh82-33387a;17544;100.0;24.0
batterie-samsung-galaxy-s24-s926b-eb-bs926aby;19816;100.0;13.27
batterie-samsung-galaxy-s24-s926b-origine-gh82-33334a;19280;100.0;31.2
batterie-samsung-galaxy-s25-s931b-eb-bs931abe;19820;100.0;11.32
batterie-samsung-galaxy-s25-s931b-origine-gh82-36331a;19613;100.0;26.4
batterie-samsung-galaxy-s25-edge-s937b-origine-eb-bs937abe;20331;100.0;26.4
batterie-samsung-galaxy-s25-ultra-s938b-origine-gh82-36389a;19611;100.0;38.4
batterie-samsung-galaxy-s25-s936b-s25-fe-s731-origine-gh82-38432a;19550;100.0;31.2
batterie-samsung-galaxy-s26-5g-s942b-origine-gh82-39193a;22750;100.0;30.0
batterie-samsung-galaxy-s26-ultra-5g-s948b-origine-gh82-38878a;23146;100.0;34.8
batterie-samsung-galaxy-s26-5g-s947b-origine-gh82-39124a;23145;100.0;30.0
batterie-samsung-galaxy-s4-i9505-s4-advance-i9506-origine-b600be;4140;100.0;25.0
batterie-samsung-galaxy-s5-g900f-origine-eb-bg900bbe;3431;100.0;13.2
batterie-samsung-galaxy-s6-g920f-eb-bg920abe;15489;100.0;7.19
batterie-samsung-galaxy-s6-edge-plus-g928f-eb-bg928abe;1774;100.0;13.2
batterie-samsung-galaxy-s7-g930f-eb-bg930abe;15482;100.0;7.69
batterie-samsung-galaxy-s7-g930f-origine-eb-bg930abe;8709;100.0;24.76
batterie-samsung-galaxy-s7-edge-g935f-eb-bg935aba;15487;100.0;8.21
batterie-samsung-galaxy-s7-edge-g935f-origine-eb-bg935aba;8710;100.0;20.4
batterie-samsung-galaxy-s8-g950f-eb-bg950abe;15481;100.0;11.11
batterie-samsung-galaxy-s8-g950f-origine-gh82-14642a;5620;100.0;27.6
batterie-samsung-galaxy-s8-g955f-eb-g955aba;15640;100.0;9.67
batterie-samsung-galaxy-s8-g955f-origine-gh82-14656a;5636;100.0;26.4
batterie-samsung-galaxy-s9-g960f-eb-bg960abe;15479;100.0;14.4
batterie-samsung-galaxy-s9-g960f-origine-gh82-15963a;11058;100.0;27.6
batterie-samsung-galaxy-s9-g965f-eb-bg965abe;15495;100.0;10.8
batterie-samsung-galaxy-s9-g965f-eb-bg965abe-origine;11064;100.0;25.2
batterie-samsung-galaxy-tab-2-7-0-p3100-p3110-sp4960c3b;1416;100.0;9.6
batterie-samsung-galaxy-tab-3-10-1-p5200-p5210-t4500e;4570;100.0;13.99
batterie-samsung-galaxy-tab-3-7-0-t210-t211-t4000e;5083;100.0;10.42
batterie-samsung-galaxy-tab-3-7-0-t4000e-origine-gh43-03911a;19557;100.0;18.0
batterie-samsung-galaxy-tab-3-8-0-t310-origine-gh43-03857b;19558;100.0;20.4
batterie-samsung-galaxy-tab-3-8-0-t310-t311-t315-t4450e;4712;100.0;10.21
batterie-samsung-galaxy-tab-4-10-1-t530-t535-eb-bt530fbc;5936;100.0;17.4
batterie-samsung-galaxy-tab-4-7-0-t230-eb-bt230fbe;8140;100.0;9.6
batterie-samsung-galaxy-tab-7-0-p1000-sp4960c3a;1415;100.0;6.0
batterie-samsung-galaxy-tab-a-2016-10-1-t580-t585-origine-gh43-04622a;19537;100.0;20.4
batterie-samsung-galaxy-tab-a-2018-10-5-t590-t595-eb-bt595abe;15875;100.0;16.92
batterie-samsung-galaxy-tab-a-2019-10-1-t510-t515-origine;15874;100.0;14.26
batterie-samsung-galaxy-tab-a-8-0-t290-t295-swd-wt-n8-origine;14937;100.0;20.4
batterie-samsung-galaxy-tab-a-9-7-t550-eb-bt550abe;7932;100.0;17.93
batterie-samsung-galaxy-tab-a-9-7-t550-t555-origine-eb-bt550abe;17977;100.0;24.0
batterie-samsung-galaxy-tab-a6-tab-a-2016-10-1-t580-t585;11464;100.0;14.26
batterie-samsung-galaxy-tab-a6-tab-a-2016-7-0-t280-t285-origine-eb-bt280abe;11952;100.0;8.74
batterie-samsung-galaxy-tab-a7-2020-10-4-t500-t505-origine-gh81-19691a-scud-wt-n;14202;100.0;30.0
batterie-samsung-galaxy-tab-a7-lite-wifi-t220-lte-t225-origine-hq-3565s;20048;100.0;29.4
batterie-samsung-galaxy-tab-a8-10-5-2021-x200-x205-origine-gh81-21920a;17720;100.0;30.0
batterie-samsung-galaxy-tab-active-pro-t540-t545-t547-tab-active-4-pro-t630-t636;18167;100.0;36.0
batterie-samsung-galaxy-tab-e-9-6-t560-t561-eb-bt561abe;9669;100.0;10.33
batterie-samsung-galaxy-tab-s-10-5-t800-eb-bt800fbj;8475;100.0;15.35
batterie-samsung-galaxy-tab-s-8-4-t700-t705-origine-eb-bt705fbc;8474;100.0;13.34
batterie-samsung-galaxy-tab-s2-8-0-t710-t715;12437;100.0;11.03
batterie-samsung-galaxy-tab-s2-9-7-t810-t813-t815-eb-bt810abe;15851;100.0;13.61
batterie-samsung-galaxy-tab-s2-9-7-t810-t815-t819-origine-gh43-04431a;19556;100.0;18.0
batterie-samsung-galaxy-tab-s3-9-7-t820-t825-eb-bt825abe;3786;100.0;19.63
batterie-samsung-galaxy-tab-s6-lite-p610-p615-p613-p619-origine-gh82-20770a;18170;100.0;28.8
batterie-samsung-galaxy-tab-s7-t870-t875-tab-s8-x700-x706-origine-gh43-05028a;18171;100.0;32.4
batterie-samsung-galaxy-tab-s7-t970-t976b-tab-s8-x806b-origine-gh82-27888a-eb-bt;18169;100.0;37.2
batterie-samsung-galaxy-tab-s8-5g-x706b-origine-eb-bt875aby;18168;100.0;42.0
batterie-samsung-galaxy-tab-s9-x710-x716b-eb-bx716aby-origine;19622;100.0;37.2
batterie-samsung-galaxy-tab-s9-fe-x510-x516b-eb-bx516aby-origine;19623;100.0;34.8
batterie-samsung-galaxy-tab-s9-ultra-x910-x916b-eb-bx916aby-origine;19621;100.0;40.8
batterie-samsung-galaxy-watch-r805-origine-gh43-04855a;19536;100.0;12.0
batterie-samsung-galaxy-watch-gear-s2-classic-3g-r735-origine-gh43-04538b;19527;100.0;12.0
batterie-samsung-galaxy-xcover-4-eb-bg390bbe-origine;4773;100.0;19.2
batterie-samsung-galaxy-xcover-5-g525f-eb-bg525bbe-origine;16947;100.0;25.2
batterie-samsung-galaxy-xcover-6-pro-2022-g736b-origine-gh43-05117a;18162;100.0;27.6
batterie-samsung-galaxy-xcover-7-g556b-eb-bg556gby-origine;19624;100.0;24.0
batterie-samsung-galaxy-xcover-pro-g715f-origine-gh43-04993a;17700;100.0;24.0
batterie-samsung-galaxy-z-flip-4-5g-f721b-secondaire-gh82-29433a-origine;15463;100.0;19.2
batterie-samsung-galaxy-z-flip3-5g-f711b-origine-gh82-26271a;15071;100.0;21.6
batterie-samsung-galaxy-z-flip3-5g-f711b-secondaire-gh82-26270a-origine;15070;100.0;21.6
batterie-samsung-galaxy-z-flip4-5g-f721b-principale-eb-bf723aby-origine;15436;100.0;27.6
10527;16467;100.0;22.8
batterie-samsung-galaxy-z-flip5-5g-f731b-secondaire-eb-bf732aby-origine;16468;100.0;24.0
batterie-samsung-galaxy-z-flip6-f741b-gh82-35023a-origine;19619;100.0;22.8
batterie-samsung-galaxy-z-flip6-f741b-gh82-35024a-origine;19620;100.0;28.8
batterie-samsung-galaxy-z-fold3-5g-eb-bf927aby-secondaire-origine;14877;100.0;24.0
batterie-samsung-galaxy-z-fold3-5g-f926b-principale-gh82-26236a-origine;15069;100.0;22.8
batterie-samsung-galaxy-z-fold4-5g-f936b-principale-eb-bf936aby-origine;15426;100.0;30.0
batterie-samsung-galaxy-z-fold4-5g-f936b-secondaire-eb-bf937aby-origine;15427;100.0;25.2
batterie-samsung-galaxy-z-fold5-5g-f946b-principale-eb-bf946aby-origine;16470;100.0;24.0
batterie-samsung-galaxy-z-fold5-5g-f946b-secondaire-eb-bf947aby-origine;16469;100.0;24.0
batterie-samsung-galaxy-z-fold6-5g-f956b-origine;20616;100.0;30.0
batterie-samsung-gt-c3590-origine-gh43-03241a;19585;100.0;7.2
batterie-samsung-s5570-s5770-s5250-s7230e-s5330-s5750-origine-eb494353vu;4146;100.0;6.0
batterie-sans-bms-iphone-11;12915;100.0;6.0
batterie-sans-bms-iphone-11-pro;12914;100.0;7.2
batterie-sans-bms-iphone-11-pro-max;12913;100.0;9.88
batterie-sans-bms-iphone-12-12-pro;16801;100.0;4.8
batterie-sans-bms-iphone-13;16802;100.0;6.0
batterie-sans-bms-iphone-13-pro;16803;100.0;9.53
batterie-sans-bms-iphone-14;16804;100.0;7.2
batterie-sans-bms-iphone-14-pro;16805;100.0;10.8
batterie-sans-bms-iphone-xr;12918;100.0;4.8
batterie-sans-bms-iphone-xs;12917;100.0;7.2
batterie-sans-bms-iphone-xs-max;12916;100.0;14.4
batterie-secondaire-samsung-galaxy-z-flip7-f766b-origine-gh82-37583a;20743;100.0;26.4
batterie-secondaire-samsung-galaxy-z-flip7-fe-f761b-origine-gh82-37737a;20744;100.0;30.0
batterie-secondaire-samsung-galaxy-z-fold6-f956b-origine-gh82-35048a;20739;100.0;26.4
batterie-secondaire-samsung-galaxy-z-fold7-f966b-origine-gh82-37549a;20740;100.0;26.4
batterie-sp3676b1a-samsung-tab-2-10-1-p5100-p5110-note-10-1-n8000-n8010;1417;100.0;13.19
batterie-t8220e-samsung-galaxy-note-10-1-2014-p600-p605-tab-pro-10-1-t520;8476;100.0;16.22
batterie-ti-origine-iphone-15;18896;100.0;11.9
batterie-ti-origine-iphone-15-plus;18897;100.0;12.0
batterie-ti-origine-iphone-15-pro;18898;100.0;13.84
batterie-ti-origine-iphone-15-pro-max;18899;100.0;16.94
batterie-xiaomi-mi-a2-lite-bn47-origine;11592;100.0;15.6
batterie-xiaomi-redmi-note-5-bn45-origine;11561;100.0;15.6
batteries-samsung-galaxy-z-fold2-f916b-eb-bf916aby-eb-bf917aby-origine;15258;100.0;37.2
big-audio-management-ic-338s00739-iphone-13-pro;16274;100.0;6.46
big-power-ic-s555-samsung-galaxy-s8-s8;13957;100.0;2.24
big-power-manager-control-ic-343s00511-iphone-13-pro;16268;100.0;3.0
bobine-l1201-k-iphone-xs-xr;16792;100.0;2.34
bobine-retro-eclairage-l1503-iphone-6-6-plus;10492;100.0;2.4
boitier-ajoure-gopro-hero4-hero3-hero3;5958;100.0;22.0
boitier-de-sterilisation-ultraviolet-pour-smartphone-usams-us-zb150;3658;100.0;6.0
boitier-de-sterilisation-ultraviolet-pour-telephone-avec-charge-sans-fil-usams-u;3657;100.0;6.0
boucle-a-declenchement-rapide-gopro;5975;100.0;3.0
bouton-hold-ipad-2-3-4;5291;100.0;2.4
bouton-home-membrane-iphone-5-5c-blanc;1969;100.0;1.2
bouton-home-membrane-iphone-5-5c-noir;1972;100.0;1.2
bouton-home-3d-iphone-7-7-plus-8-8-plus-se-2020-jcid-blanc;13997;100.0;8.62
bouton-home-3d-iphone-7-7-plus-8-8-plus-se-2020-jcid-noir;13995;100.0;8.62
bouton-home-3d-iphone-7-7-plus-8-8-plus-se-2020-jcid-or;13998;100.0;8.62
bouton-home-d-occasion-samsung-galaxy-gio-s5660-noir;9936;100.0;1.2
bouton-home-d-occasion-samsung-galaxy-mini-2-s6500-blanc;9890;100.0;2.51
bouton-home-d-occasion-samsung-galaxy-mini-2-s6500-noir;9891;100.0;2.51
bouton-home-d-occasion-samsung-galaxy-y-duos-s6102-noir;5411;100.0;2.51
bouton-home-ipad-mini-mini-2-blanc;1668;100.0;1.2
bouton-home-ipad-mini-mini-2-noir;1669;100.0;2.4
bouton-home-iphone-5-argent-diamant;1779;100.0;0.6
bouton-home-iphone-5-noir-et-or-facon-iphone-5s;3251;100.0;0.6
bouton-home-iphone-5-or-blanc-facon-iphone-5s;3249;100.0;0.6
bouton-home-samsung-galaxy-ace-s5830-noir-occasion;9965;100.0;1.2
bouton-home-samsung-galaxy-ace-2-i8160-blanc;4944;100.0;1.2
bouton-home-samsung-galaxy-ace-2-i8160-noir;4943;100.0;1.2
bouton-home-samsung-galaxy-express-2-g3815-blanc;4669;100.0;1.2
bouton-home-samsung-galaxy-grand-i9082-noir;5148;100.0;2.4
bouton-home-samsung-galaxy-grand-2-g7105-blanc;5372;100.0;2.4
bouton-home-samsung-galaxy-grand-2-g7105-noir;5371;100.0;2.4
bouton-home-samsung-galaxy-s2-i9100-blanc;9821;100.0;3.0
bouton-home-samsung-galaxy-s2-i9100-noir;9820;100.0;3.0
bouton-home-samsung-galaxy-s2-i9100-rouge;9822;100.0;3.0
bouton-home-samsung-galaxy-s4-i9505-blanc;7097;100.0;2.4
bouton-home-samsung-galaxy-s4-i9505-noir;7098;100.0;2.4
bouton-home-samsung-galaxy-tab-3-10-1-p5200-p5210-blanc;3353;100.0;2.4
bouton-home-samsung-galaxy-tab-3-10-1-p5200-p5210-noir;6290;100.0;2.4
bouton-home-samsung-galaxy-tab-3-8-0-t310-blanc;9377;100.0;2.4
bouton-home-samsung-galaxy-tab-3-8-0-t310-noir;472;100.0;2.4
bouton-home-samsung-galaxy-tab-4-10-1-t530-blanc;8246;100.0;2.16
bouton-home-samsung-galaxy-tab-4-10-1-t530-noir;8245;100.0;2.33
bouton-home-samsung-galaxy-tab-pro-10-1-t520-blanc;10218;100.0;2.4
bouton-poussoir-iphone-4-4s-ipod-touch-5;4199;100.0;1.2
bouton-poussoir-iphone-5s;4200;100.0;1.2
bouton-power-bixby-samsung-galaxy-s20-fe-4g-g780f-orange;12971;100.0;1.96
bouton-power-bixby-samsung-galaxy-s20-fe-4g-g780f-vert;12970;100.0;6.0
bouton-power-bixby-samsung-galaxy-s20-fe-4g-g780f-violet;12969;100.0;6.0
bouton-power-volume-d-occasion-huawei-ascend-y530-blanc;7178;100.0;1.2
bouton-power-volume-iphone-6s-argent;7313;100.0;2.4
bouton-power-volume-iphone-6s-gris-sideral;8072;100.0;2.4
bouton-power-volume-iphone-6s-or-rose;7312;100.0;2.4
bouton-power-bixby-samsung-galaxy-s20-fe-g780-g781-gh98-46052a-noir-origine;18756;100.0;2.4
bouton-power-volume-samsung-galaxy-s21-fe-g990b-blanc;15566;100.0;3.6
bouton-power-volume-samsung-galaxy-s21-fe-g990b-noir;15565;100.0;1.81
bouton-power-d-occasion-samsung-galaxy-express-i8730-blanc;6291;100.0;1.2
bouton-power-d-occasion-samsung-galaxy-express-i8730-noir;5514;100.0;1.2
bouton-power-d-occasion-samsung-galaxy-s3-neo-i9301i-gris;9575;100.0;2.51
bouton-power-ipad-mini-mini-2-argent;1842;100.0;1.2
bouton-power-ipad-mini-mini-2-noir;1844;100.0;1.2
bouton-power-iphone-6-argent;5243;100.0;1.2
bouton-power-iphone-6-gris-sideral;5244;100.0;1.2
bouton-power-iphone-6-plus-gris-sideral;5256;100.0;1.2
bouton-power-samsung-galaxy-a3-a300fu-a5-a500fu-blanc;9387;100.0;2.4
bouton-power-samsung-galaxy-a3-a300fu-a5-a500fu-noir;9385;100.0;2.4
bouton-power-samsung-galaxy-a7-a700f-blanc;9391;100.0;2.4
bouton-power-samsung-galaxy-a7-a700f-noir;9390;100.0;1.2
bouton-power-samsung-galaxy-a8-2018-a530f-noir-carbone;10995;100.0;1.56
bouton-power-samsung-galaxy-a8-2018-a530f-orchidee;10997;100.0;2.78
bouton-power-samsung-galaxy-a9-2018-a920f-piec-noir;22827;100.0;2.4
bouton-power-samsung-galaxy-a9-2018-a920f-bleu;11889;100.0;2.4
bouton-power-samsung-galaxy-a9-2018-a920f-noir;11887;100.0;2.4
bouton-power-samsung-galaxy-a9-2018-a920f-rose;11888;100.0;2.4
bouton-power-samsung-galaxy-s10-g973f-blanc-prisme;9239;100.0;7.2
bouton-power-samsung-galaxy-s10-g973f-noir-prisme;9236;100.0;1.54
bouton-power-samsung-galaxy-s10-g973f-vert-prisme;9282;100.0;2.32
bouton-power-samsung-galaxy-s23-s911b-s23-s916b-gh98-47980a-noir-origine;18406;100.0;3.6
bouton-power-samsung-galaxy-s23-s911b-s23-s916b-gh98-47980b-beige-origine;18405;100.0;3.6
bouton-power-samsung-galaxy-s23-s911b-s23-s916b-gh98-47980c-vert-origine;18403;100.0;3.6
bouton-power-samsung-galaxy-s23-s911b-s23-s916b-gh98-47980d-lavande-origine;18404;100.0;3.6
bouton-power-samsung-galaxy-s4-i9505-black-edition;3465;100.0;1.2
bouton-power-volume-usb-pour-samsung-galaxy-s-i9000;650;100.0;1.2
bouton-samsung-galaxy-tab-a6-tab-a-2016-7-0-t285-blanc;14969;100.0;3.41
bouton-samsung-galaxy-tab-a6-tab-a-2016-7-0-t285-noir;14968;100.0;3.41
bouton-vibreur-ipad-mini-mini-2-argent;1841;100.0;1.2
bouton-vibreur-ipad-mini-mini-2-noir;1840;100.0;1.2
bouton-vibreur-iphone-3g-3gs-noir;4190;100.0;0.6
bouton-vibreur-iphone-6-argent;5240;100.0;1.2
bouton-vibreur-iphone-6-gris-sideral;5241;100.0;1.2
bouton-vibreur-iphone-6-or;5239;100.0;1.2
bouton-vibreur-iphone-6-plus-argent;5252;100.0;1.2
bouton-vibreur-iphone-6-plus-gris-sideral;5253;100.0;1.2
bouton-vibreur-iphone-6s-argent;7311;100.0;2.4
bouton-vibreur-iphone-6s-gris-sideral;8071;100.0;2.4
bouton-vibreur-iphone-6s-or;6679;100.0;2.4
bouton-vibreur-iphone-6s-or-rose;6680;100.0;2.4
bouton-volume-d-occasion-samsung-galaxy-express-i8730-blanc;6292;100.0;1.2
bouton-volume-d-occasion-samsung-galaxy-express-i8730-noir;5513;100.0;1.2
bouton-volume-d-occasion-samsung-galaxy-nexus-i9250-noir;9565;100.0;2.4
bouton-volume-d-occasion-samsung-galaxy-s2-i9100-blanc;9680;100.0;1.5
bouton-volume-d-occasion-samsung-galaxy-s3-mini-i8190-blanc;9554;100.0;2.51
bouton-volume-d-occasion-samsung-galaxy-s3-neo-i9301i-gris;9574;100.0;2.51
bouton-volume-ipad-2-3-4;5292;100.0;2.4
bouton-volume-ipad-mini-mini-2-argent;1838;100.0;1.2
bouton-volume-iphone-6-argent;5246;100.0;1.2
bouton-volume-iphone-6-gris-sideral;5247;100.0;1.2
bouton-volume-iphone-6-or;5245;100.0;1.2
bouton-volume-iphone-6-plus-argent;5258;100.0;1.2
bouton-volume-iphone-6-plus-gris-sideral;5259;100.0;1.2
bouton-volume-samsung-galaxy-a23-4g-a235f-noir-origine;22188;100.0;2.4
bouton-volume-samsung-galaxy-a3-a300fu-a5-a500fu-blanc;9386;100.0;2.4
bouton-volume-samsung-galaxy-a3-a300fu-a5-a500fu-noir;9384;100.0;2.4
bouton-volume-samsung-galaxy-a7-a700f-blanc;9389;100.0;2.4
bouton-volume-samsung-galaxy-a7-a700f-noir;9388;100.0;2.4
bouton-volume-samsung-galaxy-a7-2018-a750f-noir;11798;100.0;6.0
bouton-volume-samsung-galaxy-a72-a725f-a726b-a52-a525f-a526b-noir-origine;22172;100.0;1.2
bouton-volume-samsung-galaxy-a72-a726b-blanc-origine;22171;100.0;1.2
bouton-volume-samsung-galaxy-a8-2018-a530f-noir-carbone;10998;100.0;2.78
bouton-volume-samsung-galaxy-a8-2018-a530f-or-topaze;10999;100.0;2.78
bouton-volume-samsung-galaxy-a8-2018-a530f-orchidee;11000;100.0;2.78
bouton-volume-samsung-galaxy-a9-2018-a920f-bleu;11892;100.0;2.4
bouton-volume-samsung-galaxy-a9-2018-a920f-noir;11890;100.0;2.4
bouton-volume-samsung-galaxy-a9-2018-a920f-rose;11891;100.0;2.4
bouton-volume-samsung-galaxy-note-3-n9005-argent;9815;100.0;3.0
bouton-volume-samsung-galaxy-s10-g973f-blanc-prisme;9295;100.0;1.7
bouton-volume-samsung-galaxy-s10-g973f-bleu-prisme;9306;100.0;3.67
bouton-volume-samsung-galaxy-s10-g973f-noir-prisme;9289;100.0;3.2
bouton-volume-samsung-galaxy-s10-g973f-vert-prisme;9315;100.0;3.67
bouton-volume-samsung-galaxy-s20-fe-g780f-g781b-vert;14274;100.0;4.8
bouton-volume-samsung-galaxy-s20-fe-4g-g780f-violet;15805;100.0;4.38
bouton-volume-samsung-galaxy-s20-fe-5g-g781b-orange;14844;100.0;4.38
bouton-volume-samsung-galaxy-s23-s911b-s23-s916b-gh98-47979a-noir-origine;18402;100.0;3.6
bouton-volume-samsung-galaxy-s23-s911b-s23-s916b-gh98-47979b-beige-origine;18400;100.0;3.6
bouton-volume-samsung-galaxy-s23-s911b-s23-s916b-gh98-47979c-vert-origine;18399;100.0;3.6
bouton-volume-samsung-galaxy-s23-s911b-s23-s916b-gh98-47979d-lavande-origine;18401;100.0;3.6
bouton-volume-samsung-galaxy-s4-i9505;6193;100.0;1.2
bouton-volume-samsung-galaxy-s4-i9505-black-edition;8025;100.0;1.2
boutons-power-volume-vibreur-apple-iphone-5s-blanc;1314;100.0;1.2
boutons-power-volume-vibreur-apple-iphone-5s-noir;1313;100.0;1.2
boutons-power-volume-vibreur-apple-iphone-5s-or;1309;100.0;1.2
bracelet-airtag-pour-enfant-en-nylon-tisse-arc-en-ciel;23173;100.0;6.0
bracelet-airtag-pour-enfant-en-nylon-tisse-bleu;23172;100.0;6.0
butee-stylet-samsung-galaxy-note-3-n9005-blanc;9863;100.0;3.0
butee-stylet-samsung-galaxy-note-3-n9005-noir;9862;100.0;1.2
cable-3-en-1-usb-c-1-2m-charge-rapide-72w-apple-watch-usb-c-2x-usams-sj785-noir;23135;100.0;12.0
cable-anetnne-samsung-galaxy-tab-s8-x806b-65-4-mm-gh39-02126a-vert-origine;18289;100.0;4.8
cable-antenne-court-samsung-galaxy-a5-a500fu-blanc;10911;100.0;2.4
cable-antenne-court-samsung-galaxy-a5-a500fu-vert;3366;100.0;2.4
cable-antenne-long-samsung-galaxy-a5-a500fu-bleu;5150;100.0;2.4
cable-antenne-huawei-ascend-mate-7-blanc;7436;100.0;6.0
cable-antenne-huawei-mate-9-mha-l09;10284;100.0;8.4
cable-antenne-huawei-p-smart-fig-lx1-noir;5101;100.0;4.8
cable-antenne-samsung-galaxy-a02s-a025g-13-8-cm-blanc-piec;21832;100.0;0.54
cable-antenne-samsung-galaxy-a03s-a037g-a02s-a025g-a14-4g-a145-130-mm-noir-origi;17729;100.0;2.4
cable-antenne-samsung-galaxy-a10-a105f-blanc;13770;100.0;3.6
cable-antenne-samsung-galaxy-a10-a105f-bleu;13771;100.0;1.8
cable-antenne-samsung-galaxy-a12-a125f-a21s-a217f-a31-a315f-117-mm-gh39-02043a-o;18745;100.0;3.6
cable-antenne-samsung-galaxy-a12-2020-a125f-blanc-piec;21676;100.0;1.32
cable-antenne-samsung-galaxy-a12-2020-a125f-bleu-piec;21675;100.0;0.96
cable-antenne-samsung-galaxy-a12s-a127f-bleu-piec;22111;100.0;1.68
cable-antenne-samsung-galaxy-a13-a135f-rouge-blanc-piec;22095;100.0;2.4
cable-antenne-samsung-galaxy-a13-a137f-a13-5g-a136b-123-5-mm-gh39-02093a-rouge-o;18758;100.0;2.4
cable-antenne-samsung-galaxy-a14-4g-a145r-noir-piec;21587;100.0;1.32
cable-antenne-samsung-galaxy-a14-5g-a146b-gh81-23281a-noir-origine;18691;100.0;3.6
cable-antenne-samsung-galaxy-a20e-a202f-95-mm-bleu-origine;17734;100.0;1.2
cable-antenne-samsung-galaxy-a20e-a202f-bleu-blanc-piec;22081;100.0;2.4
cable-antenne-samsung-galaxy-a20s-a207f-noir-piec;22108;100.0;1.68
cable-antenne-samsung-galaxy-a21s-2020-a217f-bleu;22077;100.0;1.68
cable-antenne-samsung-galaxy-a22-5g-a226b-noir-piec;13850;100.0;1.2
cable-antenne-samsung-galaxy-a23-5g-a236b-121-mm-gh39-02140a-bleu-origine;18290;100.0;3.6
cable-antenne-samsung-galaxy-a3-a300fu-rouge;6079;100.0;2.4
cable-antenne-samsung-galaxy-a30-a305f-noir-blanche-piec;22122;100.0;1.8
cable-antenne-samsung-galaxy-a32-a325f-bleu-piec;21542;100.0;1.32
cable-antenne-samsung-galaxy-a32-a326b-noir-blanche-piec;21564;100.0;2.4
cable-antenne-samsung-galaxy-a50-a505f-blanc;12079;100.0;0.8
cable-antenne-samsung-galaxy-a50-a505f-bleu;12118;100.0;1.26
cable-antenne-samsung-galaxy-a53-5g-a536b-noir-blanche-piec;21552;100.0;1.8
cable-antenne-samsung-galaxy-a7-2018-a750f-blanc;4857;100.0;1.2
cable-antenne-samsung-galaxy-a7-2018-a750f-bleu;4845;100.0;1.2
cable-antenne-samsung-galaxy-a70-a705f-blanc;8119;100.0;1.08
cable-antenne-samsung-galaxy-a71-a715f-blanc-piec;21685;100.0;0.96
cable-antenne-samsung-galaxy-core-i8260-blanc;4096;100.0;2.4
cable-antenne-samsung-galaxy-express-i8730-blanc;5512;100.0;1.2
cable-antenne-samsung-galaxy-m31-m315f-117-9-mm-gh39-01946a-blanc-origine;18244;100.0;3.6
cable-antenne-samsung-galaxy-nexus-i9250-noir;9564;100.0;2.4
cable-antenne-samsung-galaxy-note-10-lite-n770f-113mm;12248;100.0;1.06
cable-antenne-samsung-galaxy-note-10-lite-n770f-117-2mm;12247;100.0;1.06
cable-antenne-samsung-galaxy-note-2-n7100-n7105-blanc;1656;100.0;2.4
cable-antenne-samsung-galaxy-note-3-neo-n7505-blanc;9313;100.0;2.4
cable-antenne-samsung-galaxy-note-4-n910f-blanc;4676;100.0;2.4
cable-antenne-samsung-galaxy-note-4-n910f-bleu;4677;100.0;2.4
cable-antenne-samsung-galaxy-note-5-n920f-blanc;6502;100.0;2.4
cable-antenne-samsung-galaxy-note-5-n920f-bleu;6501;100.0;2.4
cable-antenne-samsung-galaxy-note-8-n950f-blanc;10643;100.0;7.2
cable-antenne-samsung-galaxy-note-8-n950f-bleu;10644;100.0;7.2
cable-antenne-samsung-galaxy-s-advance-i9070-noir;9264;100.0;1.2
cable-antenne-samsung-galaxy-s-scl-i9003-blanc;9240;100.0;2.4
cable-antenne-samsung-galaxy-s10-lite-g770f-108-5-mm-gh39-01947a-bleu-origine;18373;100.0;3.6
cable-antenne-samsung-galaxy-s10-lite-g770f-121-7-mm-gh39-01948a-rouge-origine;18374;100.0;3.6
cable-antenne-samsung-galaxy-s20-fe-4g-g780f-117-8mm-gh39-02045a-blanc-origine;18757;100.0;2.4
cable-antenne-samsung-galaxy-s20-fe-5g-g781b-11-5-cm-blanc-piec;21301;100.0;2.4
cable-antenne-samsung-galaxy-s20-fe-5g-g781b-12-cm-rouge-piec;21302;100.0;2.4
cable-antenne-samsung-galaxy-s20-fe-5g-g781b-9-5-cm-bleu-piec;21303;100.0;2.4
cable-antenne-samsung-galaxy-s4-i9505-blanc;10118;100.0;2.4
cable-antenne-samsung-galaxy-s4-i9505-noir;6192;100.0;2.4
cable-antenne-samsung-galaxy-s4-zoom-sm-c101-bleu;9353;100.0;2.4
cable-antenne-samsung-galaxy-s5-mini-g800f-rouge;6236;100.0;2.4
cable-antenne-samsung-galaxy-s5-mini-g800f-vert;6235;100.0;2.4
cable-antenne-samsung-galaxy-s6-g920f-blanc;12015;100.0;1.08
cable-antenne-samsung-galaxy-s6-g920f-bleu;3916;100.0;1.2
cable-antenne-samsung-galaxy-s6-g920f-rouge;3915;100.0;1.2
cable-antenne-samsung-galaxy-s6-edge-g925f-bleu;3929;100.0;2.72
cable-antenne-samsung-galaxy-s7-g930f-blanc;9982;100.0;0.6
cable-antenne-samsung-galaxy-s7-g930f-bleu-89mm;8270;100.0;0.84
cable-antenne-samsung-galaxy-s7-edge-g935f-bleu;9981;100.0;0.6
cable-antenne-samsung-galaxy-s8-g950f-blanc;11509;100.0;1.2
cable-antenne-samsung-galaxy-s8-g950f-bleu;11510;100.0;1.2
cable-antenne-samsung-galaxy-s8-g955f-bleu;11601;100.0;1.08
cable-antenne-samsung-galaxy-tab-active4-pro-lte-t636b-60-5-mm-gh39-02141a-gris-;18292;100.0;3.6
cable-antenne-samsung-galaxy-tab-active4-pro-lte-t636b-51-8-mm-gh39-01866a-rouge;18291;100.0;3.6
cable-antenne-samsung-galaxy-tab-s2-9-7-t819-5-cm-bleu;19346;100.0;2.4
cable-antenne-samsung-galaxy-tab-s2-9-7-t819-5-cm-bleu-ciel;19347;100.0;2.4
cable-antenne-samsung-galaxy-tab-s3-9-7-t820-t825-33-mm-gh39-01914a-noir-origine;18421;100.0;3.6
cable-antenne-samsung-galaxy-tab-s3-9-7-lte-t825-33-5-mm-gh39-01919a-rouge-origi;18231;100.0;2.4
cable-antenne-samsung-galaxy-tab-s4-t835-87-5-mm-gh39-01851a-bleu-origine;18423;100.0;3.0
cable-antenne-samsung-galaxy-tab-s4-10-5-t830-t835-coaxial-39-33-mm-gh39-01966a-;18349;100.0;3.6
cable-antenne-samsung-galaxy-tab-s4-10-5-t830-t835-97-5mm-gh39-01967a-rouge-orig;18284;100.0;2.4
cable-antenne-samsung-galaxy-tab-s5e-t725-267-0-mm-gh39-02017a-rouge-origine;18325;100.0;2.4
cable-antenne-samsung-galaxy-tab-s5e-t725-gh39-01896a-rouge-origine;18331;100.0;2.4
cable-antenne-samsung-galaxy-tab-s6-t860-t865-68-5-mm-gh39-01931a-bleu-origine;18680;100.0;3.12
cable-antenne-samsung-galaxy-tab-s6-t860-t865-99-8-mm-gh39-01938a-blanc-origine;18679;100.0;3.0
cable-antenne-samsung-galaxy-tab-s7-t870b-t875-tab-s8-x700n-x706b-158-mm-gh39-02;18669;100.0;3.36
cable-antenne-samsung-galaxy-tab-s7-t870b-t875-283-5mm-gh39-01918a-bleu-origine;18666;100.0;3.0
cable-antenne-samsung-galaxy-tab-s7-t870b-t875-97-mm-gh39-01924a-rouge-origine;18668;100.0;3.24
cable-antenne-samsung-galaxy-tab-s7-t875-tab-s7-fe-5g-t736b-92-5-mm-gh39-01923a-;18667;100.0;3.12
cable-antenne-samsung-galaxy-tab-s7-t976b-84-mm-gh39-02081a-jaune-origine;18461;100.0;4.8
cable-antenne-samsung-galaxy-xcover-6-pro-g736b-106-mm-gh39-02139a-rouge-origine;18308;100.0;3.6
cable-antenne-samsung-galaxy-xcover-7-g556b-s7-edge-g935f-blanc-97mm;8274;100.0;0.6
cable-antenne-samsung-galaxy-xcover-pro-g715f-gh39-02059a-bleu-origine;18408;100.0;3.6
cable-antenne-samsung-galaxy-z-fold4-5g-f936b-tab-s7-fe-5g-t736b-36-7-mm-gh39-01;18451;100.0;3.6
cable-antenne-wi-fi-samsung-galaxy-a30s-a307f-rouge;12337;100.0;1.96
cable-antenne-wi-fi-samsung-s4-i9505-s4-advance-i9506-s4-active-i9295-bleu;1888;100.0;2.4
cable-antenne-wifi-samsung-galaxy-a51-a515f-blanc-piec;14698;100.0;1.44
cable-apple-lightning-usb-2m-md819zm-blanc-origine;6178;100.0;18.0
cable-apple-lightning-usb-type-c-mk0x2zm-a-1m-blanc-origine;11929;100.0;12.0
cable-apple-lightning-usb-c-2m-blanc-mkq42zm-a;13708;100.0;18.0
cable-apple-lightning-vers-usb-1m-a1480-18w-2a-muqw3zm-a-blanc-origine;20494;100.0;24.0
cable-apple-lightning-vers-usb-1m-md818zm-a-blanc-origine;933;100.0;8.4
cable-apple-pour-iphone-vers-usb-1m-mxly2zm-a-blanc-origine;23244;100.0;14.4
cable-apple-tisse-usb-c-vers-usb-c-1m-60w-mqkj3zm-a-a2795-blanc-origine;23009;100.0;11.4
cable-apple-tisse-usb-c-vers-usb-c-1m-60w-mqkj3zm-a-blanc-origine;16672;100.0;19.8
cable-apple-tisse-usb-c-vers-usb-c-1m-60w-mw493zm-a-blanc-origine;18864;100.0;20.4
cable-apple-tisse-usb-c-vers-usb-c-2m-240w-mu2g3zm-a-blanc-origine;16843;100.0;26.4
cable-apple-tisse-usb-c-vers-usb-c-2m-240w-myqt3zm-a-blanc-origine;18863;100.0;34.99
cable-apple-type-c-type-c-1m-ipad-muf72zm-a-blanc-origine;14673;100.0;15.6
cable-apple-usb-c-usb-c-mll82zm-a-2m-blanc-origine;4771;100.0;14.4
cable-apple-usb-c-vers-lightning-1m-muq93zm-a-blanc-origine;18902;100.0;22.8
cable-apple-usb-c-vers-lightning-2-m-mqgh2zm-a-blanc-origine;15553;100.0;24.0
cable-apple-usb-c-vers-usb-c-2m-mll82zm-a-blanc-origine;16137;100.0;18.0
cable-avec-motif-usb-type-c-vers-pour-iphone-30w-2m-usams-us-sj697-ky-series-bla;19381;100.0;7.2
cable-avec-motif-usb-type-c-vers-pour-iphone-30w-2m-usams-us-sj697-ky-series-noi;20368;100.0;2.44
cable-avec-motif-usb-type-c-vers-usb-type-c-60w-2m-usams-us-sj696-ky-series-noir;20369;100.0;2.06
cable-avec-motif-usb-vers-pour-iphone-2-4a-1m-usams-us-sj689-ky-series-noir;19452;100.0;6.0
cable-avec-motif-usb-vers-usb-c-3a-1m-usams-us-sj688-ky-series-blanc;19379;100.0;7.2
cable-avec-motif-usb-vers-usb-c-3a-1m-usams-us-sj688-ky-series-noir;19378;100.0;4.8
cable-de-charge-asus-tf600;8868;100.0;9.0
cable-de-charge-et-de-transfert-de-donnees-6-en-1-1-2m-usams-sj737;21330;100.0;5.4
cable-huawei-usb-c-ap71-hl1289-1m-blanc;13024;100.0;7.2
cable-jack-jack-accordeon-usams-sj256-noir-1-2m;15312;100.0;1.8
cable-jack-jack-accordeon-usams-sj256-rouge-1-2m;15313;100.0;1.8
cable-lightning-usb-usb-c-blanc-1m;9065;100.0;18.0
cable-lightning-mfi-muvit-life-rose-2m;20578;100.0;6.0
cable-oppo-usb-c-vers-usb-c-1m-dl149-blanc-origine;17997;100.0;15.0
cable-samsung-1-5m-usb-usb-c-gp-tou021rfcww-blanc-origine;16403;100.0;6.0
cable-samsung-ep-dg977bwe-usb-c-usb-c-1m-origine;4962;100.0;6.0
cable-samsung-galaxy-1-50m-usb-usb-c-gp-tou021rfabw-noir-origine;16371;100.0;4.8
cable-samsung-galaxy-1-80m-usb-c-usb-c-gp-tou021rfcbw-noir-origine;16369;100.0;5.4
cable-samsung-galaxy-1-80m-usb-c-usb-c-ep-dw767jwe-blanc-origine;16370;100.0;5.4
cable-samsung-galaxy-usb-type-c-vers-usb-type-c-1-8m-100w-5a-ep-dx510jwegeu-blan;21977;100.0;13.2
cable-samsung-galaxy-usb-type-c-vers-usb-type-c-1m-100w-5a-ep-dn975bbegww-noir-o;21976;100.0;13.2
cable-samsung-galaxy-usb-a-vers-usb-c-1-5-m-ep-dg930ibegww-noir-origine;18789;100.0;8.4
cable-samsung-galaxy-usb-a-vers-usb-c-80-cm-gh39-01999a-ep-dr140awe-blanc-origin;22963;100.0;3.6
cable-samsung-galaxy-usb-c-vers-usb-c-1m-25w-3a-ep-da705bbegww-noir-origine;20151;100.0;9.6
cable-samsung-galaxy-usb-c-vers-usb-c-1m-25w-3a-ep-da705bwegww-blanc-origine;20150;100.0;9.6
cable-samsung-micro-usb-1-50-m-blanc-ecb-du4ewe-origine;8426;100.0;10.8
cable-samsung-usb-micro-usb-ecb-du4abe-1m-origine;6771;100.0;6.0
cable-samsung-usb-micro-usb-ecb-du4awe-1m-origine;6770;100.0;6.0
cable-samsung-usb-usb-c-ep-dw700cbe-noir-origine-fast-charge-1-5m;10426;100.0;8.4
cable-samsung-usb-usb-c-1-5m-blanc-origine-fast-charge-ep-dw700cwe;10427;100.0;7.2
cable-samsung-usb-c-usb-c-ep-dg977bbe-1m-noir;12952;100.0;6.0
cable-silicone-jack-jack-yp10-2-aux-usams-or-1-m;9976;100.0;2.4
cable-tresse-3-en-1-pour-iphone-micro-usb-type-c-u5-1-5m-usams-us-sj219-noir;16404;100.0;5.02
cable-tresse-3-en-1-affichage-numerique-transparant-micro-usb-type-c-pour-iphone;16179;100.0;20.74
cable-tresse-4-en-1-pour-iphone-micro-usb-type-c-x2-15w-1-2m-usams-sj739-3a-noir;19156;100.0;4.2
cable-tresse-4-en-1-pour-iphone-x2-micro-usb-type-c-10w-1-2m-usams-sj317-u26;15500;100.0;6.22
cable-tresse-6-en-1-pour-iphone-x2-usb-a-x1-micro-usb-x1-type-c-x2-60w-2m-usams-;19382;100.0;12.36
cable-tresse-usb-type-c-usb-type-c-100w-pd-2m-usams-sj525-noir;14915;100.0;12.0
cable-tresse-usb-type-c-vers-pour-iphone-30w-pd-charge-rapide-2m-usams-us-sj665-;16997;100.0;4.2
cable-tresse-usb-type-c-vers-usb-type-c-100w-charge-rapide-1-2-m-avec-led-usams-;18582;100.0;6.54
cable-tresse-usb-type-c-vers-usb-type-c-100w-pd-1-2m-charge-rapide-avec-led-usam;20397;100.0;4.56
cable-tresse-usb-type-c-vers-usb-type-c-240w-pd-1-2m-avec-led-usams-sj751-gris-g;20376;100.0;4.22
cable-tresse-usb-type-c-vers-usb-type-c-240w-pd-480-mbps-charge-rapide-avec-affi;21839;100.0;8.4
cable-tresse-usb-c-vers-usb-c-240w-1-2m-avec-led-usams-sj775-orange;21957;100.0;6.0
cable-usb-pour-iphone-5-a-14-pro-max-charge-rapide-12w-2-4a-usams-sj762-u90-1m-b;23133;100.0;3.6
cable-usb-type-c-vers-usb-type-c-60w-pd-charge-rapide-1m-usams-sj711-yd-series-b;19384;100.0;7.2
cable-usb-type-c-vers-usb-type-c-60w-pd-charge-rapide-1m-usams-sj711-yd-series-n;19383;100.0;7.2
cable-usb-type-c-vers-usb-type-c-google-pixel-blanc-origine;22983;100.0;10.8
cable-usb-vers-lightning-pour-iphone-2-4a-1m-usams-us-sj689-ky-series-blanc;21328;100.0;2.4
cable-usb-vers-lightning-pour-iphone-2-4a-1m-usams-us-sj689-ky-series-bleu;21326;100.0;2.4
cable-usb-vers-usb-type-c-2a-charge-rapide-1m-usams-u68-us-sj501bleu;20408;100.0;1.76
cable-usb-vers-usb-type-c-3a-18w-charge-rapide-1m-usams-sj708-yd-series-blanc;20375;100.0;1.87
cable-usb-vers-usb-type-c-3a-18w-charge-rapide-1m-usams-sj708-yd-series-noir;21327;100.0;0.97
cable-usb-vers-usb-c-27-cm-noir;22595;100.0;3.6
cable-usb-vers-usb-c-18w-1m-charge-rapide-3a-usams-sj761-u90-blanc;23132;100.0;3.6
cable-usb-c-tresse-renforce-mosidun-d7-noir;14266;100.0;7.2
cable-usb-c-vers-lightning-2-m-a2441-mw2r3zm-a-blanc-origine;19082;100.0;39.0
cable-usb-c-vers-pour-iphone-30w-3a-pd-charge-rapide-1m-silicone-usams-sj788-u98;23114;100.0;3.6
cable-usb-c-vers-usb-c-60w-1m-charge-rapide-power-delivery-usams-sj763-u90-blanc;23131;100.0;3.6
cable-usb-c-vers-usb-c-60w-3a-pd-charge-rapide-1m-silicone-usams-sj787-u98-orang;23113;100.0;3.6
cable-xiaomi-usb-a-vers-usb-c-1m-3a-blanc-origine;18767;100.0;7.2
cable-xiaomi-usb-c-1m-blanc-origine;14313;100.0;8.4
cache-bas-huawei-nexus-6p-argent;8846;100.0;15.6
cache-bas-huawei-nexus-6p-blanc;8845;100.0;10.8
cache-bas-huawei-nexus-6p-noir;8844;100.0;15.6
cache-haut-antenne-samsung-galaxy-s7-g930f;11802;100.0;1.08
cache-haut-antenne-samsung-galaxy-s7-edge-g935f-piec;22150;100.0;1.08
cache-haut-parleur-nfc-samsung-galaxy-a3-2017-a320f-piec;22132;100.0;2.4
cache-haut-parleur-nfc-samsung-galaxy-a5-2017-a520f-piec;22128;100.0;2.4
cache-haut-parleur-nfc-samsung-galaxy-a51-5g-a516b-piec;22206;100.0;8.4
cache-haut-parleur-nfc-samsung-galaxy-a8-2018-a530f-piec;22130;100.0;2.4
cache-nappe-micro-samsung-galaxy-z-flip6-5g-f741b-z-flip7-fe-5g-f761b-piec;22730;100.0;10.62
cache-nappe-micro-samsung-galaxy-z-fold6-5g-f956b-piec;22725;100.0;6.86
cache-antenne-du-bas-samsung-galaxy-a12-a127f-piec;22109;100.0;1.21
cache-antenne-du-bas-samsung-galaxy-a12-2020-a125f-piec;21674;100.0;0.96
cache-antenne-du-bas-samsung-galaxy-a13-a137f-piec;21635;100.0;0.72
cache-antenne-du-bas-samsung-galaxy-a20e-a202f-piec;22082;100.0;2.16
cache-antenne-du-haut-samsung-galaxy-a20e-a202f-piec;22088;100.0;2.16
cache-antenne-superieur-samsung-galaxy-a12-a125f-origine;17733;100.0;4.44
cache-arriere-noir-samsung-galaxy-s5-mini-g800f-gh98-31984a-origine;18379;100.0;7.2
cache-batterie-samsung-galaxy-ace-s5830-blanc;4040;100.0;1.2
cache-batterie-samsung-galaxy-ace-s5830-noir;4039;100.0;1.2
cache-batterie-samsung-galaxy-s4-i9505-noir;4043;100.0;3.6
cache-carte-mere-bas-iphone-6;6688;100.0;1.2
cache-carte-mere-bas-iphone-6-plus;6689;100.0;2.4
cache-carte-mere-bas-iphone-6s;7617;100.0;2.4
cache-carte-mere-haut-iphone-6;6851;100.0;2.4
cache-carte-mere-haut-iphone-6-plus;6852;100.0;2.4
cache-carte-mere-haut-iphone-6s;7756;100.0;0.36
cache-carte-mere-samsung-galaxy-a02s-a025g-piec;21833;100.0;1.62
cache-carte-mere-samsung-galaxy-a03-a035g-piec;22074;100.0;1.62
cache-carte-mere-samsung-galaxy-s8-g950f-piec;22146;100.0;1.2
cache-carte-mere-samsung-galaxy-s9-g960f-piec;22144;100.0;1.8
cache-connecteur-ecran-samsung-galaxy-z-fold6-5g-f956b-piec;22728;100.0;0.61
cache-connecteur-usb-samsung-galaxy-tab-active-pro-10-1-t540-t545-gh98-44861a-or;18280;100.0;3.6
cache-du-bas-samsung-galaxy-a34-5g-a346b-piec;22024;100.0;1.08
cache-du-bas-samsung-galaxy-a5-2017-a520f-piec;22129;100.0;0.72
cache-du-bas-samsung-galaxy-a7-2018-a750f-piec;22127;100.0;1.08
cache-ecouteur-interne-samsung-galaxy-z-flip4-5g-f721b;16872;100.0;2.16
cache-haut-parleur-du-bas-samsung-galaxy-a35-5g-a356b-piec;22071;100.0;1.2
cache-metalique-connecteur-nappe-afficheur-samsung-galaxy-tab-s5e-t725-gh63-1703;18326;100.0;3.6
cache-port-charge-samsung-galaxy-s5-g900f-argent;4527;100.0;1.2
cache-support-antenne-wi-fi-iphone-6s-plus;10398;100.0;1.2
cache-webcam-ordinateur-portable-3m;13015;100.0;1.2
cadenas-magnetique-avec-fermoir-x8;9752;100.0;15.83
camera-arriere-12mp-samsung-galaxy-s20-g980f-g981b-origine;14759;100.0;5.84
camera-arriere-12mp-64mp-samsung-galaxy-s20-g980f-5g-g981b-origine;14758;100.0;70.8
camera-arriere-2-mp-samsung-galaxy-a03s-a037f;15341;100.0;7.1
camera-arriere-isight-ipad-mini-1-2-3-air-2017-9-7-2018-9-7-6e-gen;2111;100.0;2.4
camera-arriere-macro-samsung-galaxy-a71-a715f-piec;12340;100.0;3.6
camera-arriere-10-mp-samsung-galaxy-s23-s911b-s23-s916b-s24-s921b-s24-s926b-s25-;18458;100.0;27.6
camera-arriere-108-mp-samsung-galaxy-note-20-ultra-5g-n986b;14217;100.0;20.46
camera-arriere-11mp-samsung-galaxy-s22-s901b-s22-s906b-gh96-14766a-origine;18519;100.0;27.6
camera-arriere-12-mp-samsung-galaxy-note-20-ultra-n985f-n986f-gh96-13571a-origin;18518;100.0;50.4
camera-arriere-12-mp-zoomx10-samsung-galaxy-s22-ultra-s908b-gh96-14806a-origine;18517;100.0;66.0
camera-arriere-12-12mp-w-t-samsung-galaxy-z-fold2-5g-f916b;13031;100.0;33.26
camera-arriere-12mp-samsung-galaxy-a52-4g-a525f-a52-5g-a526b-a52s-5g-a528b-a72-a;14013;100.0;4.52
camera-arriere-12mp-samsung-galaxy-s21-g991b-s21-g996b-gh96-13963a-origine;18738;100.0;25.2
camera-arriere-12mp-samsung-galaxy-z-flip3-f711b-gh96-14429a-origine;18479;100.0;42.0
camera-arriere-13mp-samsung-galaxy-a11-a115f;14068;100.0;7.81
camera-arriere-13mp-samsung-galaxy-a20s-a207f;13727;100.0;3.6
camera-arriere-13mp-samsung-galaxy-tab-active-4-pro-t630-t636-gh96-15517a-origin;18464;100.0;18.0
camera-arriere-13mp-samsung-galaxy-tab-s7-t976b-gh96-13659a-origine;18673;100.0;31.2
camera-arriere-2-mp-samsung-galaxy-a03-a035g-a035f-piec;16195;100.0;3.6
camera-arriere-2-mp-samsung-galaxy-a12-2020-a125f-a32-5g-a326b-m12-m127f-a13-a13;17341;100.0;7.2
camera-arriere-2mp-profondeur-samsung-galaxy-a04s-4g-a047f-a14-5g-a146b-piec;21828;100.0;2.26
camera-arriere-2mp-samsung-galaxy-a11-2020-a115f-m11-2020-m115f;14070;100.0;6.47
camera-arriere-2mp-samsung-galaxy-a12-2020-a125f-a22-4g-a225f-a25-5g-a256b-piec;13572;100.0;2.76
camera-arriere-307k-samsung-galaxy-s20-ultra-g988f-gh96-13305a-origine;18485;100.0;26.4
camera-arriere-48-mp-samsung-galaxy-a03-a035g-a035f-piec;16194;100.0;6.0
camera-arriere-48-mp-samsung-galaxy-a33-5g-a336b-a22-4g-a34-piec;15005;100.0;6.3
camera-arriere-48-12-5mp-samsung-galaxy-a51-5g-a516b-piec;22203;100.0;9.6
camera-arriere-48mp-samsung-galaxy-a12-2020-a125f;13254;100.0;6.0
camera-arriere-48mp-samsung-galaxy-a42-5g-a426b-piec;13683;100.0;7.2
camera-arriere-5mp-2-samsung-galaxy-a42-5g-a426b-piec;13685;100.0;2.4
camera-arriere-5mp-samsung-galaxy-a11-2020-a115f-m11-2020-m115f;14069;100.0;5.15
camera-arriere-5mp-samsung-galaxy-a20s-a207f;13725;100.0;3.6
camera-arriere-5mp-samsung-galaxy-a42-5g-a426b;13684;100.0;1.8
camera-arriere-64mp-samsung-galaxy-a52-4g-a525f-a52-5g-a526b-a52s-5g-a528b-a72-a;13984;100.0;6.54
camera-arriere-64mp-samsung-galaxy-a53-5g-a536b-gh96-15001a-origine;18495;100.0;36.0
camera-arriere-8mp-samsung-galaxy-a20s-a207f;13726;100.0;3.6
camera-arriere-8mp-samsung-galaxy-a34-a346b-a25-5g-a256b-gh96-15772a-origine;18520;100.0;12.0
camera-arriere-8mp-samsung-galaxy-s20-fe-g781b-s21-fe-5g-g990b-piec;14629;100.0;3.6
camera-arriere-assemblee-samsung-galaxy-a5-a500fu-blanc;3888;100.0;2.4
camera-arriere-assemblee-samsung-galaxy-a5-a500fu-noir;10910;100.0;2.4
camera-arriere-bokeh-samsung-galaxy-a33-5g-a336b-2mp-piec;21624;100.0;2.16
camera-arriere-capteur-principal-48-mp-samsung-galaxy-a32-5g-a326b-piec;14188;100.0;6.0
camera-arriere-complete-12-mp-12-mp-64-mp-samsung-galaxy-note-20-n980f-5g-n981b;19487;100.0;60.0
camera-arriere-complete-iphone-16-pro-max-origine-demonter-piec;20283;100.0;66.0
camera-arriere-complete-samsung-galaxy-note-10-lite-n770f-origine;16867;100.0;48.0
camera-arriere-complete-samsung-galaxy-note-20-ultra-n985f-n986f-piec;21982;100.0;34.8
camera-arriere-complete-samsung-galaxy-s10-5g-g977b;16155;100.0;5.99
camera-arriere-complete-samsung-galaxy-s20-g985f;13276;100.0;61.22
camera-arriere-complete-samsung-galaxy-s21-g991b-s21-g996b-piec;15097;100.0;36.0
camera-arriere-complete-samsung-galaxy-s21-ultra-g998b-piec;14895;100.0;30.0
camera-arriere-complete-samsung-galaxy-s22-ultra-s908b-piec;15100;100.0;30.0
camera-arriere-complete-samsung-galaxy-s23-5g-s911b;18435;100.0;28.92
camera-arriere-complete-samsung-galaxy-s23-ultra-s918b-piec;16378;100.0;51.6
camera-arriere-complete-samsung-galaxy-s24-ultra-s928b-piec;18067;100.0;74.52
camera-arriere-complete-samsung-galaxy-s25-5g-s936b-piec;23115;100.0;54.0
camera-arriere-depth-samsung-galaxy-a13-a137f-2mp-piec;21632;100.0;1.92
camera-arriere-depth-samsung-galaxy-a23-5g-a236b-2mp-piec;21579;100.0;2.4
camera-arriere-grand-angle-12-mp-samsung-galaxy-s20-fe-4g-g780f-piec;21383;100.0;7.2
camera-arriere-grand-angle-12-mp-samsung-galaxy-s21-fe-5g-g990b;15576;100.0;9.25
camera-arriere-grand-angle-12-mp-samsung-galaxy-z-flip4-5g-f721b;16876;100.0;15.6
camera-arriere-grand-angle-12mp-samsung-galaxy-note-20-ultra-n985f-n986f-gh96-13;18505;100.0;30.0
camera-arriere-grand-angle-12mp-samsung-galaxy-s20-fe-5g-g781b-gh96-13892a-origi;18483;100.0;15.6
camera-arriere-grand-angle-12mp-samsung-galaxy-s21-g991b-s21-g996b;15099;100.0;4.8
camera-arriere-grand-angle-12mp-samsung-galaxy-s22-ultra-s908b-gh96-14769a-origi;18492;100.0;28.8
camera-arriere-grand-angle-12mp-samsung-galaxy-s23-s911b-s23-s916b-gh96-15556a-o;18513;100.0;25.2
camera-arriere-grand-angle-12mp-samsung-galaxy-z-flip3-f711b-gh96-14432a-origine;18496;100.0;21.6
camera-arriere-grand-angle-12mp-samsung-galaxy-z-flip4-f721b-gh96-15321a-origine;18453;100.0;50.4
camera-arriere-grand-angle-12mp-samsung-galaxy-z-fold3-f926b-gh96-14430a-origine;18500;100.0;26.4
camera-arriere-grand-angle-12mp-samsung-galaxy-z-fold4-f936b-gh96-15300a-origine;18489;100.0;18.0
camera-arriere-grand-angle-200-mp-samsung-galaxy-z-fold7-5g-f966b-piec;23374;100.0;18.36
camera-arriere-grand-angle-50-mp-samsung-galaxy-z-flip7-fe-5g-f761b-z-flip6-5g-f;23368;100.0;12.84
camera-arriere-grand-angle-50-mp-samsung-galaxy-z-fold4-f936b-gh96-15297a-origin;18484;100.0;70.8
camera-arriere-grand-angle-8mp-samsung-galaxy-a25-5g-a256b-a34-5g-a346b-piec;21654;100.0;2.52
camera-arriere-grand-angle-8mp-samsung-galaxy-a35-5g-a356b-piec;22064;100.0;4.8
camera-arriere-grand-angle-samsung-galaxy-a13-4g-a135f-a137f-5mp-piec;21631;100.0;2.88
camera-arriere-grand-angle-samsung-galaxy-a54-5g-a546b-50mp-piec;21596;100.0;15.36
camera-arriere-grand-angle-samsung-galaxy-z-flip6-5g-f741b-50-mp-piec;22732;100.0;15.48
camera-arriere-grand-angle-200-mp-samsung-galaxy-s23-ultra-s918b;16312;100.0;48.0
camera-arriere-huawei-ascend-g525;7156;100.0;25.0
camera-arriere-huawei-ascend-y300;7183;100.0;1.2
camera-arriere-huawei-ascend-y330;5418;100.0;12.0
camera-arriere-huawei-ascend-y530;7168;100.0;1.2
camera-arriere-huawei-ascend-mate-7;7435;100.0;25.0
camera-arriere-huawei-ascend-p7-p7-l10;9779;100.0;25.0
camera-arriere-huawei-mate-10-lite-p20-lite;7873;100.0;4.13
camera-arriere-huawei-mate-8;9626;100.0;1.2
camera-arriere-huawei-mate-9-mha-l09;10278;100.0;24.0
camera-arriere-huawei-p-smart-fig-lx1-honor-9-lite-lld-l31;11119;100.0;6.05
camera-arriere-huawei-p10-vtr-l09;7867;100.0;8.4
camera-arriere-huawei-p20;11469;100.0;26.4
camera-arriere-huawei-p8-gra-l09;6936;100.0;3.6
camera-arriere-huawei-p9-eva-l09-p9-plus-vie-al10-honor-8-frd-l09;8567;100.0;7.2
camera-arriere-huawei-p9-lite-vns-l31;8831;100.0;24.0
camera-arriere-ipad-air-2-pro-12-9;5943;100.0;9.6
camera-arriere-ipad-mini-6-2021;19077;100.0;17.22
camera-arriere-ipad-pro-12-9-2eme-gen;11661;100.0;32.4
camera-arriere-iphone-11-piec;4147;100.0;10.08
camera-arriere-iphone-11-pro-11-pro-max;4101;100.0;27.6
camera-arriere-iphone-11-pro-11-pro-max-2;4101;100.0;27.6
camera-arriere-iphone-12-pro;13170;100.0;65.52
camera-arriere-iphone-12-pro-max;13162;100.0;55.44
camera-arriere-iphone-13-pro-13-pro-max;14415;100.0;64.8
camera-arriere-iphone-13-pro-13-pro-max-2;14415;100.0;64.8
camera-arriere-iphone-14-plus;16680;100.0;39.72
camera-arriere-iphone-14-pro;16625;100.0;55.44
camera-arriere-iphone-14-pro-max;16645;100.0;45.36
camera-arriere-iphone-15-plus;17888;92.1;28.56
camera-arriere-iphone-15-plus-piec;17888;100.0;28.56
camera-arriere-iphone-15-pro-max;17920;100.0;54.36
camera-arriere-iphone-15-pro-origine-demonter-piec;17906;100.0;42.0
camera-arriere-iphone-16-plus-piec;20555;100.0;58.8
camera-arriere-iphone-16-pro-origine-demonter-piec;19447;100.0;52.08
camera-arriere-iphone-16e-origine-piec;20291;100.0;96.0
camera-arriere-iphone-17-piec;21420;100.0;59.88
camera-arriere-iphone-17-pro-piec;21429;100.0;72.0
camera-arriere-iphone-17-pro-max-piec;21441;100.0;54.0
camera-arriere-iphone-3gs;447;100.0;1.2
camera-arriere-iphone-4;413;100.0;2.4
camera-arriere-iphone-4s;507;100.0;2.4
camera-arriere-iphone-5s;3233;100.0;2.4
camera-arriere-iphone-6-plus;4605;100.0;9.6
camera-arriere-iphone-6s-plus;6786;100.0;28.68
camera-arriere-iphone-7-plus-reconditionne-piec;7742;100.0;5.88
camera-arriere-iphone-8-plus-reconditionne-piec;10946;100.0;9.6
camera-arriere-iphone-se-2020-se-2022;12181;100.0;1.8
camera-arriere-iphone-xs-xs-max;11698;100.0;16.8
camera-arriere-macro-2mp-samsung-galaxy-a21s-2020-a217f-piec;22076;100.0;2.52
camera-arriere-macro-2mp-samsung-galaxy-a52-4g-a525f-a52-5g-a526b-a72-a725f-a52s;13981;100.0;5.24
camera-arriere-macro-5mp-samsung-galaxy-a31-a315f;12899;100.0;3.82
camera-arriere-macro-5mp-samsung-galaxy-a35-a55-5g-a356b-a556b-piec;22065;100.0;5.04
camera-arriere-macro-5mp-samsung-galaxy-a51-5g-a516b-piec;22204;100.0;2.4
camera-arriere-macro-samsung-galaxy-a14-4g-a145r-2mp-piec;21582;100.0;2.04
camera-arriere-macro-samsung-galaxy-a23-5g-a236b-2mp-piec;21578;100.0;2.52
camera-arriere-macro-samsung-galaxy-a34-5g-a54-5g-a336b-a546b-5mp-piec;21597;100.0;8.16
camera-arriere-principale-13-mp-2-mp-samsung-galaxy-a03s-a037f;15339;100.0;18.0
camera-arriere-principale-200-mp-samsung-galaxy-s25-ultra-5g-s938b-piec;22948;100.0;48.0
camera-arriere-principale-50-mp-samsung-galaxy-s25-5g-s936b-piec;22943;100.0;16.8
camera-arriere-principale-50mp-samsung-galaxy-a35-5g-a356b-piec;22063;100.0;8.76
camera-arriere-principale-64mp-12mp-samsung-galaxy-s21-g991b-s21-g996b;16004;100.0;30.0
camera-arriere-principale-samsung-galaxy-a14-4g-a145r-50mp-piec;21584;100.0;6.36
camera-arriere-principale-samsung-galaxy-a22-a226b-48mp-piec;21571;100.0;3.6
camera-arriere-principale-samsung-galaxy-a52-a525f-a526b-piec;21650;100.0;5.76
camera-arriere-principale-samsung-galaxy-a57-5g-a576b-50mp-piec;22888;100.0;13.2
camera-arriere-principale-samsung-galaxy-s26-5g-s942b-piec;22895;100.0;21.6
camera-arriere-principale-samsung-galaxy-s26-5g-s947b-piec;22896;100.0;21.6
camera-arriere-principale-samsung-galaxy-z-fold6-5g-f956b-50mp-piec;22718;100.0;45.24
camera-arriere-profondeur-5m-samsung-galaxy-a52-4g-a525f-a52-5g-a526b-a72-a725f-;14917;100.0;2.4
camera-arriere-profondeur-samsung-galaxy-a22-a226b-2mp-piec;21572;100.0;2.04
camera-arriere-profondeur-samsung-galaxy-a32-4g-a42-5g-a52s-5g-a52-4g-5g-2mp-pie;21540;100.0;1.68
camera-arriere-samsung-50mp-galaxy-a25-5g-a256b-origine;21123;100.0;24.0
camera-arriere-samsung-ace-3-s7275r;9177;100.0;2.4
camera-arriere-samsung-galaxy-10-mp-s22-5g-s901b-s22-5g-s906b-teleobjectif;21292;100.0;7.2
camera-arriere-samsung-galaxy-10-mp-s23-5g-s911b-s23-5g-s916b-s24-5g-s921b-s24-5;21278;100.0;12.0
camera-arriere-samsung-galaxy-12-mp-s20-fe-5g-g781b-piec;21297;100.0;7.2
camera-arriere-samsung-galaxy-12-mp-s22-5g-s901b-s22-5g-s906b-ultra-grand-angle-;21281;100.0;12.0
camera-arriere-samsung-galaxy-12-mp-s23-5g-s911b-s23-5g-s916b-s24-5g-s921b-s24-5;21277;100.0;6.0
camera-arriere-samsung-galaxy-12-mp-s23-fe-5g-s711b-ultra-grand-angle-piec;21287;100.0;4.44
camera-arriere-samsung-galaxy-50-mp-s22-5g-s901b-s22-5g-s906b-principale-piec;21291;100.0;16.8
camera-arriere-samsung-galaxy-50-mp-s23-5g-s911b-s23-5g-s916b-s24-5g-s921b-piec;21276;100.0;10.92
camera-arriere-samsung-galaxy-8-mp-s23-fe-5g-s711b-teleobjectif-piec;21288;100.0;18.0
camera-arriere-samsung-galaxy-a01-2020-a015f;13491;100.0;7.18
camera-arriere-samsung-galaxy-a02s-a025f-a025g;13849;100.0;6.92
camera-arriere-samsung-galaxy-a02s-a025g-13-mp-profondeur-piec;21834;100.0;2.34
camera-arriere-samsung-galaxy-a02s-a025g-objectif-macro-2mp-piec;21835;100.0;2.52
camera-arriere-samsung-galaxy-a04s-a047f-gh96-15467a-origine;18301;100.0;19.2
camera-arriere-samsung-galaxy-a04s-4g-a047f-2mp-macro-piec;21827;100.0;3.6
camera-arriere-samsung-galaxy-a04s-4g-a047f-50mp-piec;21825;100.0;5.22
camera-arriere-samsung-galaxy-a05-a055f;19786;100.0;7.54
camera-arriere-samsung-galaxy-a05s-a057g;19657;100.0;7.12
camera-arriere-samsung-galaxy-a06-a065f;19795;100.0;7.99
camera-arriere-samsung-galaxy-a07-4g-a075f-piec;22834;100.0;8.4
camera-arriere-samsung-galaxy-a10-a105f;4906;100.0;3.92
camera-arriere-samsung-galaxy-a12-a125f-a127f-a32-a326b-a13-a136b-2mp-piec;21563;100.0;1.8
camera-arriere-samsung-galaxy-a12-2020-a125f-a127f-5mp-piec;21672;100.0;2.04
camera-arriere-samsung-galaxy-a13-4g-5g-a135f-a137f-a136b-50mp-piec;21630;100.0;6.48
camera-arriere-samsung-galaxy-a13-5g-a136b-50mp-piec;21801;100.0;7.2
camera-arriere-samsung-galaxy-a15-a156b;17844;100.0;6.3
camera-arriere-samsung-galaxy-a16-4g-a165f-5g-a166b-piec;22856;100.0;3.6
camera-arriere-samsung-galaxy-a16-5g-a166b-a16-4g-a165f-a17-5g-a176b-a17-4g-a175;20735;100.0;9.6
camera-arriere-samsung-galaxy-a16-5g-a166b-a16-4g-a165f-a26-5g-a266b-a17-5g-a176;20730;100.0;6.0
camera-arriere-samsung-galaxy-a17-4g-a175f-a17-5g-a176b-a26-5g-a266b-piec;20947;100.0;7.8
camera-arriere-samsung-galaxy-a17-5g-a176b-a17-4g-a175f-a26-5g-a266b-50-mp-origi;20737;100.0;24.0
camera-arriere-samsung-galaxy-a20e-a202f-piec;3705;100.0;4.8
camera-arriere-samsung-galaxy-a21s-2020-a217f-piec;12921;100.0;9.6
camera-arriere-samsung-galaxy-a22-a226b-5mp-piec;21573;100.0;2.04
camera-arriere-samsung-galaxy-a22-4g-a33-5g-a34-5g-a225f-a336b-a346b-48mp-piec;21620;100.0;7.56
camera-arriere-samsung-galaxy-a23-4g-a235f;16164;100.0;5.32
camera-arriere-samsung-galaxy-a23-5g-a236b-piec;16165;100.0;6.0
camera-arriere-samsung-galaxy-a23-5g-a236b-5mp-piec;21577;100.0;2.52
camera-arriere-samsung-galaxy-a24-4g-a245f;19773;100.0;5.27
camera-arriere-samsung-galaxy-a25-5g-a256b;17851;100.0;4.72
camera-arriere-samsung-galaxy-a3-a300fu-grand-prime-g530fz;3883;100.0;2.4
camera-arriere-samsung-galaxy-a3-2016-a310f;9468;100.0;2.4
camera-arriere-samsung-galaxy-a3-2017-a320f;9205;100.0;2.4
camera-arriere-samsung-galaxy-a30-a305f-a40-a405f;4481;100.0;6.0
camera-arriere-samsung-galaxy-a31-a315f;12864;100.0;10.46
camera-arriere-samsung-galaxy-a32-a325f-64mp-piec;21541;100.0;6.36
camera-arriere-samsung-galaxy-a32-4g-a325f-gh96-14252a-origine;17343;100.0;31.2
camera-arriere-samsung-galaxy-a32-4g-5g-a325f-a326b-5mp-piec;21539;100.0;2.04
camera-arriere-samsung-galaxy-a32-4g-5g-a325f-a326b-ultra-grand-angle-8mp-piec;21538;100.0;2.04
camera-arriere-samsung-galaxy-a32-5g-a326b-gh96-14140a-origine;17342;100.0;25.8
camera-arriere-samsung-galaxy-a33-5g-a52-a52s-a72-a336b-a525f-a526b-a528b-a726b-;21554;100.0;2.16
camera-arriere-samsung-galaxy-a34-5g-a346b-8mp-piec;21617;100.0;2.88
camera-arriere-samsung-galaxy-a36-5g-a366b-piec;20922;100.0;12.0
camera-arriere-samsung-galaxy-a36-5g-a366b-50mp-origine;21096;100.0;36.0
camera-arriere-samsung-galaxy-a37-5g-a376b-a36-5g-a366b-a35-5g-a356b-ultra-grand;22918;100.0;10.68
camera-arriere-samsung-galaxy-a41-a415f-piec;12386;100.0;4.68
camera-arriere-samsung-galaxy-a42-a426b-8mp-piec;21658;100.0;2.88
camera-arriere-samsung-galaxy-a5-2016-a510f;9581;100.0;8.4
camera-arriere-samsung-galaxy-a5-2017-a520f-a7-2017-a720f;9312;100.0;2.4
camera-arriere-samsung-galaxy-a50-a505f;4300;100.0;7.2
camera-arriere-samsung-galaxy-a50-a505f-piec;21680;100.0;6.36
camera-arriere-samsung-galaxy-a50s-2019-a507f;13504;100.0;18.49
camera-arriere-samsung-galaxy-a51-a515f-piec;3709;100.0;12.0
camera-arriere-samsung-galaxy-a53-5g-a536b-5mp-capteur-portrait-piec;21559;100.0;4.32
camera-arriere-samsung-galaxy-a53-5g-a536b-64mp-piec;21553;100.0;5.4
camera-arriere-samsung-galaxy-a55-5g-a556b;20266;100.0;13.2
camera-arriere-samsung-galaxy-a56-5g-a566b-piec;20934;100.0;14.4
camera-arriere-samsung-galaxy-a57-5g-a576b-a37-5g-a376b-a36-5g-a366b-a56-5g-a566;22919;100.0;10.68
camera-arriere-samsung-galaxy-a57-5g-a576b-a37-5g-a376b-50mp-grand-angle-gh96-21;22915;100.0;32.4
camera-arriere-samsung-galaxy-a6-2018-a605f;11379;100.0;2.4
camera-arriere-samsung-galaxy-a7-a700f-blanc;3890;100.0;2.4
camera-arriere-samsung-galaxy-a7-a700f-noir;3891;100.0;2.4
camera-arriere-samsung-galaxy-a7-a700f-or;3892;100.0;2.4
camera-arriere-samsung-galaxy-a7-2018-a750f;11795;100.0;6.0
camera-arriere-samsung-galaxy-a70-a705f;12134;100.0;6.86
camera-arriere-samsung-galaxy-a71-a715f-piec;12339;100.0;8.4
camera-arriere-samsung-galaxy-a73-5g-a736b;19965;100.0;7.08
camera-arriere-samsung-galaxy-a8-2018-a530f;10960;100.0;3.0
camera-arriere-samsung-galaxy-a9-2018-a920f;11880;100.0;12.62
camera-arriere-samsung-galaxy-a90-5g-a908b;19959;100.0;5.27
camera-arriere-samsung-galaxy-ace-s5830;9964;100.0;1.2
camera-arriere-samsung-galaxy-ace-2-i8160;9957;100.0;1.2
camera-arriere-samsung-galaxy-ace-4-g357fz;9187;100.0;1.2
camera-arriere-samsung-galaxy-core-plus-g350;6765;100.0;2.4
camera-arriere-samsung-galaxy-core-prime-g360f;3902;100.0;2.4
camera-arriere-samsung-galaxy-express-i8730;5509;100.0;1.2
camera-arriere-samsung-galaxy-express-2-g3815-grand-i9060;4672;100.0;1.2
camera-arriere-samsung-galaxy-fold-f900f;12938;100.0;15.04
camera-arriere-samsung-galaxy-gio-s5660;9934;100.0;2.4
camera-arriere-samsung-galaxy-grand-i9082;5016;100.0;2.4
camera-arriere-samsung-galaxy-grand-2-g7105;5376;100.0;2.4
camera-arriere-samsung-galaxy-grand-neo-i9060i;9243;100.0;2.4
camera-arriere-samsung-galaxy-grand-prime-g531f;8825;100.0;2.4
camera-arriere-samsung-galaxy-j1-j100f;8003;100.0;2.4
camera-arriere-samsung-galaxy-j1-2016-j120f;8540;100.0;2.4
camera-arriere-samsung-galaxy-j3-2017-j330f;7916;100.0;4.24
camera-arriere-samsung-galaxy-j5-j500f;6604;100.0;2.4
camera-arriere-samsung-galaxy-j5-2016-j510f;8657;100.0;4.24
camera-arriere-samsung-galaxy-j5-2017-j530f-j7-2017-j730f;10469;100.0;2.4
camera-arriere-samsung-galaxy-j6-j610f;11817;100.0;7.04
camera-arriere-samsung-galaxy-m30s-m307f;12266;100.0;11.15
camera-arriere-samsung-galaxy-m31-m315f-gh96-13416a-origine;18242;100.0;42.0
camera-arriere-samsung-galaxy-mega-i9205;4811;100.0;2.4
camera-arriere-samsung-galaxy-note-n7000;1673;100.0;2.4
camera-arriere-samsung-galaxy-note-10-n970f-origine-gh96-12726a;13745;100.0;19.2
camera-arriere-samsung-galaxy-note-10-n975f;13921;100.0;5.76
camera-arriere-samsung-galaxy-note-2-n7100;3983;100.0;2.4
camera-arriere-samsung-galaxy-note-2-4g-n7105;9696;100.0;2.4
camera-arriere-samsung-galaxy-note-3-neo-n7505;4564;100.0;2.4
camera-arriere-samsung-galaxy-note-4-n910f-note-edge-n915fy;4678;100.0;3.6
camera-arriere-samsung-galaxy-note-5-n920f;6500;100.0;2.4
camera-arriere-samsung-galaxy-note-7-n930f;8737;100.0;2.4
camera-arriere-samsung-galaxy-note-9-n960f;11525;100.0;6.0
camera-arriere-samsung-galaxy-s-advance-i9070;9256;100.0;2.4
camera-arriere-samsung-galaxy-s10-g973f-s10-g975f-piec;9235;100.0;3.0
camera-arriere-samsung-galaxy-s10-lite-g770f-gh96-12986a-origine;18377;100.0;36.0
camera-arriere-samsung-galaxy-s10e-g970f-piec;8111;100.0;4.8
camera-arriere-samsung-galaxy-s20-ultra-g988f-g988b;14183;100.0;40.3
camera-arriere-samsung-galaxy-s20-ultra-g988f-origine;19633;100.0;32.4
camera-arriere-samsung-galaxy-s22-s901b-s22-s906b-gh96-14770a-origine;17344;100.0;25.2
camera-arriere-samsung-galaxy-s22-ultra-s908b-gh96-14774a-origine;18471;100.0;66.0
camera-arriere-samsung-galaxy-s22-ultra-5g-s908b-gh96-14772a-origine;17345;100.0;27.6
camera-arriere-samsung-galaxy-s23-fe-s711b-piec;17315;100.0;12.0
camera-arriere-samsung-galaxy-s24-fe-s721b-origine;18875;100.0;24.0
camera-arriere-samsung-galaxy-s24-s926b-10-mp-teleobjectif-piec;21090;100.0;14.4
camera-arriere-samsung-galaxy-s24-s926b-12-mp-ultra-grand-angle-piec;21091;100.0;5.64
camera-arriere-samsung-galaxy-s24-s926b-50-mp-teleobjectif-2-piec;21089;100.0;16.2
camera-arriere-samsung-galaxy-s25-fe-s731b-piec;22848;100.0;14.4
camera-arriere-samsung-galaxy-s26-ultra-5g-s948b-complete-piec;22897;100.0;105.6
camera-arriere-samsung-galaxy-s3-i9300;1675;100.0;2.4
camera-arriere-samsung-galaxy-s3-4g-i9305;9278;100.0;2.4
camera-arriere-samsung-galaxy-s4-advance-i9506;10749;100.0;2.4
camera-arriere-samsung-galaxy-s4-mini-i9195;4554;100.0;2.4
camera-arriere-samsung-galaxy-s5-g901f;9249;100.0;15.0
camera-arriere-samsung-galaxy-s5-g900f;3426;100.0;4.8
camera-arriere-samsung-galaxy-s5-mini-g800f-galaxy-alpha-g850f;3912;100.0;2.4
camera-arriere-samsung-galaxy-s6-g920f-origine;3931;100.0;3.6
camera-arriere-samsung-galaxy-s6-edge-g925f;8490;100.0;4.43
camera-arriere-samsung-galaxy-s6-edge-plus-g928f-origine;6603;100.0;4.8
camera-arriere-samsung-galaxy-s7-g930f;7993;100.0;3.0
camera-arriere-samsung-galaxy-s7-edge-g935f;8275;100.0;3.0
camera-arriere-samsung-galaxy-s8-g950f-s8-g955f;7320;100.0;4.8
camera-arriere-samsung-galaxy-s9-g960f-piec;10966;100.0;6.0
camera-arriere-samsung-galaxy-s9-g965f;11646;100.0;6.16
camera-arriere-samsung-galaxy-tab-4-10-1-t530-533-535-gh96-07067a-origine;18420;100.0;9.6
camera-arriere-samsung-galaxy-tab-4-7-0-t230-t235;6195;100.0;2.4
camera-arriere-samsung-galaxy-tab-a-2016-10-1-t580-t585;14225;100.0;9.11
camera-arriere-samsung-galaxy-tab-a-9-7-t550-t555-tab-a-p550-gh96-08450a-origine;18418;100.0;19.2
camera-arriere-samsung-galaxy-tab-s2-9-7-t819;19345;100.0;6.0
camera-arriere-samsung-galaxy-tab-s3-9-7-t820-t825;11324;100.0;4.8
camera-arriere-samsung-galaxy-trend-s7560-s-duos-s7562;3098;100.0;2.4
camera-arriere-samsung-galaxy-xcover-4s-g398f-origine;18005;100.0;10.8
camera-arriere-samsung-galaxy-xcover-7-5g-g556b-piec;22956;100.0;7.2
camera-arriere-samsung-galaxy-xcover-pro-g715f-25mp-8mp;16344;100.0;6.04
camera-arriere-samsung-galaxy-z-flip-4g-f700f-5g-f707b;14062;100.0;16.84
camera-arriere-samsung-galaxy-z-flip4-5g-f721b;16794;100.0;11.94
camera-arriere-samsung-galaxy-z-flip7-5g-f766b-piec;20975;100.0;22.92
camera-arriere-teleobjectif-10mp-samsung-galaxy-s21-ultra-5g-g998b;14262;100.0;6.48
camera-arriere-teleobjectif-10mp-samsung-galaxy-z-fold6-5g-f956b-piec;22719;100.0;24.18
camera-arriere-teleobjectif-du-bas-10-mp-samsung-galaxy-s21-ultra-5g-g998b;14092;100.0;15.72
camera-arriere-telephoto-10-mp-samsung-galaxy-s23-ultra-s918b;16314;100.0;5.48
camera-arriere-telephoto-periscope-10-mp-samsung-galaxy-s23-ultra-s918b;16315;100.0;8.81
camera-arriere-ultra-grand-angle-12-mp-samsung-galaxy-s21-fe-5g-g990b-m52-5g-m52;15578;100.0;3.0
camera-arriere-ultra-grand-angle-samsung-galaxy-a14-4g-a145r-5mp-piec;21583;100.0;2.52
camera-arriere-ultra-grand-angle-samsung-galaxy-a33-5g-a336b-8mp-piec;21623;100.0;2.76
camera-arriere-ultra-grand-angle-samsung-galaxy-a52-a52s-5g-a54-5g-a72-12mp-piec;21599;100.0;3.84
camera-arriere-ultra-grand-angle-samsung-galaxy-z-flip6-5g-f741b-12-mp-piec;22733;100.0;4.68
camera-arriere-ultra-grand-angle-12-mp-samsung-galaxy-s23-ultra-s918b;16313;100.0;5.22
camera-arriere-ultra-grand-angle-12mp-samsung-galaxy-s21-ultra-5g-g998b;14261;100.0;7.63
camera-avant-2-mp-huawei-mate-10-lite;10801;100.0;14.4
camera-avant-2mp-huawei-mate-20-lite;11739;100.0;14.4
camera-avant-5-mp-samsung-galaxy-a03s-a037;15340;100.0;9.6
camera-avant-ecran-exterieur-samsung-galaxy-z-fold7-5g-f966b-piec;23373;100.0;5.64
camera-avant-iris-samsung-galaxy-note-9-n960f;11527;100.0;3.0
camera-avant-iris-samsung-galaxy-s8-g955f-note-8-n950f;7293;100.0;2.28
camera-avant-iris-samsung-galaxy-s9-g965f;10968;100.0;14.4
camera-avant-nappe-horizontale-samsung-galaxy-note-7-n930f;8736;100.0;2.4
camera-avant-nappe-verticale-samsung-galaxy-note-7-n930f;8656;100.0;2.4
camera-avant-rev01-samsung-galaxy-a7-2018-a750f;11793;100.0;3.0
camera-avant-rev02-samsung-galaxy-a7-2018-a750f;11780;100.0;3.6
camera-avant-camera-arriere-samsung-galaxy-a80-a805f;12939;100.0;14.63
camera-avant-10-mp-samsung-galaxy-fold-f900f;12937;100.0;5.24
camera-avant-10-mp-samsung-galaxy-z-flip4-5g-f721b;16793;100.0;3.72
camera-avant-10-mp-samsung-galaxy-z-fold4-f936b-gh96-15260a-origine;18452;100.0;24.0
camera-avant-10mp-samsung-galaxy-s21-g991b-s21-g996b-piec;15096;100.0;2.95
camera-avant-10mp-samsung-galaxy-z-fold6-5g-f956b-piec;22723;100.0;21.06
camera-avant-12mp-samsung-galaxy-tab-s8-x700-tab-s8-wifi-x800-gh96-15020a-origin;18457;100.0;18.0
camera-avant-13mp-samsung-galaxy-a32-5g-a326b-piec;14189;100.0;6.19
camera-avant-13mp-samsung-galaxy-a34-a346b-gh96-15013b-origine;18522;100.0;15.6
camera-avant-13mp-samsung-galaxy-a35-5g-a356b-piec;22062;100.0;4.44
camera-avant-20mp-samsung-galaxy-a42-5g-a426b-piec;13686;100.0;6.6
camera-avant-32-mp-samsung-galaxy-m53-5g-m536b;16707;100.0;11.41
camera-avant-32-mp-samsung-galaxy-s21-fe-5g-g990b-piec;15577;100.0;6.0
camera-avant-32mp-samsung-galaxy-a52-4g-a525f-a52-5g-a526b-a52s-5g-a528b-a72-a72;13985;100.0;4.8
camera-avant-5-mp-samsung-galaxy-a03-a035g-a035f-piec;16196;100.0;4.2
camera-avant-7-mp-ipad-air-4;16533;100.0;4.92
camera-avant-8mp-samsung-galaxy-a11-a115f;14071;100.0;6.47
camera-avant-8mp-samsung-galaxy-a13-a137f-gh96-15058c-origine;18534;100.0;12.0
camera-avant-face-time-iphone-4;446;100.0;2.4
camera-avant-facetime-iphone-6-plus;4607;100.0;2.9
camera-avant-huawei-ascend-y300;7184;100.0;1.2
camera-avant-huawei-ascend-y530;7169;100.0;1.2
camera-avant-huawei-ascend-y550;7159;100.0;1.2
camera-avant-huawei-ascend-mate-7;7434;100.0;15.0
camera-avant-huawei-ascend-p7-p7-l10;9780;100.0;15.0
camera-avant-huawei-mate-20-lite;11738;100.0;42.0
camera-avant-huawei-mate-8;9627;100.0;1.2
camera-avant-huawei-mate-9-mha-l09;10279;100.0;18.0
camera-avant-huawei-p-smart-fig-lx1;6753;100.0;4.8
camera-avant-huawei-p20-p20-pro;11129;100.0;3.01
camera-avant-huawei-p20-lite;11147;100.0;21.6
camera-avant-huawei-p8-gra-l09;6937;100.0;3.6
camera-avant-huawei-p9-eva-l09;8568;100.0;4.8
camera-avant-huawei-p9-lite-vns-l31;8833;100.0;18.0
camera-avant-ipad-air-2-pro-12-9;8569;100.0;12.0
camera-avant-ipad-mini-6-2021;19073;100.0;25.92
camera-avant-ipad-pro-12-9-2eme-gen;11668;100.0;24.0
camera-avant-iphone-11;4148;100.0;3.6
camera-avant-iphone-11-pro;12804;100.0;4.8
camera-avant-iphone-11-pro-max;12797;100.0;3.6
camera-avant-iphone-12;13179;100.0;2.29
camera-avant-iphone-12-pro;13171;100.0;6.0
camera-avant-iphone-12-pro-max;13163;100.0;3.6
camera-avant-iphone-13;14372;100.0;3.6
camera-avant-iphone-13-pro;14402;100.0;3.48
camera-avant-iphone-13-pro-max;14412;100.0;3.24
camera-avant-iphone-14;16599;100.0;16.2
camera-avant-iphone-14-plus;16679;100.0;14.4
camera-avant-iphone-14-pro;16624;100.0;10.8
camera-avant-iphone-14-pro-max;16644;100.0;15.0
camera-avant-iphone-15;17880;100.0;14.4
camera-avant-iphone-15-plus;17887;91.5;19.2
camera-avant-iphone-15-plus-piec;17887;100.0;19.2
camera-avant-iphone-15-pro;17905;100.0;20.4
camera-avant-iphone-15-pro-max;17919;100.0;16.8
camera-avant-iphone-16;19471;100.0;16.19
camera-avant-iphone-16-plus-piec;20554;100.0;20.17
camera-avant-iphone-16-pro-max-origine;20282;100.0;20.4
camera-avant-iphone-16-pro-origine-demonter-piec;19446;100.0;19.56
camera-avant-iphone-16e-origine-piec;20290;100.0;60.0
camera-avant-iphone-17-piec;21421;100.0;42.0
camera-avant-iphone-17-pro-piec;21430;100.0;39.6
camera-avant-iphone-17-pro-max-piec;21442;100.0;42.0
camera-avant-iphone-4s;506;100.0;2.4
camera-avant-iphone-6s;6778;100.0;2.4
camera-avant-iphone-6s-plus;6787;100.0;2.88
camera-avant-iphone-se;5582;100.0;6.12
camera-avant-iphone-x;6768;100.0;2.88
camera-avant-iphone-xr;6808;100.0;3.6
camera-avant-iphone-xs;6734;100.0;3.6
camera-avant-iphone-xs-max;6480;100.0;3.6
camera-avant-samsung-a02-2021-a022f;15193;100.0;7.4
camera-avant-samsung-galaxy-a01-2020-a015f;13676;100.0;5.62
camera-avant-samsung-galaxy-a02s-a025f-a025g;13848;100.0;6.02
camera-avant-samsung-galaxy-a04s-4g-a047f-5mp-piec;21826;100.0;2.88
camera-avant-samsung-galaxy-a05s-a057g;19656;100.0;6.44
camera-avant-samsung-galaxy-a06-a065f;19794;100.0;4.82
camera-avant-samsung-galaxy-a07-4g-a075f-piec;22833;100.0;6.0
camera-avant-samsung-galaxy-a10-a105f;13769;100.0;5.64
camera-avant-samsung-galaxy-a11-a115f-8mp-origine;22181;100.0;15.6
camera-avant-samsung-galaxy-a12-2020-a125f-a127f-piec;13255;100.0;3.12
camera-avant-samsung-galaxy-a13-4g-a135f-a137f-a23-5g-a236b;15135;100.0;3.0
camera-avant-samsung-galaxy-a13-5g-a136b;15130;100.0;2.47
camera-avant-samsung-galaxy-a14-4g-a145r-13mp-piec;21585;100.0;8.4
camera-avant-samsung-galaxy-a15-a156b;17843;100.0;5.95
camera-avant-samsung-galaxy-a16-4g-a165f-5g-a166b-a17-4g-a175f-5g-a176b-piec;22855;100.0;4.8
camera-avant-samsung-galaxy-a16-5g-a166b-a16-4g-a165f-a17-5g-a176b-a17-4g-a175f-;20736;100.0;13.2
camera-avant-samsung-galaxy-a20e-a202f-piec;22080;100.0;3.6
camera-avant-samsung-galaxy-a20s-a207f;13728;100.0;3.6
camera-avant-samsung-galaxy-a21s-2020-a217f-piec;12922;100.0;3.6
camera-avant-samsung-galaxy-a22-a226b-piec;21570;100.0;4.2
camera-avant-samsung-galaxy-a22-4g-a225f;14197;100.0;4.57
camera-avant-samsung-galaxy-a22-5g-a226b-gh81-20722a-origine;18297;100.0;14.4
camera-avant-samsung-galaxy-a23-4g-a235f-5g-a236b-piec;16166;100.0;3.48
camera-avant-samsung-galaxy-a24-4g-a245f;19772;100.0;5.27
camera-avant-samsung-galaxy-a25-5g-a256b;17850;100.0;8.39
camera-avant-samsung-galaxy-a26-5g-a266b-piec;20946;100.0;6.0
camera-avant-samsung-galaxy-a26-5g-a266b-13-mp-origine;21099;100.0;14.4
camera-avant-samsung-galaxy-a3-a300fu-a5-a500fu-a7-a700f;5471;100.0;2.4
camera-avant-samsung-galaxy-a3-2016-a310f-a5-2016-a510f;9587;100.0;2.4
camera-avant-samsung-galaxy-a3-2017-a320f;9203;100.0;2.4
camera-avant-samsung-galaxy-a30-a305f-piec;22119;100.0;3.6
camera-avant-samsung-galaxy-a31-a315f-a41-a415f-a32-piec;12868;100.0;2.04
camera-avant-samsung-galaxy-a32-4g-a31-a325f-a315f-piec;21537;100.0;2.16
camera-avant-samsung-galaxy-a33-5g-a336b-piec;21622;100.0;4.92
camera-avant-samsung-galaxy-a34-5g-a346b-piec;21618;100.0;3.96
camera-avant-samsung-galaxy-a36-5g-a366b-piec;20921;100.0;7.2
camera-avant-samsung-galaxy-a36-5g-a366b-a37-a376-12-mp-origine;21097;100.0;15.6
camera-avant-samsung-galaxy-a40-a405f;12299;100.0;5.98
camera-avant-samsung-galaxy-a5-2017-a520f;9317;100.0;2.16
camera-avant-samsung-galaxy-a50-a505f;12077;100.0;2.24
camera-avant-samsung-galaxy-a50s-2019-a507f;13503;100.0;4.28
camera-avant-samsung-galaxy-a51-a515f-piec;12858;100.0;3.6
camera-avant-samsung-galaxy-a51-5g-a516b-piec;22205;100.0;3.6
camera-avant-samsung-galaxy-a53-5g-a54-5g-a536b-a546b-32mp-piec;21598;100.0;4.32
camera-avant-samsung-galaxy-a54-5g-a546b-a53-5g-a536b-32mp-piec;21598;100.0;4.32
camera-avant-samsung-galaxy-a55-5g-a556b;17853;100.0;7.12
camera-avant-samsung-galaxy-a56-5g-a566b-piec;20933;100.0;7.2
camera-avant-samsung-galaxy-a56-5g-a566b-12-mp-origine;21095;100.0;19.2
camera-avant-samsung-galaxy-a6-2018-a605f;11380;100.0;2.4
camera-avant-samsung-galaxy-a70-a705f;7614;100.0;6.02
camera-avant-samsung-galaxy-a71-a715f-piec;12341;100.0;2.4
camera-avant-samsung-galaxy-a73-5g-a736b;19964;100.0;5.95
camera-avant-samsung-galaxy-a8-2018-a530f;10961;100.0;2.4
camera-avant-samsung-galaxy-a9-2018-a920f;11881;100.0;13.2
camera-avant-samsung-galaxy-a90-5g-a908b;19958;100.0;4.14
camera-avant-samsung-galaxy-ace-2-i8160;9958;100.0;1.2
camera-avant-samsung-galaxy-ace-3-s7275r;9178;100.0;1.2
camera-avant-samsung-galaxy-ace-4-g357fz;9188;100.0;1.2
camera-avant-samsung-galaxy-alpha-g850f;9674;100.0;15.0
camera-avant-samsung-galaxy-core-prime-g360f;3903;100.0;2.4
camera-avant-samsung-galaxy-express-i8730;5510;100.0;1.2
camera-avant-samsung-galaxy-express-2-g3815-core-4g-g386f;5012;100.0;1.2
camera-avant-samsung-galaxy-fame-s6810;9897;100.0;2.4
camera-avant-samsung-galaxy-grand-i9060;5139;100.0;2.4
camera-avant-samsung-galaxy-grand-i9082;5017;100.0;2.4
camera-avant-samsung-galaxy-grand-2-g7105;5377;100.0;2.4
camera-avant-samsung-galaxy-grand-neo-i9060i;9244;100.0;2.4
camera-avant-samsung-galaxy-grand-prime-g530fz;3905;100.0;2.4
camera-avant-samsung-galaxy-j1-j100f;6494;100.0;2.4
camera-avant-samsung-galaxy-j1-2016-j120f;8658;100.0;2.4
camera-avant-samsung-galaxy-j2-pro-2018-j250f;5300;100.0;2.4
camera-avant-samsung-galaxy-j3-2017-j330f;5562;100.0;3.71
camera-avant-samsung-galaxy-j5-j500f;8004;100.0;2.4
camera-avant-samsung-galaxy-j5-2016-j510f;8539;100.0;2.4
camera-avant-samsung-galaxy-j5-2017-j530f-j7-2017-j730f;10470;100.0;2.4
camera-avant-samsung-galaxy-j6-j610f;11818;100.0;3.08
camera-avant-samsung-galaxy-m23-5g-m236b-m33-5g-m336b-gh96-15068a-origine;18417;100.0;10.8
camera-avant-samsung-galaxy-m30s-m307f;12265;100.0;2.4
camera-avant-samsung-galaxy-m31-m315f-gh96-12821a-origine;18247;100.0;14.4
camera-avant-samsung-galaxy-mega-i9205;4810;100.0;2.4
camera-avant-samsung-galaxy-note-10-n975f-note-10;13920;100.0;14.02
camera-avant-samsung-galaxy-note-20-note-20-ultra-5g-n986b-s20-s20;14204;100.0;2.24
camera-avant-samsung-galaxy-note-3-n9005;3092;100.0;2.4
camera-avant-samsung-galaxy-note-3-neo-n7505;4565;100.0;2.4
camera-avant-samsung-galaxy-note-5-n920f;6506;100.0;2.4
camera-avant-samsung-galaxy-note-9-n960f;11526;100.0;3.0
camera-avant-samsung-galaxy-s10-g973f-s10e-g970f-piec;9106;100.0;3.6
camera-avant-samsung-galaxy-s10-5g-g977b-gh96-12440a-origine;18257;100.0;54.0
camera-avant-samsung-galaxy-s10-g975f;9102;100.0;2.93
camera-avant-samsung-galaxy-s20-fe-5g-g781b-piec;13780;100.0;4.2
camera-avant-samsung-galaxy-s20-ultra-5g-g988b;14184;100.0;2.4
camera-avant-samsung-galaxy-s21-5g-g991u;18090;100.0;2.88
camera-avant-samsung-galaxy-s21-ultra-5g-g998b-piec;14094;100.0;8.4
camera-avant-samsung-galaxy-s22-s901b-s22-s906b-10-mpx-piec;16556;100.0;6.0
camera-avant-samsung-galaxy-s22-ultra-s908b-piec;15422;100.0;3.6
camera-avant-samsung-galaxy-s23-5g-s911b-s23-s916b-s23-ultra-s918b-s24-s921b-s24;18434;100.0;18.0
camera-avant-samsung-galaxy-s23-fe-s711b-piec;17314;100.0;6.0
camera-avant-samsung-galaxy-s25-5g-s931b-piec;22938;100.0;24.0
camera-avant-samsung-galaxy-s25-edge-s937b-piec;20961;100.0;16.8
camera-avant-samsung-galaxy-s25-fe-s731b-piec;22847;100.0;8.4
camera-avant-samsung-galaxy-s25-5g-s936b-s25-ultra-5g-s938b-piec;22944;100.0;27.6
camera-avant-samsung-galaxy-s26-5g-s942b-s26-5g-s947b-piec;22898;100.0;30.0
camera-avant-samsung-galaxy-s3-i9300;1643;100.0;2.4
camera-avant-samsung-galaxy-s3-mini-i8190;9550;100.0;2.4
camera-avant-samsung-galaxy-s4-advance-i9506;9299;100.0;2.4
camera-avant-samsung-galaxy-s4-zoom-sm-c101;9350;100.0;2.4
camera-avant-samsung-galaxy-s5-g901f;7964;100.0;12.0
camera-avant-samsung-galaxy-s5-g900f;3425;100.0;2.4
camera-avant-samsung-galaxy-s5-mini-g800f;6766;100.0;2.4
camera-avant-samsung-galaxy-s6-g920f-s6-edge-g925f;5456;100.0;2.16
camera-avant-samsung-galaxy-s8-g950f;7961;100.0;2.4
camera-avant-samsung-galaxy-s8-g955f-note-8-n950f;9228;100.0;3.0
camera-avant-samsung-galaxy-s9-g960f;11018;100.0;3.6
camera-avant-samsung-galaxy-s9-g965f;10967;100.0;14.4
camera-avant-samsung-galaxy-tab-3-10-1-p5200-p5210;6125;100.0;2.4
camera-avant-samsung-galaxy-tab-a-2016-10-1-t580-t585;14226;100.0;5.75
camera-avant-samsung-galaxy-tab-s2-8-0-t710-t715-gh96-08968a-origine;18366;100.0;10.8
camera-avant-samsung-galaxy-tab-s2-9-7-t819;19344;100.0;6.0
camera-avant-samsung-galaxy-tab-s3-9-7-t820-t825;11325;100.0;4.8
camera-avant-samsung-galaxy-trend-s7560-s-duos-s7562;3097;100.0;2.4
camera-avant-samsung-galaxy-xcover-6-pro-g736b-gh96-15411a-origine;18309;100.0;16.8
camera-avant-samsung-galaxy-xcover-pro-g715f;16345;100.0;2.99
camera-avant-samsung-galaxy-young-s6310;5954;100.0;2.4
camera-avant-samsung-galaxy-z-flip-4g-f700f-5g-f707b;14061;100.0;2.63
camera-avant-samsung-galaxy-z-flip3-5g-f711b-gh96-14447a-origine;17346;100.0;22.8
camera-avant-samsung-galaxy-z-flip5-5g-f731b-z-flip6-5g-f741b-10-mp-piec;22734;100.0;7.02
camera-avant-samsung-galaxy-z-flip7-5g-f766b-piec;20974;100.0;14.4
camera-avant-samsung-galaxy-z-fold2-5g-f916b;15400;100.0;6.98
camera-avant-samsung-galaxy-z-fold3-5g-f926b;15407;100.0;4.85
camera-avant-samsung-galaxy-z-fold5-5g-f946b;18043;100.0;5.56
camera-avant-samsung-galaxy-z-fold6-5g-f956b-16-mp;18771;100.0;6.0
camera-avant-samsung-galaxy-z-fold7-f966b-10mp-ecran-interieur-origine;21014;100.0;22.8
camera-avant-samsung-galaxy-z-fold7-5g-f966b-10-mp-ecran-interieur-piec;23372;100.0;4.44
camera-avant-samsung-s4-mini-i9195;3107;100.0;2.4
camera-avant-samsung-s7-g930f-s7-edge-g935f;9464;100.0;2.76
camera-double-13mp-6mp-samsung-galaxy-tab-s8-wifi-x800-tab-s8-x806b-gh96-14961a-;18456;100.0;30.0
camera-ic-338s00762-iphone-13-pro;16278;100.0;3.6
camera-interieur-8-et-10-mp-samsung-galaxy-fold-f900f;12936;100.0;5.53
camera-profondeur-2m-samsung-galaxy-a22-5g-a226b-gh81-21504a-origine;18298;100.0;10.8
camera-teleobjectif-10-mp-samsung-galaxy-z-fold4-f936b-gh96-15299a-origine;18454;100.0;27.6
caoutchouc-de-capteur-de-proximite-samsung-galaxy-xcover-pro-g715f-gh98-45183a-o;18409;100.0;3.6
capteur-cover-hall-sensor-ipad-air-2;8332;100.0;2.4
capteur-cover-hall-sensor-ipad-mini-4;8333;100.0;1.2
capteur-de-luminosite-samsung-tab-3-10-p5200;3120;100.0;2.4
capteur-de-proximite-ipad;9382;100.0;9.0
capteur-humidite-x3-iphone;6258;100.0;0.6
capteur-humidite-iphone-6s;10219;100.0;1.2
capteur-humidite-iphone-6s-plus;10220;100.0;6.0
capteur-humidite-iphone-7;10221;100.0;3.6
capteur-humidite-iphone-7-plus;10222;100.0;3.6
capteur-tof-samsung-galaxy-s20-ultra-g988f-gh96-13309a-origine;18275;100.0;20.4
carte-fille-inferieur-samsung-galaxy-z-fold6-5g-f956b-piec;22720;100.0;15.44
carte-fille-ipad-2-3g;1908;100.0;2.4
carte-fille-ipad-2-wi-fi;1909;100.0;2.4
carte-mere-samsung-galaxy-s6-edge-g925f;3291;100.0;72.0
carte-mere-samsung-galaxy-z-flip4-5g-f721b-128gb;16870;100.0;168.0
carte-mere-secondaire-samsung-galaxy-z-fold3-f926b-gh82-26235a-origine;18294;100.0;46.8
carte-mere-secondaire-samsung-galaxy-z-fold4-f936b-gh82-29447a-origine;18295;100.0;66.0
carte-sub-spen-nappe-wacom-samsung-galaxy-tab-active-pro-10-1-t540-t545-piec;22996;100.0;6.0
carte-sub-tsp-nappe-tactile-samsung-galaxy-tab-active-pro-10-1-t540-t545-piec;22997;100.0;6.0
casque-bluetooth-5-3-sans-fil-40-heures-d-ecoute-usams-uj29-yj-series-noir;23138;100.0;24.0
charge-buckle-iphone-17-piec;21426;100.0;6.0
charge-buckle-iphone-17-pro-piec;21437;100.0;7.2
charge-buckle-iphone-17-pro-max-piec;21449;100.0;7.2
charge-ic-338s00946-iphone-15-15-plus-15-pro-15-pro-max;20095;100.0;3.5
charge-ic-358s1939-samsung-galaxy-tab-a-10-1-2016-t580;17591;100.0;2.4
charge-ic-jv-samsung-galaxy-s8-s8;14732;100.0;2.52
charge-ic-q2-iphone-5;8078;100.0;2.4
charge-ic-98512-petite-samsung-galaxy-s10;14742;100.0;4.8
charge-ic-hydra-tristar-1612a1-iphone-8;10958;100.0;2.8
charge-ic-hydra-tristar-1614a1-iphone-12;14588;100.0;3.6
charge-ic-hydra-tristar-610a3b-iphone-7-7-plus;14587;100.0;2.76
charge-ic-s2dos05-grande-samsung-galaxy-s10-g973f;14743;100.0;4.8
charge-ic-tigris-sn2400ab0-u2101-iphone-7-7-plus;4366;100.0;8.4
charge-ic-tigris-sn2501-iphone-8-8-plus-x;14589;100.0;2.4
charge-ic-tigris-sn2600-iphone-xs-xr-xs-max;14591;100.0;2.4
charge-ic-tigris-sn2611-iphone-11-12;14574;100.0;3.6
charge-ic-tigris-68841-9pin-iphone-8;14590;100.0;2.6
charge-sans-fil-samsung-galaxy-s24-ultra-5g-s928b-piec;21279;100.0;6.0
charge-u2-ic-1612a1-iphone-11;14576;100.0;2.4
chargeur-44w-microsoft-surface-pro-5-6-7-noir;5402;100.0;16.08
chargeur-cable-lightning-mfi-bigben-12w;20577;100.0;4.8
chargeur-allume-cigare-c502-ldnio-noir;6764;100.0;21.6
chargeur-allume-cigare-oppo-usb-type-a-c-80w-supervooc-ccb7jach-noir-origine;17978;100.0;36.0
chargeur-apple-usb-c-20w-mhje3zm-a-origine;13087;100.0;19.2
chargeur-apple-usb-c-20w-muvv3zm-a-blanc-origine;15528;100.0;24.0
chargeur-archos-usb-a-10w-dcs95a-0502000-blanc-origine;19063;100.0;3.6
chargeur-archos-usb-a-10w-k-t10a0502000e-noir-origine;19064;100.0;3.6
chargeur-et-power-bank-1200-mah-pour-apple-watch-ldnio-aw005-blanc;18448;100.0;8.59
chargeur-huawei-secteur-usb-super-charge-hw-110600e02-6a-blanc;13128;100.0;12.0
chargeur-microsoft-surface-pro-3-pro-4-noir;8953;100.0;16.08
chargeur-microsoft-surface-pro-5-6-7-60w;15059;100.0;19.03
chargeur-multi-prise-usb-5-branchements-ru-u1-remax-noir;6731;100.0;35.0
chargeur-pour-apple-watch-usams-cd247;21309;100.0;6.0
chargeur-rapide-allume-cigare-voiture-double-usb-40w-cable-usb-c-huawei-cp37;20574;100.0;15.0
chargeur-rapide-avec-afficheur-usb-usb-c-30w-gan-usams-cc229-xc-series-noir;18656;100.0;13.18
chargeur-rapide-deux-ports-gan-usb-a-usb-c-25w-usams-cc315-t65-blanc;20394;100.0;5.09
chargeur-rapide-deux-ports-gan-usb-a-usb-c-25w-usams-cc315-t65-noir;20393;100.0;5.09
chargeur-rapide-deux-ports-gan-usb-a-usb-c-30w-usams-cc316-t65-blanc;20396;100.0;6.13
chargeur-rapide-deux-ports-gan-usb-a-usb-c-30w-usams-cc316-t65-noir;20395;100.0;6.13
chargeur-rapide-deux-ports-gan-usb-c-40w-usams-us-cc172-t54-blanc;15873;100.0;10.8
chargeur-rapide-deux-ports-gan-usb-c-40w-usams-us-cc172-t54-noir;15872;100.0;14.58
chargeur-rapide-pd-usb-c-20w-usams-cc118-blanc;15575;100.0;4.75
chargeur-rapide-trois-ports-usb-c-x2-usb-gan-acc-67w-usams-cc265-jc-series-blanc;20370;100.0;16.32
chargeur-rapide-usb-c-pd-20w-usams-cc226-t65;21712;100.0;7.2
chargeur-samsung-galaxy-allume-cigare-fast-charge-25w-ep-ln930c-origine;14924;100.0;10.92
chargeur-samsung-galaxy-ultra-rapide-trio-usb-c-x1-65w-usb-c-x2-25w-usb-a-15w-ep;21517;100.0;36.0
chargeur-samsung-galaxy-ultra-rapide-usb-c-45w-4-05a-ep-t4511nbegeu-noir-origine;21518;100.0;24.0
chargeur-samsung-galaxy-ultra-rapide-usb-c-45w-4-05a-ep-t4511nwegeu-blanc-origin;21519;100.0;24.0
chargeur-samsung-galaxy-usb-eta-u90ebe-noir-origine;3441;100.0;12.0
chargeur-samsung-galaxy-usb-ultra-rapide-15w-ep-ta200-blanc-origine;16140;100.0;6.0
chargeur-samsung-galaxy-usb-ultra-rapide-15w-ep-ta200-noir-origine;16141;100.0;6.24
chargeur-samsung-galaxy-usb-ultra-rapide-ep-ta20ewe-blanc-origine;5970;100.0;8.4
chargeur-samsung-galaxy-usb-c-ultra-rapide-25w-ep-t2510-blanc-origine;18105;100.0;16.8
chargeur-samsung-galaxy-usb-c-ultra-rapide-25w-ep-t2510-noir-origine;18104;100.0;14.4
chargeur-samsung-type-c-ultra-rapide-ep-ta800-25w-blanc-origine;13587;100.0;11.4
chargeur-samsung-type-c-ultra-rapide-ep-ta800-25w-noir-origine;12951;100.0;10.2
chargeur-samsung-usb-ultra-rapide-ep-ta20ebe-noir-origine;9795;100.0;10.8
chargeur-samsung-usb-ep-ta50ewe-blanc-origine-1-55a;8599;100.0;8.4
chargeur-secteur-usb-c-140w-mw2m3zm-a-blanc-origine;23167;100.0;119.0
chargeur-secteur-usb-c-30w-a2164-mw2g3zm-a-blanc-origine;20094;100.0;45.0
chargeur-secteur-usb-c-70w-a2743-mqln3zm-a-blanc-origine;20116;100.0;78.0
chargeur-secteur-usb-c-70w-mxn53zm-a-blanc-origine;23168;100.0;65.0
chargeur-usb-5v-ep800-sony-noir-origine;5669;100.0;8.4
chargeur-usb-cst-80-sony-noir-origine;8402;100.0;4.96
chargeur-usb-hw-050100e2w-huawei-blanc-origine;10462;100.0;14.4
chargeur-usb-hw-090200eho-huawei-blanc;13818;100.0;12.0
chargeur-usb-c-kfd-gan-iii-pd140w;21172;100.0;42.0
chargeur-voiture-magnetique-grille-de-ventilation-15w-pour-telephone-us-cd170-us;14075;100.0;21.52
chargeur-xiaomi-usb-fast-charge-65w-mdy-11-ed-blanc-origine;16464;100.0;18.0
chargeur-xiaomi-usb-fast-charge-3-0-33w-mdy-11-ez-blanc-origine;16130;100.0;14.4
chargeur-xiaomi-usb-fast-charge-3a-22-5w-mdy-11-ep-blanc-origine;12953;100.0;10.8
chargeur-xiaomi-usb-redmi-note-6-redmi-s2-mdy-08-eo-blanc-origine;12074;100.0;8.4
chassis-batterie-apple-iphone-16-vert-origine-demonter;22422;100.0;192.0
chassis-batterie-samsung-galaxy-a3-2017-a320f-rose;7250;100.0;6.0
chassis-batterie-nappe-charge-iphone-15-pro-titane-noir-origine-demonter;19731;100.0;202.8
chassis-batterie-iphone-14-bleu-origine-demonte;22277;100.0;48.0
chassis-batterie-iphone-15-noir-origine-demonter;19680;100.0;178.8
chassis-batterie-iphone-15-pro-argent-origine-demonter;19435;100.0;160.2
chassis-batterie-iphone-15-pro-max-noir-origine-demonter;21336;100.0;84.0
chassis-batterie-iphone-15-rose-origine-demonter;19679;100.0;178.8
chassis-batterie-iphone-16-blanc-origine-demonter;19468;100.0;192.0
chassis-batterie-iphone-16-noir-origine-demonter;19642;100.0;178.8
chassis-batterie-iphone-16-noir-origine-demonter-e-sim-piec;21341;100.0;156.0
chassis-batterie-iphone-16-outremer-origine-demonter-piec;20437;100.0;178.8
chassis-batterie-iphone-16-pro-argent-origine-demonter;19445;100.0;232.2
chassis-batterie-iphone-16-pro-max-titane-naturel-origine-demonter-e-sim-piec;20438;100.0;178.8
chassis-batterie-iphone-16-pro-max-titane-noir-occasion-e-sim-piec;22603;100.0;154.8
chassis-batterie-iphone-16-pro-max-titane-sable-occasion-e-sim-piec;22594;100.0;178.8
chassis-batterie-iphone-16-pro-max-titane-sable-origine-demonter;20280;100.0;180.0
chassis-batterie-iphone-16-rose-occasion-e-sim-piec-grade-ab;22593;100.0;156.0
chassis-batterie-iphone-16e-noir-origine-demonter-piec;20289;100.0;216.0
chassis-batterie-iphone-air-bleu-ciel-origine-demonte;22275;100.0;166.8
chassis-batterie-samsung-galaxy-a3-2017-a320f-rose-2;7250;100.0;6.0
chassis-haut-parleur-samsung-galaxy-a40-a405f-occasion-grade-abc-mix-noir-piec;21683;100.0;1.8
chassis-nappe-nfc-samsung-galaxy-a32-a325f-occasion-abc-mix-piec;21544;100.0;5.4
chassis-nfc-haut-parleur-samsung-galaxy-a51-a515f-4g-noir-piec;21688;100.0;3.6
chassis-nfc-haut-parleur-samsung-galaxy-a71-a715f-blanc-piec;21686;100.0;3.6
chassis-nfc-haut-parleur-samsung-galaxy-a71-a715f-noir-piec;21687;100.0;3.6
chassis-nfc-lecteur-empreinte-samsung-galaxy-a22-a226b-blanc-occasion-abc-mix-pi;21567;100.0;5.4
chassis-nfc-lecteur-empreinte-samsung-galaxy-a22-a226b-noir-occasion-abc-mix-pie;21568;100.0;5.4
chassis-nfc-lecteur-empreinte-samsung-galaxy-a22-a226b-violet-occasion-abc-mix-p;22027;100.0;5.4
chassis-central-bas-samsung-galaxy-grand-2-g7105;5369;100.0;3.6
chassis-central-double-sim-samsung-galaxy-j7-2016-j710f-blanc;6012;100.0;11.54
chassis-central-haut-samsung-galaxy-grand-2-g7105;5368;100.0;3.6
chassis-central-haut-parleur-nappe-volume-power-samsung-galaxy-a40-a405f-occasio;21707;100.0;3.6
chassis-central-haut-parleur-nappe-volume-samsung-galaxy-a41-a415f-noir-occasion;21670;100.0;3.6
chassis-central-haut-parleur-samsung-galaxy-a40-a405f-occasion-grade-abc-mix-ble;21706;100.0;3.6
chassis-central-nfc-haut-parleur-samsung-galaxy-a42-a426b-noir-occasion-abc-mix-;21666;100.0;6.0
chassis-central-nfc-haut-parleur-samsung-galaxy-a50-a505f-bleu-occasion-grade-ab;21682;100.0;3.6
chassis-central-nfc-haut-parleur-samsung-galaxy-a50-a505f-noir-occasion-grade-ab;21681;100.0;6.0
chassis-central-nfc-samsung-galaxy-a21s-2020-a217f-blanc-occasion;22075;100.0;4.56
chassis-central-assemble-iphone-17-noir-origine-demonter-piec;23165;100.0;240.0
chassis-central-assemblee-iphone-14-blanc;17980;100.0;39.6
chassis-central-assemblee-iphone-14-noir;17979;100.0;39.6
chassis-central-assemblee-iphone-14-plus-blanc;17982;100.0;42.0
chassis-central-assemblee-iphone-14-plus-noir;17981;100.0;37.2
chassis-central-assemblee-iphone-15-bleu;20153;100.0;58.8
chassis-central-assemblee-iphone-15-noir;20152;100.0;56.08
chassis-central-assemblee-iphone-15-pro-max-titane-naturel;20155;100.0;62.4
chassis-central-assemblee-iphone-15-pro-max-titane-noir;20156;100.0;62.4
chassis-central-assemblee-iphone-15-pro-titane-naturel;20154;100.0;66.0
chassis-central-avec-cache-camera-et-flash-samsung-galaxy-s3-i9300-blanc;4194;100.0;3.6
chassis-central-avec-cache-camera-et-flash-samsung-galaxy-s3-i9300-noir;4193;100.0;3.6
chassis-central-coque-arriere-samsung-galaxy-a3-a300fu-argent-origine;5891;100.0;12.0
chassis-central-coque-arriere-samsung-galaxy-a3-a300fu-blanc-origine;5890;100.0;12.0
chassis-central-coque-arriere-samsung-galaxy-a3-a300fu-noir-origine;5889;100.0;3.6
chassis-central-coque-arriere-samsung-galaxy-a3-a300fu-or-origine;5892;100.0;12.0
chassis-central-coque-arriere-samsung-galaxy-a5-a500fu-argent-origine;5887;100.0;12.0
chassis-central-coque-arriere-samsung-galaxy-a5-a500fu-blanc-origine;5886;100.0;12.0
chassis-central-coque-arriere-samsung-galaxy-a5-a500fu-noir-origine;5885;100.0;12.0
chassis-central-coque-arriere-samsung-galaxy-a5-a500fu-or-origine;5888;100.0;12.0
chassis-central-coque-arriere-samsung-galaxy-a7-a700f-blanc-origine;5883;100.0;12.0
chassis-central-coque-arriere-samsung-galaxy-a7-a700f-noir-origine;5876;100.0;12.0
chassis-central-coque-arriere-samsung-galaxy-a7-a700f-or-origine;5884;100.0;12.0
chassis-central-d-occasion-huawei-ascend-g525-noir;7154;100.0;6.0
chassis-central-d-occasion-huawei-ascend-y300-blanc;7187;100.0;1.2
chassis-central-d-occasion-huawei-ascend-y300-noir;7186;100.0;1.2
chassis-central-d-occasion-huawei-ascend-y330;5413;100.0;9.5
chassis-central-d-occasion-huawei-ascend-y530-noir;7177;100.0;1.2
chassis-central-d-occasion-samsung-galaxy-ace-2-i8160-blanc;9954;100.0;1.2
chassis-central-d-occasion-samsung-galaxy-express-i8730-blanc;6299;100.0;1.2
chassis-central-d-occasion-samsung-galaxy-express-i8730-noir;6298;100.0;1.2
chassis-central-d-occasion-samsung-galaxy-gio-s5660-noir;9933;100.0;1.2
chassis-central-d-occasion-samsung-galaxy-mini-2-s6500-blanc;9886;100.0;1.2
chassis-central-d-occasion-samsung-galaxy-nexus-i9250-noir;9559;100.0;1.2
chassis-central-d-occasion-samsung-galaxy-s-advance-i9070-blanc;9878;100.0;1.2
chassis-central-d-occasion-samsung-galaxy-s-advance-i9070-noir;9258;100.0;1.2
chassis-central-d-occasion-samsung-galaxy-s2-plus-i9105-noir;9839;100.0;1.2
chassis-central-d-occasion-samsung-galaxy-s3-4g-i9305-blanc;9281;100.0;3.6
chassis-central-d-occasion-samsung-galaxy-s3-4g-i9305-noir;9280;100.0;3.6
chassis-central-d-occasion-samsung-galaxy-s3-mini-i8190-blanc;9552;100.0;1.2
chassis-central-d-occasion-samsung-wave-3-s8600;9330;100.0;1.2
chassis-central-huawei-p9-lite-vns-l31-blanc;8774;100.0;34.8
chassis-central-huawei-p9-lite-vns-l31-noir;8773;100.0;34.8
chassis-central-iphone-15-pro-max-noir-origine-demonter;19681;100.0;108.0
chassis-central-iphone-16e-blanc-piec;23347;100.0;62.58
chassis-central-iphone-16e-noir-piec;23346;100.0;62.58
chassis-central-samsung-galaxy-a15-5g-a156b-jaune-origine;20611;100.0;14.4
chassis-central-samsung-galaxy-a15-5g-a156b-noir-origine;20614;100.0;14.4
chassis-central-samsung-galaxy-a16-a166b-vert-clair-origine;21124;100.0;12.0
chassis-central-samsung-galaxy-a16-5g-a166b-bleu-nuit-origine;21056;100.0;14.4
chassis-central-samsung-galaxy-a16-5g-a166b-gris-origine;21103;100.0;10.8
chassis-central-samsung-galaxy-a20s-a207f-bleu-piec;22106;100.0;3.6
chassis-central-samsung-galaxy-a20s-a207f-noir-piec;22107;100.0;3.6
chassis-central-samsung-galaxy-a21s-2020-nfc-a217f-blanc-occasion;22075;100.0;4.56
chassis-central-samsung-galaxy-a21s-2020-nfc-a217f-noir-occasion;13990;100.0;4.8
chassis-central-samsung-galaxy-a22-4g-a225f-blanc;15506;100.0;12.0
chassis-central-samsung-galaxy-a22-5g-a226b-gris-origine;17245;100.0;13.2
chassis-central-samsung-galaxy-a3-2016-a310f-blanc-origine;8455;100.0;6.0
chassis-central-samsung-galaxy-a3-2016-a310f-noir-origine;8454;100.0;9.6
chassis-central-samsung-galaxy-a3-2016-a310f-or-origine;5050;100.0;6.0
chassis-central-samsung-galaxy-a3-2017-a320f-noir-origine;7416;100.0;3.6
chassis-central-samsung-galaxy-a3-2017-a320f-or-origine;7456;100.0;3.6
chassis-central-samsung-galaxy-a32-a326b-blanc-occasion-grade-abc-mix-piec;21561;100.0;5.4
chassis-central-samsung-galaxy-a32-a326b-noir-occasion-abc-mix-piec;21562;100.0;5.4
chassis-central-samsung-galaxy-a32-4g-a325f-gh97-26181a-noir-origine;18753;100.0;19.2
chassis-central-samsung-galaxy-a32-5g-a326b-gh97-25939a-noir-origine;18752;100.0;22.8
chassis-central-samsung-galaxy-a32-5g-a326b-gh97-25939b-blanc-origine;18741;100.0;22.8
chassis-central-samsung-galaxy-a35-5g-a356b-noir-origine-gh82-34225a;20302;100.0;27.6
chassis-central-samsung-galaxy-a35-5g-a356b-vert-lime-origine;20310;100.0;31.2
chassis-central-samsung-galaxy-a35-5g-a356b-violet-origine;20306;100.0;27.6
chassis-central-samsung-galaxy-a41-a415f-bleu-origine;22167;100.0;15.6
chassis-central-samsung-galaxy-a41-a415f-noir-original;14983;100.0;19.2
chassis-central-samsung-galaxy-a42-5g-a426b-blanc;13246;100.0;14.4
chassis-central-samsung-galaxy-a5-2016-a510f-blanc;8417;100.0;6.0
chassis-central-samsung-galaxy-a5-2016-a510f-noir;8416;100.0;6.0
chassis-central-samsung-galaxy-a5-2017-a520f-bleu-origine;4341;100.0;2.4
chassis-central-samsung-galaxy-a5-2017-a520f-noir-origine;9665;100.0;2.4
chassis-central-samsung-galaxy-a5-2017-a520f-or-origine;4342;100.0;2.4
chassis-central-samsung-galaxy-a50-a505f-bleu;3792;100.0;22.8
chassis-central-samsung-galaxy-a50-a505f-noir-original;13237;100.0;22.8
chassis-central-samsung-galaxy-a51-a515f-blanc-original;13235;100.0;15.6
chassis-central-samsung-galaxy-a51-a515f-bleu-original;13234;100.0;18.0
chassis-central-samsung-galaxy-a51-a515f-noir-original;13236;100.0;18.0
chassis-central-samsung-galaxy-a55-5g-a556b-bleu-nuit-origine;20308;100.0;42.0
chassis-central-samsung-galaxy-a55-5g-a556b-bleu-origine;20307;100.0;37.2
chassis-central-samsung-galaxy-a55-5g-a556b-lime-origine;20389;100.0;42.0
chassis-central-samsung-galaxy-a56-5g-a566b-gh82-36828a-gris-fonce-origine;23003;100.0;34.8
chassis-central-samsung-galaxy-a56-5g-a566b-gris-origine-gh82-36828b;20226;100.0;32.4
chassis-central-samsung-galaxy-a56-5g-a566b-vert-sauge-origine;21376;100.0;37.2
chassis-central-samsung-galaxy-a6-2018-a605f-noir-origine;17107;100.0;24.0
chassis-central-samsung-galaxy-a7-2018-a750f-bleu-occasion;13277;100.0;6.0
chassis-central-samsung-galaxy-a7-2018-a750f-noir-occasion;11801;100.0;6.0
chassis-central-samsung-galaxy-a7-2018-a750f-rose-piec;22126;100.0;1.44
chassis-central-samsung-galaxy-a70-a705f-blanc-occasion;22101;100.0;7.2
chassis-central-samsung-galaxy-a70-a705f-blanc-origine;9145;100.0;20.4
chassis-central-samsung-galaxy-a70-a705f-bleu-origine;9086;100.0;21.6
chassis-central-samsung-galaxy-a70-a705f-corail-occasion;22100;100.0;7.2
chassis-central-samsung-galaxy-a70-a705f-corail-origine;9085;100.0;24.0
chassis-central-samsung-galaxy-a70-a705f-noir-occasion;22099;100.0;7.2
chassis-central-samsung-galaxy-a71-a715f-gh98-46154b-blanc-origine;18302;100.0;15.6
chassis-central-samsung-galaxy-a71-a715f-noir-origine;13426;100.0;15.6
chassis-central-samsung-galaxy-a8-2018-a530f-orchidee;10979;100.0;2.4
chassis-central-samsung-galaxy-ace-2-i8160-blanc;4910;100.0;1.2
chassis-central-samsung-galaxy-ace-2-i8160-noir;4909;100.0;1.2
chassis-central-samsung-galaxy-ace-3-s7275r-blanc-origine;5721;100.0;1.2
chassis-central-samsung-galaxy-ace-3-s7275r-noir-origine;5720;100.0;1.2
chassis-central-samsung-galaxy-alpha-g850f-argent;5536;100.0;1.2
chassis-central-samsung-galaxy-core-plus-g350;3901;100.0;1.2
chassis-central-samsung-galaxy-core-prime-g360f;3900;100.0;1.2
chassis-central-samsung-galaxy-core-prime-g360f-dual-sim;10071;100.0;1.2
chassis-central-samsung-galaxy-grand-i9082;5462;100.0;1.2
chassis-central-samsung-galaxy-grand-2-g7105;5747;100.0;1.2
chassis-central-samsung-galaxy-j5-2016-j510f-argent;13967;100.0;3.6
chassis-central-samsung-galaxy-j5-2016-j510f-or;6201;100.0;42.0
chassis-central-samsung-galaxy-m23-5g-m236b-gh98-47400a-vert-origine;18412;100.0;15.6
chassis-central-samsung-galaxy-m23-5g-m236b-gh98-47400c-bleu-origine;18413;100.0;15.6
chassis-central-samsung-galaxy-note-n7000-blanc;3359;100.0;1.2
chassis-central-samsung-galaxy-note-n7000-noir;3358;100.0;1.2
chassis-central-samsung-galaxy-note-2-n7100-blanc;3304;100.0;1.2
chassis-central-samsung-galaxy-note-2-4g-n7105-blanc;5724;100.0;2.4
chassis-central-samsung-galaxy-note-2-4g-n7105-gris;5717;100.0;2.4
chassis-central-samsung-galaxy-note-3-n9005-noir;4192;100.0;3.6
chassis-central-samsung-galaxy-note-4-n910f-blanc-origine;5873;100.0;5.4
chassis-central-samsung-galaxy-s23-s911b-gh96-15624a-noir-origine;18506;100.0;33.6
chassis-central-samsung-galaxy-s23-s911b-gh96-15624b-beige-origine;18527;100.0;33.6
chassis-central-samsung-galaxy-s23-s911b-gh96-15624c-vert-origine;18528;100.0;38.4
chassis-central-samsung-galaxy-s23-s911b-gh96-15624d-rose-origine;18529;100.0;34.8
chassis-central-samsung-galaxy-s23-s916b-gh96-15838a-noir-origine;18353;100.0;36.0
chassis-central-samsung-galaxy-s24-ultra-s928b-titane-gris-origine;17870;100.0;132.0
chassis-central-samsung-galaxy-s25-5g-s931b-bleu-nuit-origine;20297;100.0;36.0
chassis-central-samsung-galaxy-s25-5g-s931b-gris-origine;20312;100.0;42.0
chassis-central-samsung-galaxy-s25-5g-s931b-noir-origine;20329;100.0;49.2
chassis-central-samsung-galaxy-s25-ultra-s938b-bleu-argent-origine;20097;100.0;103.2
chassis-central-samsung-galaxy-s25-ultra-s938b-noir-origine;20098;100.0;103.2
chassis-central-samsung-galaxy-s25-ultra-s938b-titane-gris-origine;20096;100.0;96.0
chassis-central-samsung-galaxy-s25-s936b-bleu-origine;20330;100.0;48.0
chassis-central-samsung-galaxy-s25-s936b-noir-origine;20604;100.0;51.6
chassis-central-samsung-galaxy-s26-5g-s942b-gh82-39191a-noir-origine;22754;100.0;48.0
chassis-central-samsung-galaxy-s26-5g-s942b-gh82-39191b-bleu-ciel-origine;22810;100.0;48.0
chassis-central-samsung-galaxy-s26-5g-s942b-gh82-39191c-violet-origine;22809;100.0;48.0
chassis-central-samsung-galaxy-s26-ultra-s948b-gh82-38876b-bleu-origine;22808;100.0;60.0
chassis-central-samsung-galaxy-s26-ultra-5g-s948b-gh82-38876c-violet-origine;22755;100.0;56.4
chassis-central-samsung-galaxy-s4-i9505-or-origine;5689;100.0;3.6
chassis-central-samsung-galaxy-s4-mini-i9195;6069;100.0;1.2
chassis-central-samsung-galaxy-s5-g900f-or;5840;100.0;6.0
chassis-central-samsung-galaxy-s5-active-noir;13989;100.0;8.4
chassis-central-samsung-galaxy-s5-mini-g800f-gh96-07531d-or;14088;100.0;9.6
chassis-central-samsung-galaxy-s6-g920f-blanc-astral-origine;6362;100.0;2.4
chassis-central-samsung-galaxy-s6-g920f-noir-cosmos-origine;6395;100.0;2.4
chassis-central-samsung-galaxy-s6-g920f-or-stellaire-origine;6394;100.0;2.4
chassis-central-samsung-galaxy-s6-edge-g925f-blanc-astral;6396;100.0;7.2
chassis-central-samsung-galaxy-s6-edge-g925f-noir-cosmos;6363;100.0;7.2
chassis-central-samsung-galaxy-s7-g930f-argent;11473;100.0;6.0
chassis-central-samsung-galaxy-s7-g930f-noir;11472;100.0;13.69
chassis-central-samsung-galaxy-tab-active4-pro-lte-t636b-gh98-47888a-noir-origin;18468;100.0;42.0
chassis-central-samsung-galaxy-tab-e-9-6-t560-gh98-37467a-noir-origine;18228;100.0;14.4
chassis-central-samsung-galaxy-tab-s3-9-7-wifi-t820-gh96-10971a-noir-origine;18320;100.0;46.8
chassis-central-samsung-galaxy-tab-s4-10-5-wifi-t830-gh96-11975b-gris-origine;18364;100.0;72.0
chassis-central-samsung-galaxy-trend-s7560-s-duos-s7562-blanc;8266;100.0;1.2
chassis-central-samsung-galaxy-trend-s7560-s-duos-s7562-noir;3357;100.0;1.2
chassis-central-samsung-galaxy-trend-lite-s7390-blanc;9721;100.0;1.2
chassis-central-samsung-galaxy-xcover-4-g390f-noir-origine;13971;100.0;13.46
chassis-central-samsung-galaxy-xcover-5-g525f-gh98-46354a-noir-origine;18004;100.0;24.0
chassis-central-samsung-galaxy-xcover-6-pro-g736b-gh98-47650a-noir-origine;18356;100.0;40.8
chassis-central-samsung-galaxy-xcover-pro-g715f-noir-origine;13973;100.0;7.2
chassis-central-samsung-galaxy-young-s6310-gris-occasion;9969;100.0;1.2
chassis-central-nfc-haut-parleur-samsung-galaxy-a42-a426b-blanc-occasion-abc-mix;21664;100.0;5.4
chassis-centrale-arriere-samsung-galaxy-ace-s5830-noir;3325;100.0;1.2
chassis-complet-nfc-lecteur-empreinte-haut-parleur-samsung-galaxy-a25-5g-a256b-o;21656;100.0;12.6
chassis-complet-samsung-galaxy-a23-5g-occasion-abc-mix-a236b;21581;100.0;5.4
chassis-ecran-d-occasion-samsung-nexus-i9250;9400;100.0;1.2
chassis-ecran-iphone-5-noir;4164;100.0;2.4
chassis-ecran-samsung-galaxy-a11-2020-a115f;16328;100.0;2.4
chassis-ecran-samsung-galaxy-a12-a127f-noir;16324;100.0;2.4
chassis-ecran-samsung-galaxy-a12-2020-a125f-noir;16323;100.0;2.4
chassis-ecran-samsung-galaxy-a13-a135f;16326;100.0;2.4
chassis-ecran-samsung-galaxy-a21s-2020-a217f;16327;100.0;2.4
chassis-ecran-samsung-galaxy-a32-5g-a326b;16325;100.0;2.4
chassis-ecran-samsung-galaxy-ace-2-i8160-blanc;4908;100.0;1.2
chassis-ecran-samsung-galaxy-ace-2-i8160-noir;4907;100.0;1.2
chassis-ecran-samsung-galaxy-alpha-g850f-argent-origine;14086;100.0;7.2
chassis-ecran-samsung-galaxy-j5-j500f;339;100.0;3.6
chassis-ecran-samsung-galaxy-note-n7000-blanc;4052;100.0;3.6
chassis-ecran-samsung-galaxy-note-n7000-noir;4051;100.0;3.6
chassis-ecran-samsung-galaxy-note-2-n7100;4050;100.0;2.4
chassis-ecran-samsung-galaxy-note-2-4g-n7105;4049;100.0;2.4
chassis-ecran-samsung-galaxy-s23-ultra-s918b-argent-origine;17108;100.0;48.0
chassis-ecran-samsung-galaxy-s23-ultra-s918b-beige-origine;17109;100.0;54.0
chassis-ecran-samsung-galaxy-s23-ultra-s918b-gris-origine;17223;100.0;48.0
chassis-ecran-samsung-galaxy-s23-ultra-s918b-noir-origine;16924;100.0;44.4
chassis-ecran-samsung-galaxy-s23-ultra-s918b-vert-origine;17110;100.0;54.0
chassis-ecran-samsung-galaxy-s23-ultra-s918b-violet-origine;17111;100.0;44.4
chassis-ecran-samsung-galaxy-s24-s921b-argent-origine;17867;100.0;34.8
chassis-ecran-samsung-galaxy-s24-s921b-jaune-ambre-origine;17869;100.0;34.8
chassis-ecran-samsung-galaxy-s24-s921b-noir-onyx-origine;17866;100.0;34.8
chassis-ecran-samsung-galaxy-s24-s921b-violet-cobalt-origine;17868;100.0;34.8
chassis-ecran-samsung-galaxy-s24-fe-s721b-graphite-origine;18876;100.0;39.6
chassis-ecran-samsung-galaxy-s24-ultra-s928b-titane-jaune-origine;17872;100.0;180.0
chassis-ecran-samsung-galaxy-s24-ultra-s928b-titane-noir-origine;17871;100.0;180.0
chassis-ecran-samsung-galaxy-s24-s926b-gris-marbe-origine;17874;100.0;25.2
chassis-ecran-samsung-galaxy-s24-s926b-noir-onyx-origine;17873;100.0;39.6
chassis-ecran-samsung-galaxy-s24-s926b-violet-cobalt-origine;17875;100.0;25.2
chassis-ecran-samsung-galaxy-s3-i9300-blanc;4046;100.0;1.8
chassis-ecran-samsung-galaxy-s3-i9300-noir;4045;100.0;3.6
chassis-ecran-samsung-galaxy-s3-4g-i9305-blanc;4191;100.0;1.8
chassis-ecran-samsung-galaxy-s3-4g-i9305-noir;9288;100.0;4.8
chassis-ecran-samsung-galaxy-s4-i9505;4053;100.0;1.8
chassis-ecran-samsung-galaxy-s6-g920f-noir;14018;100.0;2.4
chassis-ecran-samsung-galaxy-s6-edge-g925f;5879;100.0;1.8
chassis-ecran-samsung-galaxy-xcover-4s-g398f-noir-origine;18002;100.0;6.0
chassis-ecran-samsung-galaxy-xcover-5-g525f-noir-origine;18003;100.0;6.0
chassis-ecran-samsung-galaxy-xcover-6-pro-g736b-gh98-47655a-metal-origine;18358;100.0;18.0
chassis-ecran-samsung-galaxy-xcover-pro-g715f-gh98-45175a-origine;18384;100.0;10.8
chassis-interne-samsung-galaxy-xcover-4s-g398f-noir-origine;17993;100.0;24.0
chassis-iphone-14-plus-violet-origine-demonte-piec;21417;100.0;54.0
chassis-support-batterie-d-occasion-samsung-galaxy-s4-zoom-sm-c101;9349;100.0;4.8
chassis-support-interne-d-occasion-huawei-ascend-p7-p7-l10;9784;100.0;7.5
cle-trombone-extracteur-sim-pour-iphone;5655;100.0;0.65
colle-b7000-15ml-smartphones-et-tablettes-mechanic;6365;100.0;1.39
colle-b7000-50ml-smartphones-et-tablettes-mechanic;6366;100.0;1.93
colle-e8000-15ml-smartphones-et-tablettes-mechanic-transparente;4859;100.0;1.4
colle-t7000-15ml-noir-mechanic;10829;100.0;1.51
connecteur-3d-iphone-7-plus;10324;100.0;0.84
connecteur-3d-iphone-8-8-plus;12066;100.0;3.6
connecteur-3d-iphone-x-xs-xs-max;12063;100.0;3.6
connecteur-3d-touch-iphone-6s-6s-plus;8851;100.0;3.6
connecteur-batterie-iphone-11-11-pro-11-pro-max;14645;100.0;1.2
connecteur-batterie-iphone-5;1810;100.0;1.2
connecteur-batterie-iphone-6;6625;100.0;1.2
connecteur-batterie-iphone-6-plus;6633;100.0;1.2
connecteur-batterie-iphone-6s-6s-plus;8852;100.0;3.6
connecteur-batterie-iphone-x-xr-xs-xs-max;12065;100.0;2.27
connecteur-batterie-samsung-galaxy-s3-i9300-s4-i9505;1925;100.0;1.2
connecteur-batterie-samsung-galaxy-trend-duos-s7562-s7560;3095;100.0;0.6
connecteur-batterie-sur-carte-mere-samsung-galaxy-note-2-gt-n7100-n7105;1926;100.0;2.4
connecteur-camera-arriere-grand-angle-iphone-12-12-pro-12-pro-max;14812;100.0;1.2
connecteur-camera-arriere-iphone-11;14806;100.0;1.2
connecteur-camera-arriere-iphone-11-pro-11-pro-max;14820;100.0;1.2
connecteur-camera-arriere-iphone-5c-5s;6451;100.0;1.2
connecteur-camera-arriere-iphone-6;6622;100.0;1.2
connecteur-camera-arriere-iphone-6s-6s-plus;8849;100.0;0.84
connecteur-camera-arriere-iphone-7;10303;100.0;0.84
connecteur-camera-arriere-iphone-7-plus;10321;100.0;2.4
connecteur-camera-avant-iphone-11;14646;100.0;2.4
connecteur-camera-avant-iphone-11-pro;14649;100.0;2.4
connecteur-camera-avant-iphone-11-pro-11-pro-max;14637;100.0;2.4
connecteur-camera-avant-iphone-5;6452;100.0;1.2
connecteur-camera-avant-iphone-5c-5s;6450;100.0;1.2
connecteur-camera-avant-iphone-6;6627;100.0;1.2
connecteur-camera-avant-iphone-6s-6s-plus;8850;100.0;3.6
connecteur-camera-avant-iphone-7;10304;100.0;0.84
connecteur-camera-avant-iphone-7-plus;10322;100.0;2.4
connecteur-camera-avant-iphone-x;14643;100.0;1.2
connecteur-camera-avant-iphone-x-xs-xs-max;14634;100.0;2.4
connecteur-camera-avant-iphone-xr;14631;100.0;2.4
connecteur-carte-mere-lcd-ipad-mini-2-3;6370;100.0;1.2
connecteur-carte-mere-lcd-samsung-galaxy-note-n7000-s4-i9505;3108;100.0;1.2
connecteur-carte-mere-lcd-samsung-galaxy-s3-i9300-s3-4g-i9305;5137;100.0;2.4
connecteur-carte-mere-tactile-iphone-5c-5s;3246;100.0;1.2
connecteur-carte-mere-nappe-sim-iphone-12;14815;100.0;1.2
connecteur-de-batterie-samsung-galaxy-s-iii-mini-i8190;3132;100.0;1.2
connecteur-de-batterie-sur-carte-mere-iphone-5s;3241;100.0;1.2
connecteur-de-charge-usb-type-c-samsung-galaxy-a3-2017-a320f-a5-2017-a520f-a7-20;9061;100.0;1.73
connecteur-de-charge-usb-type-c-samsung-galaxy-s10-g973f-s10e-g970f-s10-g975f-s1;9131;100.0;1.45
connecteur-de-charge-huawei-ascend-mate-7;8826;100.0;4.8
connecteur-de-charge-huawei-p9-eva-l09;8829;100.0;4.8
connecteur-de-charge-huawei-p9-lite-vns-l31;9021;100.0;2.4
connecteur-de-charge-samsung-galaxy;5056;100.0;1.86
connecteur-de-charge-samsung-galaxy-a-j;6490;100.0;2.71
connecteur-de-charge-samsung-galaxy-a-note;3944;100.0;5.0
connecteur-de-charge-samsung-galaxy-a20-a205f-a30-a305f-a70-a705f-a51-a515-4g-a5;15232;100.0;0.78
connecteur-de-charge-samsung-galaxy-a52-5g-a526b;15235;100.0;0.67
connecteur-de-charge-samsung-galaxy-a8-2018-a530f;10988;100.0;1.81
connecteur-de-charge-samsung-galaxy-mega-i9205-galaxy-tab;3130;100.0;0.72
connecteur-de-charge-samsung-galaxy-note-n7000;5326;100.0;0.6
connecteur-de-charge-samsung-galaxy-note-2-n7100-s4-i9505-s4-active-i9295;1688;100.0;2.4
connecteur-de-charge-samsung-galaxy-note-3-n9005-s5-g900f;3096;100.0;2.4
connecteur-de-charge-samsung-galaxy-s-i9000;620;100.0;0.6
connecteur-de-charge-samsung-galaxy-s2-i9103;9911;100.0;1.2
connecteur-de-charge-samsung-galaxy-s3-i9300-i9305;3440;100.0;2.4
connecteur-de-charge-samsung-galaxy-s3-mini-i8190-trend-s7560-s-duos-s7562;1296;100.0;0.6
connecteur-de-charge-samsung-galaxy-s4-mini-i9195-core-i8262;6066;100.0;0.6
connecteur-de-charge-samsung-galaxy-s6-g920f-a5-2016-a510f;3919;100.0;0.84
connecteur-de-charge-samsung-galaxy-s7-g930f-s7-edge-g935f;6953;100.0;1.68
connecteur-de-charge-samsung-galaxy-s8-g955f-s8-g950f;9027;100.0;7.2
connecteur-de-charge-samsung-galaxy-tab-s2-9-7-t810-t815-tab-3-8-0-t310-t311-t31;10533;100.0;1.2
connecteur-de-charge-samsung-galaxy-tab-s3-9-7-t820-t825-tab-a-2018-10-5-t590-t5;13027;100.0;2.15
connecteur-de-charge-samsung-galaxy-trend-lite-s7390;6318;100.0;0.6
connecteur-de-charge-samsung-galaxy-wave-3-s8600;7497;100.0;1.2
connecteur-de-charge-samsung-galaxy-wave-gt-s8500;8484;100.0;0.6
connecteur-de-charge-samsung-grand-core-tab-multi-modeles;5018;100.0;0.44
connecteur-dot-projector-iphone-11;14807;100.0;1.2
connecteur-dot-projector-iphone-11-pro-11-pro-max;14821;100.0;1.2
connecteur-dot-projector-iphone-x-xs-xs-max;14830;100.0;1.2
connecteur-ecouteur-interne-iphone-12-mini-12-12-pro-12-pro-max;14816;100.0;1.45
connecteur-fpc-charge-usb-lcd-2x39pin-sur-carte-mere-samsung-galaxy-a12-a13-a22-;15512;100.0;1.31
connecteur-infrared-iphone-12-mini-12-12-pro-12-pro-max;14813;100.0;1.2
connecteur-lcd-carte-mere-iphone-5s-se;3244;100.0;1.2
connecteur-lcd-tactile-iphone-6s;8848;100.0;3.6
connecteur-lcd-ipad-air;8074;100.0;3.0
connecteur-lcd-ipad-air-2;8331;100.0;3.0
connecteur-lcd-iphone-8-se-2020-se-2022;12069;100.0;1.2
connecteur-lcd-samsung-galaxy-s4-mini-i9195;6724;100.0;3.6
connecteur-lcd-samsung-galaxy-tab-p5110-p5100;4556;100.0;0.6
connecteur-lcd-sur-carte-mere-iphone-5c;3245;100.0;1.2
connecteur-lcd-sur-carte-mere-samsung-galaxy-a40-a405f;13028;100.0;1.15
connecteur-nappe-charge-iphone-11-pro-11-pro-max;14801;100.0;1.2
connecteur-nappe-charge-iphone-5c-5s;6449;100.0;1.2
connecteur-nappe-charge-iphone-7;10302;100.0;2.4
connecteur-nappe-charge-iphone-7-plus;10316;100.0;2.4
connecteur-nappe-charge-iphone-x-xs-xs-max;14831;100.0;1.2
connecteur-nappe-power-iphone-7;10305;100.0;0.84
connecteur-nappe-power-iphone-7-plus;10323;100.0;0.84
connecteur-nappe-principale-sur-carte-mere-samsung-galaxy-a31-a40-a41-a51-a71-a7;13370;100.0;1.4
connecteur-power-iphone-4-4s;6447;100.0;1.2
connecteur-power-iphone-5c-5s;6448;100.0;1.2
connecteur-power-iphone-6;6624;100.0;1.2
connecteur-power-iphone-6-plus;6632;100.0;1.2
connecteur-power-volume-iphone-12-mini-12-12-pro-12-pro-max;14817;100.0;1.2
connecteur-tactile-lcd-ipad-pro-12-9;10757;100.0;2.24
connecteur-tactile-a-souder-samsung-ace-s5830-s5830i-s5839i;4116;100.0;1.2
connecteur-tactile-ipad-air;8075;100.0;3.0
connecteur-tactile-ipad-mini-1-mini-2;1666;100.0;2.4
connecteur-vitre-tactile-pour-samsung-galaxy-tab-2-10-1-gt-p5110-p5100-et-note-1;3269;100.0;0.6
contour-vitre-cache-camera-arriere-samsung-galaxy-a51-a515f-noir;12201;100.0;1.96
contour-vitre-cache-camera-arriere-samsung-galaxy-a70-a705f-blanc;12137;100.0;3.6
contour-vitre-cache-camera-arriere-samsung-galaxy-a70-a705f-bleu;12139;100.0;1.16
contour-vitre-cache-camera-arriere-samsung-galaxy-a70-a705f-corail;12138;100.0;1.16
contour-vitre-cache-camera-arriere-samsung-galaxy-a70-a705f-noir;12136;100.0;2.68
contour-vitre-cache-camera-arriere-samsung-galaxy-j6-j610f;11821;100.0;1.16
contour-vitre-cache-camera-arriere-samsung-galaxy-note-7-n930f-argent;8648;100.0;1.2
contour-vitre-cache-camera-arriere-samsung-galaxy-note-7-n930f-bleu;8650;100.0;1.2
contour-vitre-cache-camera-arriere-samsung-galaxy-note-7-n930f-noir;8647;100.0;1.2
contour-vitre-cache-camera-arriere-samsung-galaxy-note-7-n930f-or;8649;100.0;1.2
contour-vitre-cache-camera-arriere-samsung-galaxy-s10-g973f-blanc-prisme;9120;100.0;2.7
contour-vitre-cache-camera-arriere-samsung-galaxy-s10-g973f-noir-prisme;9114;100.0;2.16
contour-vitre-cache-camera-arriere-samsung-galaxy-s10-g973f-vert-prisme;9126;100.0;3.19
contour-vitre-cache-camera-arriere-samsung-galaxy-s10-g975f-blanc-prisme;9092;100.0;2.78
contour-vitre-cache-camera-arriere-samsung-galaxy-s10-g975f-noir-prisme;9088;100.0;2.4
contour-vitre-cache-camera-arriere-samsung-galaxy-s10-g975f-vert-prisme;9095;100.0;12.0
contour-vitre-cache-camera-arriere-samsung-galaxy-s8-g950f-argent-polaire;7339;100.0;3.16
contour-vitre-cache-camera-arriere-samsung-galaxy-s8-g950f-bleu;7454;100.0;3.16
contour-vitre-cache-camera-arriere-samsung-galaxy-s8-g950f-noir-carbone;7264;100.0;3.16
contour-vitre-cache-camera-arriere-samsung-galaxy-s8-g950f-or;7282;100.0;3.16
contour-vitre-cache-camera-arriere-samsung-galaxy-s8-g950f-orchidee;7455;100.0;3.16
contour-vitre-cache-camera-arriere-samsung-galaxy-s8-g950f-rose;7417;100.0;3.16
contour-vitre-cache-camera-arriere-samsung-galaxy-s8-g955f-argent-polaire;7181;100.0;0.6
contour-vitre-cache-camera-arriere-samsung-galaxy-s8-g955f-bleu;7220;100.0;0.6
contour-vitre-cache-camera-arriere-samsung-galaxy-s8-g955f-noir-carbone;7986;100.0;0.6
contour-vitre-cache-camera-arriere-samsung-galaxy-s8-g955f-or;7165;100.0;0.6
contour-vitre-cache-camera-arriere-samsung-galaxy-s8-g955f-orchidee;7244;100.0;0.6
contour-vitre-cache-camera-arriere-samsung-galaxy-s8-g955f-rose;7208;100.0;0.6
contour-vitre-cache-camera-samsung-galaxy-a3-2016-a310f-a5-2016-a510f-or;7530;100.0;1.2
contour-vitre-cache-camera-samsung-galaxy-a3-2016-a310f-a5-2016-a510f-rose;7540;100.0;1.2
contour-vitre-cache-camera-samsung-galaxy-a6-2018-a600f;11362;100.0;4.8
contour-vitre-cache-camera-samsung-galaxy-a6-2018-a605f;11381;100.0;1.2
contour-vitre-cache-camera-samsung-galaxy-a8-2018-a530f;10963;100.0;2.2
contour-vitre-cache-camera-samsung-galaxy-note-4-n910f-blanc;5136;100.0;2.4
contour-vitre-cache-camera-samsung-galaxy-note-4-n910f-noir;5135;100.0;2.4
contour-vitre-cache-camera-samsung-galaxy-note-4-n910f-or;6417;100.0;2.4
contour-vitre-cache-camera-samsung-galaxy-note-8-n950f;10752;100.0;2.8
contour-vitre-cache-camera-samsung-galaxy-note-9-n960f-bleu-cobalt;11529;100.0;0.6
contour-vitre-cache-camera-samsung-galaxy-note-9-n960f-noir-profond;11528;100.0;0.6
contour-vitre-cache-camera-samsung-galaxy-s4-i9505;3935;100.0;2.4
contour-vitre-cache-camera-samsung-galaxy-s5-g900f-argent;4629;100.0;3.6
contour-vitre-cache-camera-samsung-galaxy-s5-g900f-or;6416;100.0;1.2
contour-vitre-cache-camera-samsung-galaxy-s6-g920f-blanc-origine;3917;100.0;0.6
contour-vitre-cache-camera-samsung-galaxy-s6-g920f-noir-origine;3918;100.0;0.6
contour-vitre-cache-camera-samsung-galaxy-s6-edge-g925f-blanc-origine;6386;100.0;1.96
contour-vitre-cache-camera-samsung-galaxy-s6-edge-g925f-noir-origine;6385;100.0;1.96
contour-vitre-cache-camera-samsung-galaxy-s6-edge-g925f-or-origine;6387;100.0;1.96
contour-vitre-cache-camera-samsung-galaxy-s7-g930f-s7-edge-g935f-argent;10501;100.0;1.96
contour-vitre-cache-camera-samsung-galaxy-s7-g930f-s7-edge-g935f-blanc;10498;100.0;7.2
contour-vitre-cache-camera-samsung-galaxy-s7-g930f-s7-edge-g935f-noir;10497;100.0;1.96
contour-vitre-cache-camera-samsung-galaxy-s7-g930f-s7-edge-g935f-rose;10500;100.0;1.96
contour-vitre-camera-samsung-galaxy-s6-g920f-or-origine;6384;100.0;1.08
contour-cache-camera-arriere-samsung-galaxy-a10-a105f-bleu;4373;100.0;2.48
contour-cache-camera-arriere-samsung-galaxy-a10-a105f-noir;4374;100.0;2.82
contour-cache-camera-arriere-samsung-galaxy-a10-a105f-rouge;4372;100.0;2.02
contour-cache-camera-arriere-samsung-galaxy-note-10-lite-n770f-noir;12240;100.0;3.08
contour-camera-arriere-d-occasion-samsung-galaxy-s4-zoom-sm-c101-blanc;9346;100.0;1.2
contour-ecran-avant-droit-samsung-galaxy-fold-f900f-gh98-43887a-origine;18232;100.0;4.8
contour-ecran-avant-gauche-samsung-galaxy-fold-f900f-gh98-44442a-origine;18233;100.0;4.8
contour-ecran-secondaire-samsung-galaxy-fold-f900f-gh98-44273a-origine;18234;100.0;4.8
contour-vitre-cache-camera-samsung-galaxy-s20-fe-4g-g780f-blanc;12973;100.0;1.34
contour-vitre-cache-camera-samsung-galaxy-s20-fe-4g-g780f-bleu;12972;100.0;1.54
contour-vitre-cache-camera-samsung-galaxy-s20-fe-4g-g780f-noir;13574;100.0;1.62
contour-vitre-cache-camera-samsung-galaxy-s20-fe-4g-g780f-orange;12976;100.0;10.8
contour-vitre-cache-camera-samsung-galaxy-s20-fe-4g-g780f-rouge;12975;100.0;1.56
contour-vitre-cache-camera-samsung-galaxy-s20-fe-4g-g780f-violet;12974;100.0;1.66
contour-vitre-cache-camera-samsung-galaxy-z-flip3-5g-f711b;14867;100.0;4.2
coque-verre-trempe-protection-camera-iphone-14-13-13-pro-heybingo-antistatique-h;18649;100.0;6.0
coque-verre-trempe-protection-camera-iphone-14-plus-13-pro-max-heybingo-antistat;18648;100.0;18.0
coque-verre-trempe-protection-camera-iphone-14-pro-heybingo-antistatique-hd3in1-;18647;100.0;6.0
coque-verre-trempe-protection-camera-iphone-14-pro-max-heybingo-antistatique-hd3;18650;100.0;6.0
coque-verre-trempe-protection-camera-iphone-15-heybingo-antistatique-hd3in1-supe;18264;100.0;6.0
coque-verre-trempe-protection-camera-iphone-15-plus-heybingo-antistatique-hd3in1;18265;100.0;6.0
coque-verre-trempe-protection-camera-iphone-15-pro-heybingo-antistatique-hd3in1-;18266;100.0;8.4
coque-verre-trempe-protection-camera-iphone-15-pro-max-heybingo-antistatique-hd3;18267;100.0;8.4
coque-a-rabat-ef-dt800bwegww-samsung-galaxy-tab-s-10-5-t800-blanc;1567;100.0;2.4
coque-a-rabat-samsung-galaxy-s4-i9505-blanc;7135;100.0;3.6
coque-a-rabat-samsung-galaxy-tab-s-10-5-t800-noir;15356;100.0;6.0
coque-a-rabat-smart-view-huawei-nova-can-l01l11-noir;7595;100.0;1.2
coque-a-rabat-wiko-darkside-blanc-origine;8401;100.0;3.6
coque-angle-renforce-protection-camera-iphone-11-pro-max-transparent;13711;100.0;9.0
coque-angle-renforce-protection-camera-iphone-11-pro-transparent;13712;100.0;9.0
coque-angle-renforce-protection-camera-iphone-11-transparent;13713;100.0;9.6
coque-angle-renforce-protection-camera-iphone-13-mini-transparent;13932;100.0;10.0
coque-angle-renforce-protection-camera-iphone-13-pro-transparent;13930;100.0;10.0
coque-angle-renforce-protection-camera-iphone-13-transparent;13929;100.0;10.0
coque-angle-renforce-protection-camera-samsung-galaxy-note-20-n980f-n981f-transp;13714;100.0;9.0
coque-angle-renforce-google-pixel-10-pro-transparent;21248;100.0;3.6
coque-angle-renforce-google-pixel-10-pro-xl-transparent;21249;100.0;3.6
coque-angle-renforce-google-pixel-10-transparent;21247;100.0;3.6
coque-angle-renforce-google-pixel-9-pro-transparent;21245;100.0;3.6
coque-angle-renforce-google-pixel-9-pro-xl-transparent;21246;100.0;3.6
coque-angle-renforce-google-pixel-9-transparent;21243;100.0;3.6
coque-angle-renforce-google-pixel-9a-transparent;21244;100.0;3.6
coque-angle-renforce-iphone-13-pro-max-transparent;13931;100.0;10.0
coque-angle-renforce-iphone-16-plus-transparent;19698;100.0;10.0
coque-angle-renforce-iphone-16-pro-max-transparent;19700;100.0;10.0
coque-angle-renforce-iphone-16-pro-transparent;19699;100.0;10.0
coque-angle-renforce-iphone-16-transparent;19697;100.0;10.0
coque-angle-renforce-iphone-16e-iphone-17e-transparent;19716;100.0;10.0
coque-angle-renforce-samsung-a2-core-2019-a260f;14308;100.0;10.0
coque-angle-renforce-samsung-a72-4g-a725f-a72-5g-a726b;14304;100.0;10.0
coque-angle-renforce-samsung-galaxy-a05s-a057g;22978;100.0;10.0
coque-angle-renforce-samsung-galaxy-a10-a105f-transparent;20522;100.0;9.0
coque-angle-renforce-samsung-galaxy-a14-4g-a145f-a14-5g-a146b-transparant;16134;100.0;10.0
coque-angle-renforce-samsung-galaxy-a16-4g-a165f;22979;100.0;10.0
coque-angle-renforce-samsung-galaxy-a34-5g-a346b-transparant;16135;100.0;10.0
coque-angle-renforce-samsung-galaxy-a54-5g-a546b-transparant;16136;100.0;10.0
coque-angle-renforce-samsung-galaxy-note-10-n975f-transparent;20523;100.0;9.0
coque-angle-renforce-samsung-galaxy-s10-g973f-transparent;7954;100.0;2.4
coque-angle-renforce-samsung-galaxy-s25-s931b-transparent;19701;100.0;10.0
coque-angle-renforce-samsung-galaxy-s25-ultra-s938b-transparent;19703;100.0;10.0
coque-angle-renforce-samsung-galaxy-s25-s936b-transparent;19702;100.0;10.0
coque-angle-renforce-samsung-galaxy-xcover-5-g525f-transparent;20520;100.0;9.0
coque-angle-renforce-samsung-galaxy-z-flip3-5g-f711b-transparent;14923;100.0;12.0
coque-angle-renforce-samsung-s10-5g-g977b;14306;100.0;10.0
coque-angle-renforce-samsung-s10e-g970f;14305;100.0;10.0
coque-antichoc-fort-s-pro-ipad-air-11-2024-noir;18643;100.0;24.0
coque-antichoc-fort-s-pro-ipad-air-13-2024-noir;18644;100.0;24.0
coque-antichoc-fort-s-pro-ipad-pro-11-2024-noir;18645;100.0;24.0
coque-antichoc-fort-s-pro-ipad-pro-13-2024-noir;18646;100.0;24.0
coque-arriere-duos-chassis-samsung-galaxy-j6-2018-j600f-bleu-argente-origine;11728;100.0;27.6
coque-arriere-duos-chassis-samsung-galaxy-j6-2018-j600f-or-origine;11727;100.0;27.6
coque-arriere-duos-samsung-galaxy-j3-2017-j330f-bleu;10536;100.0;12.0
coque-arriere-duos-samsung-galaxy-j5-2017-j530f-bleu;10542;100.0;13.2
coque-arriere-duos-samsung-galaxy-j5-2017-j530f-noir;10540;100.0;15.6
coque-arriere-duos-samsung-galaxy-j5-2017-j530f-or;10541;100.0;13.2
coque-arriere-duos-samsung-galaxy-j7-2017-j730f-noir;10543;100.0;36.0
coque-arriere-duos-samsung-galaxy-j7-2017-j730f-or;10544;100.0;20.4
coque-arriere-chassis-duos-samsung-galaxy-a6-2018-a605f-noir-origine;9207;100.0;31.2
coque-arriere-chassis-huawei-mate-10-lite-bleu-origine;850;100.0;22.8
coque-arriere-chassis-huawei-mate-10-lite-noir-origine;11678;100.0;19.2
coque-arriere-chassis-iphone-5s-gris-sideral;11305;100.0;6.0
coque-arriere-chassis-iphone-5s-or;11307;100.0;6.0
coque-arriere-chassis-samsung-galaxy-a6-2018-a600f-noir;11365;100.0;31.2
coque-arriere-chassis-samsung-galaxy-a6-2018-a600f-or-origine;11603;100.0;24.0
coque-arriere-chassis-samsung-galaxy-a6-2018-a600f-violet-origine;11604;100.0;27.6
coque-arriere-chassis-samsung-galaxy-j3-2017-j330f-bleu;11409;100.0;24.0
coque-arriere-chassis-samsung-galaxy-j3-2017-j330f-noir;11397;100.0;30.0
coque-arriere-chassis-samsung-galaxy-j3-2017-j330f-or;11408;100.0;30.0
coque-arriere-chassis-samsung-galaxy-j6-2018-j600f-noir-origine;9507;100.0;27.48
coque-arriere-chassis-samsung-galaxy-j6-j610f-gris-origine;11815;100.0;21.6
coque-arriere-chassis-samsung-galaxy-j6-j610f-noir-origine;11814;100.0;30.0
coque-arriere-chassis-samsung-galaxy-j6-j610f-rouge-origine;11816;100.0;34.8
coque-arriere-verre-trempe-protection-integrale-jaym-xiaomi-redmi-a3-4g-redmi-a3;20806;100.0;7.2
coque-arriere-assemblee-iphone-5c-bleu;5701;100.0;6.0
coque-arriere-assemblee-iphone-5c-jaune;6289;100.0;6.0
coque-arriere-assemblee-iphone-5c-vert;6288;100.0;6.0
coque-arriere-avec-rabat-d-occasion-acer-liquid-z3-z130-noir;7481;100.0;6.0
coque-arriere-d-occasion-huawei-ascend-g525-blanc;7153;100.0;5.0
coque-arriere-d-occasion-huawei-ascend-g525-noir;7152;100.0;5.0
coque-arriere-d-occasion-huawei-ascend-y300-blanc;7190;100.0;1.2
coque-arriere-d-occasion-huawei-ascend-y300-noir;7188;100.0;1.2
coque-arriere-d-occasion-huawei-ascend-y330-rose;6173;100.0;4.5
coque-arriere-d-occasion-huawei-ascend-y530-blanc;7176;100.0;5.0
coque-arriere-d-occasion-huawei-ascend-y530-noir;7167;100.0;1.2
coque-arriere-d-occasion-samsung-galaxy-fame-s6810-blanc;9896;100.0;3.5
coque-arriere-d-occasion-samsung-galaxy-mini-2-s6500-blanc;9888;100.0;3.5
coque-arriere-d-occasion-samsung-galaxy-mini-2-s6500-noir;9887;100.0;3.5
coque-arriere-d-occasion-samsung-galaxy-s-advance-i9070-blanc;9879;100.0;3.5
coque-arriere-d-occasion-samsung-galaxy-s-advance-i9070-noir;9260;100.0;3.5
coque-arriere-huawei-p8-lite-ale-l21-blanc;8588;100.0;15.0
coque-arriere-huawei-p9-eva-l09-or;8772;100.0;12.0
coque-arriere-huawei-p9-lite-vns-l31-blanc;8775;100.0;8.4
coque-arriere-huawei-p9-lite-vns-l31-or;9091;100.0;12.0
coque-arriere-iphone-6s-noir;10709;100.0;6.0
coque-arriere-iphone-6s-or;10711;100.0;6.0
coque-arriere-iphone-6s-plus-noir;10712;100.0;12.0
coque-arriere-iphone-se-2020-se-2022-7-8-rigide-otterbox-symmetry-series-noir;21576;100.0;12.0
coque-arriere-samsung-galaxy-a12-2020-a125-noir-origine;13193;100.0;18.0
coque-arriere-samsung-galaxy-a12-2020-a125f-blanc;13369;100.0;22.8
coque-arriere-samsung-galaxy-a13-a135f-blanc-origine-gh82-28387d;15507;100.0;19.2
coque-arriere-samsung-galaxy-a13-5g-a136b-bleu-origine-gh82-28961b;18354;100.0;14.4
coque-arriere-samsung-galaxy-a14-4g-a145f-gh81-23538a-vert-origine;18689;100.0;14.4
coque-arriere-samsung-galaxy-a14-5g-a146b-gh81-23637a-noir-origine;18697;100.0;12.0
coque-arriere-samsung-galaxy-a14-5g-a146p-gh81-23638a-gris-origine;18318;100.0;14.4
coque-arriere-samsung-galaxy-a14-5g-a146p-gh81-23639a-vert-origine;18319;100.0;12.0
coque-arriere-samsung-galaxy-a6-2018-a605f-gh82-16428a-noir-origine;18525;100.0;48.0
coque-arriere-samsung-galaxy-ace-2-i8160-blanc;5284;100.0;1.2
coque-arriere-samsung-galaxy-ace-3-s7275r-blanc-origine;5723;100.0;1.2
coque-arriere-samsung-galaxy-ace-3-s7275r-noir-origine;5722;100.0;1.2
coque-arriere-samsung-galaxy-ace-4-g357fz-blanc;5845;100.0;1.2
coque-arriere-samsung-galaxy-ace-4-g357fz-noir;8220;100.0;1.2
coque-arriere-samsung-galaxy-alpha-g850f-blanc-origine;5853;100.0;8.4
coque-arriere-samsung-galaxy-core-plus-g350-blanc;5846;100.0;3.6
coque-arriere-samsung-galaxy-core-plus-g350-noir;8164;100.0;3.6
coque-arriere-samsung-galaxy-core-prime-g360f-g361-noir;6479;100.0;3.6
coque-arriere-samsung-galaxy-grand-2-g7105-blanc;5131;100.0;3.6
coque-arriere-samsung-galaxy-grand-2-g7105-noir;5130;100.0;3.6
coque-arriere-samsung-galaxy-grand-prime-g530fz-blanc;6477;100.0;3.6
coque-arriere-samsung-galaxy-grand-prime-g530fz-noir;6476;100.0;6.0
coque-arriere-samsung-galaxy-j2-pro-2018-j250f-noir-origine;5270;100.0;8.4
coque-arriere-samsung-galaxy-j2-pro-2018-j250f-or-origine;5271;100.0;8.4
coque-arriere-samsung-galaxy-j3-2016-j320f-blanc;10566;100.0;6.6
coque-arriere-samsung-galaxy-j3-2016-j320f-noir;10565;100.0;6.0
coque-arriere-samsung-galaxy-j3-2016-j320f-or;10567;100.0;7.2
coque-arriere-samsung-galaxy-j4-j415f-gh82-18155c-rose-origine;18363;100.0;30.0
coque-arriere-samsung-galaxy-j5-j500f-blanc;341;100.0;3.6
coque-arriere-samsung-galaxy-j5-j500f-noir;340;100.0;3.6
coque-arriere-samsung-galaxy-j5-2016-j510f-blanc;10939;100.0;8.4
coque-arriere-samsung-galaxy-j5-2016-j510f-noir;10938;100.0;8.4
coque-arriere-samsung-galaxy-j5-2016-j510f-or;10940;100.0;8.4
coque-arriere-samsung-galaxy-j5-2017-j530f-bleu;10539;100.0;10.8
coque-arriere-samsung-galaxy-j5-2017-j530f-or;10538;100.0;42.0
coque-arriere-samsung-galaxy-j7-2016-j710f-blanc;10942;100.0;9.6
coque-arriere-samsung-galaxy-j7-2016-j710f-noir;10941;100.0;9.6
coque-arriere-samsung-galaxy-j7-2016-j710f-or;10943;100.0;9.6
coque-arriere-samsung-galaxy-m13-m135f-gh82-22412b-rouge-origine;18699;100.0;21.6
coque-arriere-samsung-galaxy-m13-m135f-gh82-29055c-bleu-origine;18698;100.0;13.2
coque-arriere-samsung-galaxy-m20-m205f-bleu-ocean;9183;100.0;18.25
coque-arriere-samsung-galaxy-m20-m205f-noir-charbon;9184;100.0;20.04
coque-arriere-samsung-galaxy-mega-i9205-noir;4808;100.0;3.6
coque-arriere-samsung-galaxy-note-n7000-blanc;6399;100.0;3.6
coque-arriere-samsung-galaxy-note-2-n7100-blanc;5273;100.0;3.6
coque-arriere-samsung-galaxy-s3-i9300-bleu;4038;100.0;3.6
coque-arriere-samsung-galaxy-s3-i9300-noir;4036;100.0;3.6
coque-arriere-samsung-galaxy-s3-mini-i8190-bleu;5287;100.0;3.6
coque-arriere-samsung-galaxy-s4-mini-i9195-blanc;5277;100.0;3.6
coque-arriere-samsung-galaxy-s4-mini-i9195-noir-origine;5276;100.0;3.6
coque-arriere-samsung-galaxy-s5-g900f-blanc;4644;100.0;6.0
coque-arriere-samsung-galaxy-s5-active-g870f-gh98-35710c-kaki-origine;18237;100.0;7.2
coque-arriere-samsung-galaxy-tab-3-10-1-p5220-blanc;8924;100.0;24.0
coque-arriere-samsung-galaxy-tab-a-9-7-t550-gh98-36922c-blanc-origine;18419;100.0;21.6
coque-arriere-samsung-galaxy-tab-a6-tab-a-2016-7-0-t285-gh98-39568b-blanc-origin;18226;100.0;18.0
coque-arriere-samsung-galaxy-tab-a8-10-5-2021-x200-x205-gris-origine;17722;100.0;24.0
coque-arriere-samsung-galaxy-tab-a8-10-5-2021-x200-argent-origine;17721;100.0;24.0
coque-arriere-samsung-galaxy-tab-a8-10-5-2021-x200-gris-origine;17719;100.0;24.0
coque-arriere-samsung-galaxy-tab-active-4-pro-t630-t636-gh98-47895a-noir-origine;18469;100.0;36.0
coque-arriere-samsung-galaxy-tab-active2-t390-t395-gh98-42274a-noir-origine;18227;100.0;18.0
coque-arriere-samsung-galaxy-tab-s2-9-7-t815-blanc;10327;100.0;20.4
coque-arriere-samsung-galaxy-tab-s2-9-7-2016-t819n-gh82-11936b-blanc-origine;18274;100.0;27.6
coque-arriere-samsung-galaxy-tab-s3-9-7-wifi-t820-gh82-13895a-origine;18370;100.0;30.0
coque-arriere-samsung-galaxy-tab-s4-10-5-wifi-t830-noir-origine;18028;100.0;28.8
coque-arriere-samsung-galaxy-tab-s5e-t720-gh82-19454c-or-origine;18328;100.0;46.8
coque-arriere-samsung-galaxy-tab-s5e-t725-gh82-19455a-argent-origine;18324;100.0;58.8
coque-arriere-samsung-galaxy-tab-s5e-t725-gh82-19455c-or-origine;18329;100.0;54.0
coque-arriere-samsung-galaxy-tab-s6-t860-gh82-20850a-noir-origine;18750;100.0;70.8
coque-arriere-samsung-galaxy-tab-s6-lte-t865-noir;13966;100.0;58.8
coque-arriere-samsung-galaxy-tab-s7-wifi-t870-gh82-23570a-noir-origine;18747;100.0;82.8
coque-arriere-samsung-galaxy-trend-s7560-blanc;5282;100.0;3.6
coque-arriere-samsung-galaxy-trend-s7560-noir;5283;100.0;3.6
coque-arriere-samsung-galaxy-trend-lite-s7390-blanc;5288;100.0;3.6
coque-arriere-samsung-galaxy-xcover-6-pro-g736b-gh98-47657a-noir-origine;18357;100.0;18.0
coque-basic-silicone-protection-camera-samsung-galaxy-s26-5g-s942b-noir;22756;100.0;3.6
coque-basic-silicone-protection-camera-samsung-galaxy-s26-ultra-5g-s948b-noir;22758;100.0;3.6
coque-basic-silicone-protection-camera-samsung-galaxy-s26-5g-s947b-noir;22757;100.0;3.6
coque-de-protection-avec-support-cache-usams-iphone-12-mini-transparent-noir;15913;100.0;2.4
coque-de-protection-pour-macbook-air-13-6-m2-a2681-2022-bleu-marine;16509;100.0;21.82
coque-de-protection-pour-macbook-air-13-6-m2-a2681-2022-noir;16508;100.0;21.82
coque-de-protection-pour-macbook-air-13-a2337-m1-a2179-a1932-2018-2020-bleu-mari;16503;100.0;21.82
coque-de-protection-pour-macbook-pro-13-a2338-a2289-a2251-m1-2018-2020-m2-2022-b;16505;100.0;21.82
coque-de-protection-pour-macbook-pro-14-a2442-m1-pro-m1-max-2021-a2779-m2-pro-m2;16507;100.0;21.82
coque-de-protection-pour-macbook-pro-16-a2485-m1-pro-m1-max-2021-bleu-marine;16511;100.0;21.82
coque-de-protection-pour-macbook-pro-16-a2485-m1-pro-m1-max-2021-noir;16510;100.0;21.82
coque-en-silicone-smooth-pour-iphone-16e-iphone-17e-compatible-magsafe-blanc;20634;100.0;6.0
coque-en-silicone-smooth-pour-iphone-16e-iphone-17e-compatible-magsafe-noir;20633;100.0;6.0
coque-en-silicone-smooth-pour-iphone-17-air-compatible-magsafe-or;20626;100.0;6.0
coque-en-silicone-smooth-pour-iphone-17-compatible-magsafe-blanc;20622;100.0;6.0
coque-en-silicone-smooth-pour-iphone-17-compatible-magsafe-bleu-ciel;20621;100.0;6.0
coque-en-silicone-smooth-pour-iphone-17-compatible-magsafe-noir;20619;100.0;6.0
coque-en-silicone-smooth-pour-iphone-17-compatible-magsafe-violet;20620;100.0;6.0
coque-en-silicone-smooth-pour-iphone-17-pro-compatible-magsafe-blanc;20629;100.0;6.0
coque-en-silicone-smooth-pour-iphone-17-pro-compatible-magsafe-bleu;20628;100.0;6.0
coque-en-silicone-smooth-pour-iphone-17-pro-compatible-magsafe-noir;20627;100.0;6.0
coque-en-silicone-smooth-pour-iphone-17-pro-max-compatible-magsafe-blanc;20632;100.0;6.0
coque-en-silicone-smooth-pour-iphone-17-pro-max-compatible-magsafe-bleu;20631;100.0;6.0
coque-en-silicone-smooth-pour-iphone-17-pro-max-compatible-magsafe-noir;20630;100.0;6.0
coque-en-silicone-smooth-pour-iphone-air-compatible-avec-magsafe-noir;20623;100.0;6.0
coque-en-silicone-smooth-pour-iphone-air-compatible-magsafe-blanc;20625;100.0;6.0
coque-en-silicone-smooth-pour-iphone-air-compatible-magsafe-bleu-ciel;20624;100.0;6.0
coque-enfant-coccinelle-ipad-air-air-2-pro-9-7-bleu;13018;100.0;3.6
coque-enfant-coccinelle-ipad-air-air-2-pro-9-7-jaune;13019;100.0;9.0
coque-enfant-coccinelle-ipad-air-air-2-pro-9-7-noir;13016;100.0;3.6
coque-enfant-ipad-air-air-2-rose;8124;100.0;9.0
coque-enfant-samsung-galaxy-tab-2-3-7-0-bleu;8592;100.0;6.0
coque-enfant-samsung-galaxy-tab-2-3-7-0-noir;8591;100.0;6.0
coque-enfant-samsung-galaxy-tab-2-3-7-0-rose;8593;100.0;6.0
coque-icecube-pour-iphone-17-compatible-magsafe-transparent;22741;100.0;6.0
coque-icecube-pour-iphone-17-pro-compatible-magsafe-transparent;22743;100.0;6.0
coque-icecube-pour-iphone-17-pro-max-compatible-magsafe-transparent;22744;100.0;6.0
coque-icecube-pour-iphone-air-compatible-magsafe-transparent;22742;100.0;6.0
coque-integrale-360-verre-trempe-iphone-6-plus-6s-plus-noir;7793;100.0;2.4
coque-integrale-360-verre-trempe-iphone-7-plus-iphone-8-plus-noir;10562;100.0;3.6
coque-integrale-360-verre-trempe-iphone-8-noir;10563;100.0;3.6
coque-integrale-360-verre-trempe-iphone-x-xs-noir;10561;100.0;3.6
coque-integrale-360-samsung-galaxy-s8-g950f-noir;7709;100.0;12.0
coque-ipad-pro-11-2020-2eme-gen-strape-case-goospery-mercury-noir;12582;100.0;3.6
coque-ipad-pro-12-9-2020-strape-case-goospery-mercury-noir;12583;100.0;3.6
coque-iphone-11-pro-clear-jelly-goospery-mercury-transparent;12568;100.0;3.6
coque-iphone-11-pro-max-clear-jelly-goospery-mercury-transparent;12570;100.0;3.6
coque-iphone-11-pro-max-peach-garden-bumper-goospery-mercury-noir;12533;100.0;3.6
coque-iphone-11-pro-max-peach-garden-bumper-goospery-mercury-rouge;12610;100.0;3.6
coque-iphone-11-pro-max-silicone-case-goospery-mercury-gris-stone;12561;100.0;3.6
coque-iphone-11-pro-max-silicone-case-goospery-mercury-noir;12559;100.0;3.6
coque-iphone-11-pro-max-silicone-case-goospery-mercury-rouge;12560;100.0;3.6
coque-iphone-11-pro-peach-garden-bumper-goospery-mercury-noir;12532;100.0;3.6
coque-iphone-11-pro-peach-garden-bumper-goospery-mercury-rouge;12535;100.0;3.6
coque-iphone-11-pro-silicone-case-goospery-mercury-gris-stone;12555;100.0;3.6
coque-iphone-11-pro-silicone-case-goospery-mercury-noir;12553;100.0;3.6
coque-iphone-11-pro-silicone-case-goospery-mercury-rouge;12554;100.0;3.6
coque-iphone-12-peach-garden-bumper-goospery-mercury-noir;13111;100.0;3.6
coque-iphone-12-12-pro-silicone-case-goospery-mercury-transparent-avec-fil-noir;13107;100.0;4.8
coque-iphone-12-mini-peach-garden-bumper-goospery-mercury-bleu;13115;100.0;3.6
coque-iphone-12-mini-peach-garden-bumper-goospery-mercury-noir;13112;100.0;3.6
coque-iphone-12-mini-silicone-case-goospery-mercury-noir;13116;100.0;3.6
coque-iphone-12-mini-silicone-case-goospery-mercury-rouge;13117;100.0;3.6
coque-iphone-12-mini-silicone-case-goospery-mercury-transparent-avec-fil-noir;13108;100.0;4.8
coque-iphone-12-mini-super-protect-slim-bumper-mercury-transparent-a-contour-noi;13121;100.0;3.6
coque-iphone-12-peach-garden-bumper-goospery-mercury-bleu;13114;100.0;3.6
coque-iphone-12-pro-max-peach-garden-bumper-goospery-mercury-bleu;13113;100.0;3.6
coque-iphone-12-pro-max-peach-garden-bumper-goospery-mercury-noir;13110;100.0;3.6
coque-iphone-12-pro-max-silicone-case-goospery-mercury-transparent-avec-fil-noir;13106;100.0;4.8
coque-iphone-12-pro-max-super-protect-slim-bumper-mercury-transparent-a-contour-;13130;100.0;2.4
coque-iphone-12-pro-peach-garden-bumper-goospery-mercury-bleu;16454;100.0;3.6
coque-iphone-12-pro-peach-garden-bumper-goospery-mercury-noir;16455;100.0;3.6
coque-iphone-12-super-protect-slim-bumper-mercury-transparent-a-contour-noir;13120;100.0;3.6
coque-iphone-13-silicone-rouge;23428;100.0;2.4
coque-iphone-15-plus-magsafe-transparente-usams;16570;100.0;3.6
coque-iphone-15-pro-magsafe-transparente-usams;16571;100.0;3.6
coque-iphone-15-pro-max-magsafe-transparente-usams;16572;100.0;3.6
coque-iphone-6-6s-renforcee-otterbox-serie-symmetry-noir;23421;100.0;3.6
coque-iphone-7-plus-8-plus-silicone-noir;23429;100.0;2.4
coque-iphone-7-plus-8-plus-silicone-rose;23515;100.0;2.4
coque-iphone-se-2020-6-6s-7-8-just-green-100-biodegradable-noir;23426;100.0;2.4
coque-iphone-x-iphone-xs-clear-jelly-goospery-mercury-transparent;12565;100.0;3.6
coque-iphone-x-xs-silicone-case-goospery-mercury-transparent-avec-fil-noir;13109;100.0;4.8
coque-iphone-xr-clear-jelly-goospery-mercury-transparent;12566;100.0;3.6
coque-iphone-xr-just-green-100-biodegradable-noir;23425;100.0;2.4
coque-iphone-xs-max-clear-jelly-goospery-mercury-transparent;12567;100.0;3.6
coque-mag-case-pour-iphone-17-pro-compatible-magsafe-orange;20859;100.0;9.36
coque-mag-case-pour-iphone-17-pro-max-compatible-magsafe-orange;20860;100.0;9.36
coque-magnetique-vitre-de-protection-arriere-iphone-x-xs-noir-noir;11535;100.0;6.0
coque-magnetique-avec-charge-sans-fil-samsung-galaxy-s24-s921b-noir;17319;100.0;6.84
coque-magnetique-avec-charge-sans-fil-samsung-galaxy-s24-plus-s926b-noir;17320;100.0;6.84
coque-magnetique-avec-charge-sans-fil-samsung-galaxy-s24-ultra-s928b-noir;17321;100.0;6.84
coque-noir-verre-trempee-xiaomi-redmi-12-4g-5g-pack-casr;20598;100.0;6.0
coque-noir-verre-trempee-xiaomi-redmi-a1-pack-modelabs;20599;100.0;6.0
coque-oppo-avec-rabat-simili-cuir-a78-noir-origine;17953;100.0;7.2
coque-oppo-avec-rabat-simili-cuir-a96-a76-dfo005-noir-origine;17947;100.0;2.4
coque-oppo-rigide-carbone-reno4-pro-reno4-pro-5g-pc051-noir-bleu-origine;17945;100.0;7.2
coque-oppo-rigide-find-x2-lite-pc035-noir-origine;17944;100.0;7.2
coque-oppo-rigide-reno-z-pc017-rose-origine;17954;100.0;7.2
coque-oppo-semi-rigide-a77-5g-dfo007-bleu-origine;17943;100.0;7.2
coque-oppo-silicone-reno4-pro-reno4-pro-5g-pc051-transparent-origine;17941;100.0;7.2
coque-oppo-silicone-semi-rigide-reno8-5g-pco105-noir-origine;17946;100.0;7.2
coque-paillette-hoco-iphone-7-argent;10193;100.0;8.4
coque-paillette-hoco-iphone-7-noir;10192;100.0;3.6
coque-paillette-hoco-iphone-7-rose;10194;100.0;8.4
coque-personnalisable-a-double-layer-par-transfert-thermique-lot-x5-rock-space-i;17653;100.0;28.8
coque-personnalisable-a-double-layer-par-transfert-thermique-lot-x5-rock-space-s;17664;100.0;28.8
coque-plexiglass-crystal-iphone-5c-orange;2160;100.0;1.2
coque-protect-iphone-15-magnetique-compatible-avec-magsafe-gris;16921;100.0;6.84
coque-protect-iphone-15-magnetique-compatible-avec-magsafe-noir;16917;100.0;6.0
coque-protect-iphone-15-plus-magnetique-compatible-avec-magsafe-gris;16920;100.0;6.0
coque-protect-iphone-15-plus-magnetique-compatible-avec-magsafe-noir;16916;100.0;6.0
coque-protect-pour-iphone-15-pro-magnetique-compatible-magsafe-gris;16919;100.0;6.0
coque-protect-pour-iphone-15-pro-magnetique-compatible-magsafe-noir;16915;100.0;6.0
coque-protect-pour-iphone-15-pro-max-magnetique-compatible-magsafe-gris;16918;100.0;6.0
coque-protect-pour-iphone-15-pro-max-magnetique-compatible-magsafe-noir;16914;100.0;6.0
coque-protect-pour-iphone-16-magnetique-compatible-magsafe-gris;18760;100.0;9.36
coque-protect-pour-iphone-16-magnetique-compatible-magsafe-noir;18759;100.0;9.36
coque-protect-pour-iphone-16-plus-magnetique-compatible-magsafe-gris;18762;100.0;9.36
coque-protect-pour-iphone-16-plus-magnetique-compatible-magsafe-noir;18761;100.0;9.36
coque-protect-pour-iphone-16-pro-magnetique-compatible-magsafe-gris;18764;100.0;9.36
coque-protect-pour-iphone-16-pro-magnetique-compatible-magsafe-noir;18763;100.0;9.36
coque-protect-pour-iphone-16-pro-max-magnetique-compatible-magsafe-gris;18766;100.0;9.36
coque-protect-pour-iphone-16-pro-max-magnetique-compatible-magsafe-noir;18765;100.0;9.36
coque-protect-pour-iphone-17-compatible-magsafe-gris;20525;100.0;9.36
coque-protect-pour-iphone-17-compatible-magsafe-noir;20524;100.0;9.36
coque-protect-pour-iphone-17-pro-compatible-magsafe-gris;20529;100.0;9.36
coque-protect-pour-iphone-17-pro-compatible-magsafe-noir;20528;100.0;9.36
coque-protect-pour-iphone-17-pro-compatible-magsafe-orange;20861;100.0;9.36
coque-protect-pour-iphone-17-pro-max-compatible-magsafe-gris;20531;100.0;9.36
coque-protect-pour-iphone-17-pro-max-compatible-magsafe-noir;20530;100.0;9.36
coque-protect-pour-iphone-17-pro-max-compatible-magsafe-orange;20862;100.0;9.36
coque-protect-pour-iphone-air-compatible-magsafe-gris;20527;100.0;9.36
coque-protect-pour-iphone-air-compatible-magsafe-noir;20526;100.0;9.36
coque-protection-anti-choc-ipad-air-11-2024-avec-bretelles-adjustable-detachable;18429;100.0;22.15
coque-protection-anti-choc-samsung-galaxy-tab-a8-10-5-2021-x200-x205-noir;15419;100.0;15.43
coque-protection-antichoc-ipad-10-9-10e-gen-ipad-2025-11-11e-gen-noir;20250;100.0;15.55
coque-protection-antichoc-ipad-air-11-2024-noir;18269;100.0;15.55
coque-protection-antichoc-ipad-air-13-2024-m2-air-13-2025-m3-noir;20113;100.0;18.0
coque-protection-antichoc-ipad-pro-11-2024-avec-bretelles-adjustable-detachables;18430;100.0;22.15
coque-protection-antichoc-ipad-pro-11-2024-noir;18270;100.0;15.55
coque-protection-antichoc-samsung-galaxy-tab-a8-10-5-2021-x200-x205-rouge;15420;100.0;24.0
coque-protection-antichoc-samsung-galaxy-tab-a9-x110-x115-noir;18189;100.0;24.0
coque-protection-antichoc-samsung-galaxy-tab-a9-x210-x216-noir;18190;100.0;24.0
coque-protection-google-pixel-8-noir-origine;20590;100.0;8.4
coque-protection-google-pixel-8-pro-noir-origine;20591;100.0;15.0
coque-pure-pour-iphone-14-compatible-magsafe-noir;23184;100.0;6.0
coque-pure-pour-iphone-16e-iphone-17e-compatible-magsafe-noir;23183;100.0;6.0
coque-pure-pour-iphone-17-compatible-magsafe-noir;23182;100.0;6.0
coque-pure-pour-iphone-17-pro-compatible-magsafe-noir;23181;100.0;6.0
coque-pure-pour-iphone-17-pro-max-compatible-magsafe-noir;23180;100.0;6.0
coque-redpepper-antichoc-et-etanche-ip68-avec-magsafe-pour-iphone-13-14-noir;19976;100.0;24.0
coque-redpepper-antichoc-et-etanche-ip68-avec-magsafe-pour-iphone-13-pro-14-pro-;20003;100.0;24.0
coque-redpepper-antichoc-et-etanche-ip68-avec-magsafe-pour-iphone-13-pro-max-14-;20004;100.0;24.0
coque-redpepper-antichoc-et-etanche-ip68-avec-magsafe-pour-iphone-14-plus-noir;20002;100.0;24.0
coque-redpepper-antichoc-et-etanche-ip68-avec-magsafe-pour-iphone-15-noir;20005;100.0;12.0
coque-redpepper-antichoc-et-etanche-ip68-avec-magsafe-pour-iphone-15-pro-max-noi;20007;100.0;12.0
coque-redpepper-antichoc-et-etanche-ip68-avec-magsafe-pour-iphone-15-pro-noir;20006;100.0;12.0
coque-redpepper-antichoc-et-etanche-ip68-avec-magsafe-pour-iphone-16-noir;20008;100.0;24.0
coque-redpepper-antichoc-et-etanche-ip68-avec-magsafe-pour-iphone-16-plus-noir;20009;100.0;24.0
coque-redpepper-antichoc-et-etanche-ip68-avec-magsafe-pour-iphone-16-pro-max-noi;20011;100.0;24.0
coque-redpepper-antichoc-et-etanche-ip68-avec-magsafe-pour-iphone-16-pro-noir;20010;100.0;24.0
coque-redpepper-antichoc-et-etanche-ip68-avec-magsafe-pour-iphone-17-noir;20532;100.0;24.0
coque-redpepper-antichoc-et-etanche-ip68-avec-magsafe-pour-iphone-17-pro-max-noi;20535;100.0;24.0
coque-redpepper-antichoc-et-etanche-ip68-avec-magsafe-pour-iphone-17-pro-noir;20534;100.0;24.0
coque-redpepper-antichoc-et-etanche-ip68-avec-magsafe-pour-iphone-air-noir;20533;100.0;24.0
coque-renforcee-compatible-magsafe-iphone-15-pro-max-force-case-air-frost-garant;20573;100.0;6.0
coque-renforcee-nx-case-iphone-x-xs-camouflage-vert;916;100.0;6.0
coque-renforcee-nx-case-samsung-galaxy-s6-g920f-camouflage-vert;9283;100.0;3.6
coque-renforcee-nx-case-samsung-galaxy-s6-edge-g925f-camouflage-vert;9271;100.0;3.6
coque-renforcee-nx-case-samsung-galaxy-s8-g950f-camouflage-vert;9247;100.0;12.0
coque-renforcee-nx-case-samsung-galaxy-s8-g955f-camouflage-vert;9245;100.0;12.0
coque-renforcee-pepkoo-ipad-10-9-10e-gen-gris;16401;100.0;21.6
coque-renforcee-pepkoo-ipad-9-7-6eme-gen-5eme-gen-air-2-air-1-noir;8610;100.0;15.76
coque-renforcee-pepkoo-ipad-air-11-7eme-gen-2025-m3-noir;21241;100.0;20.46
coque-renforcee-pepkoo-ipad-air-13-7eme-gen-2025-m3-noir;21240;100.0;20.46
coque-renforcee-pepkoo-ipad-air-5-10-9-2022-air-4-10-9-2020-pro-11-1-2-3-4-eme-g;16922;100.0;20.46
coque-renforcee-pepkoo-ipad-pro-11-5eme-gen-2024-m4-noir;21242;100.0;20.46
coque-renforcee-pepkoo-ipad-pro-11-2024;21340;100.0;18.0
coque-renforcee-pepkoo-ipad-pro-9-7;12819;100.0;24.0
coque-renforcee-pepkoo-pour-ipad-2019-10-2-7e-gen-2020-10-2-8e-gen-air-3-10-5-20;14102;100.0;24.0
coque-renforcee-transparente-compatible-magsafe-iphone-15-pro-force-case-air-gar;20565;100.0;6.0
coque-renforcee-transparente-compatible-magsafe-iphone-15-pro-max-force-case-air;20564;100.0;8.4
coque-renforcee-transparente-compatible-magsafe-iphone-16-pro-force-case-air-gar;20601;100.0;8.4
coque-renforcee-transparente-galaxy-a15-4g-5g-force-case-feel-garantie-a-vie;20568;100.0;3.6
coque-renforcee-transparente-galaxy-s23-fe-force-case-pulse-garantie-a-vie;20560;100.0;6.0
coque-renforcee-transparente-galaxy-s23-force-case-pulse-garantie-a-vie;20559;100.0;6.0
coque-renforcee-transparente-galaxy-z-flip-5-force-case-duo-garantie-a-vie;20592;100.0;8.4
coque-renforcee-transparente-google-pixel-8-pro-force-case-pulse-garantie-a-vie;20563;100.0;6.0
coque-renforcee-transparente-honor-200-force-case-feel-garantie-a-vie;20570;100.0;3.6
coque-renforcee-transparente-honor-200-pro-force-case-feel-garantie-a-vie;20567;100.0;3.6
coque-renforcee-transparente-honor-magic-6-lite-force-case-feel-garantie-a-vie;20566;100.0;3.6
coque-renforcee-transparente-honor-magic-6-pro-force-case-feel-garantie-a-vie;20572;100.0;3.6
coque-renforcee-transparente-iphone-14-plus-force-case-pulse-garantie-a-vie;20558;100.0;6.0
coque-renforcee-transparente-iphone-14-pro-force-case-pulse-garantie-a-vie;20562;100.0;6.0
coque-renforcee-transparente-iphone-14-pro-max-force-case-pulse-garantie-a-vie;20561;100.0;6.0
coque-renforcee-transparente-redmi-note-13-pro-5g-force-case-feel-garantie-a-vie;20569;100.0;3.6
coque-renforcee-transparente-redmi-note-13-pro-plus-5g-force-case-feel-garantie-;20571;100.0;3.6
coque-s-line-asus-zenfone-5-5z-zs620kl-noir;9366;100.0;1.2
coque-s-line-htc-desire-700-transparent;343;100.0;1.2
coque-s-line-htc-desire-825-noir;10255;100.0;1.2
coque-s-line-htc-desire-825-transparent;10345;100.0;1.2
coque-s-line-htc-desire-v-noir;10078;100.0;1.2
coque-s-line-huawei-ascend-g620s-noir;7377;100.0;1.2
coque-s-line-huawei-honor-4c-noir;6867;100.0;1.2
coque-s-line-huawei-honor-4x-noir;6864;100.0;10.0
coque-s-line-huawei-honor-5c-noir;1704;100.0;10.0
coque-s-line-huawei-honor-6-plus-noir;6868;100.0;10.0
coque-s-line-huawei-honor-6x-bln-al10-transparent;10335;100.0;1.2
coque-s-line-huawei-honor-7-transparent;10036;100.0;1.2
coque-s-line-huawei-honor-7a-noir;11484;100.0;1.2
coque-s-line-huawei-honor-7x-bnd-l21-noir;9276;100.0;1.2
coque-s-line-huawei-honor-8-transparent;9603;100.0;1.2
coque-s-line-huawei-mate-10-alp-l09-noir;10893;100.0;1.2
coque-s-line-huawei-mate-8-transparent;10026;100.0;1.2
coque-s-line-huawei-mate-s-crr-l09-noir;10040;100.0;10.0
coque-s-line-huawei-mate-s-crr-l09-transparent;10039;100.0;1.2
coque-s-line-huawei-nova-can-l01l11-transparent;7694;100.0;1.2
coque-s-line-huawei-p8-gra-l09-transparent;7572;100.0;1.2
coque-s-line-huawei-p8-lite-2017-noir;10574;100.0;1.2
coque-s-line-huawei-p9-lite-transparent;7693;100.0;1.2
coque-s-line-huawei-p9-plus-vie-al10-noir;8670;100.0;1.2
coque-s-line-huawei-y5-2017-noir;11485;100.0;1.2
coque-s-line-ipad-air-2-noir;8804;100.0;2.4
coque-s-line-iphone-5c-transparent;6454;100.0;0.6
coque-s-line-iphone-6-plus-6s-plus-noir;3970;100.0;1.2
coque-s-line-iphone-6-plus-6s-plus-transparent;8680;100.0;2.4
coque-s-line-iphone-6-plus-6s-plus-transparent-noir;8681;100.0;2.4
coque-s-line-iphone-x-xs-transparent;11777;100.0;2.4
coque-s-line-lg-g6-h870-noir;10332;100.0;1.2
coque-s-line-lg-g6-h870-transparent;10346;100.0;1.2
coque-s-line-lg-k10-k420n-noir;10041;100.0;1.2
coque-s-line-lg-k10-k420n-transparent;10042;100.0;1.2
coque-s-line-microsoft-lumia-550-noir;10030;100.0;1.2
coque-s-line-microsoft-lumia-550-transparent;10031;100.0;1.2
coque-s-line-microsoft-lumia-650-noir;10032;100.0;1.2
coque-s-line-microsoft-lumia-650-transparent;10033;100.0;1.2
coque-s-line-microsoft-lumia-730-transparent-noir;5209;100.0;1.2
coque-s-line-microsoft-lumia-950-xl-noir;9450;100.0;1.2
coque-s-line-nokia-5-noir;4502;100.0;1.2
coque-s-line-samsung-galaxy-a01-a015f-noir;13382;100.0;12.0
coque-s-line-samsung-galaxy-a11-a115f-noir;13384;100.0;12.0
coque-s-line-samsung-galaxy-a3-a300fu-transparent;8803;100.0;2.4
coque-s-line-samsung-galaxy-a3-2017-a320f-noir;5621;100.0;1.2
coque-s-line-samsung-galaxy-a41-a415f-noir;13278;100.0;12.0
coque-s-line-samsung-galaxy-a5-2018-noir;10839;100.0;10.0
coque-s-line-samsung-galaxy-a70-a705f-noir;6157;100.0;10.0
coque-s-line-samsung-galaxy-ace-s5830-transparent;3871;100.0;1.2
coque-s-line-samsung-galaxy-j1-2016-j120f-noir;8664;100.0;1.2
coque-s-line-samsung-galaxy-j3-2017-j330f-transparent;10555;100.0;1.2
coque-s-line-samsung-galaxy-j5-2016-j510f-noir;9291;100.0;1.2
coque-s-line-samsung-galaxy-j5-2016-j510f-transparent;11908;100.0;1.2
coque-s-line-samsung-galaxy-j5-2017-j530f-noir;10552;100.0;1.2
coque-s-line-samsung-galaxy-j5-2017-j530f-transparent;10553;100.0;1.2
coque-s-line-samsung-galaxy-j7-2017-j730f-noir;10550;100.0;1.2
coque-s-line-samsung-galaxy-j7-2017-j730f-transparent;10551;100.0;1.2
coque-s-line-samsung-galaxy-note-4-n910f-noir;5794;100.0;1.2
coque-s-line-samsung-galaxy-note-4-n910f-transparent;7240;100.0;3.6
coque-s-line-samsung-galaxy-note-8-n950f-noir;10847;100.0;10.0
coque-s-line-samsung-galaxy-s4-i9505-noir;8714;100.0;3.6
coque-s-line-samsung-galaxy-s5-g900f-noir;5800;100.0;1.2
coque-s-line-samsung-galaxy-s5-g900f-transparent;3867;100.0;1.2
coque-s-line-samsung-galaxy-s5-mini-g800f-transparent;3868;100.0;1.2
coque-s-line-samsung-galaxy-s6-edge-g925f-transparent;10342;100.0;3.6
coque-s-line-samsung-galaxy-s6-edge-noir;6872;100.0;1.2
coque-s-line-samsung-galaxy-s6-edge-plus-noir;6884;100.0;1.2
coque-s-line-samsung-galaxy-s7-edge-g935f-noir;9452;100.0;1.2
coque-s-line-samsung-galaxy-s7-edge-g935f-transparent;11911;100.0;10.0
coque-s-line-samsung-galaxy-s8-g950f-transparent;11912;100.0;10.0
coque-s-line-samsung-galaxy-s8-g955f-transparent;10352;100.0;10.0
coque-s-line-samsung-galaxy-s9-g960f-noir;11043;100.0;10.0
coque-s-line-samsung-galaxy-s9-g965f-noir;11042;100.0;10.0
coque-s-line-samsung-galaxy-xcover-3-noir;6879;100.0;1.2
coque-s-line-sony-xperia-e4g-e2003-noir;7411;100.0;1.2
coque-s-line-sony-xperia-e5-f3311-noir;1500;100.0;1.2
coque-s-line-sony-xperia-l1-g3311-noir;10892;100.0;3.6
coque-s-line-sony-xperia-m4-aqua-e2353-transparent;10339;100.0;1.2
coque-s-line-sony-xperia-m5-e5603-noir;10045;100.0;1.2
coque-s-line-sony-xperia-x-f5121-noir;10197;100.0;2.4
coque-s-line-sony-xperia-xa-f3111-noir;8665;100.0;10.0
coque-s-line-sony-xperia-xa1-g3121-noir;7743;100.0;10.0
coque-s-line-sony-xperia-xa1-ultra-g3221-noir;10904;100.0;10.0
coque-s-line-sony-xperia-xz-premium-g8141-noir;10556;100.0;10.0
coque-s-line-sony-xperia-xz-premium-g8141-transparent;10557;100.0;10.0
coque-s-line-sony-xperia-xz1-g8343-noir;10891;100.0;10.0
coque-s-line-sony-xperia-z3-plus-e6553-noir;6807;100.0;1.2
coque-s-line-sony-xperia-z5-compact-noir;6886;100.0;1.2
coque-s-line-sony-xperia-z5-noir;6839;100.0;1.2
coque-s-line-sony-xperia-z5-premium-e6853-noir;7381;100.0;1.2
coque-s-line-sony-xperia-z5-transparent;6840;100.0;1.2
coque-samsung-s20-g985f-galaxy-silicone-case-goospery-mercury-noir;12562;100.0;3.6
coque-samsung-galaxy-s20-g985f-peach-garden-bumper-goospery-mercury-noir;12548;100.0;3.6
coque-samsung-galaxy-a10-a105f-peach-garden-bumper-goospery-mercury-bleu-navy;12537;100.0;3.6
coque-samsung-galaxy-a10-silicone-noir;23437;100.0;2.4
coque-samsung-galaxy-a10s-a107f-peach-garden-bumper-goospery-mercury-bleu-navy;12547;100.0;3.6
coque-samsung-galaxy-a10s-a107f-peach-garden-bumper-goospery-mercury-noir;12546;100.0;3.6
coque-samsung-galaxy-a40-a405f-peach-garden-bumper-goospery-mercury-bleu-navy;12543;100.0;3.6
coque-samsung-galaxy-m20-m205f-peach-garden-bumper-goospery-mercury-bleu-navy;12539;100.0;3.6
coque-samsung-galaxy-m20-m205f-peach-garden-bumper-goospery-mercury-noir;12538;100.0;3.6
coque-samsung-galaxy-m30-m305f-peach-garden-bumper-goospery-mercury-bleu-navy;12541;100.0;3.6
coque-samsung-galaxy-m30-m305f-peach-garden-bumper-goospery-mercury-noir;12540;100.0;3.6
coque-samsung-galaxy-s20-peach-garden-bumper-goospery-mercury-bleu-navy;12551;100.0;3.6
coque-samsung-galaxy-s20-fe-silicone-rose;23434;100.0;2.4
coque-samsung-galaxy-s20-peach-garden-bumper-goospery-mercury-noir;12550;100.0;3.6
coque-samsung-galaxy-s20-ultra-peach-garden-bumper-goospery-mercury-bleu-navy;12611;100.0;3.6
coque-samsung-galaxy-s20-ultra-peach-garden-bumper-goospery-mercury-noir;12552;100.0;3.6
coque-samsung-galaxy-s20-peach-garden-bumper-goospery-mercury-bleu-navy-2;12551;100.0;3.6
coque-samsung-galaxy-s20-silicone-bleu;23427;100.0;2.4
coque-samsung-galaxy-s20-silicone-rose;23433;100.0;2.4
coque-samsung-galaxy-s20-silicone-rouge;23436;100.0;2.4
coque-samsung-galaxy-s21-ultra-silicone-noir;23438;100.0;2.4
coque-samsung-galaxy-s21-ultra-silicone-transparente;23432;100.0;2.4
coque-samsung-galaxy-s8-silicone-noir;23435;100.0;2.4
coque-samsung-galaxy-s9-silicone-bleu;23514;100.0;2.4
coque-samsung-s20-g980f-galaxy-silicone-case-goospery-mercury-noir;12563;100.0;3.6
coque-samsung-s20-ultra-g988f-galaxy-silicone-case-goospery-mercury-noir;12564;100.0;3.6
coque-silicone-rigide-iphone-5c-transparent;5227;100.0;1.2
coque-silicone-angle-renforce-protection-camera-iphone-12-mini-transparent;12982;100.0;9.0
coque-silicone-angle-renforce-protection-camera-iphone-12-pro-max-transparent;12981;100.0;2.4
coque-silicone-angle-renforce-protection-camera-iphone-12-pro-transparent;12980;100.0;9.0
coque-silicone-angle-renforce-protection-camera-iphone-12-transparent;12979;100.0;9.6
coque-silicone-angle-renforce-protection-camera-iphone-15-plus-transparent;16418;100.0;6.0
coque-silicone-angle-renforce-protection-camera-iphone-15-pro-max-transparent;16420;100.0;6.0
coque-silicone-angle-renforce-protection-camera-iphone-15-pro-transparent;16419;100.0;6.0
coque-silicone-angle-renforce-protection-camera-iphone-15-transparent;16417;100.0;6.0
coque-silicone-angle-renforce-protection-camera-iphone-17-pro-max-transparent;20433;100.0;9.0
coque-silicone-angle-renforce-protection-camera-iphone-17-pro-transparent;20432;100.0;9.0
coque-silicone-angle-renforce-protection-camera-iphone-17-transparent;20430;100.0;4.8
coque-silicone-angle-renforce-protection-camera-iphone-air-transparent;20431;100.0;9.0
coque-silicone-angle-renforce-protection-camera-samsung-galaxy-a17-5g-a176b-tran;21197;100.0;6.0
coque-silicone-angle-renforce-protection-camera-samsung-galaxy-a36-5g-a366b-tran;21194;100.0;6.0
coque-silicone-angle-renforce-protection-camera-samsung-galaxy-a56-5g-a566b-tran;21195;100.0;6.0
coque-silicone-angle-renforce-protection-camera-samsung-galaxy-s22-s901b-transpa;14674;100.0;9.0
coque-silicone-angle-renforce-protection-camera-samsung-galaxy-s22-ultra-s908b-t;14676;100.0;2.4
coque-silicone-angle-renforce-protection-camera-samsung-galaxy-s22-s906b-transpa;14675;100.0;9.0
coque-silicone-angle-renforce-protection-camera-samsung-galaxy-s25-edge-s937b-tr;21196;100.0;6.0
coque-silicone-angle-renforce-protection-camera-samsung-galaxy-s26-5g-s942b-tran;22759;100.0;3.6
coque-silicone-angle-renforce-protection-camera-samsung-galaxy-s26-ultra-5g-s948;22761;100.0;3.6
coque-silicone-angle-renforce-protection-camera-samsung-galaxy-s26-5g-s947b-tran;22760;100.0;3.6
coque-silicone-angle-renforce-huawei-p40-lite-transparent;13950;100.0;1.2
coque-silicone-angle-renforce-iphone-7-8-se-2020-se-2022-transparent;11488;100.0;2.4
coque-silicone-angle-renforce-iphone-x-xs-transparent;10849;100.0;9.0
coque-silicone-angle-renforce-samsung-galaxy-a01-2020-a015f-transparent;13355;100.0;9.0
coque-silicone-angle-renforce-samsung-galaxy-a04-a045f-transparent;15973;100.0;9.0
coque-silicone-angle-renforce-samsung-galaxy-a04s-a047f-transparent;15972;100.0;9.0
coque-silicone-angle-renforce-samsung-galaxy-a11-a115f-transparent;13354;100.0;9.0
coque-silicone-angle-renforce-samsung-galaxy-a12-2020-a125f-transparent;13353;100.0;9.0
coque-silicone-angle-renforce-samsung-galaxy-a20-a205f-transparent;13766;100.0;9.0
coque-silicone-angle-renforce-samsung-galaxy-a21s-2020-a217f-transparent;13480;100.0;9.0
coque-silicone-angle-renforce-samsung-galaxy-a32-a326b-transparent;13352;100.0;2.4
coque-silicone-angle-renforce-samsung-galaxy-a33-5g-a336b-transparent;15817;100.0;9.0
coque-silicone-angle-renforce-samsung-galaxy-a41-a415f-transparent;13351;100.0;9.0
coque-silicone-angle-renforce-samsung-galaxy-a42-transparent;13088;100.0;9.0
coque-silicone-angle-renforce-samsung-galaxy-a50-a30s-a50s-transparent;13663;100.0;2.4
coque-silicone-angle-renforce-samsung-galaxy-a52-4g-a525f-5g-a526b-a52s-5g-a528b;13479;100.0;9.6
coque-silicone-angle-renforce-samsung-galaxy-a80-a805f-transparent;13350;100.0;9.0
coque-silicone-angle-renforce-samsung-galaxy-note-20-ultra-5g-n986b-transparent;13457;100.0;9.0
coque-silicone-angle-renforce-samsung-galaxy-s20-g980f-transparent;13096;100.0;9.0
coque-silicone-angle-renforce-samsung-galaxy-s20-fe-transparent;13090;100.0;9.0
coque-silicone-angle-renforce-samsung-galaxy-s21-g991b-transparent;13091;100.0;9.0
coque-silicone-angle-renforce-samsung-galaxy-s21-ultra-g998b-transparent;13093;100.0;9.0
coque-silicone-angle-renforce-samsung-galaxy-s21-g996b-transparent;13092;100.0;9.0
coque-silicone-angle-renforce-samsung-galaxy-z-flip4-f721b-transparent;15969;100.0;12.0
coque-silicone-angle-renforce-samsung-galaxy-z-flip7-5g-f766b-transparent;21198;100.0;6.0
coque-silicone-angle-renforce-samsung-galaxy-z-fold3-5g-f926b-transparent;15970;100.0;12.0
coque-silicone-angle-renforce-samsung-galaxy-z-fold4-5g-f936b-transparent;15971;100.0;12.0
coque-silicone-angle-renforce-samsung-galaxy-z-fold7-5g-f966b-transparent;21199;100.0;6.0
coque-silicone-angle-renforce-xiaomi-11-lite-5g-ne-transparent;15934;100.0;9.0
coque-silicone-angle-renforce-xiaomi-11t-pro-transparent;15932;100.0;9.0
coque-silicone-angle-renforce-xiaomi-12-pro-transparent;15929;100.0;9.0
coque-silicone-angle-renforce-xiaomi-12-transparent;15930;100.0;9.0
coque-silicone-angle-renforce-xiaomi-12x-transparent;15931;100.0;9.0
coque-silicone-angle-renforce-xiaomi-mi-10t-lite-transparent;13949;100.0;9.0
coque-silicone-angle-renforce-xiaomi-mi-11-lite-5g-transparent;15928;100.0;9.0
coque-silicone-angle-renforce-xiaomi-poco-f4-gt-transparent;15937;100.0;9.0
coque-silicone-angle-renforce-xiaomi-poco-f4-transparent;15938;100.0;9.0
coque-silicone-angle-renforce-xiaomi-poco-m4-pro-5g-transparent;15935;100.0;9.0
coque-silicone-angle-renforce-xiaomi-poco-x4-gt-transparent;15936;100.0;9.0
coque-silicone-angle-renforce-xiaomi-redmi-9a-transparent;15924;100.0;9.0
coque-silicone-angle-renforce-xiaomi-redmi-9t-transparent;15925;100.0;9.0
coque-silicone-angle-renforce-xiaomi-redmi-note-10-5g-note-10t-note-11-se-5g-poc;15927;100.0;9.0
coque-silicone-angle-renforce-xiaomi-redmi-note-10-pro-4g-transparent;15926;100.0;9.0
coque-silicone-apple-mxyh2zm-a-pour-iphone-se-2022-se-2020-7-8-noir-origine;20807;100.0;12.0
coque-silicone-effet-brillant-iphone-6-noir-transparent;11955;100.0;10.0
coque-silicone-google-pixel-7-pro-transparent;17381;100.0;6.0
coque-silicone-google-pixel-8-transparent;17380;100.0;6.0
coque-silicone-iphone-11-transparent;17050;100.0;2.4
coque-silicone-iphone-12-mini-noir-mat;13438;100.0;10.0
coque-silicone-iphone-12-mini-transparent;17372;100.0;2.4
coque-silicone-iphone-12-pro-max-noir-mat;13437;100.0;10.0
coque-silicone-iphone-12-pro-transparent;17370;100.0;2.4
coque-silicone-iphone-13-pro-max-transparent;17385;100.0;6.0
coque-silicone-iphone-13-transparent;17384;100.0;2.4
coque-silicone-iphone-14-transparent;17717;100.0;6.0
coque-silicone-iphone-15-pro-max-transparent;17386;100.0;6.0
coque-silicone-iphone-16-plus-transparent;18446;100.0;6.0
coque-silicone-iphone-16-transparent;18444;100.0;6.0
coque-silicone-iphone-5c-transparent;6894;100.0;0.6
coque-silicone-iphone-se-2022-se-2020-8-transparent;17371;100.0;2.4
coque-silicone-iphone-x-xs-transparent;10795;93.8;3.6
coque-silicone-iphone-x-xs-transparent-noir;10795;100.0;3.6
coque-silicone-iphone-xr-transparent;17373;100.0;6.0
coque-silicone-oneplus-10-pro-transparent;17758;100.0;6.0
coque-silicone-oneplus-8-pro-transparent;17760;100.0;6.0
coque-silicone-oneplus-8t-transparent;17761;100.0;6.0
coque-silicone-oneplus-9-pro-transparent;17759;100.0;6.0
coque-silicone-oneplus-nord-ce-2-5g-transparent;17383;100.0;6.0
coque-silicone-oneplus-nord-ce-3-lite-transparent;17382;100.0;6.0
coque-silicone-oppo-a74-4g-transparent;17757;100.0;6.0
coque-silicone-oppo-a93-5g-2021-transparent;17756;100.0;6.0
coque-silicone-renforce-honor-10-lite-transparent;4156;100.0;1.2
coque-silicone-renforce-huawei-honor-play-transparent;8116;100.0;1.2
coque-silicone-renforce-huawei-p10-vtr-l09-transparent;9773;100.0;1.2
coque-silicone-renforce-iphone-11-transparent;9844;100.0;9.6
coque-silicone-renforce-iphone-12-mini-transparent;12590;100.0;2.4
coque-silicone-renforce-iphone-6-plus-transparent;10065;100.0;10.0
coque-silicone-renforce-iphone-x-xs-transparent;10849;94.0;9.0
coque-silicone-renforce-iphone-xr-transparent;11599;100.0;9.6
coque-silicone-renforce-mi-9-lite-transparent;4152;100.0;10.0
coque-silicone-renforce-samsung-a30-a305f-a20-a205f-transparent;15858;100.0;9.6
coque-silicone-renforce-samsung-galaxy-a10-a105f-transparent;4749;100.0;3.6
coque-silicone-renforce-samsung-galaxy-a10s-a107f-transparent;12352;100.0;10.0
coque-silicone-renforce-samsung-galaxy-a31-a315f-transparent;13014;100.0;9.0
coque-silicone-renforce-samsung-galaxy-a40-a405f-transparent;4968;100.0;10.0
coque-silicone-renforce-samsung-galaxy-a50-a505f-transparent;5014;100.0;3.6
coque-silicone-renforce-samsung-galaxy-a51-a515f-transparent;12349;100.0;10.0
coque-silicone-renforce-samsung-galaxy-a70-a705f-transparent;5064;100.0;10.0
coque-silicone-renforce-samsung-galaxy-a71-a715f-transparent;12415;100.0;10.0
coque-silicone-renforce-samsung-galaxy-a8-2018-a530f-transparent;11492;100.0;10.0
coque-silicone-renforce-samsung-galaxy-j3-2017-j330f-transparent;7513;100.0;1.2
coque-silicone-renforce-samsung-galaxy-j5-2017-j530f-transparent;7520;100.0;3.6
coque-silicone-renforce-samsung-galaxy-note-10-n970f-transparent;4357;100.0;10.0
coque-silicone-renforce-samsung-galaxy-note-10-n975f-transparent;4358;100.0;10.0
coque-silicone-renforce-samsung-galaxy-s10-g975f-transparent;7939;100.0;3.6
coque-silicone-renforce-samsung-galaxy-s10e-g970f-s10-lite-g770f-transparent;3778;100.0;2.4
coque-silicone-renforce-samsung-galaxy-s20-ultra-transparent;13095;100.0;9.0
coque-silicone-renforce-samsung-galaxy-s20-transparent;13094;100.0;6.0
coque-silicone-renforce-samsung-galaxy-s7-edge-g935f-transparent;10061;100.0;10.0
coque-silicone-renforce-samsung-galaxy-s8-g955f-transparent;9772;100.0;10.0
coque-silicone-renforce-samsung-galaxy-s9-g965f-transparent;11133;100.0;10.0
coque-silicone-renforce-samsung-m10-m105f-transparent;3716;100.0;1.2
coque-silicone-renforce-xiaomi-mi-a1-transparent;11392;100.0;2.4
coque-silicone-renforce-xiaomi-mi-mix-2-transparent;11390;100.0;2.4
coque-silicone-renforce-xiaomi-redmi-5-transparent;11391;100.0;10.0
coque-silicone-renforce-xiaomi-redmi-note-8-pro-transparent;4155;100.0;10.0
coque-silicone-samsung-galaxy-a14-4g-a145f-5g-a146b-transparent;17399;100.0;6.0
coque-silicone-samsung-galaxy-a15-5g-a156b-transparent;17755;100.0;6.0
coque-silicone-samsung-galaxy-a23-5g-a236b-transparent;17754;100.0;6.0
coque-silicone-samsung-galaxy-a24-4g-a245f-transparent;17054;100.0;6.0
coque-silicone-samsung-galaxy-a25-5g-a256b-transparent;17753;100.0;6.0
coque-silicone-samsung-galaxy-a32-5g-a326b-transparent;18125;100.0;6.0
coque-silicone-samsung-galaxy-a40-a405f-transparent;18121;100.0;6.0
coque-silicone-samsung-galaxy-a50-a30s-a50s-transparent;17403;100.0;6.0
coque-silicone-samsung-galaxy-a51-a515f-transparent;17046;100.0;6.0
coque-silicone-samsung-galaxy-a53-5g-a536b-transparent;17752;100.0;6.0
coque-silicone-samsung-galaxy-a54-5g-a546b-transparent;17055;100.0;6.0
coque-silicone-samsung-galaxy-a55-5g-a556b-transparent;17751;100.0;6.0
coque-silicone-samsung-galaxy-j3-2017-j330f-transparent;10604;100.0;1.2
coque-silicone-samsung-galaxy-j5-2017-j530f-transparent;10603;100.0;3.6
coque-silicone-samsung-galaxy-j7-2017-j730f-transparent;10602;100.0;1.2
coque-silicone-samsung-galaxy-note-8-n950f-transparent-noir;10846;100.0;10.0
coque-silicone-samsung-galaxy-s10-g975f-transparent;17049;100.0;6.0
coque-silicone-samsung-galaxy-s20-g985f-g986b-transparent;17048;100.0;6.0
coque-silicone-samsung-galaxy-s21-g996b-transparent;17047;100.0;6.0
coque-silicone-samsung-galaxy-s22-s901b-transparent;17400;100.0;6.0
coque-silicone-samsung-galaxy-s23-s911b-transparent;17051;100.0;6.0
coque-silicone-samsung-galaxy-s23-ultra-s918b-transparent;17053;100.0;6.0
coque-silicone-samsung-galaxy-s23-s916b-transparent;17052;100.0;6.0
coque-silicone-samsung-galaxy-s24-s921b-transparent;17374;100.0;2.4
coque-silicone-samsung-galaxy-s24-ultra-s928b-transparent;17376;100.0;6.0
coque-silicone-samsung-galaxy-s24-s926b-transparent;17375;100.0;6.0
coque-silicone-samsung-galaxy-s6-edge-g925f-transparent;6339;100.0;3.6
coque-silicone-samsung-galaxy-s8-g950f-transparent-noir;10844;100.0;1.2
coque-silicone-samsung-galaxy-s8-g955f-transparent;9615;100.0;10.0
coque-silicone-samsung-galaxy-s8-g955f-transparent-noir;10843;100.0;10.0
coque-silicone-samsung-galaxy-xcover-5-g525f-transparent;18120;100.0;6.0
coque-silicone-samsung-galaxy-xcover-7-transparent;23234;100.0;3.6
coque-silicone-samsung-galaxy-z-flip6-f741-transparent;18593;100.0;6.0
coque-silicone-samsung-galaxy-z-fold6-f956-transparent;18594;100.0;6.0
coque-silicone-samsung-s25-s931b-transparent;19628;100.0;6.0
coque-silicone-samsung-s25-ultra-s938b-transparent;19630;100.0;6.0
coque-silicone-samsung-s25-s936b-transparent;19629;100.0;9.6
coque-silicone-soft-iphone-xs-max-noir;12025;100.0;2.4
coque-silicone-soft-iphone-xs-noir;12026;100.0;10.0
coque-silicone-transparente-avant-arriere-360-iphone-11;13790;100.0;12.0
coque-silicone-transparente-avant-arriere-360-iphone-11-pro;13789;100.0;12.0
coque-silicone-transparente-avant-arriere-360-iphone-11-pro-max;13788;100.0;12.0
coque-silicone-transparente-avant-arriere-360-iphone-12-12-pro;13786;100.0;12.0
coque-silicone-transparente-avant-arriere-360-iphone-12-mini;13787;100.0;12.0
coque-silicone-transparente-avant-arriere-360-iphone-12-pro-max;13785;100.0;12.0
coque-silicone-xiaomi-12-lite-transparent;17762;100.0;6.0
coque-silicone-xiaomi-12t-pro-transparent;17763;100.0;6.0
coque-silicone-xiaomi-poco-m3-transparent;17718;100.0;6.0
coque-silicone-xiaomi-poco-m5-4g-transparent;17767;100.0;6.0
coque-silicone-xiaomi-redmi-10-transparent;18124;100.0;6.0
coque-silicone-xiaomi-redmi-note-11-pro-5g-transparent;17378;100.0;6.0
coque-silicone-xiaomi-redmi-note-11-transparent;17766;100.0;6.0
coque-silicone-xiaomi-redmi-note-11s-transparent;17765;100.0;6.0
coque-silicone-xiaomi-redmi-note-11t-transparent;17764;100.0;6.0
coque-silicone-xiaomi-redmi-note-12-pro-transparent;17379;100.0;6.0
coque-silicone-xiaomi-redmi-note-13-5g-transparent;18918;100.0;6.0
coque-silicone-xiaomi-redmi-note-9-4g-transparent;18122;100.0;6.0
coque-simili-cuir-iphone-6-plus-6s-plus-noir;6302;100.0;1.2
coque-simili-cuir-iphone-x-xs-blanc;10600;100.0;2.4
coque-simili-cuir-iphone-x-xs-noir;10599;100.0;2.4
coque-simili-cuir-samsung-galaxy-s5-g900f-noir;6310;100.0;1.2
coque-slim-angle-renforce-iphone-11-pro-max-transparent;4679;100.0;10.0
coque-slim-angle-renforce-iphone-11-pro-transparent;4662;100.0;10.0
coque-slim-usams-primary-series-iphone-12-mini-transparent;12823;100.0;2.4
coque-slim-usams-primary-series-iphone-12-pro-max-transparent;12822;100.0;2.4
coque-slim-usams-primary-series-iphone-12-pro-transparent;12830;100.0;9.0
coque-slim-usams-primary-series-iphone-12-transparent;12821;100.0;2.4
coque-transparente-avec-magsafe-usams-iphone-14-plus;15308;100.0;3.6
coque-transparente-google-pixel-8-pro-xqisit;20600;100.0;3.6
coque-transparente-honor-200-bigben;20594;100.0;2.4
coque-transparente-honor-magic-6-lite-bigben;20593;100.0;2.4
coque-transparente-xiaomi-redmi-12c-bigben;20597;100.0;2.4
coque-transparente-xiaomi-redmi-note-13-pro-5g-bigben;20595;100.0;2.4
coque-transparente-xiaomi-redmi-note-13-pro-plus-5g-bigben;20596;100.0;2.4
coque-usams-gentle-series-iphone-12-mini-noir;12826;100.0;2.4
coque-usams-gentle-series-iphone-12-mini-translucide;12829;100.0;2.4
coque-usams-gentle-series-iphone-12-noir;12824;100.0;2.4
coque-usams-gentle-series-iphone-12-pro-max-noir;12825;100.0;2.4
coque-usams-gentle-series-iphone-12-pro-max-translucide;12828;100.0;2.4
coque-usams-gentle-series-iphone-12-pro-translucide-noir;12831;100.0;2.4
coque-vintage-x-level-iphone-6-plus-6s-plus-beige;10211;100.0;3.6
coque-vintage-x-level-iphone-6-plus-6s-plus-noir;10210;100.0;3.6
coque-vintage-x-level-iphone-x-xs-noir;10877;100.0;3.6
coque-vintage-x-level-samsung-galaxy-note-8-n950f-noir;10898;100.0;3.6
coque-vintage-x-level-samsung-galaxy-s8-g950f-noir;10897;100.0;3.6
coque-vintage-x-level-samsung-galaxy-s8-g955f-noir;10896;100.0;3.6
coque-vintage-x-level-sony-xperia-xz-f8331-noir;10217;100.0;3.6
coque-x-line-samsung-galaxy-tab-3-lite-7-0-t110-t111-t113-noir;1029;100.0;2.4
coque-x-line-samsung-galaxy-tab-3-lite-7-0-t110-t111-t113-transparent-noir;1478;100.0;2.4
coque-x-line-samsung-galaxy-tab-4-10-1-t530-t535-noir;1508;100.0;2.4
coque-x-line-samsung-galaxy-tab-4-10-1-t530-t535-transparent-noir;5228;100.0;2.4
coque-x-line-samsung-galaxy-tab-s2-8-0-t710-t715-noir;7387;100.0;2.4
cordon-tour-de-cou-pour-telephone-usams-zb316-rose;21304;100.0;6.0
cordon-tour-de-cou-reglable-usams-zb360-pour-iphone-17-pro-pro-max-air-bleu-clai;23123;100.0;9.6
cordon-tour-de-cou-reglable-usams-zb360-pour-iphone-17-pro-pro-max-air-orange;23124;100.0;9.6
d-power-k6055-ecouteur-type-c-pour-iphone-15-16-17;19609;100.0;6.0
diode-retro-eclairage-iphone-6-6-plus;10493;100.0;4.8
display-ic-chestnut-65730aop-iphone-5c-5s-6-6-plus-6s-6s-plus-7-7-plus-8-8-plus-;14611;100.0;1.81
dispositif-anti-derapant-smartphones;4736;100.0;1.8
ecouteur-antenne-5g-samsung-galaxy-s24-s921b-piec;21372;100.0;3.6
ecouteur-capteur-de-proxi-samsung-i9505;3136;100.0;1.2
ecouteur-interne-haut-parleur-samsung-galaxy-z-fold2-5g-f916b;15390;100.0;10.93
ecouteur-interne-haut-parleur-superieur-samsung-galaxy-s23-s916b-gh97-28454a-ori;18516;100.0;18.0
ecouteur-interne-antenne-5g-samsung-galaxy-s23-5g-s911b-piec;21274;100.0;4.8
ecouteur-interne-antenne-frc-superieur-samsung-galaxy-s23-ultra-s918b-piec;21366;100.0;3.6
ecouteur-interne-capteur-de-proximite-iphone-7-8-se-2020;10313;100.0;1.2
ecouteur-interne-capteur-de-proximite-iphone-x;6738;100.0;8.12
ecouteur-interne-capteur-de-proximite-iphone-xr;6775;100.0;4.8
ecouteur-interne-nappe-frc-superieur-samsung-galaxy-s23-5g-s916b-piec;22253;100.0;5.88
ecouteur-interne-avec-nappe-wifi-iphone-15;17884;100.0;6.77
ecouteur-interne-avec-nappe-wifi-iphone-15-plus;17891;100.0;4.18
ecouteur-interne-huawei-multi-modeles-22030072;6949;100.0;1.18
ecouteur-interne-huawei-p9-eva-l09-honor-8-frd-l09-p10-vtr-l09;8813;100.0;4.8
ecouteur-interne-iphone-16-pro-origine-demonter-piec;19683;100.0;8.4
ecouteur-interne-iphone-16e-origine-piec;20292;100.0;30.0
ecouteur-interne-iphone-3g-3gs;449;100.0;0.36
ecouteur-interne-samsung-galaxy-a-53-5g-a536b-piec;14966;100.0;2.71
ecouteur-interne-samsung-galaxy-a01-a015f-a02s-a025f-a03-a035g-a035f-a03-core-a0;20738;100.0;3.6
ecouteur-interne-samsung-galaxy-a03s-a037f-a037g;15611;100.0;0.8
ecouteur-interne-samsung-galaxy-a10-a105f-m10-m105f-a51-a515f;3690;100.0;1.51
ecouteur-interne-samsung-galaxy-a13-5g-a136b-piec;21803;100.0;2.4
ecouteur-interne-samsung-galaxy-a14-4g-a145r-piec;21592;100.0;2.4
ecouteur-interne-samsung-galaxy-a20e-a202f-piec;22089;100.0;120.0
ecouteur-interne-samsung-galaxy-a20e-a202f-a22-4g-a225f;14194;100.0;1.62
ecouteur-interne-samsung-galaxy-a26-5g-a266b-piec;20957;100.0;1.8
ecouteur-interne-samsung-galaxy-a32-5g-a326b;14191;100.0;1.76
ecouteur-interne-samsung-galaxy-a33-5g-a336b-a25-5g-a256b;15004;100.0;1.62
ecouteur-interne-samsung-galaxy-a34-5g-a346b-piec;21614;100.0;1.34
ecouteur-interne-samsung-galaxy-a34-5g-a346b-3001-002878-origine;18346;100.0;6.0
ecouteur-interne-samsung-galaxy-a36-5g-a366b-piec;20927;100.0;3.6
ecouteur-interne-samsung-galaxy-a36-5g-a366b-origine;20610;100.0;15.6
ecouteur-interne-samsung-galaxy-a40-4g-a405f-piec;21750;100.0;2.4
ecouteur-interne-samsung-galaxy-a42-5g-a426b-piec;21663;100.0;0.72
ecouteur-interne-samsung-galaxy-a51-a515f-4g-piec;22037;100.0;2.4
ecouteur-interne-samsung-galaxy-a55-5g-a556b-a35-5g-a356b;19855;100.0;1.06
ecouteur-interne-samsung-galaxy-a56-5g-a566b-piec;20941;100.0;6.0
ecouteur-interne-samsung-galaxy-a56-5g-a566b-origine;21094;100.0;16.8
ecouteur-interne-samsung-galaxy-a71-a715f-piec;22030;100.0;0.96
ecouteur-interne-samsung-galaxy-a71-a715f-a51-a515f;12342;100.0;2.22
ecouteur-interne-samsung-galaxy-a72-a725f;13703;100.0;6.23
ecouteur-interne-samsung-galaxy-core-4g-g386f;4915;100.0;1.2
ecouteur-interne-samsung-galaxy-core-plus-g350;4723;100.0;1.2
ecouteur-interne-samsung-galaxy-express-2-g3815;5013;100.0;1.2
ecouteur-interne-samsung-galaxy-grand-i9060;5138;100.0;2.4
ecouteur-interne-samsung-galaxy-j1-j100f-a32-4g-a325f;6491;100.0;2.4
ecouteur-interne-samsung-galaxy-j5-j500f;6605;100.0;2.4
ecouteur-interne-samsung-galaxy-j7-2017-j730f-j5-2017-j530f-a6-2018-a600f-a6-201;10616;100.0;2.4
ecouteur-interne-samsung-galaxy-mega-i9205;3128;100.0;1.2
ecouteur-interne-samsung-galaxy-note-20-n980f-n981f;14210;100.0;3.96
ecouteur-interne-samsung-galaxy-note-20-ultra-5g-n986b;14220;100.0;2.16
ecouteur-interne-samsung-galaxy-s-advance-i9070;9262;100.0;1.2
ecouteur-interne-samsung-galaxy-s10-lite-g770f;12397;100.0;2.12
ecouteur-interne-samsung-galaxy-s20-fe-4g-g780f-piec;13782;100.0;4.8
ecouteur-interne-samsung-galaxy-s21-fe-g990b-piec;15559;100.0;2.4
ecouteur-interne-samsung-galaxy-s22-ultra-5g-s908b-piec;22251;100.0;1.2
ecouteur-interne-samsung-galaxy-s23-fe-5g-s711b-piec;21286;100.0;2.4
ecouteur-interne-samsung-galaxy-s23-ultra-s918b-gh97-28468a-origine;18539;100.0;19.2
ecouteur-interne-samsung-galaxy-s24-s921b;18070;100.0;5.21
ecouteur-interne-samsung-galaxy-s24-ultra-s928b;18065;100.0;2.82
ecouteur-interne-samsung-galaxy-s25-s931b;19587;100.0;2.16
ecouteur-interne-samsung-galaxy-s25-edge-s937b-piec;20966;100.0;3.6
ecouteur-interne-samsung-galaxy-s25-s936b;19591;100.0;4.8
ecouteur-interne-samsung-galaxy-s26-5g-s942b-piec;23348;100.0;5.42
ecouteur-interne-samsung-galaxy-s8-g950f-s8-g955f-note-8-n950f-a8-2018-a530f;9325;100.0;0.9
ecouteur-interne-samsung-galaxy-s9-g960f;11076;100.0;1.06
ecouteur-interne-samsung-galaxy-s9-g965f;11077;100.0;1.18
ecouteur-interne-samsung-galaxy-xcover-5-g525f-pro-g715f-6-pro-g736-7-g556b-tab-;15544;100.0;1.76
ecouteur-interne-samsung-galaxy-xcover-6-pro-xcover-7-g736-g556-origine-3009-001;18304;100.0;8.4
ecouteur-interne-samsung-galaxy-xcover-pro-g715f-3009-001719-origine;18410;100.0;4.8
ecouteur-interne-samsung-galaxy-z-flip3-5g-f711b-z-flip4-5g-f721b-z-flip5-5g-f73;23369;100.0;1.07
ecouteur-interne-samsung-galaxy-z-flip3-5g-f711b-z-flip4-5g-f721b-z-flip5-5g-f73-2;15066;100.0;6.0
ecouteur-interne-samsung-galaxy-z-fold3-5g-f926b;15406;100.0;2.06
ecouteur-interne-samsung-gamme-a-j;10171;100.0;1.06
ecouteur-interne-samsung-wave-y-s5380;9749;100.0;1.2
ecouteur-iphone-13-mini;14392;100.0;4.68
ecouteur-iphone-air-piec;21455;100.0;13.2
ecouteur-samsung-galaxy-a01-a015f-a02s-a025f-a03-a035g-a035f-a03-core-a032f-a05-;13484;100.0;3.6
ecouteur-samsung-galaxy-a22-a226b-piec;21697;100.0;0.96
ecouteur-samsung-galaxy-a41-4g-a415f-piec;21704;100.0;1.2
ecouteur-samsung-galaxy-a57-5g-a576b-piec;22889;100.0;2.4
ecouteur-samsung-galaxy-s21-g996b;21925;100.0;3.6
ecouteur-samsung-galaxy-s22-5g-s901b-piec;21283;100.0;2.4
ecouteur-samsung-galaxy-s26-ultra-5g-s948b-piec;22710;100.0;6.0
ecouteurs-la001-bluetooth-5-0-facon-airpods-usams-noir;12085;100.0;30.0
ecouteurs-la002-bluetooth-5-0-facon-airpods-usams-blanc;12086;100.0;30.0
ecouteurs-mh750-sony-noir;5486;100.0;15.0
ecouteurs-mini-usb-motorola-noir;4350;100.0;1.2
ecouteurs-apple-airpods-4-avec-reduction-active-du-bruit-blanc-mxp93zm-a-origine;18836;100.0;195.36
ecouteurs-apple-airpods-4-blanc-mxp63zm-a-origine;18835;100.0;144.0
ecouteurs-apple-airpods-pro-3-avec-reduction-active-du-bruit-intra-auriculaire-b;20760;100.0;246.0
ecouteurs-apple-earpods-avec-connecteur-lightning-mwty3zm-a-blanc-origine;15529;100.0;21.6
ecouteurs-apple-earpods-avec-connecteur-usb-c-myqy3zm-a-blanc;18780;100.0;22.8
ecouteurs-bluetooth-5-0-usams-earbuds-ia04-blanc;13573;100.0;14.4
ecouteurs-bluetooth-5-3-a-double-micro-enc-tws-usams-us-xd19-noir;16999;100.0;23.65
ecouteurs-bluetooth-oppo-enco-air-2-ete11-blanc-origine;17992;100.0;42.0
ecouteurs-bluetooth-oppo-enco-air-2-ete11-bleu-origine;17991;100.0;42.0
ecouteurs-filaire-avec-telecommande-oppo-o-fresh-mh151-noir-origine;17963;100.0;8.4
ecouteurs-jack-md827zm-b-apple-origine;1057;100.0;10.2
ecouteurs-jack-3-5-samsung-son-akg-avec-telecommande-gp-tou021cshbw-noir-origine;16299;100.0;10.8
ecouteurs-samsung-galaxy-akg-eo-ig955-s8-g950f-noir-origine;9057;100.0;10.8
ecouteurs-samsung-galaxy-akg-eo-ig955-gh59-14984a-blanc-origine;14265;100.0;12.0
ecouteurs-samsung-galaxy-akg-type-c-eo-ic100bbegww-noir-origine;14136;100.0;18.6
ecouteurs-samsung-galaxy-akg-type-c-eo-ic100bwegeu-blanc-origine;14137;100.0;19.8
ecouteurs-samsung-galaxy-eo-eg900bw-s5-blanc-origine;3140;100.0;12.0
ecouteurs-samsung-galaxy-eo-eg920bw-s6-blanc-origine;6388;100.0;7.8
ecouteurs-samsung-galaxy-gh59-15054a-ehs61asfwe-blanc-origine;22964;100.0;2.4
ecouteurs-samsung-galaxy-jack-3-5-gh59-11720h-blanc-origine;17768;100.0;3.6
ecouteurs-samsung-usb-type-c-tuned-by-akg-blanc-origine;12647;100.0;14.4
ecouteurs-samsung-usb-type-c-tuned-by-akg-noir-eo-ic100bbegeu-origine;12648;100.0;18.0
ecouteurs-usb-type-c-google-pixel-blanc-origine;22984;100.0;15.6
ecran-chassis-samsung-galaxy-fold-f900f-noir-origine;12894;100.0;540.0
ecran-afficheur-lcd-pour-samsung-galaxy-young-s6310;3259;100.0;3.6
ecran-afficheur-lcd-samsung-galaxy-tab-p3100-p3110-p6200-t210-p1000;2144;100.0;3.6
ecran-apple-iphone-11-661-14098-noir-origine;23487;100.0;76.74
ecran-apple-iphone-12-12-pro-661-18503-661-18504-noir-origine;23492;100.0;203.99
ecran-exterieur-samsung-galaxy-fold-f900f-gh96-12253a-origine;14303;100.0;180.0
ecran-huawei-ascend-g7-blanc-chassis-reconditionne-piec;8203;100.0;10.8
ecran-huawei-ascend-g7-noir-reconditionne-piec;8202;100.0;10.8
ecran-huawei-g8-blanc-reconditionne-piec;9997;100.0;3.6
ecran-huawei-g8-noir-reconditionne-piec;9996;100.0;3.6
ecran-huawei-mate-10-lite-noir-graphite-chassis-batterie-origine;10798;100.0;66.0
ecran-huawei-mate-10-lite-noir-graphite-reconditionne-piec;10737;100.0;41.09
ecran-huawei-mate-20-lite-bleu-chassis-batterie-origine;11732;100.0;58.8
ecran-huawei-mate-20-lite-noir-chassis-batterie-origine;11731;100.0;66.0
ecran-huawei-mate-20-lite-or-chassis-batterie-origine;11733;100.0;60.0
ecran-huawei-mate-20-lite-reconditionne-piec;11720;100.0;10.48
ecran-huawei-mate-20-pro-midnight-blue-chassis-origine;11745;100.0;120.0
ecran-huawei-mate-20-pro-violet-twilight-chassis-batterie;11746;100.0;120.0
ecran-huawei-mate-8-blanc-reconditionne-piec;8021;100.0;10.8
ecran-huawei-mate-8-or-reconditionne-piec;8022;100.0;10.8
ecran-huawei-nova-2-blanc-chassis-origine;10667;100.0;30.0
ecran-huawei-nova-2-noir-chassis-origine;10666;100.0;30.0
ecran-huawei-nova-2-plus-blanc-reconditionne-piec;8929;100.0;20.4
ecran-huawei-nova-2-plus-noir-reconditionne-piec;7640;100.0;24.0
ecran-huawei-nova-blanc-origine;10432;100.0;18.0
ecran-huawei-nova-or-origine;10433;100.0;18.0
ecran-huawei-p-smart-blanc-chassis-batterie-origine;11028;100.0;42.0
ecran-huawei-p-smart-noir-chassis-batterie-origine;11027;100.0;54.0
ecran-huawei-p-smart-plus-nova-3i-reconditionne-piec;11493;100.0;10.48
ecran-huawei-p10-blanc-chassis-batterie-origine;10876;100.0;58.8
ecran-huawei-p10-blanc-reconditionne-piec;10420;100.0;18.0
ecran-huawei-p10-lite-was-l03t-bleu-reconditionne-piec;10575;100.0;15.6
ecran-huawei-p10-lite-blanc-chassis-batterie-origine;11448;100.0;24.0
ecran-huawei-p10-lite-blanc-chassis-reconditionne-piec;9791;100.0;36.0
ecran-huawei-p10-lite-blanc-reconditionne-piec;10418;100.0;15.6
ecran-huawei-p10-lite-bleu-chassis-batterie-origine;11450;100.0;34.8
ecran-huawei-p10-lite-noir-chassis-batterie-origine;10954;100.0;42.0
ecran-huawei-p10-lite-noir-chassis-reconditionne-piec;9783;100.0;23.42
ecran-huawei-p10-lite-noir-reconditionne-piec;10417;100.0;15.6
ecran-huawei-p10-lite-or-chassis-batterie-origine;11449;100.0;30.0
ecran-huawei-p10-lite-or-chassis-reconditionne-piec;9962;100.0;24.0
ecran-huawei-p10-noir-chassis-batterie-origine;10763;100.0;54.0
ecran-huawei-p20-lite-bleu-chassis-batterie-origine;11175;100.0;42.0
ecran-huawei-p20-lite-noir-chassis-batterie-origine;11174;100.0;46.8
ecran-huawei-p20-lite-noir-reconditionne-piec;11054;100.0;8.4
ecran-huawei-p20-lite-or-chassis-batterie-origine;11632;100.0;58.8
ecran-huawei-p20-lite-rose-chassis-batterie-origine;11451;100.0;70.8
ecran-huawei-p20-noir-origine;11172;100.0;70.8
ecran-huawei-p20-pro-midnight-bleu-chassis-batterie-origine;11180;100.0;216.0
ecran-huawei-p20-pro-noir-chassis-batterie-origine;11179;100.0;180.0
ecran-huawei-p20-pro-violet-twilight-chassis-batterie-origine;11630;100.0;264.0
ecran-huawei-p8-gra-l09-blanc-reconditionne-piec;6231;100.0;15.6
ecran-huawei-p8-gra-l09-noir-reconditionne-piec;6230;100.0;15.6
ecran-huawei-p8-gra-l09-or-reconditionne-piec;6232;100.0;15.6
ecran-huawei-p8-lite-2017-blanc-chassis-batterie-origine;10590;100.0;30.0
ecran-huawei-p8-lite-2017-blanc-reconditionne-piec;10364;100.0;24.0
ecran-huawei-p8-lite-2017-noir-chassis-batterie-origine;10589;100.0;31.2
ecran-huawei-p8-lite-2017-or-chassis-batterie-origine;10591;100.0;34.8
ecran-huawei-y6-2017-nova-young-blanc-reconditionne-piec;3151;100.0;58.8
ecran-huawei-y6-2017-nova-young-noir-reconditionne-piec;3142;100.0;15.6
ecran-huawei-y6-2017-nova-young-or-reconditionne-piec;3152;100.0;15.6
ecran-ipad-air-11-6eme-gen-2024-m2-air-11-7eme-gen-2025-m3-version-wi-fi-cellula;23388;100.0;196.08
ecran-ipad-air-2-2014-blanc;15546;100.0;80.16
ecran-ipad-air-2-2014-occasion-noir;15545;100.0;101.54
ecran-ipad-air-4-5-cellular-reconditionne-piec;17251;100.0;154.2
ecran-ipad-air-4-5-wifi-reconditionne-piec;13385;100.0;154.2
ecran-ipad-air-6-11-2024-reconditionne-piec;19341;100.0;198.98
ecran-ipad-air-6-13-2024-a2898-reconditionne-piec;19342;100.0;307.8
ecran-ipad-mini-4-blanc-origine;9994;100.0;80.16
ecran-ipad-mini-4-noir-origine;9993;100.0;80.16
ecran-ipad-mini-5-blanc-reconditionne-piec;1773;100.0;96.0
ecran-ipad-mini-5-noir-reconditionne-piec;2130;100.0;80.16
ecran-ipad-mini-6-2021-reconditionne-piec;14880;100.0;296.4
ecran-ipad-pro-11-2018-ipad-pro-11-2eme-gen-2020-reconditionne-piec;12308;100.0;230.3
ecran-ipad-pro-11-3eme-gen-2021-4eme-gen-2022-reconditionne-piec;14882;100.0;234.96
ecran-ipad-pro-12-9-2eme-gen-blanc-reconditionne-piec;11099;100.0;300.0
ecran-ipad-pro-12-9-2eme-gen-noir-reconditionne-piec;11100;100.0;374.4
ecran-ipad-pro-12-9-3eme-gen-12-9-4eme-gen-noir-reconditionne-piec;8507;100.0;173.4
ecran-ipad-pro-12-9-2021-5eme-gen-2022-6eme-gen;14878;100.0;347.52
ecran-iphone-11-incell-sans-ic-optimum;15227;100.0;15.6
ecran-iphone-11-incell-optimum;12224;100.0;16.44
ecran-iphone-11-incell-standard;15942;100.0;15.38
ecran-iphone-11-pro-incell-optimum;15615;100.0;22.55
ecran-iphone-11-pro-incell-standard;16016;100.0;18.43
ecran-iphone-11-pro-soft-oled-sans-ic-optimum;15228;100.0;108.0
ecran-iphone-11-pro-soft-oled-optimum;12361;100.0;68.94
ecran-iphone-11-pro-661-14096-noir-origine;23486;100.0;97.14
ecran-iphone-11-pro-max-incell-standard;16017;100.0;18.68
ecran-iphone-11-pro-max-soft-oled-sans-ic-optimum;15229;100.0;44.52
ecran-iphone-11-pro-max-soft-oled-optimum;14451;100.0;56.78
ecran-iphone-11-pro-max-tft-incell-optimum;12640;100.0;24.23
ecran-iphone-11-pro-max-661-14099-noir-origine;23488;100.0;167.99
ecran-iphone-11-pro-max-origine-demonter;5325;100.0;99.6
ecran-iphone-11-pro-max-reconditionne-piec;14048;100.0;51.12
ecran-iphone-12-12-pro-sans-message-d-erreur-soft-oled-optimum-diag;20440;100.0;71.15
ecran-iphone-12-12-pro-hard-oled-optimum;14029;100.0;44.64
ecran-iphone-12-12-pro-incell-sans-ic-optimum;16656;100.0;19.08
ecran-iphone-12-12-pro-incell-standard;16018;100.0;18.97
ecran-iphone-12-12-pro-soft-oled-120hz-optimum;14716;100.0;63.42
ecran-iphone-12-12-pro-tft-incell-optimum;14030;100.0;24.23
ecran-iphone-12-12-pro-origine-demonter;13133;100.0;72.24
ecran-iphone-12-mini-incell-sans-ic-optimum;16337;100.0;32.4
ecran-iphone-12-mini-incell-optimum;15226;100.0;37.46
ecran-iphone-12-mini-incell-standard;16019;100.0;17.28
ecran-iphone-12-mini-661-17940-noir-origine;23490;100.0;140.34
ecran-iphone-12-mini-origine-demonter;13285;100.0;80.4
ecran-iphone-12-pro-max-hard-oled-optimum;14138;100.0;56.78
ecran-iphone-12-pro-max-incell-sans-ic-optimum;16336;100.0;34.8
ecran-iphone-12-pro-max-incell-standard;16015;100.0;16.32
ecran-iphone-12-pro-max-sans-message-d-erreur-soft-oled-optimum-diag;20441;100.0;69.22
ecran-iphone-12-pro-max-soft-oled-120hz-optimum;15385;100.0;60.92
ecran-iphone-12-pro-max-tft-incell-optimum;14139;100.0;40.21
ecran-iphone-12-pro-max-661-18466-noir-origine;23491;100.0;323.99
ecran-iphone-12-pro-max-origine-demonter;13132;100.0;186.0
ecran-iphone-12-pro-max-reconditionne-piec;21778;100.0;154.8
ecran-iphone-13-incell-sans-ic-optimum;16300;100.0;22.56
ecran-iphone-13-incell-optimum;15224;100.0;27.8
ecran-iphone-13-incell-standard;16020;100.0;22.3
ecran-iphone-13-soft-oled-120hz-optimum;15613;100.0;57.89
ecran-iphone-13-661-21988-noir-origine;23494;100.0;358.79
ecran-iphone-13-avec-nappe-capteur-de-proximite-origine-demonter;14047;100.0;90.24
ecran-iphone-13-mini-incell-sans-ic-optimum;16338;100.0;32.4
ecran-iphone-13-mini-incell-optimum;15225;100.0;37.46
ecran-iphone-13-pro-hard-oled-optimum;17000;100.0;53.2
ecran-iphone-13-pro-incell-optimum;20057;100.0;33.89
ecran-iphone-13-pro-incell-standard;21177;100.0;23.66
ecran-iphone-13-pro-sans-message-d-erreur-incell-optimum-diag;19725;100.0;43.55
ecran-iphone-13-pro-soft-oled-120hz-optimum;18196;100.0;66.17
ecran-iphone-13-pro-661-21993-noir-origine;23495;100.0;226.96
ecran-iphone-13-pro-max-hard-oled-optimum;17072;100.0;55.42
ecran-iphone-13-pro-max-incell-optimum;17737;100.0;36.35
ecran-iphone-13-pro-max-incell-standard;21178;100.0;26.16
ecran-iphone-13-pro-max-sans-message-d-erreur-incell-optimum-diag;19726;100.0;46.01
ecran-iphone-13-pro-max-soft-oled-120hz-optimum;19426;100.0;61.21
ecran-iphone-13-pro-max-661-22309-noir-origine;23496;100.0;274.8
ecran-iphone-13-pro-max-origine-demonter;14045;100.0;155.28
ecran-iphone-13-pro-origine-demonter;14046;100.0;130.68
ecran-iphone-14-incell-sans-ic-optimum;17186;100.0;23.3
ecran-iphone-14-incell-optimum;15732;100.0;28.62
ecran-iphone-14-soft-oled-120hz-optimum;15614;100.0;45.48
ecran-iphone-14-661-30366-noir-origine;23499;100.0;194.52
ecran-iphone-14-avec-nappe-capteur-de-proximite-origine-demonter;15581;100.0;83.52
ecran-iphone-14-plus-incell-optimum;16142;100.0;34.14
ecran-iphone-14-plus-sans-message-d-erreur-soft-oled-optimum-diag;20448;100.0;71.15
ecran-iphone-14-plus-soft-oled-120hz-optimum;20049;100.0;60.65
ecran-iphone-14-plus-661-30390-noir-origine;23500;100.0;163.2
ecran-iphone-14-plus-avec-nappe-capteur-de-proximite-origine-demonter;15583;100.0;174.0
ecran-iphone-14-plus-reconditionne-piec;21774;100.0;144.0
ecran-iphone-14-pro-sans-message-d-erreur-incell-optimum-diag;19727;100.0;46.01
ecran-iphone-14-pro-incell-120hz-optimum;20058;100.0;36.35
ecran-iphone-14-pro-incell-standard;21179;100.0;24.76
ecran-iphone-14-pro-soft-oled-120hz-optimum;17739;100.0;64.51
ecran-iphone-14-pro-661-29370-noir-origine;23498;100.0;222.84
ecran-iphone-14-pro-avec-nappe-capteur-de-proximite-sans-message-d-erreur-origin;15582;100.0;171.0
ecran-iphone-14-pro-max-sans-message-d-erreur-incell-optimum-diag;19728;100.0;57.6
ecran-iphone-14-pro-max-incell-120hz-optimum;19627;100.0;47.94
ecran-iphone-14-pro-max-incell-standard;21180;100.0;19.92
ecran-iphone-14-pro-max-sans-message-d-erreur-soft-oled-optimum-diag;20447;100.0;56.28
ecran-iphone-14-pro-max-soft-oled-120hz-optimum;20436;100.0;50.64
ecran-iphone-14-pro-max-661-30401-noir-origine;23501;100.0;246.72
ecran-iphone-14-pro-max-avec-nappe-capteur-de-proximite-origine-demonter;15584;100.0;224.88
ecran-iphone-14-pro-max-oem;17741;100.0;77.16
ecran-iphone-14-pro-max-origine;17741;89.7;77.16
ecran-iphone-14-pro-reconditionne-piec;21773;100.0;180.0
ecran-iphone-15-incell-optimum;17738;100.0;33.6
ecran-iphone-15-incell-standard;21181;100.0;23.11
ecran-iphone-15-sans-message-d-erreur-soft-oled-optimum-diag;23152;100.0;76.08
ecran-iphone-15-soft-oled-120hz-optimum;17740;100.0;52.8
ecran-iphone-15-661-36706-noir-origine;23503;100.0;198.84
ecran-iphone-15-avec-nappe-capteur-de-proximite-origine-demonter;16955;100.0;132.12
ecran-iphone-15-origine-demonte;22278;88.6;82.8
ecran-iphone-15-origine-demonte-grade-b;22278;100.0;82.8
ecran-iphone-15-plus-incell-optimum;20059;100.0;43.55
ecran-iphone-15-plus-incell-standard;21182;100.0;23.94
ecran-iphone-15-plus-sans-message-d-erreur-soft-oled-optimum-diag;23155;100.0;84.12
ecran-iphone-15-plus-soft-oled-optimum;20052;100.0;69.48
ecran-iphone-15-plus-661-37213-noir-origine;23505;100.0;222.84
ecran-iphone-15-plus-avec-nappe-capteur-de-proximite-origine-demonter;16956;100.0;142.2
ecran-iphone-15-pro-incell-120hz-optimum;18194;100.0;36.91
ecran-iphone-15-pro-incell-standard;21183;100.0;24.76
ecran-iphone-15-pro-sans-message-d-erreur-soft-oled-optimum-diag;23153;100.0;85.68
ecran-iphone-15-pro-soft-oled-120hz-optimum;20050;100.0;65.89
ecran-iphone-15-pro-661-35699-noir-origine;23502;100.0;213.48
ecran-iphone-15-pro-avec-nappe-capteur-de-proximite-origine-demonter;16957;100.0;258.96
ecran-iphone-15-pro-max-incell-120hz-optimum;18195;100.0;50.99
ecran-iphone-15-pro-max-incell-standard;21184;100.0;26.98
ecran-iphone-15-pro-max-sans-message-d-erreur-soft-oled-optimum-diag;23154;100.0;85.68
ecran-iphone-15-pro-max-soft-oled-120hz-optimum;20051;100.0;64.79
ecran-iphone-15-pro-max-661-36915-noir-origine;23504;100.0;235.68
ecran-iphone-15-pro-max-avec-nappe-capteur-de-proximite-sans-message-d-erreur-or;16958;100.0;272.4
ecran-iphone-15-pro-max-oem;17743;100.0;178.8
ecran-iphone-15-pro-oem;17742;100.0;148.58
ecran-iphone-15-pro-reconditionne-piec;23122;100.0;300.0
ecran-iphone-15-reconditionne-piec;21771;100.0;180.0
ecran-iphone-16-incell-optimum;19578;100.0;42.14
ecran-iphone-16-incell-standard;21185;100.0;26.41
ecran-iphone-16-sans-message-d-erreur-soft-oled-optimum-diag;21333;100.0;138.94
ecran-iphone-16-soft-oled-60hz-optimum;20053;100.0;65.89
ecran-iphone-16-661-44797-noir-origine;23507;100.0;201.36
ecran-iphone-16-avec-nappe-capteur-de-proximite-origine-demonter;19387;100.0;169.2
ecran-iphone-16-plus-incell-optimum;19579;100.0;44.64
ecran-iphone-16-plus-incell-standard;21187;100.0;26.41
ecran-iphone-16-plus-sans-message-d-erreur-soft-oled-optimum-diag;21335;100.0;86.04
ecran-iphone-16-plus-soft-oled-60-hz-optimum;20055;100.0;47.44
ecran-iphone-16-plus-avec-nappe-capteur-de-proximite-origine-demonter-piec;19351;100.0;144.48
ecran-iphone-16-plus-reconditionne-piec;23121;100.0;120.0
ecran-iphone-16-pro-incell-optimum;20060;100.0;50.44
ecran-iphone-16-pro-incell-standard;21188;100.0;38.57
ecran-iphone-16-pro-sans-message-d-erreur-soft-oled-120hz-optimum-diag;21334;100.0;107.29
ecran-iphone-16-pro-soft-oled-120hz-optimum;20054;100.0;102.6
ecran-iphone-16-pro-661-42726-noir-origine;23506;100.0;218.52
ecran-iphone-16-pro-avec-nappe-capteur-de-proximite-origine-demonter-piec;19352;100.0;252.24
ecran-iphone-16-pro-max-incell-optimum;20061;100.0;52.64
ecran-iphone-16-pro-max-incell-standard;21189;100.0;43.55
ecran-iphone-16-pro-max-sans-message-d-erreur-soft-oled-optimum-diag-2;23156;100.0;112.68
ecran-iphone-16-pro-max-sans-message-d-erreur-soft-oled-optimum-diag;21190;100.0;76.38
ecran-iphone-16-pro-max-661-44955-noir-origine;23508;100.0;248.52
ecran-iphone-16-pro-max-avec-nappe-capteur-de-proximite-origine-demonter;19353;100.0;310.8
ecran-iphone-16-reconditionne-piec;21768;100.0;156.0
ecran-iphone-16e-17e-incell-optimum;20062;100.0;28.91
ecran-iphone-16e-17e-incell-standard;21186;100.0;22.55
ecran-iphone-16e-17e-soft-oled-120hz-optimum;20056;100.0;46.56
ecran-iphone-17-sans-message-d-erreur-soft-oled-120hz-optimum-diag;23157;100.0;138.36
ecran-iphone-17-soft-oled-120hz-optimum;21858;100.0;105.08
ecran-iphone-17-avec-nappe-capteur-de-proximite-sans-message-d-erreur-origine-de;21388;100.0;414.84
ecran-iphone-17-pro-sans-message-d-erreur-soft-oled-120hz-optimum-diag;23158;100.0;146.28
ecran-iphone-17-pro-soft-oled-120hz-optimum;21859;100.0;70.8
ecran-iphone-17-pro-avec-nappe-capteur-de-proximite-origine-demonter-piec;21389;100.0;426.12
ecran-iphone-17-pro-max-sans-message-d-erreur-soft-oled-120hz-optimum-diag;23159;100.0;161.28
ecran-iphone-17-pro-max-soft-oled-120hz-optimum;21860;100.0;93.49
ecran-iphone-17-pro-max-avec-nappe-capteur-de-proximite-sans-message-d-erreur-or;21390;100.0;386.88
ecran-iphone-3g-blanc-reconditionne-piec;614;100.0;3.6
ecran-iphone-4-blanc;503;100.0;14.28
ecran-iphone-4-noir;573;100.0;8.0
ecran-iphone-4s-blanc;601;100.0;8.0
7942;2031;100.0;7.96
ecran-iphone-5-blanc;2020;100.0;6.0
ecran-iphone-5-blanc-reconditionne-piec;8516;100.0;12.0
ecran-iphone-5-noir;925;100.0;6.0
ecran-iphone-5s-se-blanc-reconditionne-piec;715;100.0;11.75
ecran-iphone-5s-se-noir;1432;100.0;11.52
ecran-iphone-5s-se-noir-reconditionne-piec;9516;100.0;12.53
ecran-iphone-6-basic-blanc;6584;100.0;11.24
ecran-iphone-6-basic-noir;6583;100.0;11.24
ecran-iphone-6-blanc-reconditionne-piec;8627;100.0;12.86
ecran-iphone-6-noir-reconditionne-piec;3222;100.0;13.2
ecran-iphone-6-plus-blanc;8471;100.0;12.61
ecran-iphone-6-plus-blanc-reconditionne-piec;5804;100.0;34.8
ecran-iphone-6-plus-noir;5705;100.0;12.61
ecran-iphone-6-plus-noir-reconditionne-piec;3996;100.0;34.8
ecran-iphone-6s-661-07285-noir-origine;23442;100.0;39.36
ecran-iphone-6s-661-07286-blanc-origine;23443;100.0;34.8
ecran-iphone-6s-661-07287-or-origine;23444;100.0;39.36
ecran-iphone-6s-661-07288-or-rose-origine;23445;100.0;16.74
ecran-iphone-6s-blanc;7199;100.0;15.38
ecran-iphone-6s-blanc-reconditionne-piec;6634;100.0;13.54
ecran-iphone-6s-noir;3396;100.0;11.88
ecran-iphone-6s-noir-reconditionne-piec;6989;100.0;13.54
ecran-iphone-6s-plus-661-07289-noir-origine;23446;100.0;31.32
ecran-iphone-6s-plus-661-07290-blanc-origine;23447;100.0;28.8
ecran-iphone-6s-plus-661-07291-or-origine;23448;100.0;18.0
ecran-iphone-6s-plus-661-07292-or-rose-origine;23449;100.0;18.0
ecran-iphone-6s-plus-blanc;5303;100.0;10.08
ecran-iphone-6s-plus-noir;5302;100.0;10.08
ecran-iphone-6s-plus-noir-reconditionne-piec;8734;100.0;6.72
ecran-iphone-7-basic-blanc;16022;100.0;11.24
ecran-iphone-7-basic-noir;16021;100.0;11.24
ecran-iphone-7-661-07293-noir-origine;23451;100.0;42.96
ecran-iphone-7-661-07294-blanc-origine;23452;100.0;21.54
ecran-iphone-7-661-07295-or-origine;23453;100.0;24.83
ecran-iphone-7-661-07296-or-rose-origine;23454;100.0;25.2
ecran-iphone-7-blanc-optimum;5307;100.0;15.38
ecran-iphone-7-blanc-reconditionne-piec;10464;100.0;13.54
ecran-iphone-7-noir-optimum;5306;100.0;15.38
ecran-iphone-7-noir-reconditionne-piec;10087;100.0;13.06
ecran-iphone-7-plus-661-07297-noir-origine;23455;100.0;48.06
ecran-iphone-7-plus-661-07298-blanc-origine;23456;100.0;48.06
ecran-iphone-7-plus-661-07299-or-origine;23457;100.0;24.0
ecran-iphone-7-plus-661-07300-or-rose-origine;23458;100.0;16.79
ecran-iphone-7-plus-blanc;5491;100.0;16.34
ecran-iphone-7-plus-blanc-reconditionne-piec;10086;100.0;35.54
ecran-iphone-7-plus-noir;5480;100.0;16.34
ecran-iphone-7-plus-noir-reconditionne-piec;10085;100.0;30.24
ecran-iphone-8-se-2020-basic-blanc;16024;100.0;39.72
ecran-iphone-8-se-2020-basic-noir;16023;100.0;11.24
ecran-iphone-8-se-2020-se-2022-661-08934-661-09081-blanc-origine;23459;100.0;67.8
ecran-iphone-8-se-2020-se-2022-661-09081-or-origine;23511;100.0;52.74
ecran-iphone-8-se-2020-se-2022-661-10102-rouge-origine;23462;100.0;51.72
ecran-iphone-8-se-2020-se-2022-661-26353-noir-origine;23497;100.0;208.32
ecran-iphone-8-se-2020-se-2022-blanc-reconditionne-piec;10582;100.0;16.32
ecran-iphone-8-se-2020-se-2022-blanc-tft-incell-optimum;15065;100.0;15.38
ecran-iphone-8-se-2020-se-2022-noir-reconditionne-piec;10582;89.9;16.32
ecran-iphone-8-se-2020-se-2022-noir-tft-incell-optimum;15064;100.0;15.38
ecran-iphone-8-plus-661-09032-661-10103-noir-origine;23460;100.0;56.4
ecran-iphone-8-plus-661-09033-blanc-origine;23461;100.0;76.14
ecran-iphone-8-plus-blanc-optimum;10693;100.0;16.34
ecran-iphone-8-plus-blanc-reconditionne-piec;10580;100.0;32.4
ecran-iphone-8-plus-noir-optimum;10692;100.0;16.34
ecran-iphone-8-plus-noir-reconditionne-piec;10579;100.0;32.33
ecran-iphone-air-avec-nappe-capteur-de-proximite-sans-message-d-erreur-origine-d;22276;100.0;380.16
ecran-iphone-x-hard-oled-optimum;22682;100.0;31.12
ecran-iphone-x-incell-standard;16012;100.0;15.38
ecran-iphone-x-tft-incell-optimum;12222;100.0;20.36
ecran-iphone-x-661-13114-noir-origine;23485;100.0;117.59
ecran-iphone-xr-incell-optimum;7648;100.0;20.36
ecran-iphone-xr-incell-standard;15943;100.0;15.38
ecran-iphone-xr-661-11232-noir-origine;23484;100.0;136.44
ecran-iphone-xr-origine-c11;13105;100.0;63.74
ecran-iphone-xr-origine-c3f;11721;100.0;54.16
ecran-iphone-xs-hard-oled-optimum;22683;100.0;31.12
ecran-iphone-xs-incell-standard;16013;100.0;15.38
ecran-iphone-xs-tft-incell-optimum;12221;100.0;20.36
ecran-iphone-xs-661-10608-noir-origine;23512;100.0;81.59
ecran-iphone-xs-max-incell-standard;16014;100.0;17.59
ecran-iphone-xs-max-soft-oled-optimum;14678;100.0;53.74
ecran-iphone-xs-max-tft-incell-optimum;12223;100.0;23.94
ecran-iphone-xs-max-661-11037-noir-origine;23483;100.0;81.59
ecran-iphone-xs-max-origine-demonter;11610;100.0;120.0
ecran-lcd-vitre-tactile-assemble-pour-samsung-galaxy-sl-i9003;686;100.0;6.0
ecran-lcd-samsung-galaxy-ace-3-s7275;3390;100.0;1.2
ecran-lcd-samsung-galaxy-star-s5280;3400;100.0;3.6
ecran-samsung-a10-a105f-m10-m105f-reconditionne-piec;3695;100.0;7.93
ecran-samsung-galaxy-a01-2020-a015f-noir-chassis-origine;12687;100.0;24.0
ecran-samsung-galaxy-a01-2020-a015f-noir-origine;13322;100.0;21.6
ecran-samsung-galaxy-a01-2020-a015f-noir-reconditionne-piec;16225;100.0;16.04
ecran-samsung-galaxy-a01-core-a013-noir-chassis-origine;14651;100.0;27.6
ecran-samsung-galaxy-a02-a022f-noir-chassis-reconditionne-piec;17409;100.0;11.52
ecran-samsung-galaxy-a02-2021-a022f-gh82-25250anc-noir-origine;14360;100.0;24.0
ecran-samsung-galaxy-a02-2021-a022f-noir-chassis-origine;14359;100.0;48.0
ecran-samsung-galaxy-a02-2021-a022f-noir-reconditionne-piec;16224;100.0;8.04
ecran-samsung-galaxy-a02s-a025f-noir-chassis-origine;13203;100.0;48.0
ecran-samsung-galaxy-a02s-a025f-noir-origine;13916;100.0;22.8
ecran-samsung-galaxy-a02s-a025g-noir-reconditionne-piec;15530;100.0;7.2
ecran-samsung-galaxy-a02s-2021-a025g-noir-chassis-origine;13871;100.0;45.6
ecran-samsung-galaxy-a03-a035f-noir-chassis-origine;15056;100.0;54.0
ecran-samsung-galaxy-a03-a035f-noir-chassis-reconditionne-piec;17410;100.0;11.88
ecran-samsung-galaxy-a03-a035g-chassis-occasion-grade-a-noir;22681;100.0;36.0
ecran-samsung-galaxy-a03-a035g-noir-chassis-origine;15042;100.0;36.0
ecran-samsung-galaxy-a03-2022-a035f-noir-origine;15449;100.0;30.0
ecran-samsung-galaxy-a03-2022-a035g-noir-origine;15448;100.0;22.8
ecran-samsung-galaxy-a03-core-a032f-noir-reconditionne-piec;16226;100.0;8.88
ecran-samsung-galaxy-a03-core-a032f-noir-chassis-origine;15344;100.0;27.6
ecran-samsung-galaxy-a03-core-a032f-origine;17063;100.0;18.0
ecran-samsung-galaxy-a03s-a037f-gh81-21232a-nc-noir-origine;14490;100.0;19.2
ecran-samsung-galaxy-a03s-a037f-noir-chassis-origine;14956;100.0;36.0
ecran-samsung-galaxy-a03s-a037f-noir-chassis-reconditionne-piec;17411;100.0;13.2
ecran-samsung-galaxy-a03s-a037g-noir-chassis-origine;14009;100.0;36.0
ecran-samsung-galaxy-a03s-a037g-noir-chassis-reconditionne-piec;17854;100.0;14.41
ecran-samsung-galaxy-a03s-a037g-noir-origine;15108;100.0;20.4
ecran-samsung-galaxy-a04-2022-a045f-noir-chassis-reconditionne-piec;17412;100.0;12.12
ecran-samsung-galaxy-a04-2022-a045f-noir-origine;15944;100.0;22.8
ecran-samsung-galaxy-a04e-a042f-noir-chassis-origine;16773;100.0;60.0
ecran-samsung-galaxy-a04e-a042f-reconditionne-piec;18792;100.0;8.88
ecran-samsung-galaxy-a04s-a047f-noir-chassis-origine;15466;100.0;33.6
ecran-samsung-galaxy-a04s-a047f-noir-chassis-reconditionne-piec;18208;100.0;11.16
ecran-samsung-galaxy-a04s-2022-a047f-noir-origine;15945;100.0;22.8
ecran-samsung-galaxy-a05-a055f-noir-chassis-origine;18790;100.0;31.2
ecran-samsung-galaxy-a05-a055f-noir-chassis-reconditionne-piec;20426;100.0;11.04
ecran-samsung-galaxy-a05-a055f-origine;18791;100.0;24.0
ecran-samsung-galaxy-a05s-a057g-reconditionne-piec;20245;100.0;10.68
ecran-samsung-galaxy-a05s-4g-a057g-noir-chassis-origine;17364;100.0;30.0
ecran-samsung-galaxy-a06-a065f-noir-chassis-reconditionne-piec;20425;100.0;11.88
ecran-samsung-galaxy-a06-2024-a065f-noir-chassis-origine;19311;100.0;42.0
ecran-samsung-galaxy-a06-4g-a065f-reconditionne-piec;20246;100.0;8.88
ecran-samsung-galaxy-a06-5g-a066b-chassis-piec;23037;100.0;18.0
ecran-samsung-galaxy-a07-4g-a075f-noir-chassis-origine;21380;100.0;48.0
ecran-samsung-galaxy-a07-4g-a075f-noir-chassis-reconditionne;21379;100.0;13.8
ecran-samsung-galaxy-a07-4g-a075f-reconditionne;21378;100.0;18.0
ecran-samsung-galaxy-a10-a105-m10-noir-origine;4264;100.0;21.6
ecran-samsung-galaxy-a10-a105fn-noir-chassis-origine;4715;100.0;60.0
ecran-samsung-galaxy-a10-a105fn-noir-chassis-reconditionne-piec;17388;100.0;11.16
ecran-samsung-galaxy-a10s-a107f-noir-chassis-origine;12268;100.0;42.0
ecran-samsung-galaxy-a10s-a107f-noir-chassis-reconditionne-piec;17413;100.0;26.4
ecran-samsung-galaxy-a10s-a107f-noir-origine;15946;100.0;19.2
ecran-samsung-galaxy-a10s-a107f-reconditionne-piec;12715;100.0;10.72
ecran-samsung-galaxy-a11-a115f-noir-chassis-origine;12772;100.0;42.0
ecran-samsung-galaxy-a11-2020-a115f-m11-2020-m115f-noir-origine;13317;100.0;21.6
ecran-samsung-galaxy-a11-2020-a115f-m11-2020-m115f-reconditionne-piec;12716;100.0;9.12
ecran-samsung-galaxy-a11-2020-a115f-noir-chassis-reconditionne-piec;16223;100.0;12.36
ecran-samsung-galaxy-a12-a127f-noir-chassis-origine;14232;100.0;40.8
ecran-samsung-galaxy-a12-a127f-origine;14623;100.0;21.6
ecran-samsung-galaxy-a12-2020-a125f-a12-a127f-m12-m127f-noir-chassis-recondition;16007;100.0;11.76
ecran-samsung-galaxy-a12-2020-a125f-a12-a127f-m12-m127f-noir-reconditionne-piec;13368;100.0;8.64
ecran-samsung-galaxy-a12-2020-a125f-a12-a127f-m12-m127f-reconditionne-piec;15662;100.0;8.64
ecran-samsung-galaxy-a12-2020-a125f-m12-m127f-a32-5g-a326b-noir-origine;13192;100.0;21.6
ecran-samsung-galaxy-a12-2020-a125f-noir-chassis-origine;13875;100.0;39.6
ecran-samsung-galaxy-a13-a135f-a137f-m23-5g-m236b-m33-5g-m336b-reconditionne-piec;15664;100.0;8.76
ecran-samsung-galaxy-a13-a135f-noir-chassis-origine;15020;100.0;39.6
ecran-samsung-galaxy-a13-a137f-a13-a135f-m23-5g-m236b-m33-5g-m336b-noir-origine;15451;100.0;21.6
ecran-samsung-galaxy-a13-a137f-a13-a135f-m23-5g-m236b-m33-5g-m336b-noir-origine-2;15451;100.0;21.6
ecran-samsung-galaxy-a13-a13s-a137f-noir-chassis-origine;15250;100.0;54.0
ecran-samsung-galaxy-a13-a13s-a137f-noir-chassis-origine-2;15250;100.0;54.0
ecran-samsung-galaxy-a13-4g-a135f-4g-a137f-a13s-m13-4g-m135f-noir-chassis-recond;17415;100.0;11.64
ecran-samsung-galaxy-a13-5g-a136b-m13-5g-m136b-origine;15939;100.0;20.4
ecran-samsung-galaxy-a13-5g-a136b-noir-chassis-origine;15386;100.0;34.8
ecran-samsung-galaxy-a13-5g-a136b-noir-chassis-reconditionne-piec;17414;100.0;11.64
ecran-samsung-galaxy-a14-4g-a145f-version-non-eu-noir-chassis-origine;17790;100.0;36.0
ecran-samsung-galaxy-a14-4g-a145p-a145r-origine;17787;100.0;21.6
ecran-samsung-galaxy-a14-4g-a145r-a145p-noir-chassis-origine;16066;100.0;58.8
ecran-samsung-galaxy-a14-4g-a145r-a145p-noir-chassis-reconditionne-piec;17416;100.0;15.12
ecran-samsung-galaxy-a14-5g-a146b-a146p-noir-chassis-origine;16207;100.0;38.4
ecran-samsung-galaxy-a14-5g-a146b-origine;16478;100.0;24.0
ecran-samsung-galaxy-a14-5g-a146p-noir-origine;16452;100.0;20.4
ecran-samsung-galaxy-a14-5g-2023-a146p-noir-chassis-reconditionne-piec;17507;100.0;15.12
ecran-samsung-galaxy-a15-4g-a155f-a15-5g-a156b-noir-chassis-reconditionne-piec;22976;100.0;46.8
ecran-samsung-galaxy-a15-4g-5g-a155f-a156b-noir-chassis-origine;17407;100.0;45.6
ecran-samsung-galaxy-a15-5g-a156b-noir-chassis-occasion-grade-a;22444;100.0;42.0
ecran-samsung-galaxy-a16-4g-a165f-gh82-36280a-origine;22747;100.0;49.2
ecran-samsung-galaxy-a16-4g-a165f-noir-chassis-occasion-grade-a;22445;100.0;58.8
ecran-samsung-galaxy-a16-4g-a165f-noir-chassis-origine;19276;100.0;54.0
ecran-samsung-galaxy-a16-4g-a165f-noir-chassis-reconditionne-piec;22977;100.0;46.8
ecran-samsung-galaxy-a16-5g-a166b-noir-chassis-origine;19030;100.0;40.8
ecran-samsung-galaxy-a17-4g-a175f-noir-chassis-origine;21513;100.0;48.0
ecran-samsung-galaxy-a17-5g-a176b-noir-chassis-origine;20516;100.0;54.0
ecran-samsung-galaxy-a20-a205f-noir-m10s-m107-chassis-origine;12369;100.0;48.0
ecran-samsung-galaxy-a20e-a202f-noir-chassis-origine;4881;100.0;48.0
ecran-samsung-galaxy-a20e-a202f-noir-chassis-reconditionne-piec;20244;100.0;11.64
ecran-samsung-galaxy-a20e-a202f-reconditionne-piec;12717;100.0;8.88
ecran-samsung-galaxy-a20s-a207f-noir-chassis-origine;13204;100.0;48.0
ecran-samsung-galaxy-a20s-a207f-noir-chassis-reconditionne-piec;17417;100.0;12.6
ecran-samsung-galaxy-a20s-a207f-origine;12657;100.0;24.0
ecran-samsung-galaxy-a21s-2020-a217f-noir-chassis-origine;12370;100.0;60.0
ecran-samsung-galaxy-a21s-2020-a217f-noir-chassis-reconditionne-piec;16069;100.0;17.76
ecran-samsung-galaxy-a21s-2020-a217f-noir-origine;14004;100.0;21.6
ecran-samsung-galaxy-a21s-2020-a217f-reconditionne-piec;15358;100.0;16.92
ecran-samsung-galaxy-a22-a225f-noir-chassis-reconditionne-piec;16229;100.0;31.63
ecran-samsung-galaxy-a22-4g-a225f-noir-chassis-origine;13915;100.0;30.0
ecran-samsung-galaxy-a22-5g-a226b-noir-chassis-origine;13767;100.0;48.0
ecran-samsung-galaxy-a22-5g-a226b-noir-chassis-reconditionne-piec;17418;100.0;13.56
ecran-samsung-galaxy-a22-5g-a226b-noir-origine;15947;100.0;20.4
ecran-samsung-galaxy-a23-4g-a235f-m23-5g-m236b-m33-5g-m336b-noir-origine;16063;100.0;26.4
ecran-samsung-galaxy-a23-4g-a235f-noir-chassis-origine;15814;100.0;42.0
ecran-samsung-galaxy-a23-4g-a235f-noir-chassis-reconditionne-piec;17419;100.0;18.52
ecran-samsung-galaxy-a23-4g-a235f-reconditionne-piec;15383;100.0;8.4
ecran-samsung-galaxy-a23-5g-a236b-noir-chassis-origine;15345;100.0;42.0
ecran-samsung-galaxy-a23-5g-a236b-noir-chassis-reconditionne-piec;17420;100.0;14.4
ecran-samsung-galaxy-a23-5g-a236b-noir-reconditionne-piec;16350;100.0;8.4
ecran-samsung-galaxy-a24-4g-a245f-noir-chassis-origine;16994;100.0;64.8
ecran-samsung-galaxy-a24-4g-a245f-noir-chassis-reconditionne-piec;17019;100.0;16.68
ecran-samsung-galaxy-a25-5g-a256b-noir-chassis-origine;17392;100.0;54.0
ecran-samsung-galaxy-a26-5g-a266b-blanc-chassis-origine;20142;100.0;63.6
ecran-samsung-galaxy-a26-5g-a266b-noir-chassis-origine;20047;100.0;60.0
ecran-samsung-galaxy-a26-5g-a266b-vert-chassis-origine;20143;100.0;72.0
ecran-samsung-galaxy-a3-2016-a310f-chassis-occasion-grade-a-noir;22679;100.0;21.6
ecran-samsung-galaxy-a3-2016-a310f-blanc-origine;8159;100.0;72.0
ecran-samsung-galaxy-a3-2016-a310f-noir-origine;8158;100.0;60.0
ecran-samsung-galaxy-a3-2016-a310f-rose-origine;18735;100.0;54.0
ecran-samsung-galaxy-a3-2017-a320f-chassis-noir-occasion-grade-ab;7162;100.0;30.0
ecran-samsung-galaxy-a3-2017-a320f-bleu-chassis-origine;20216;100.0;24.0
ecran-samsung-galaxy-a3-2017-a320f-noir-origine;7475;97.8;30.0
ecran-samsung-galaxy-a3-2017-a320f-or-origine;7475;100.0;30.0
ecran-samsung-galaxy-a30-a305f-chassis-origine;1531;100.0;72.0
ecran-samsung-galaxy-a30s-a307f-noir-chassis-origine;3815;100.0;66.0
ecran-samsung-galaxy-a31-a315f-noir-chassis-reconditionne-piec;16228;100.0;17.04
ecran-samsung-galaxy-a31-a315f-a315g-chassis-noir-origine;12855;100.0;50.4
ecran-samsung-galaxy-a32-4g-a325f-noir-chassis-origine-demonter-piec;21643;100.0;46.8
ecran-samsung-galaxy-a32-4g-2021-a325f-noir-chassis-origine;13723;100.0;68.4
ecran-samsung-galaxy-a32-5g-a326b-m12-m127f-reconditionne-piec;15663;100.0;8.64
ecran-samsung-galaxy-a32-5g-a326b-noir-chassis-origine;13740;100.0;52.8
ecran-samsung-galaxy-a32-5g-a326b-noir-chassis-reconditionne-piec;16009;100.0;12.36
ecran-samsung-galaxy-a33-5g-a336b-blanc-chassis-origine;15018;100.0;72.0
ecran-samsung-galaxy-a33-5g-a336b-bleu-chassis-origine;15015;100.0;78.0
ecran-samsung-galaxy-a33-5g-a336b-noir-chassis-origine;14920;100.0;78.0
ecran-samsung-galaxy-a33-5g-a336b-peche-chassis-origine;15016;100.0;78.0
ecran-samsung-galaxy-a34-5g-a346b-argent-chassis-origine;16294;100.0;96.0
ecran-samsung-galaxy-a34-5g-a346b-noir-chassis-occasion-grade-a;22443;100.0;58.8
ecran-samsung-galaxy-a34-5g-a346b-noir-chassis-origine;16119;100.0;75.6
ecran-samsung-galaxy-a34-5g-a346b-origine;20263;100.0;66.0
ecran-samsung-galaxy-a34-5g-a346b-vert-chassis-origine;16081;100.0;90.0
ecran-samsung-galaxy-a34-5g-a346b-violet-chassis-origine;16120;100.0;84.0
ecran-samsung-galaxy-a35-5g-a356b-origine;18093;100.0;60.0
ecran-samsung-galaxy-a36-5g-a366b-blanc-chassis-origine;20206;100.0;114.0
ecran-samsung-galaxy-a36-5g-a366b-noir-chassis-origine;19975;100.0;74.4
ecran-samsung-galaxy-a36-5g-a366b-vert-chassis-origine;20207;100.0;94.8
ecran-samsung-galaxy-a36-5g-a366b-violet-chassis-origine;20208;100.0;82.8
ecran-samsung-galaxy-a37-5g-a376b-noir-chassis-gh82-39232a-origine;23069;100.0;78.0
ecran-samsung-galaxy-a37-5g-a376b-vert-fonce-chassis-origine-gh82-39232b;22965;100.0;75.6
ecran-samsung-galaxy-a40-a405f-noir-chassis-original-demonte-grade-a-piec;21610;100.0;54.0
ecran-samsung-galaxy-a40-a405f-noir-chassis-origine;12005;100.0;84.0
ecran-samsung-galaxy-a41-a415f-noir-chassis-occasion-grade-a;22135;100.0;78.0
ecran-samsung-galaxy-a41-a415f-noir-chassis-origine;12363;100.0;78.0
ecran-samsung-galaxy-a41-a415f-noir-chassis-reconditionne-piec;15914;100.0;53.21
ecran-samsung-galaxy-a41-4g-a415f-soft-oled-optimum-noir-chassis;20943;100.0;48.0
ecran-samsung-galaxy-a42-5g-a426b-noir-chassis-origine;13074;100.0;58.8
ecran-samsung-galaxy-a5-2016-a510f-blanc-origine;8157;100.0;78.0
ecran-samsung-galaxy-a5-2016-a510f-noir-origine;8156;100.0;72.0
ecran-samsung-galaxy-a5-2017-a520f-chassis-noir-occasion-grade-ab;10251;100.0;118.8
ecran-samsung-galaxy-a5-2017-a520f-chassis-or-occasion-grade-ab;10252;100.0;72.0
ecran-samsung-galaxy-a5-2017-a520f-bleu-origine;20605;100.0;58.8
ecran-samsung-galaxy-a5-2017-a520f-noir-origine;20605;89.4;58.8
ecran-samsung-galaxy-a5-2017-a520f-or-origine;20605;91.3;58.8
ecran-samsung-galaxy-a5-2017-a520f-rose-origine;10253;100.0;51.6
ecran-samsung-galaxy-a50-a505f-noir-chassis-original-demonte-grade-a-piec;21612;100.0;48.0
ecran-samsung-galaxy-a50-a505f-noir-chassis-origine;12004;100.0;66.0
ecran-samsung-galaxy-a50-a505f-noir-chassis-reconditionne-piec;16227;100.0;26.4
ecran-samsung-galaxy-a50s-2019-a507-noir-chassis-origine;12718;100.0;50.4
ecran-samsung-galaxy-a51-a515f-oled-standard-noir-chassis;16060;100.0;30.0
ecran-samsung-galaxy-a51-a515f-noir-chassis-origine;3812;100.0;82.8
ecran-samsung-galaxy-a51-a515f-noir-chassis-reconditionne-piec;15531;100.0;71.52
ecran-samsung-galaxy-a51-5g-a516b-blanc-chassis-origine;13763;100.0;106.8
ecran-samsung-galaxy-a51-5g-a516b-noir-chassis-origine;13304;100.0;96.0
ecran-samsung-galaxy-a52-4g-a525f-5g-a526b-noir-chassis-optimum;16230;100.0;33.59
ecran-samsung-galaxy-a52-4g-a525f-5g-a526b-violet-chassis-origine;13914;100.0;84.0
ecran-samsung-galaxy-a52-4g-a525f-a52-5g-a526b-blanc-chassis-origine;13942;100.0;72.0
ecran-samsung-galaxy-a52-4g-a525f-a52-5g-a526b-bleu-chassis-origine;13912;100.0;78.0
ecran-samsung-galaxy-a52-4g-a525f-a52-5g-a526b-noir-chassis-batterie-origine;13874;100.0;120.0
ecran-samsung-galaxy-a52-4g-a525f-a52-5g-a526b-noir-chassis-occasion-grade-a;21988;100.0;72.0
ecran-samsung-galaxy-a52-4g-a525f-a52-5g-a526b-noir-chassis-origine;13911;100.0;84.0
ecran-samsung-galaxy-a52s-5g-a528b-blanc-chassis-origine;15077;100.0;84.0
ecran-samsung-galaxy-a52s-5g-a528b-noir-chassis-occasion-grade-a;21989;100.0;66.0
ecran-samsung-galaxy-a52s-5g-a528b-noir-chassis-origine;13940;100.0;84.0
ecran-samsung-galaxy-a52s-5g-a528b-vert-chassis-origine;17106;100.0;90.0
ecran-samsung-galaxy-a52s-5g-a528b-violet-chassis-origine;17073;100.0;84.0
ecran-samsung-galaxy-a53-5g-a536-chassis-blanc-origine;14981;100.0;84.0
ecran-samsung-galaxy-a53-5g-a536-chassis-noir-origine;14935;100.0;82.8
ecran-samsung-galaxy-a53-5g-a536-bleu-chassis-origine;15513;100.0;81.6
ecran-samsung-galaxy-a53-5g-a536-orange-chassis-origine;15017;100.0;84.0
ecran-samsung-galaxy-a53-5g-a536b-origine;17285;100.0;80.4
ecran-samsung-galaxy-a53-noir-chassis-origine-demonte-occasion-grade-a-piec;23020;100.0;58.28
ecran-samsung-galaxy-a54-5g-a546b-blanc-chassis-origine;16074;100.0;86.4
ecran-samsung-galaxy-a54-5g-a546b-noir-chassis-occasion-grade-a;22174;100.0;65.99
ecran-samsung-galaxy-a54-5g-a546b-noir-chassis-origine;16073;100.0;75.6
ecran-samsung-galaxy-a54-5g-a546b-origine;21159;100.0;60.0
ecran-samsung-galaxy-a54-5g-a546b-vert-chassis-origine;16126;100.0;84.0
ecran-samsung-galaxy-a54-5g-a546b-violet-chassis-origine;16075;100.0;72.0
ecran-samsung-galaxy-a55-5g-a556b-bleu-chassis-occasion-grade-a;22175;100.0;60.6
ecran-samsung-galaxy-a55-5g-a556b-origine;18160;100.0;63.6
ecran-samsung-galaxy-a56-5g-a566b-a36-5g-a366b-a37-5g-a376b-origine;19974;100.0;70.8
ecran-samsung-galaxy-a56-5g-a566b-graphite-chassis-origine;22824;100.0;108.0
ecran-samsung-galaxy-a56-5g-a566b-origine;20176;91.1;3.6
ecran-samsung-galaxy-a57-a576b-gh82-39283a-origine;22807;100.0;66.0
ecran-samsung-galaxy-a6-2018-a600f-noir-origine;11236;100.0;66.0
ecran-samsung-galaxy-a6-2018-a600f-occasion-grade-a-noir;22680;100.0;24.0
ecran-samsung-galaxy-a6-2018-a605f-noir-origine;11355;100.0;36.0
ecran-samsung-galaxy-a60-a6060-m40-2019-m405f-noir-origine;12366;100.0;42.0
ecran-samsung-galaxy-a7-a700f-blanc-chassis-origine;5547;100.0;36.0
ecran-samsung-galaxy-a7-2018-a750f-origine;11769;100.0;94.8
ecran-samsung-galaxy-a70-a705f-noir-chassis-origine;5493;100.0;84.0
ecran-samsung-galaxy-a71-a715f-noir-chassis-origine;3745;100.0;96.0
ecran-samsung-galaxy-a72-4g-a725f-a72-5g-a726b-blanc-chassis-origine;13943;100.0;90.0
ecran-samsung-galaxy-a72-4g-a725f-a72-5g-a726b-bleu-chassis-origine;14521;100.0;96.0
ecran-samsung-galaxy-a72-4g-a725f-a72-5g-a726b-noir-chassis-batterie-origine;13688;100.0;114.0
ecran-samsung-galaxy-a72-4g-a725f-a72-5g-a726b-noir-chassis-origine-2;13877;100.0;90.0
ecran-samsung-galaxy-a72-4g-a725f-a72-5g-a726b-noir-chassis-origine;13877;100.0;90.0
ecran-samsung-galaxy-a72-4g-a725f-a72-5g-a726b-violet-chassis-origine;13935;100.0;84.0
ecran-samsung-galaxy-a73-5g-a736b-blanc-chassis-origine;19307;100.0;66.0
ecran-samsung-galaxy-a73-5g-a736b-noir-chassis-origine;20258;100.0;54.0
ecran-samsung-galaxy-a73-5g-a736b-origine;19305;100.0;84.0
ecran-samsung-galaxy-a73-5g-a736b-vert-chassis-origine;19306;100.0;78.0
ecran-samsung-galaxy-a8-2016-a810-argent-origine;18153;100.0;30.0
ecran-samsung-galaxy-a8-2016-a810-bleu-origine;18152;100.0;30.0
ecran-samsung-galaxy-a8-2016-a810-rose-origine;18151;100.0;30.0
ecran-samsung-galaxy-a8-2018-a530f-noir-origine;10944;100.0;42.0
ecran-samsung-galaxy-a8-2018-a730f-noir-origine;12367;100.0;58.8
ecran-samsung-galaxy-a9-2018-a920f-chassis-origine;11847;100.0;48.0
ecran-samsung-galaxy-a90-5g-a908b-noir-chassis-origine;15447;100.0;102.0
ecran-samsung-galaxy-alpha-g850f-blanc-origine;6287;100.0;14.4
ecran-samsung-galaxy-alpha-g850f-bleu-origine;5333;100.0;14.4
ecran-samsung-galaxy-alpha-g850f-noir-origine;5335;100.0;14.4
ecran-samsung-galaxy-alpha-g850f-or-origine;4596;100.0;15.6
ecran-samsung-galaxy-gio-s5660-noir-chassis-occasion;4980;100.0;6.0
ecran-samsung-galaxy-j1-2016-j120f-noir-origine;5863;100.0;48.0
ecran-samsung-galaxy-j2-pro-2018-j250f-noir-origine;11843;100.0;60.0
ecran-samsung-galaxy-j3-2016-j320f-blanc-origine;8325;100.0;27.6
ecran-samsung-galaxy-j3-2016-j320f-noir-origine;8324;100.0;26.4
ecran-samsung-galaxy-j3-2016-j320f-or-origine;8326;100.0;20.4
ecran-samsung-galaxy-j3-2017-j330f-noir-origine;10478;100.0;54.0
ecran-samsung-galaxy-j3-2017-j330f-or-origine;10479;100.0;19.2
ecran-samsung-galaxy-j3-2017-j330f-rose-origine;11228;100.0;24.0
ecran-samsung-galaxy-j4-j415f-j6-j610f-noir-origine;11803;100.0;48.0
ecran-samsung-galaxy-j4-j415f-j6-j610f-reconditionne-piec;15852;100.0;8.16
ecran-samsung-galaxy-j5-j500f-blanc-origine;6915;100.0;18.0
ecran-samsung-galaxy-j5-j500f-noir-origine;6591;100.0;24.0
ecran-samsung-galaxy-j5-j500f-or-origine;6916;100.0;18.0
ecran-samsung-galaxy-j5-2016-j510f-blanc-origine;6014;100.0;24.0
ecran-samsung-galaxy-j5-2016-j510f-noir-origine;7739;97.8;24.0
ecran-samsung-galaxy-j5-2016-j510f-or-chassis-origine;20209;100.0;24.0
ecran-samsung-galaxy-j5-2016-j510f-or-origine;7739;100.0;24.0
ecran-samsung-galaxy-j5-2017-j530f-bleu-origine;10483;100.0;66.0
ecran-samsung-galaxy-j5-2017-j530f-noir-origine;10481;100.0;49.2
ecran-samsung-galaxy-j5-2017-j530f-or-origine;10482;100.0;66.0
ecran-samsung-galaxy-j6-2018-j600f-noir-origine-gh97-21931a;4572;100.0;60.0
ecran-samsung-galaxy-j7-j700f-noir-origine;19516;100.0;18.0
ecran-samsung-galaxy-j7-2016-j710f-noir-origine;10460;100.0;55.2
ecran-samsung-galaxy-j7-2017-j730f-bleu-origine;10467;100.0;42.0
ecran-samsung-galaxy-j7-2017-j730f-noir-origine;10465;100.0;66.0
ecran-samsung-galaxy-j7-2017-j730f-or-origine;10466;100.0;42.0
ecran-samsung-galaxy-j7-prime-g610f-noir-origine;18142;100.0;24.0
ecran-samsung-galaxy-m10-m105f-noir-chassis-origine;3784;100.0;67.2
ecran-samsung-galaxy-m11-2020-m115f-noir-chassis-origine;19521;100.0;48.0
ecran-samsung-galaxy-m12-m127f-noir-chassis-origine;15336;100.0;33.6
ecran-samsung-galaxy-m13-4g-m135f-noir-chassis-origine;18145;100.0;48.0
ecran-samsung-galaxy-m20-m205f-noir-charbon-chassis-origine;4385;100.0;70.8
ecran-samsung-galaxy-m21-m215f-chassis-origine;14679;100.0;46.8
ecran-samsung-galaxy-m22-m225f-noir-chassis-origine;16869;100.0;44.4
ecran-samsung-galaxy-m23-5g-m236b-noir-chassis-origine;15023;100.0;60.0
ecran-samsung-galaxy-m30s-m307f-chassis-noir-origine;12856;100.0;70.8
ecran-samsung-galaxy-m31-m315-m21s-noir-chassis-origine;12773;100.0;72.0
ecran-samsung-galaxy-m31s-m317-noir-chassis-origine;13878;100.0;84.0
ecran-samsung-galaxy-m32-4g-m325f-noir-chassis-origine;21883;100.0;72.0
ecran-samsung-galaxy-m33-5g-m336b-noir-chassis-origine;15195;100.0;60.0
ecran-samsung-galaxy-m51-m515f-chassis-origine;13593;100.0;90.0
ecran-samsung-galaxy-m52-5g-m526-noir-chassis-origine;16381;100.0;96.0
ecran-samsung-galaxy-m53-5g-m536b-noir-chassis-origine;15527;100.0;120.0
ecran-samsung-galaxy-mini-2-s6500-blanc-chassis-occasion;9884;100.0;6.0
ecran-samsung-galaxy-note-10-n970f-argent-stellaire-chassis-origine;1266;100.0;250.8
ecran-samsung-galaxy-note-10-n970f-noir-cosmos-chassis-origine;4381;100.0;192.0
ecran-samsung-galaxy-note-10-lite-n770f-argent-chassis-origine;12189;100.0;168.0
ecran-samsung-galaxy-note-10-lite-n770f-noir-chassis-origine;12188;100.0;174.0
ecran-samsung-galaxy-note-10-lite-n770f-rouge-chassis-origine;12190;100.0;178.8
ecran-samsung-galaxy-note-10-plus-n975f-origine;21044;100.0;204.0
ecran-samsung-galaxy-note-10-1-p600-noir-origine;18156;100.0;70.8
ecran-samsung-galaxy-note-10-n975f-argent-stellaire-chassis-origine;4347;100.0;300.0
ecran-samsung-galaxy-note-10-n975f-bleu-aura-chassis-origine;19535;100.0;324.0
ecran-samsung-galaxy-note-10-n975f-noir-cosmos-chassis-origine;11648;100.0;312.0
ecran-samsung-galaxy-note-10-bleu-chassis-origine-demonte-occasion-grade-a-piec;23015;100.0;138.0
ecran-samsung-galaxy-note-10-gris-chassis-origine-demonte-occasion-grade-a-piec;23016;100.0;138.0
ecran-samsung-galaxy-note-2-4g-n7105-gris-titane-chassis-origine;1581;100.0;46.8
ecran-samsung-galaxy-note-20-5g-n980f-n981f-bronze-chassis-origine;12984;100.0;162.0
ecran-samsung-galaxy-note-20-5g-n980f-n981f-gris-chassis-origine;12985;100.0;162.0
ecran-samsung-galaxy-note-20-5g-n980f-n981f-vert-chassis-origine;12983;100.0;156.0
ecran-samsung-galaxy-note-20-gris-chassis-origine-demonte-occasion-grade-a-piec;23017;100.0;90.0
ecran-samsung-galaxy-note-20-ultra-4g-n985f-5g-n986b-noir-chassis-origine;12850;100.0;264.0
ecran-samsung-galaxy-note-20-ultra-5g-n986b-blanc-origine;12920;100.0;240.0
ecran-samsung-galaxy-note-20-ultra-5g-n986b-bronze-chassis-origine;12851;100.0;240.0
ecran-samsung-galaxy-note-20-ultra-bronze-chassis-origine-demonte-occasion-grade;23014;100.0;198.0
ecran-samsung-galaxy-note-3-n9005-rose-chassis-origine;4807;100.0;174.72
ecran-samsung-galaxy-note-3-neo-n7505-noir-chassis-origine;4506;100.0;72.0
ecran-samsung-galaxy-note-4-n910f-blanc-origine;4599;100.0;41.4
ecran-samsung-galaxy-note-4-n910f-noir-origine;5869;89.1;58.8
ecran-samsung-galaxy-note-4-n910f-or-origine;5869;91.1;58.8
ecran-samsung-galaxy-note-4-n910f-rose-origine;5869;100.0;58.8
ecran-samsung-galaxy-note-8-n950f-bleu-chassis-origine;9242;100.0;106.8
ecran-samsung-galaxy-note-8-n950f-bleu-chassis-reconditionne-piec;23513;100.0;58.8
ecran-samsung-galaxy-note-8-n950f-noir-carbone-chassis-origine;9186;100.0;156.0
ecran-samsung-galaxy-note-8-n950f-or-topaze-chassis-origine;9673;100.0;144.0
ecran-samsung-galaxy-note-8-n950f-orchidee-chassis-origine;11029;100.0;234.0
ecran-samsung-galaxy-note-8-n950f-rose-chassis-origine;18734;100.0;204.0
ecran-samsung-galaxy-note-8-0-n5100-noir-chassis-origine-3g;6189;100.0;8.4
ecran-samsung-galaxy-note-9-n960f-bleu-cobalt-chassis-origine;11553;100.0;298.8
ecran-samsung-galaxy-note-9-n960f-marron-chassis-origine;12024;100.0;264.0
ecran-samsung-galaxy-note-9-n960f-mauve-orchidee-chassis-origine;11554;100.0;250.8
ecran-samsung-galaxy-note-9-n960f-noir-profond-chassis-origine;11552;100.0;174.0
ecran-samsung-galaxy-note-pro-12-2-p905-blanc-chassis-origine;11098;100.0;262.8
ecran-samsung-galaxy-s-advance-i9070-blanc-chassis-occasion;9877;100.0;3.6
ecran-samsung-galaxy-s-advance-i9070-noir-chassis-occasion;9255;100.0;6.0
ecran-samsung-galaxy-s10-g973f-blanc-chassis-occasion-grade-a;22136;100.0;106.8
ecran-samsung-galaxy-s10-g973f-blanc-prisme-chassis-origine;9736;100.0;156.0
ecran-samsung-galaxy-s10-g973f-bleu-chassis-origine;7666;100.0;204.0
ecran-samsung-galaxy-s10-g973f-bleu-chassis-reconditionne-piec;17029;100.0;147.34
ecran-samsung-galaxy-s10-g973f-noir-prisme-chassis-origine;12154;100.0;168.0
ecran-samsung-galaxy-s10-g973f-rouge-chassis-origine;7666;89.3;204.0
ecran-samsung-galaxy-s10-g973f-vert-prisme-chassis-origine;12155;100.0;240.0
ecran-samsung-galaxy-s10-g973f-vert-prisme-chassis-reconditionne-piec;17030;100.0;144.0
ecran-samsung-galaxy-s10-4g-g973f-noir-chassis-basic;16145;100.0;68.21
ecran-samsung-galaxy-s10-5g-g977b-argent-chassis-origine;19522;100.0;180.0
ecran-samsung-galaxy-s10-5g-g977b-noir-chassis-origine;12849;100.0;156.0
ecran-samsung-galaxy-s10-lite-g770f-blanc-chassis-origine;18150;100.0;180.0
ecran-samsung-galaxy-s10-lite-g770f-noir-chassis-origine;12643;100.0;120.0
ecran-samsung-galaxy-s10-g975f-blanc-chassis-occasion-grade-a;22137;100.0;132.0
ecran-samsung-galaxy-s10-g975f-blanc-ceramique-chassis-origine;7698;100.0;300.0
ecran-samsung-galaxy-s10-g975f-blanc-prisme-chassis-origine;9584;100.0;240.0
ecran-samsung-galaxy-s10-g975f-bleu-chassis-origine;4471;100.0;240.0
ecran-samsung-galaxy-s10-g975f-noir-prisme-chassis-origine;9621;100.0;228.0
ecran-samsung-galaxy-s10-g975f-rouge-chassis-origine;3814;100.0;288.0
ecran-samsung-galaxy-s10-g975f-vert-prisme-chassis-origine;9251;100.0;192.0
ecran-samsung-galaxy-s10e-g970f-blanc-prisme-chassis-origine;12120;100.0;120.0
ecran-samsung-galaxy-s10e-g970f-bleu-chassis-origine-demonte-piec;21416;100.0;72.0
ecran-samsung-galaxy-s10e-g970f-bleu-prisme-chassis-origine;12120;95.8;120.0
ecran-samsung-galaxy-s10e-g970f-jaune-prisme-chassis-origine;15445;100.0;120.0
ecran-samsung-galaxy-s10e-g970f-noir-prisme-chassis-origine;12142;100.0;202.8
ecran-samsung-galaxy-s10e-g970f-rouge-prisme-chassis-origine;19539;100.0;132.0
ecran-samsung-galaxy-s10e-g970f-vert-prisme-chassis-origine;12142;91.5;202.8
ecran-samsung-galaxy-s20-4g-g980f-s20-5g-g981b-bleu-chassis-origine;3764;93.7;150.0
ecran-samsung-galaxy-s20-4g-g980f-s20-5g-g981b-bleu-chassis-origine-assemble;3764;100.0;150.0
ecran-samsung-galaxy-s20-4g-g980f-s20-5g-g981b-gris-chassis-origine;3765;100.0;180.0
ecran-samsung-galaxy-s20-4g-g980f-s20-5g-g981b-rose-chassis-origine;3741;100.0;228.0
ecran-samsung-galaxy-s20-5g-g981-blanc-chassis-origine;17224;100.0;276.0
ecran-samsung-galaxy-s20-fe-4g-g780f-5g-g781b-origine;17032;100.0;72.0
ecran-samsung-galaxy-s20-fe-4g-g780f-blanc-chassis-origine;15801;100.0;90.0
ecran-samsung-galaxy-s20-fe-4g-g780f-bleu-chassis-origine;12887;100.0;90.0
ecran-samsung-galaxy-s20-fe-4g-g780f-orange-chassis-origine;13127;100.0;94.8
ecran-samsung-galaxy-s20-fe-4g-g780f-rouge-chassis-origine;13750;100.0;96.0
ecran-samsung-galaxy-s20-fe-4g-g780f-vert-chassis-origine;15384;100.0;96.0
ecran-samsung-galaxy-s20-fe-4g-g780f-violet-chassis-origine;13077;100.0;84.0
ecran-samsung-galaxy-s20-fe-5g-g781b-blanc-chassis-origine;12896;100.0;90.0
ecran-samsung-galaxy-s20-fe-5g-g781b-bleu-chassis-original-demonte-grade-a-piec;21609;100.0;60.0
ecran-samsung-galaxy-s20-fe-5g-g781b-bleu-chassis-origine;12886;100.0;90.0
ecran-samsung-galaxy-s20-fe-5g-g781b-orange-chassis-origine;13126;100.0;81.6
ecran-samsung-galaxy-s20-fe-5g-g781b-rouge-chassis-origine;12959;100.0;96.0
ecran-samsung-galaxy-s20-fe-5g-g781b-vert-chassis-origine;12897;100.0;93.6
ecran-samsung-galaxy-s20-fe-5g-g781b-violet-chassis-origine;12895;100.0;84.0
ecran-samsung-galaxy-s20-ultra-g988f-origine;21043;100.0;204.0
ecran-samsung-galaxy-s20-ultra-4g-g988f-5g-g988b-blanc-chassis-origine;17304;100.0;240.0
ecran-samsung-galaxy-s20-ultra-4g-g988f-5g-g988b-gris-chassis-reconditionne-piec;17031;100.0;192.0
ecran-samsung-galaxy-s20-ultra-4g-g988f-s20-ultra-5g-g988b-gris-chassis-origine;3737;100.0;264.0
ecran-samsung-galaxy-s20-ultra-4g-g988f-s20-ultra-5g-g988b-noir-chassis-origine;3717;100.0;240.0
ecran-samsung-galaxy-s20-4g-g985f-s20-5g-g986b-blanc-chassis-origine;12654;100.0;216.0
ecran-samsung-galaxy-s20-4g-g985f-s20-5g-g986b-bleu-chassis-origine;12655;100.0;204.0
ecran-samsung-galaxy-s20-4g-g985f-s20-5g-g986b-gris-chassis-origine;13707;100.0;228.0
ecran-samsung-galaxy-s20-4g-g985f-s20-5g-g986b-noir-chassis-origine;3746;100.0;252.0
ecran-samsung-galaxy-s20-4g-g985f-s20-5g-g986b-rouge-chassis-origine;18133;100.0;240.0
ecran-samsung-galaxy-s21-g991b-blanc-chassis-origine;14003;100.0;180.0
ecran-samsung-galaxy-s21-g991b-bleu-chassis-occasion-grade-a;22442;100.0;108.0
ecran-samsung-galaxy-s21-g991b-gh82-24544b-violet-chassis-origine;14142;100.0;150.0
ecran-samsung-galaxy-s21-g991b-gris-chassis-piec;21990;100.0;90.0
ecran-samsung-galaxy-s21-g991b-gris-chassis-origine;14011;100.0;166.8
ecran-samsung-galaxy-s21-g991b-rose-chassis-origine;13999;100.0;156.0
ecran-samsung-galaxy-s21-5g-g991b-blanc-chassis-origine;13924;88.1;240.0
ecran-samsung-galaxy-s21-5g-g991b-rose-chassis-batterie-origine;13924;100.0;240.0
ecran-samsung-galaxy-s21-5g-g991b-rose-chassis-origine;13924;92.3;240.0
ecran-samsung-galaxy-s21-fe-g990b-noir-chassis-original-demonte-grade-a-piec;21608;100.0;90.0
ecran-samsung-galaxy-s21-fe-g990b-noir-chassis-origine;14301;100.0;102.0
ecran-samsung-galaxy-s21-fe-g990b-vert-chassis-original-demonte-grade-a-piec;21607;100.0;90.0
ecran-samsung-galaxy-s21-fe-5g-g990b-blanc-chassis-origine;15619;100.0;120.0
ecran-samsung-galaxy-s21-fe-5g-g990b-vert-olive-chassis-origine;15620;100.0;144.0
ecran-samsung-galaxy-s21-fe-5g-g990b-violet-chassis-origine;15618;100.0;108.0
ecran-samsung-galaxy-s21-fe-gris-chassis-origine-demonte-piec;21415;100.0;102.0
ecran-samsung-galaxy-s21-fe-violet-chassis-origine-demonte-occasion-grade-a-piec;23013;100.0;90.0
ecran-samsung-galaxy-s21-ultra-5g-g998b-gh82-26035b-argent-chassis-origine;14104;94.3;300.0
ecran-samsung-galaxy-s21-ultra-5g-g998b-noir-chassis-origine;13870;93.0;300.0
ecran-samsung-galaxy-s21-ultra-5g-g998b-noir-chassis-origine-assemble;13870;100.0;300.0
ecran-samsung-galaxy-s21-ultra-noir-chassis-origine-demonte-occasion-grade-a-pie;23019;100.0;174.0
ecran-samsung-galaxy-s21-5g-g996b-sans-camera-noir-chassis-origine;18441;100.0;190.8
ecran-samsung-galaxy-s21-5g-g996b-argent-chassis-origine;15076;100.0;168.0
ecran-samsung-galaxy-s21-5g-g996b-noir-chassis-batterie-origine;13387;100.0;226.8
ecran-samsung-galaxy-s21-5g-g996b-noir-chassis-origine;13861;100.0;192.0
ecran-samsung-galaxy-s21-5g-g996b-violet-chassis-batterie-origine;13386;100.0;192.0
ecran-samsung-galaxy-s21-5g-g996b-violet-chassis-origine;14624;100.0;216.0
ecran-samsung-galaxy-s21-noir-chassis-origine-demonte-occasion-grade-a-piec;23018;100.0;106.8
ecran-samsung-galaxy-s22-s901b-blanc-chassis-origine;15359;100.0;204.0
ecran-samsung-galaxy-s22-s901b-gris-chassis-origine;17102;100.0;174.0
ecran-samsung-galaxy-s22-s901b-noir-chassis-origine;14982;100.0;168.0
ecran-samsung-galaxy-s22-s901b-origine;20268;100.0;162.0
ecran-samsung-galaxy-s22-s901b-rose-chassis-origine;17103;100.0;174.0
ecran-samsung-galaxy-s22-s901b-vert-chassis-origine;14696;100.0;216.0
ecran-samsung-galaxy-s22-5g-s901b-noir-chassis-original-demonte-grade-a-piec;21606;100.0;98.4
ecran-samsung-galaxy-s22-5g-s901b-violet-chassis-origine;20210;100.0;168.0
ecran-samsung-galaxy-s22-ultra-s908b-bordeaux-chassis-occasion-grade-a;22446;100.0;180.0
ecran-samsung-galaxy-s22-ultra-s908b-bordeaux-chassis-origine;15078;100.0;252.0
ecran-samsung-galaxy-s22-ultra-s908b-graphite-chassis-origine;16799;100.0;252.0
ecran-samsung-galaxy-s22-ultra-s908b-noir-chassis-origine;14694;100.0;276.0
ecran-samsung-galaxy-s22-ultra-s908b-origine;18144;100.0;240.0
ecran-samsung-galaxy-s22-ultra-s908b-vert-chassis-origine;15079;100.0;252.0
ecran-samsung-galaxy-s22-ultra-5g-s908b-soft-oled-ic-original-optimum-noir-chass;21045;100.0;108.0
ecran-samsung-galaxy-s22-ultra-5g-s908b-blanc-chassis-origine;15980;100.0;252.0
ecran-samsung-galaxy-s22-s906b-blanc-chassis-origine;15368;100.0;168.0
ecran-samsung-galaxy-s22-s906b-graphite-chassis-origine;20213;100.0;180.0
ecran-samsung-galaxy-s22-s906b-noir-chassis-origine;14684;91.9;180.0
ecran-samsung-galaxy-s22-s906b-noir-chassis-origine-assemble;14684;100.0;180.0
ecran-samsung-galaxy-s22-s906b-rose-chassis-origine;15369;100.0;240.0
ecran-samsung-galaxy-s22-s906b-vert-chassis-origine;14857;100.0;238.8
ecran-samsung-galaxy-s22-s906b-violet-chassis-origine;20214;100.0;144.0
ecran-samsung-galaxy-s23-s911b-beige-chassis-origine;16115;100.0;168.0
ecran-samsung-galaxy-s23-s911b-lavende-chassis-origine;16118;100.0;156.0
ecran-samsung-galaxy-s23-s911b-noir-chassis-origine;16116;100.0;180.0
ecran-samsung-galaxy-s23-s911b-origine;17112;100.0;144.0
ecran-samsung-galaxy-s23-s911b-rose-chassis-origine;16116;90.2;180.0
ecran-samsung-galaxy-s23-s911b-vert-chassis-origine;16117;100.0;168.0
ecran-samsung-galaxy-s23-5g-s911b-graphite-chassis-origine;20211;100.0;216.0
ecran-samsung-galaxy-s23-fe-s711b-argent-chassis-origine-demonte-piec;21414;100.0;66.0
ecran-samsung-galaxy-s23-fe-s711b-blanc-chassis-origine;18253;100.0;106.8
ecran-samsung-galaxy-s23-fe-s711b-noir-graphite-chassis-origine;18001;100.0;108.0
ecran-samsung-galaxy-s23-fe-s711b-origine;18183;100.0;66.0
ecran-samsung-galaxy-s23-ultra-s918b-beige-chassis-origine;17109;100.0;54.0
ecran-samsung-galaxy-s23-ultra-s918b-bleu-chassis-origine;16810;100.0;336.0
ecran-samsung-galaxy-s23-ultra-s918b-noir-chassis-origine;16924;100.0;44.4
ecran-samsung-galaxy-s23-ultra-s918b-origine;17033;100.0;240.0
ecran-samsung-galaxy-s23-ultra-5g-s918b-soft-oled-ic-original-optimum-noir-chass;17225;100.0;102.0
ecran-samsung-galaxy-s23-ultra-5g-s918b-vert-chassis-origine;20317;100.0;288.0
ecran-samsung-galaxy-s23-ultra-5g-s918b-violet-chassis-origine;20318;100.0;300.0
ecran-samsung-galaxy-s23-s916b-gh82-31249a-origine;18293;100.0;144.0
ecran-samsung-galaxy-s23-s916b-graphite-chassis-origine;20212;100.0;192.0
ecran-samsung-galaxy-s23-s916b-noir-chassis-origine;16322;100.0;192.0
ecran-samsung-galaxy-s23-s916b-vert-chassis-origine;18867;100.0;156.0
ecran-samsung-galaxy-s24-s921b-origine;17724;100.0;142.8
ecran-samsung-galaxy-s24-fe-s721b-origine;19349;100.0;66.0
ecran-samsung-galaxy-s24-ultra-s928b-origine;17363;100.0;228.0
ecran-samsung-galaxy-s24-ultra-5g-s928b-soft-oled-ic-original-optimum-noir-chass;21046;100.0;114.0
ecran-samsung-galaxy-s24-ultra-5g-s928b-origine-chassis-titanium-assemblee;23100;100.0;252.0
ecran-samsung-galaxy-s24-s926b-origine;18091;100.0;162.0
ecran-samsung-galaxy-s25-s931b-origine;19729;100.0;108.0
ecran-samsung-galaxy-s25-edge-s937b-argent-chassis-origine;20260;100.0;312.0
ecran-samsung-galaxy-s25-edge-s937b-noir-chassis-origine;20259;100.0;264.0
ecran-samsung-galaxy-s25-fe-5g-s731b-origine;21793;100.0;78.0
ecran-samsung-galaxy-s25-ultra-s938b-origine;19686;100.0;216.0
ecran-samsung-galaxy-s25-s936b-origine;19704;100.0;180.0
ecran-samsung-galaxy-s26-5g-s942b-gh82-39190a-origine;22693;100.0;114.0
ecran-samsung-galaxy-s26-ultra-s948b-gh82-38875a-origine;22669;100.0;240.0
ecran-samsung-galaxy-s26-5g-s947b-gh82-39117a-origine;23247;100.0;168.0
ecran-samsung-galaxy-s3-i9300-noir-chassis-origine;19555;100.0;36.0
ecran-samsung-galaxy-s3-4g-i9305-gris-titane;2039;100.0;24.0
ecran-samsung-galaxy-s3-mini-i8190-blanc-chassis-origine;1489;100.0;18.0
ecran-samsung-galaxy-s3-mini-i8190-gris-chassis-origine;5912;100.0;19.2
ecran-samsung-galaxy-s3-neo-i9301i-noir-chassis-origine;5895;100.0;19.2
ecran-samsung-galaxy-s4-i9505-black-edition-chassis-origine;5156;100.0;42.0
ecran-samsung-galaxy-s4-i9505-bleu-chassis-origine;5894;100.0;54.0
ecran-samsung-galaxy-s4-advance-i9506-blanc-chassis-reconditionne-piec;9776;100.0;12.0
ecran-samsung-galaxy-s4-advance-i9506-noir-chassis-reconditionne-piec;9683;100.0;18.0
ecran-samsung-galaxy-s5-g900f-or-origine;18141;100.0;48.0
ecran-samsung-galaxy-s5-active-g870f-kaki-chassis-origine;18736;100.0;46.8
ecran-samsung-galaxy-s6-g920f-blanc-astral-origine;5693;100.0;54.0
ecran-samsung-galaxy-s6-g920f-or-stellaire-origine;5844;100.0;54.0
ecran-samsung-galaxy-s6-edge-g925f-blanc-astral-chassis-origine;6117;100.0;48.0
ecran-samsung-galaxy-s6-edge-g925f-noir-cosmos-chassis-origine;6118;100.0;48.0
ecran-samsung-galaxy-s6-edge-g925f-vert-chassis-origine;18140;100.0;48.0
ecran-samsung-galaxy-s6-edge-plus-g928f-argent-origine;18146;100.0;48.0
ecran-samsung-galaxy-s6-edge-plus-g928f-noir-origine;18147;100.0;49.2
ecran-samsung-galaxy-s6-edge-plus-g928f-or-chassis-origine;6589;100.0;96.0
ecran-samsung-galaxy-s7-g930f-argent-onyx-occasion-piec;22604;100.0;70.8
ecran-samsung-galaxy-s7-g930f-blanc-origine;18138;100.0;108.0
ecran-samsung-galaxy-s7-g930f-blanc-perle-origine;9761;100.0;144.0
ecran-samsung-galaxy-s7-g930f-noir-onyx-origine;4640;100.0;144.0
ecran-samsung-galaxy-s7-g930f-or-platine-origine;9577;100.0;86.4
ecran-samsung-galaxy-s7-g930f-rose-gold-origine;4892;100.0;106.8
ecran-samsung-galaxy-s7-edge-g935f-argent-titane-chassis-origine;8434;100.0;72.0
ecran-samsung-galaxy-s7-edge-g935f-blanc-perle-chassis-origine;8254;100.0;72.0
ecran-samsung-galaxy-s7-edge-g935f-bleu-chassis-origine;10548;100.0;72.0
ecran-samsung-galaxy-s7-edge-g935f-noir-onyx-chassis-origine;9434;100.0;70.8
ecran-samsung-galaxy-s7-edge-g935f-or-platine-chassis-origine;8255;100.0;72.0
ecran-samsung-galaxy-s7-edge-g935f-rose-chassis-origine;20506;100.0;60.0
ecran-samsung-galaxy-s8-g950f-argent-chassis-reconditionne-piec;16053;100.0;137.77
ecran-samsung-galaxy-s8-g950f-argent-polaire-chassis-origine;10389;100.0;120.0
ecran-samsung-galaxy-s8-g950f-bleu-ocean-chassis-origine;7741;100.0;96.0
ecran-samsung-galaxy-s8-g950f-noir-chassis-reconditionne-piec;16052;100.0;144.18
ecran-samsung-galaxy-s8-g950f-noir-carbone-chassis-origine;10388;100.0;132.0
ecran-samsung-galaxy-s8-g950f-or-erable-chassis-origine;10841;100.0;214.8
ecran-samsung-galaxy-s8-g950f-orchidee-chassis-origine;10390;100.0;120.0
ecran-samsung-galaxy-s8-g950f-orchidee-chassis-reconditionne-piec;16054;100.0;120.0
ecran-samsung-galaxy-s8-g950f-rouge-chassis-origine;18136;100.0;192.0
ecran-samsung-galaxy-s8-g955f-argent-chassis-reconditionne-piec;20505;100.0;78.0
ecran-samsung-galaxy-s8-g955f-argent-polaire-chassis-origine;10386;100.0;226.8
ecran-samsung-galaxy-s8-g955f-bleu-ocean-chassis-origine;9125;100.0;144.0
ecran-samsung-galaxy-s8-g955f-noir-carbone-chassis-origine;10385;100.0;156.0
ecran-samsung-galaxy-s8-g955f-or-chassis-reconditionne-piec;20503;100.0;78.0
ecran-samsung-galaxy-s8-g955f-or-erable-chassis-origine;10840;100.0;156.0
ecran-samsung-galaxy-s8-g955f-orchidee-chassis-origine;10387;100.0;214.8
ecran-samsung-galaxy-s8-g955f-orchidee-chassis-reconditionne-piec;20504;100.0;78.0
ecran-samsung-galaxy-s8-g955f-rose-poudre-chassis-origine;11072;100.0;144.0
ecran-samsung-galaxy-s8-g955f-rouge-chassis-origine;18134;100.0;180.0
ecran-samsung-galaxy-s9-g960f-argent-chassis-reconditionne-piec;16068;100.0;102.0
ecran-samsung-galaxy-s9-g960f-bleu-corail-chassis-origine;11040;100.0;120.0
ecran-samsung-galaxy-s9-g960f-bleu-polaris-chassis-origine;9986;100.0;132.0
ecran-samsung-galaxy-s9-g960f-gris-titanium-chassis-origine;19531;100.0;82.8
ecran-samsung-galaxy-s9-g960f-noir-chassis-original-demonte-grade-a-piec;21611;100.0;66.0
ecran-samsung-galaxy-s9-g960f-noir-carbone-chassis-origine;11039;100.0;120.0
ecran-samsung-galaxy-s9-g960f-noir-carbone-chassis-reconditionne-piec;16067;100.0;84.0
ecran-samsung-galaxy-s9-g960f-or-rose-chassis-origine;16372;100.0;108.0
ecran-samsung-galaxy-s9-g960f-ultra-violet-chassis-origine;11041;100.0;144.0
ecran-samsung-galaxy-s9-g965f-bleu-corail-chassis-origine;11037;100.0;192.0
ecran-samsung-galaxy-s9-g965f-gris-titane-chassis-origine;11642;100.0;192.0
ecran-samsung-galaxy-s9-g965f-noir-carbone-chassis-origine;11036;100.0;240.0
ecran-samsung-galaxy-s9-g965f-rouge-chassis-origine;18137;100.0;180.0
ecran-samsung-galaxy-s9-g965f-ultra-violet-chassis-origine;11038;100.0;168.0
ecran-samsung-galaxy-tab-3-8-0-t310-noir-reconditionne-piec-wi-fi;4897;100.0;8.4
ecran-samsung-galaxy-tab-3-8-0-t315-blanc-chassis-reconditionne-piec-4g;6207;100.0;8.4
ecran-samsung-galaxy-tab-3-8-0-t315-blanc-reconditionne-piec-4g;4772;100.0;8.4
ecran-samsung-galaxy-tab-3-8-0-t315-noir-chassis-reconditionne-piec-4g;8150;100.0;8.4
ecran-samsung-galaxy-tab-3-8-0-t315-noir-reconditionne-piec-4g;6206;100.0;8.4
ecran-samsung-galaxy-tab-4-10-1-t530-noir-origine;18155;100.0;60.0
ecran-samsung-galaxy-tab-a-2018-10-5-t590-t595-noir-reconditionne-piec;12229;100.0;35.64
ecran-samsung-galaxy-tab-a-2018-gh97-22197a-noir-origine;19529;100.0;84.0
ecran-samsung-galaxy-tab-a-2019-10-1-t510-t515-noir-origine;15446;100.0;156.0
ecran-samsung-galaxy-tab-a-2019-10-1-t510-t515-reconditionne-piec;12228;100.0;32.28
ecran-samsung-galaxy-tab-a-8-0-t290;12269;100.0;13.2
ecran-samsung-galaxy-tab-a-8-0-t290-blanc;12426;100.0;13.2
ecran-samsung-galaxy-tab-a-8-0-t295-blanc-reconditionne-piec;12427;100.0;11.48
ecran-samsung-galaxy-tab-a-8-0-t295-noir-reconditionne-piec;12412;100.0;13.2
ecran-samsung-galaxy-tab-a11-x130-reconditionne-piec;21847;100.0;30.0
ecran-samsung-galaxy-tab-a11-wi-fi-x130-gh81-28376a-origine;22668;100.0;57.6
ecran-samsung-galaxy-tab-a11-x230-x236-reconditionne-piec;21848;100.0;36.0
ecran-samsung-galaxy-tab-a11-5g-x230-x236-origine;21516;100.0;66.0
ecran-samsung-galaxy-tab-a6-tab-a-2016-7-0-t280-blanc-reconditionne-piec;12252;100.0;17.12
ecran-samsung-galaxy-tab-a6-tab-a-2016-7-0-t280-noir-reconditionne-piec;12251;100.0;17.12
ecran-samsung-galaxy-tab-a6-tab-a-2016-7-0-t285-blanc-reconditionne-piec;12254;100.0;21.65
ecran-samsung-galaxy-tab-a6-tab-a-2016-7-0-t285-noir-chassis-origine;14012;100.0;94.8
ecran-samsung-galaxy-tab-a6-tab-a-2016-7-0-t285-noir-reconditionne-piec;12253;100.0;20.34
ecran-samsung-galaxy-tab-a7-10-4-t500-t505-blanc-metallic-silver-origine;14008;100.0;132.0
ecran-samsung-galaxy-tab-a7-2020-10-4-t500-blanc-reconditionne-piec;18188;100.0;22.45
ecran-samsung-galaxy-tab-a7-2020-10-4-t500-t505-t503-t509-noir-origine;14134;100.0;156.0
ecran-samsung-galaxy-tab-a7-2020-10-4-t500-t505-t503-t509-reconditionne-piec;18184;100.0;22.55
ecran-samsung-galaxy-tab-a7-lite-t228-reconditionne-piec;18118;100.0;23.69
ecran-samsung-galaxy-tab-a7-lite-lte-t225-chassis-reconditionne-piec;18117;100.0;14.82
ecran-samsung-galaxy-tab-a7-lite-lte-t225-gris-chassis-origine;17093;100.0;72.0
ecran-samsung-galaxy-tab-a7-lite-wifi-t220-noir-origine;15335;100.0;82.8
ecran-samsung-galaxy-tab-a7-lite-wifi-t220-reconditionne-piec;18185;100.0;14.4
ecran-samsung-galaxy-tab-a8-10-5-2021-x200-x205-gh81-21915a-origine;14493;100.0;120.0
ecran-samsung-galaxy-tab-a8-10-5-2021-x200-x205-reconditionne-piec;14717;100.0;25.56
ecran-samsung-galaxy-tab-a9-x110-reconditionne-piec;17769;100.0;15.14
ecran-samsung-galaxy-tab-a9-x110-x115-origine;17594;100.0;54.0
ecran-samsung-galaxy-tab-a9-x115-reconditionne-piec;17770;100.0;15.14
ecran-samsung-galaxy-tab-a9-x210-reconditionne-piec;17771;100.0;27.84
ecran-samsung-galaxy-tab-a9-x210-x216-origine;17593;100.0;84.0
ecran-samsung-galaxy-tab-active-4-pro-t630-t636-reconditionne-piec;20243;100.0;60.0
ecran-samsung-galaxy-tab-active-5-x309-reconditionne-piec;21845;100.0;54.0
ecran-samsung-galaxy-tab-active-5-pro-x350-reconditionne-piec;21846;100.0;72.0
ecran-samsung-galaxy-tab-active-pro-10-1-t545-noir-origine;17094;100.0;240.0
ecran-samsung-galaxy-tab-active3-t575-noir-origine;17095;100.0;192.0
ecran-samsung-galaxy-tab-active3-4g-t575-reconditionne-piec;18115;100.0;25.6
ecran-samsung-galaxy-tab-active3-wi-fi-t570-reconditionne-piec;18116;100.0;26.62
ecran-samsung-galaxy-tab-active4-pro-t630f-t636b-gh82-30092a-origine;18281;100.0;114.0
ecran-samsung-galaxy-tab-e-9-6-t560-t561-blanc-origine;18154;100.0;54.0
ecran-samsung-galaxy-tab-pro-10-1-t520-noir-chassis-origine;5690;100.0;120.0
ecran-samsung-galaxy-tab-pro-10-1-t520-reconditionne-piec;15296;100.0;52.12
ecran-samsung-galaxy-tab-s10-fe-x520-5g-x526b-gh82-37143a-origine;23202;100.0;144.0
ecran-samsung-galaxy-tab-s10-fe-plus-x620-reconditionne-piec;21854;100.0;84.0
ecran-samsung-galaxy-tab-s10-ultra-x920-x926b-origine;18997;100.0;540.0
ecran-samsung-galaxy-tab-s10-x820-x826b-origine;18996;100.0;480.0
ecran-samsung-galaxy-tab-s11-x730-reconditionne-piec;21855;100.0;466.8
ecran-samsung-galaxy-tab-s11-5g-x736-origine;21512;100.0;276.0
ecran-samsung-galaxy-tab-s11-ultra-5g-x936b-tab-s11-ultra-5g-wi-fi-x930-gh82-383;23101;100.0;420.0
ecran-samsung-galaxy-tab-s2-8-0-t710-t715-t719-noir-origine;18157;100.0;94.8
ecran-samsung-galaxy-tab-s2-8-0-t710-t715-blanc-origine;3349;100.0;118.8
ecran-samsung-galaxy-tab-s3-9-7-t820-t825-noir-origine;18158;100.0;202.8
ecran-samsung-galaxy-tab-s4-t830-t835-noir-chassis-origine;11775;100.0;240.0
ecran-samsung-galaxy-tab-s5e-t720-t725-origine;12347;100.0;190.8
ecran-samsung-galaxy-tab-s6-t865-t860-noir-origine;13059;100.0;264.0
ecran-samsung-galaxy-tab-s6-lite-p610-p615-gh82-22896a-noir-origine;14141;100.0;156.0
ecran-samsung-galaxy-tab-s6-lite-p610-p615-noir-reconditionne-piec;13768;100.0;36.0
ecran-samsung-galaxy-tab-s7-t875n-t870-noir-origine;13072;100.0;222.0
ecran-samsung-galaxy-tab-s7-t875n-reconditionne-piec;15290;100.0;32.28
ecran-samsung-galaxy-tab-s7-fe-t730-t733-t736-reconditionne-piec;15295;100.0;36.0
ecran-samsung-galaxy-tab-s7-t976b-t970-noir-origine;13073;100.0;390.0
ecran-samsung-galaxy-tab-s8-x706-x700-noir-origine;15031;100.0;168.0
ecran-samsung-galaxy-tab-s8-x706-x700-reconditionne-piec;15298;100.0;31.2
ecran-samsung-galaxy-tab-s8-ultra-x900n-x906b-noir-origine-reconditionne-piec;21849;100.0;358.8
ecran-samsung-galaxy-tab-s8-ultra-x900n-x906b-noir-origine;15022;100.0;456.0
ecran-samsung-galaxy-tab-s8-x800-x806b-noir-origine;15021;100.0;420.0
ecran-samsung-galaxy-tab-s9-x710-x716b-origine;17301;100.0;240.0
ecran-samsung-galaxy-tab-s9-fe-x510-5g-x516b-origine;17302;100.0;198.0
ecran-samsung-galaxy-tab-s9-fe-5g-x516b-reconditionne-piec;18119;100.0;28.8
ecran-samsung-galaxy-tab-s9-fe-plus-x610n-reconditionne-piec;21850;100.0;36.0
ecran-samsung-galaxy-tab-s9-ultra-x910-x916b-origine;17303;100.0;468.0
ecran-samsung-galaxy-tab-s9-ultra-x910-x916b-reconditionne-piec;21851;100.0;358.8
ecran-samsung-galaxy-tab-s9-5g-x816b-tab-s9-wifi-x810-origine;20295;100.0;336.0
ecran-samsung-galaxy-watch-fe-40mm-r861-gh97-30050b-origine;22464;100.0;60.0
ecran-samsung-galaxy-xcover-5-g525f-noir-origine;13934;100.0;42.0
ecran-samsung-galaxy-xcover-5-g525f-noir-reconditionne-piec;15515;100.0;9.4
ecran-samsung-galaxy-xcover-6-pro-2022-g736b-noir-origine;15823;100.0;20.46
ecran-samsung-galaxy-xcover-6-pro-2022-g736b-noir-reconditionne-piec;17590;100.0;20.46
ecran-samsung-galaxy-xcover-7-g556b-origine;18312;100.0;21.08
ecran-samsung-galaxy-xcover-7-5g-g556b-reconditionne-piec;21843;100.0;30.0
ecran-samsung-galaxy-xcover-7-pro-g766b-origine;20434;100.0;32.4
ecran-samsung-galaxy-xcover-7-pro-5g-g766b-reconditionne-piec;21844;100.0;30.0
ecran-samsung-galaxy-xcover-pro-g715f-noir-origine;14834;100.0;72.0
ecran-samsung-galaxy-xcover-pro-g715f-noir-reconditionne-piec;15523;100.0;17.64
ecran-samsung-galaxy-z-flip-4g-f700f-argent-chassis-origine;18135;100.0;360.0
ecran-samsung-galaxy-z-flip-4g-f700f-noir-chassis-origine;14858;100.0;576.0
ecran-samsung-galaxy-z-flip-4g-sm-f700-violet-chassis-origine;13433;100.0;420.0
ecran-samsung-galaxy-z-flip-5g-sm-f707b-gris-chassis-origine;13584;100.0;360.0
ecran-samsung-galaxy-z-flip3-5g-f711b-argent-chassis-origine;14515;100.0;420.0
ecran-samsung-galaxy-z-flip3-5g-f711b-beige-chassis-origine;17074;100.0;300.0
ecran-samsung-galaxy-z-flip3-5g-f711b-lavande-chassis-origine;17104;100.0;420.0
ecran-samsung-galaxy-z-flip3-5g-f711b-noir-origine;14514;100.0;336.0
ecran-samsung-galaxy-z-flip3-5g-f711b-vert-chassis-origine;14444;100.0;420.0
ecran-samsung-galaxy-z-flip4-5g-f721b-bleu-origine;15570;100.0;468.0
ecran-samsung-galaxy-z-flip4-5g-f721b-lavande-chassis-origine;15571;100.0;336.0
ecran-samsung-galaxy-z-flip4-5g-f721b-noir-chassis-origine;15372;100.0;360.0
ecran-samsung-galaxy-z-flip4-5g-f721b-or-chassis-origine;18139;100.0;360.0
ecran-samsung-galaxy-z-flip4-5g-f721b-or-rose-chassis-origine;15572;100.0;360.0
ecran-samsung-galaxy-z-flip5-5g-f731b-creme-chassis-origine;16519;100.0;336.0
ecran-samsung-galaxy-z-flip5-5g-f731b-graphite-chassis-origine;16520;100.0;360.0
ecran-samsung-galaxy-z-flip5-5g-f731b-lavande-chassis-origine;16518;100.0;360.0
ecran-samsung-galaxy-z-flip5-5g-f731b-noir-bleu-jaune-chassis-origine;17669;100.0;324.0
ecran-samsung-galaxy-z-flip5-5g-f731b-vert-deau-chassis-origine;16517;100.0;378.0
ecran-samsung-galaxy-z-flip6-5g-f741b-blanc-chassis-origine;19512;100.0;324.0
ecran-samsung-galaxy-z-flip6-5g-f741b-bleu-chassis-origine-gh82-35014c;22825;100.0;300.0
ecran-samsung-galaxy-z-flip6-5g-f741b-gris-chassis-gh82-35014a-origine;23093;100.0;264.0
ecran-samsung-galaxy-z-flip6-5g-f741b-jaune-chassis-origine;20164;100.0;324.0
ecran-samsung-galaxy-z-flip6-5g-f741b-noir-chassis-origine;20136;100.0;288.0
ecran-samsung-galaxy-z-flip6-5g-f741b-vert-d-eau-chassis-origine;23094;100.0;264.0
ecran-samsung-galaxy-z-flip7-5g-f766b-noir-chassis-origine;21514;100.0;372.0
ecran-samsung-galaxy-z-flip7-5g-f766b-rouge-chassis-origine;21515;100.0;360.0
ecran-samsung-galaxy-z-flip7-5g-f766b-vert-d-eau-chassis-origine;21726;100.0;360.0
ecran-samsung-galaxy-z-flip7-fe-5g-f761b-blanc-chassis-origine-gh82-37734b;22906;100.0;324.0
ecran-samsung-galaxy-z-flip7-fe-5g-f761b-noir-chassis-origine;21792;100.0;276.0
ecran-samsung-galaxy-z-fold2-f916b-bronze-mystique-chassis-origine;17290;100.0;720.0
ecran-samsung-galaxy-z-fold2-5g-f916b-chassis-noir-origine;13581;100.0;720.0
ecran-samsung-galaxy-z-fold2-5g-f916b-bronze-bleu-chassis-origine;17099;100.0;600.0
ecran-samsung-galaxy-z-fold2-5g-f916b-exterieur-noir-origine;15090;100.0;168.0
ecran-samsung-galaxy-z-fold2-5g-f916b-noir-bleu-chassis-origine;17098;100.0;660.0
ecran-samsung-galaxy-z-fold2-5g-f916b-noir-or-chassis-origine;17097;100.0;442.8
ecran-samsung-galaxy-z-fold3-5g-f926b-argent-chassis-origine;14140;100.0;720.0
ecran-samsung-galaxy-z-fold3-5g-f926b-exterieur-gh82-26238a-origine;14516;100.0;204.0
ecran-samsung-galaxy-z-fold3-5g-f926b-noir-chassis-origine;14443;100.0;840.0
ecran-samsung-galaxy-z-fold3-5g-f926b-vert-chassis-origine;14442;100.0;600.0
ecran-samsung-galaxy-z-fold4-5g-f936b-beige-chassis-origine;15568;100.0;840.0
ecran-samsung-galaxy-z-fold4-5g-f936b-exterieur-origine;15497;100.0;108.0
ecran-samsung-galaxy-z-fold4-5g-f936b-gris-anthracite-chassis-origine;15569;100.0;660.0
ecran-samsung-galaxy-z-fold4-5g-f936b-noir-chassis-origine;15496;100.0;600.0
ecran-samsung-galaxy-z-fold5-5g-f946b-argent-chassis-origine;16524;100.0;540.0
ecran-samsung-galaxy-z-fold5-5g-f946b-bleu-chassis-origine;16523;100.0;600.0
ecran-samsung-galaxy-z-fold5-5g-f946b-creme-chassis-origine;16522;100.0;540.0
ecran-samsung-galaxy-z-fold5-5g-f946b-exterieur-origine;16479;100.0;114.0
ecran-samsung-galaxy-z-fold5-5g-f946b-noir-chassis-origine;16521;100.0;540.0
ecran-samsung-galaxy-z-fold6-f956b-bleu-chassis-origine;19308;100.0;780.0
ecran-samsung-galaxy-z-fold6-f956b-origine;19309;100.0;126.0
ecran-samsung-galaxy-z-fold6-5g-f956b-noir-chassis-origine;19973;100.0;780.0
ecran-samsung-galaxy-z-fold7-f966b-bleu-nuit-chassis-origine;21020;100.0;708.0
ecran-samsung-galaxy-z-fold7-f966b-exterieur-origine;20929;100.0;114.0
ecran-samsung-galaxy-z-fold7-f966b-gris-chassis-origine;21021;100.0;708.0
ecran-samsung-galaxy-z-fold7-5g-f966b-noir-chassis-origine;20930;100.0;720.0
ecran-vitre-tactile-samsung-galaxy-mini-s5570;764;100.0;3.6
ecran-xiaomi-redmi-6-pro-mi-a2-lite-noir-chassis-reconditionne-piec;11570;93.7;16.51
ecran-xiaomi-redmi-6-pro-mi-a2-lite-noir-reconditionne-piec;11570;100.0;16.51
ecran-xiaomi-redmi-note-4-blanc-reconditionne-piec;10923;100.0;22.8
ecran-xiaomi-redmi-note-4-noir-reconditionne-piec;10922;100.0;22.8
ecran-xiaomi-redmi-note-5-blanc-chassis-reconditionne-piec;11220;92.6;24.0
ecran-xiaomi-redmi-note-5-blanc-reconditionne-piec;11220;100.0;24.0
ecran-xiaomi-redmi-note-5-noir-chassis-reconditionne-piec;11219;92.5;11.6
ecran-xiaomi-redmi-note-5-noir-reconditionne-piec;11219;100.0;11.6
ejecteur-sim-iphone-6;5261;100.0;0.6
enceinte-bluetooth-mini-sans-fil-bt5-3-1200-mah-usams-us-yx014-yin-series-noir;18581;100.0;13.7
etui-ipad-air-11-2024-m2-air-11-2025-m3-noir;20114;100.0;18.0
etui-ipad-air-13-2024-m2-air-13-2025-m3-noir;20377;100.0;18.0
etui-ipad-mini-6-2021-7-2024-noir;20115;100.0;18.0
etui-rotatif-samsung-galaxy-note-10-1-n8000-blanc;862;100.0;2.4
etui-rotatif-samsung-galaxy-note-10-1-n8000-noir;865;100.0;2.4
etui-rotatif-samsung-galaxy-note-8-0-n5100-n5110-rouge;1420;100.0;25.0
extracteur-sim-pour-samsung-galaxy;14852;100.0;3.12
fast-charge-ic-u6200-usb-pd-cpd2;15058;100.0;3.6
film-anti-lumiere-bleu-rock-space-lot-x50;15532;100.0;156.0
film-arriere-x6-iphone-5-rouge;8058;100.0;2.4
film-arriere-pour-covering-aspect-acier-brosse-gris-rock-space-lot-x5;12676;100.0;18.0
film-arriere-pour-covering-aspect-acier-brosse-noir-rock-space-lot-x5;12677;100.0;21.6
film-arriere-pour-covering-aspect-camouflage-militaire-vert-rock-space-lot-x5;12615;100.0;21.6
film-arriere-pour-covering-aspect-cuir-marron-rock-space-lot-x10;12328;100.0;42.0
film-arriere-pour-covering-imprimable-rock-space-taille-m-lot-x20;14770;100.0;84.0
film-arriere-pour-covering-mix-rock-space-lot-x5;12901;100.0;21.6
film-arriere-pour-covering-oeil-de-tigre-rock-space-taille-m-lot-x5;15621;100.0;21.6
film-arriere-pour-covering-peinture-rock-space-taille-xl-lot-x3;13897;100.0;24.0
film-arriere-pour-covering-star-rock-space-taille-s-lot-x5;13894;100.0;21.6
film-arriere-pour-covering-translucide-astronaute-fusee-rock-space-taille-l-lot-;14765;100.0;24.0
film-arriere-pour-covering-translucide-astronaute-saturne-rock-space-taille-xl-l;14766;100.0;24.0
film-arriere-pour-covering-translucide-astronautes-espace-rock-space-taille-s-lo;14768;100.0;21.6
film-arriere-pour-covering-translucide-fusee-rock-space-taille-s-lot-x5;14769;100.0;21.6
film-arriere-pour-covering-translucide-scientifique-rock-space-taille-l-lot-x3;14767;100.0;24.0
film-arriere-pour-covering-translucide-yeet-rock-space-taille-s-lot-x5;14771;100.0;21.6
film-arriere-pour-covering-unicorne-rock-space-taille-s-lot-x5;13892;100.0;21.6
film-de-protection-incurve-souple-anti-choc-huawei-p30-pro;11990;100.0;18.0
film-de-protection-incurve-souple-samsung-galaxy-s7-edge-g935f;11945;100.0;12.0
film-de-protection-hydrogel-anti-casse-antibacterie-rock-space-taille-s-lot-x-20;13100;100.0;72.0
film-de-protection-hydrogel-anti-casse-matte-rock-space-lot-x20;13994;100.0;60.0
film-de-protection-hydrogel-anti-casse-premium-rock-space-lot-x50;12295;100.0;120.0
film-de-protection-hydrogel-anti-casse-rock-space-taille-l-lot-x10;12876;100.0;71.88
film-de-protection-hydrogel-anti-casse-rock-space-taille-m-lot-x20;12679;100.0;108.0
film-de-protection-hydrogel-anti-casse-rock-space-taille-xl-lot-x3;14625;100.0;48.0
film-de-protection-hydrogel-anti-casse-standard-rock-space-taille-s-lot-x50;17152;100.0;108.0
film-de-protection-hydrogel-confidentiel-matte-standard-rock-space-taille-s-lot-;18268;100.0;96.0
film-de-protection-rock-space-hydrogel-confidentialite-haute-definition-taille-s;20145;100.0;81.12
film-de-protection-rock-space-hydrogel-mat-flexible-anti-casse-gaming-taille-l-l;20383;100.0;66.0
film-de-protection-souple-pmma-heybingo-pour-apple-watch-10-42-mm-2;19402;100.0;6.0
film-de-protection-souple-pmma-heybingo-pour-apple-watch-10-42-mm;19402;100.0;6.0
film-de-protection-souple-pmma-heybingo-pour-apple-watch-10-46-mm;19403;100.0;6.0
film-de-protection-souple-pmma-heybingo-pour-apple-watch-10-46-mm-2;19403;100.0;6.0
film-de-protection-souple-pmma-heybingo-pour-apple-watch-se2-40-mm-2;19405;100.0;6.0
film-de-protection-souple-pmma-heybingo-pour-apple-watch-se2-40-mm;19405;100.0;6.0
film-de-protection-souple-pmma-heybingo-pour-apple-watch-se2-44-mm;19406;100.0;6.0
film-de-protection-souple-pmma-heybingo-pour-apple-watch-se2-44-mm-2;19406;100.0;6.0
film-de-protection-souple-pmma-heybingo-pour-apple-watch-series-9-41-mm;19061;100.0;6.0
film-de-protection-souple-pmma-heybingo-pour-apple-watch-series-9-41-mm-2;19061;100.0;6.0
film-de-protection-souple-pmma-heybingo-pour-apple-watch-series-9-45-mm;19062;100.0;6.0
film-de-protection-souple-pmma-heybingo-pour-apple-watch-series-9-45-mm-2;19062;100.0;6.0
film-de-protection-souple-pmma-heybingo-pour-apple-watch-ultra-2-49-mm-2;19404;100.0;6.0
film-de-protection-souple-pmma-heybingo-pour-apple-watch-ultra-2-49-mm;19404;100.0;6.0
film-de-protection-souple-pmma-heybingo-pour-apple-watch-ultra-49-mm;19058;100.0;6.0
film-de-protection-souple-pmma-heybingo-pour-apple-watch-ultra-49-mm-2;19058;100.0;6.0
film-ecran-samsung-galaxy-z-flip3-5g-f711b-origine;20667;100.0;8.4
film-ecran-samsung-galaxy-z-fold3-5g-f926b-origine;20673;100.0;9.6
film-ecran-samsung-galaxy-z-fold5-f946b-origine;20674;100.0;10.8
film-imprimable-transfere-thermique-lot-x5-rock-space;17623;100.0;9.0
flash-ic-u17-iphone-5;8082;100.0;2.4
flash-light-control-ic-chip-iphone-13;16271;100.0;5.7
flash-selfie-remax-or;8913;100.0;14.4
flash-selfie-remax-rose;8914;100.0;14.4
flotteur-eponge-rouge-gopro;5968;100.0;3.0
grille-ecouteur-interne-iphone-4-4s;4534;100.0;0.6
grille-ecouteur-interne-iphone-5-5c-5s;1353;100.0;0.6
grille-micro-iphone-5;1836;100.0;0.6
gyroscope-ic-u8-iphone-5;8081;100.0;2.4
haut-parleur-samsung-galaxy-a12-2020-a125f-piec;21677;100.0;0.6
haut-parleur-samsung-galaxy-a14-4g-a145r-piec;21588;100.0;2.52
haut-parleur-samsung-galaxy-a22-a226b-piec;21569;100.0;0.96
haut-parleur-samsung-galaxy-a54-5g-a546b-piec;21594;100.0;0.96
haut-parleur-samsung-galaxy-note-3-sm-n9005;3307;100.0;3.6
haut-parleur-samsung-galaxy-s22-s906b-piec;21375;100.0;3.6
haut-parleur-samsung-galaxy-xcover-7-g556b-origine;20746;100.0;8.4
haut-parleur-samsung-galaxy-z-flip6-f741b-origine;20699;100.0;12.0
haut-parleur-samsung-galaxy-z-fold7-f966b-top-origine;20714;100.0;18.0
haut-parleur-samsung-galaxy-z-fold7-f966b-top2-origine;20713;100.0;19.2
haut-parleur-2-pieces-samsung-galaxy-z-fold-3-5g-f926b;15757;100.0;3.53
haut-parleur-bas-droit-samsung-galaxy-tab-s3-9-7-t820-t825;11326;100.0;4.8
haut-parleur-bas-gauche-samsung-galaxy-tab-s3-9-7-t820-t825;11327;100.0;4.8
haut-parleur-bas-samsung-galaxy-z-fold2-5g-f916b;15450;100.0;4.62
haut-parleur-haut-droit-samsung-galaxy-tab-s3-9-7-t820-t825;11329;100.0;4.8
haut-parleur-haut-gauche-samsung-galaxy-tab-s3-9-7-t820-t825;11328;100.0;4.8
haut-parleur-vibreur-samsung-galaxy-tab-s2-9-7-t810-t815;10526;100.0;7.2
haut-parleur-charge-sans-fil-cache-carte-mere-samsung-galaxy-s22-5g-s901b-piec;21294;100.0;4.8
haut-parleur-charge-sans-fil-samsung-galaxy-s22-ultra-5g-s908b-piec;21293;100.0;7.2
haut-parleur-charge-sans-fil-samsung-galaxy-s23-5g-s911b-piec;21275;100.0;18.0
haut-parleur-nappe-nfc-samsung-galaxy-s23-fe-5g-s711b-piec;21290;100.0;4.8
haut-parleur-nappe-nfc-samsung-galaxy-z-flip-4g-f700f-origine-demonter;19695;100.0;8.4
haut-parleur-vibreur-iphone-17-pro-piec;21433;100.0;10.8
haut-parleur-vibreur-iphone-17-pro-max-piec;21446;100.0;10.8
haut-parleur-vibreur-samsung-galaxy-s22-ultra-s908b-gh96-14862a-origine;17339;100.0;15.6
haut-parleur-droit-samsung-galaxy-tab-active-4-pro-t630-t636-gh96-15465a-origine;18465;100.0;15.6
haut-parleur-externe-iphone-16;19644;100.0;18.0
haut-parleur-externe-iphone-16-pro-origine-demonter-piec;19449;100.0;8.4
haut-parleur-gauche-samsung-galaxy-tab-active-4-pro-t630-t636-gh96-15464a-origin;18466;100.0;15.6
haut-parleur-huawei-mate-10-lite;10802;100.0;7.2
haut-parleur-huawei-mate-20-lite-p-smart-plus;11743;100.0;2.92
haut-parleur-huawei-mate-20-pro;11752;100.0;6.0
haut-parleur-huawei-mate-8;9629;100.0;12.0
haut-parleur-huawei-p10-vtr-l09;7889;100.0;9.6
haut-parleur-huawei-p8-gra-l09;6663;100.0;9.0
haut-parleur-interne-iphone-16;19470;100.0;15.6
haut-parleur-ipad-2;9723;100.0;1.2
haut-parleur-ipad-mini-3;9368;100.0;2.4
haut-parleur-iphone-13-mini;14385;100.0;3.36
haut-parleur-iphone-8-se-2020;3676;100.0;1.08
haut-parleur-pour-samsung-galaxy-z-flip3-5g-f711b;14864;100.0;13.2
haut-parleur-samsung-galaxy-a-53-5g-a536b-piec;14957;100.0;1.9
haut-parleur-samsung-galaxy-a01-2020-a015f;13489;100.0;5.33
haut-parleur-samsung-galaxy-a02s-a025f-piec;13846;100.0;2.33
haut-parleur-samsung-galaxy-a03-a035g-piec;22073;100.0;0.66
haut-parleur-samsung-galaxy-a03-core-a032f-a05s-a057g;16083;100.0;1.06
haut-parleur-samsung-galaxy-a03s-a037f-a037g-a02s;15607;100.0;4.75
haut-parleur-samsung-galaxy-a05-a055f;19787;100.0;3.08
haut-parleur-samsung-galaxy-a05s-a057g-origine;21111;100.0;3.6
haut-parleur-samsung-galaxy-a06-a065f;19796;100.0;2.54
haut-parleur-samsung-galaxy-a06-5g-a066b-piec;23055;100.0;3.6
haut-parleur-samsung-galaxy-a07-4g-a075f-piec;22836;100.0;3.6
haut-parleur-samsung-galaxy-a13-5g-a136g-a15-a156b-a16-5g-a166b-a25-5g-a256b-a32;14190;100.0;1.26
haut-parleur-samsung-galaxy-a14-4g-a145f-gh81-23529a-origine;18685;100.0;6.0
haut-parleur-samsung-galaxy-a14-5g-a146b-origine;21107;100.0;6.0
haut-parleur-samsung-galaxy-a20s-a207f;13729;100.0;2.4
haut-parleur-samsung-galaxy-a22-4g-a225f;14195;100.0;0.98
haut-parleur-samsung-galaxy-a26-5g-a266b-piec;20958;100.0;3.0
haut-parleur-samsung-galaxy-a3-2016-a310f;9583;100.0;2.4
haut-parleur-samsung-galaxy-a3-2017-a320f-piec;11437;100.0;2.4
haut-parleur-samsung-galaxy-a33-5g-a336b-a16-4g-a165f-a16-5g-a166b-a17-4g-a175f-;18977;100.0;3.6
haut-parleur-samsung-galaxy-a36-5g-a366b-piec;20928;100.0;2.4
haut-parleur-samsung-galaxy-a36-5g-a366b-origine;20617;100.0;12.0
haut-parleur-samsung-galaxy-a37-5g-a376b-piec;23356;100.0;2.16
haut-parleur-samsung-galaxy-a42-5g-a426b;13681;100.0;1.07
haut-parleur-samsung-galaxy-a5-2016-a510f;9585;100.0;2.4
haut-parleur-samsung-galaxy-a51-a515f-m51;3659;100.0;2.09
haut-parleur-samsung-galaxy-a52-4g-a525f-a52-5g-a526b-a52s-5g-a528b-piec;13983;100.0;1.2
haut-parleur-samsung-galaxy-a54-a546b-gh96-15803a-origine;18521;100.0;9.6
haut-parleur-samsung-galaxy-a54-5g-a546b-gh96-15804a-origine;18347;100.0;10.8
haut-parleur-samsung-galaxy-a55-5g-a556b;19856;100.0;3.08
haut-parleur-samsung-galaxy-a56-5g-a566b-piec;20942;100.0;3.6
haut-parleur-samsung-galaxy-a57-5g-a576b-piec;22890;100.0;3.6
haut-parleur-samsung-galaxy-a7-2018-a750f-j4-j415f-j6-j610f;11796;100.0;0.98
haut-parleur-samsung-galaxy-a71-a715f;13937;100.0;1.62
haut-parleur-samsung-galaxy-a71-a715f-piec;22031;100.0;2.04
haut-parleur-samsung-galaxy-a72-a725f;13702;100.0;2.4
haut-parleur-samsung-galaxy-a8-2018-a530f;10981;100.0;19.2
haut-parleur-samsung-galaxy-ace-4-g357fz;4641;100.0;1.2
haut-parleur-samsung-galaxy-alpha-g850f;4667;100.0;2.4
haut-parleur-samsung-galaxy-core-4g-g386f-blanc;5745;100.0;2.4
haut-parleur-samsung-galaxy-core-plus-g350;5329;100.0;2.4
haut-parleur-samsung-galaxy-core-prime-4g-g361f;10223;100.0;2.4
haut-parleur-samsung-galaxy-grand-i9060;5140;100.0;2.4
haut-parleur-samsung-galaxy-grand-i9082-blanc;5023;100.0;2.4
haut-parleur-samsung-galaxy-grand-2-g7105;5370;100.0;2.4
haut-parleur-samsung-galaxy-grand-prime-g531f;10486;100.0;2.4
haut-parleur-samsung-galaxy-j3-2016-j320f-j5-2016-j510f-j7-2016-j710f;7585;100.0;1.92
haut-parleur-samsung-galaxy-j5-j500f;6607;100.0;2.4
haut-parleur-samsung-galaxy-j6-2018-j600f;11650;100.0;1.78
haut-parleur-samsung-galaxy-m53-5g-m536b;16705;100.0;3.9
haut-parleur-samsung-galaxy-mini-s5570;9373;100.0;2.4
haut-parleur-samsung-galaxy-nexus-s-i9023;4104;100.0;2.4
haut-parleur-samsung-galaxy-note-10-n970f;13747;100.0;2.71
haut-parleur-samsung-galaxy-note-10-lite-n770f;12242;100.0;3.02
haut-parleur-samsung-galaxy-note-10-n975f;13919;100.0;5.06
haut-parleur-samsung-galaxy-note-2-n7100-blanc;5394;100.0;2.4
haut-parleur-samsung-galaxy-note-2-n7100-noir;5395;100.0;2.4
haut-parleur-samsung-galaxy-note-2-4g-n7105;9698;100.0;2.4
haut-parleur-samsung-galaxy-note-20-n980f-n981f;14209;100.0;5.18
haut-parleur-samsung-galaxy-note-20-ultra-5g-n986b;14219;100.0;3.65
haut-parleur-samsung-galaxy-note-3-neo-n7505;4568;100.0;2.4
haut-parleur-samsung-galaxy-note-8-n950f;13679;100.0;3.6
haut-parleur-samsung-galaxy-s-i9000-blanc;9720;100.0;2.4
haut-parleur-samsung-galaxy-s-i9000-noir;860;100.0;1.2
haut-parleur-samsung-galaxy-s10-5g-g977b;16157;100.0;3.86
haut-parleur-samsung-galaxy-s2-i9100;9080;100.0;2.4
haut-parleur-samsung-galaxy-s20-fe-4g-g780f-piec;13792;100.0;2.4
haut-parleur-samsung-galaxy-s20-fe-5g-g781b;13778;100.0;2.44
haut-parleur-samsung-galaxy-s20-ultra-5g-g988b-piec;14185;100.0;4.8
haut-parleur-samsung-galaxy-s21-fe-g990b-piec;15558;100.0;2.4
haut-parleur-samsung-galaxy-s23-s911b-gh96-15665a-origine;18515;100.0;19.2
haut-parleur-samsung-galaxy-s23-fe-5g-s711b-piec;22739;100.0;3.6
haut-parleur-samsung-galaxy-s23-5g-s916b-gh96-15660a-origine;22465;100.0;14.4
haut-parleur-samsung-galaxy-s24-fe-s721b;18859;100.0;2.02
haut-parleur-samsung-galaxy-s24-fe-s721b-origine;18874;100.0;9.6
haut-parleur-samsung-galaxy-s24-ultra-s928b;18066;100.0;2.77
haut-parleur-samsung-galaxy-s24-s926b;18159;100.0;8.4
haut-parleur-samsung-galaxy-s25-s931b;19589;100.0;3.53
haut-parleur-samsung-galaxy-s25-edge-s937b-piec;20967;100.0;6.0
haut-parleur-samsung-galaxy-s25-fe-s731b-piec;22850;100.0;4.8
haut-parleur-samsung-galaxy-s25-ultra-5g-s938b-piec;22952;100.0;4.8
haut-parleur-samsung-galaxy-s25-5g-s936b-piec;22946;100.0;2.76
haut-parleur-samsung-galaxy-s26-ultra-5g-s948b-piec;22711;100.0;6.0
haut-parleur-samsung-galaxy-s5-g900f;4635;100.0;3.6
haut-parleur-samsung-galaxy-s7-edge-g935f;9469;100.0;2.04
haut-parleur-samsung-galaxy-s8-g950f;11352;100.0;2.08
haut-parleur-samsung-galaxy-s8-g955f;11353;100.0;2.74
haut-parleur-samsung-galaxy-s9-g960f-piec;22141;100.0;2.4
haut-parleur-samsung-galaxy-tab-a6-tab-a-2016-7-0-t285;14967;100.0;3.07
haut-parleur-samsung-galaxy-tab-a7-lite-wifi-lte-t220-t225-piec;23050;100.0;3.6
haut-parleur-samsung-galaxy-tab-s2-9-7-t810-t815;10525;100.0;7.2
haut-parleur-samsung-galaxy-tab-s5e-t720-t725-bas-droit-gh96-12509a-origine;18334;100.0;14.4
haut-parleur-samsung-galaxy-tab-s5e-t720-t725-bas-gauche-gh96-12508a-origine;18332;100.0;14.4
haut-parleur-samsung-galaxy-xcover-4-g390f-origine;18006;100.0;7.2
haut-parleur-samsung-galaxy-xcover-6-pro-g736b-gh96-15197a-origine;18305;100.0;10.8
haut-parleur-samsung-galaxy-xcover7-pro-5g-g766b-piec;22961;100.0;1.34
haut-parleur-samsung-galaxy-y-s5360-blanc;4130;100.0;2.4
haut-parleur-samsung-galaxy-y-s5360-noir;9376;100.0;2.4
haut-parleur-samsung-galaxy-z-flip-4g-f700f;14051;100.0;3.25
haut-parleur-samsung-galaxy-z-flip4-5g-f721b;16871;100.0;8.4
haut-parleur-samsung-galaxy-z-flip5-5g-f731b;18039;100.0;5.08
haut-parleur-samsung-galaxy-z-flip6-5g-f741b-z-flip7-fe-5g-f761b-piec;22731;100.0;1.8
haut-parleur-samsung-galaxy-z-flip6-5g-f741b-origine;20615;100.0;14.4
haut-parleur-samsung-galaxy-z-flip7-5g-f766b-piec;23360;100.0;3.78
haut-parleur-samsung-galaxy-z-fold4-5g-f936b;16316;100.0;10.14
haut-parleur-samsung-galaxy-z-fold6-f956;18770;100.0;8.4
haut-parleur-samsung-wave-y-s5380;9748;100.0;1.2
housse-alivo-iphone-13-14;15444;100.0;14.4
housse-alivo-iphone-14-plus;15443;100.0;14.4
housse-alivo-iphone-14-pro;15442;100.0;14.4
housse-alivo-iphone-14-pro-max;15612;100.0;14.4
housse-alivo-xiaomi-redmi-note-8t-noir;3833;100.0;3.6
housse-de-transport-nintendo-switch-lite-usams-noir-bh594;12988;100.0;10.8
housse-flap-ef-wg900bpegae-samsung-galaxy-s5-g900f-rose-origine;7081;100.0;1.2
housse-flip-alivo-samsung-galaxy-s22-s901b;14749;100.0;14.4
housse-flip-alivo-samsung-galaxy-s22-ultra-s908b;14748;100.0;4.8
housse-flip-alivo-samsung-galaxy-s22-s906b;14747;100.0;4.8
housse-flip-alcatel-idol-3-4-7-6039-noir;7557;100.0;1.2
housse-flip-alcatel-idol-3-5-5-6045-noir;7558;100.0;1.2
housse-flip-alcatel-idol-4-6055-noir;11937;100.0;1.2
housse-flip-alcatel-pop-3-5065-noir;10004;100.0;1.2
housse-flip-alivo-ipad-air-5-2022-air-6-2024-air-11-2024-air-11-2025-air-10-9-no;16790;100.0;9.36
housse-flip-asus-zenfone-2-laser-5-5-ze550kl-noir;8602;100.0;1.2
housse-flip-asus-zenfone-selfie-zd551kl-noir;8603;100.0;1.2
housse-flip-blackberry-priv-stv100-6-blanc;10006;100.0;1.2
housse-flip-blackberry-priv-stv100-6-noir;10005;100.0;1.2
housse-flip-htc-10-blanc;10008;100.0;1.2
housse-flip-htc-10-noir;10007;100.0;1.2
housse-flip-htc-desire-530-630-noir;10093;100.0;1.2
housse-flip-huawei-honor-4c-noir;10001;100.0;1.2
housse-flip-huawei-honor-7-noir;10002;100.0;1.2
housse-flip-huawei-mate-8-blanc;7560;100.0;1.2
housse-flip-huawei-mate-8-noir;7559;100.0;1.2
housse-flip-huawei-nexus-6p-blanc;7569;100.0;1.2
housse-flip-huawei-nexus-6p-noir;7568;100.0;1.2
housse-flip-huawei-p8-gra-l09-blanc;7671;100.0;1.2
housse-flip-huawei-p8-gra-l09-noir;7670;100.0;1.2
housse-flip-huawei-p9-lite-vns-l31-noir;8600;100.0;1.2
housse-flip-iphone-6-blanc;11936;100.0;1.2
housse-flip-iphone-6-plus-6s-plus-blanc;8991;100.0;1.2
housse-flip-iphone-6-plus-6s-plus-noir;8990;100.0;1.2
housse-flip-microsoft-lumia-550-blanc;10020;100.0;1.2
housse-flip-microsoft-lumia-650-blanc;10018;100.0;1.2
housse-flip-microsoft-lumia-650-noir;10017;100.0;1.2
housse-flip-microsoft-lumia-950-noir;7561;100.0;1.2
housse-flip-microsoft-lumia-950-xl-noir;10003;100.0;1.2
housse-flip-oneplus-2-noir;7564;100.0;3.6
housse-flip-samsung-galaxy-note-note-3-n9005-blanc;7807;100.0;3.6
housse-flip-samsung-galaxy-s-duos-s7562-noir;1021;100.0;3.6
housse-flip-samsung-galaxy-s4-i9505-blanc;1730;100.0;3.6
housse-flip-totu-design-iphone-7-or;8412;100.0;3.6
housse-flip-wiko-pulp-fab-4g-noir;7565;100.0;3.6
housse-flip-wiko-rainbow-up-4g-noir;7567;100.0;3.6
housse-flip-wiko-tommy-noir;4470;100.0;3.6
housse-graine-alivo-asus-zenfone-4-ze554kl-noir;10688;100.0;1.2
housse-graine-alivo-asus-zenfone-4-max-zc554kl-noir;10687;100.0;1.2
housse-graine-alivo-huawei-honor-play-noir;5999;100.0;1.2
housse-graine-alivo-huawei-mate-10-alp-l09-noir;10689;100.0;1.2
housse-graine-alivo-iphone-11-noir;7656;100.0;15.0
housse-graine-alivo-sony-xperia-xa1-plus-noir;10686;100.0;3.6
housse-graine-alivo-sony-xperia-xz1-g8343-or;10894;100.0;14.4
housse-graine-alivo-sony-xperia-xz1-g8343-rose;10895;100.0;14.4
housse-graine-alivo-xiaomi-mi-8-lite-noir;6016;100.0;14.4
housse-graine-alivo-xiaomi-pocophone-f1-noir;6055;100.0;14.4
housse-graine-alivo-xiaomi-redmi-note-6-pro-noir;6001;100.0;2.4
housse-graine-guetes-samsung-galaxy-tab-a8-10-5-2021-x200-x205;14752;100.0;15.0
housse-graine-iphone-7-8-se-2020-se-2022-noir;8862;100.0;15.0
housse-graine-mercury-asus-zenfone-2-ze500kl-noir;7004;100.0;1.2
housse-graine-mercury-asus-zenfone-3-ze520kl-noir;8864;100.0;1.2
housse-graine-mercury-asus-zenfone-3-ze552kl-noir;8865;100.0;1.2
housse-graine-mercury-asus-zenfone-3-max-plus-zc553kl-noir;9173;100.0;1.2
housse-graine-mercury-asus-zenfone-5-ze620kl-noir;11225;100.0;1.2
housse-graine-mercury-asus-zenfone-max-zc550kl-noir;9793;100.0;1.2
housse-graine-mercury-asus-zenfone-selfie-zd551kl-noir;7003;100.0;1.2
housse-graine-mercury-htc-10-noir;10054;100.0;1.2
housse-graine-mercury-htc-desire-530-noir;10360;100.0;1.2
housse-graine-mercury-htc-desire-620-noir;7024;100.0;1.2
housse-graine-mercury-htc-desire-626-noir;7020;100.0;1.2
housse-graine-mercury-htc-desire-825-noir;10359;100.0;1.2
housse-graine-mercury-htc-one-m10-noir;1731;100.0;1.2
housse-graine-mercury-huawei-mate-20-pro-noir;5554;100.0;15.0
housse-graine-mercury-huawei-mate-9-mha-l09-noir;10358;100.0;1.2
housse-graine-mercury-huawei-p20-pro-noir;11216;100.0;1.2
housse-graine-mercury-ipad-air-air-2-pro-9-7-ipad-9-7-noir;10487;100.0;12.0
housse-graine-mercury-ipad-pro-10-5-noir;10488;100.0;19.99
housse-graine-mercury-iphone-12-mini-noir;12882;100.0;14.4
housse-graine-mercury-iphone-5c-noir;7017;100.0;15.0
housse-graine-mercury-iphone-6-plus-6s-plus-noir;6321;100.0;1.2
housse-graine-mercury-iphone-x-xs-noir;10577;100.0;6.0
housse-graine-mercury-lg-g5-h850-noir;10050;100.0;1.2
housse-graine-mercury-lg-g6-h870-noir;10356;100.0;1.2
housse-graine-mercury-lg-k10-k420n-bleu-jean-vert-citron;10052;100.0;1.2
housse-graine-mercury-lg-k10-k420n-noir;10053;100.0;1.2
housse-graine-mercury-samsung-galaxy-a7-a700f-noir;6328;100.0;1.2
housse-graine-mercury-samsung-galaxy-grand-i9082-noir;6460;100.0;3.6
housse-graine-mercury-samsung-galaxy-grand-2-g7105-noir;7022;100.0;3.6
housse-graine-mercury-samsung-galaxy-j1-j100f-noir;7002;100.0;1.2
housse-graine-mercury-samsung-galaxy-j2-prime-g532f-noir;11483;100.0;1.2
housse-graine-mercury-samsung-galaxy-j5-2016-j510f-noir;1719;100.0;3.6
housse-graine-mercury-samsung-galaxy-note-10-1-2014-p600-blue-jean-vert-citron;994;100.0;2.4
housse-graine-mercury-samsung-galaxy-note-10-1-2014-p600-rouge-blue-jeans;991;100.0;3.6
housse-graine-mercury-samsung-galaxy-note-10-1-2014-p600-violet-blue-jeans;992;100.0;2.4
housse-graine-mercury-samsung-galaxy-note-3-n9005-noir;1729;100.0;15.0
housse-graine-mercury-samsung-galaxy-note-5-n920f-gris-marron;6923;100.0;3.6
housse-graine-mercury-samsung-galaxy-note-5-n920f-noir;7009;100.0;3.6
housse-graine-mercury-samsung-galaxy-note-8-n950f-noir;9978;100.0;15.0
housse-graine-mercury-samsung-galaxy-note-9-n960f-noir;11491;100.0;1.2
housse-graine-mercury-samsung-galaxy-note-edge-n915fy-noir;11931;100.0;3.6
housse-graine-mercury-samsung-galaxy-s-duos-s7562-noir;3153;100.0;1.2
housse-graine-mercury-samsung-galaxy-s3-mini-i8190-violet-blue-jeans;3146;100.0;3.6
housse-graine-mercury-samsung-galaxy-s8-g950f-noir;10354;100.0;15.0
housse-graine-mercury-samsung-galaxy-tab-2-7-0-p3100-p3110-noir;867;100.0;3.6
housse-graine-mercury-samsung-galaxy-tab-2-7-0-p3100-p3110-violet-blue-jeans;870;100.0;3.6
housse-graine-mercury-samsung-galaxy-tab-3-10-1-p5200-noir-marron;828;100.0;2.4
housse-graine-mercury-samsung-galaxy-tab-3-10-1-p5200-rouge-blue-jeans;885;100.0;2.4
housse-graine-mercury-samsung-galaxy-tab-3-7-0-t210-t211-jaune;875;100.0;2.4
housse-graine-mercury-samsung-galaxy-tab-3-7-0-t210-t211-noir;871;100.0;2.4
housse-graine-mercury-samsung-galaxy-tab-3-7-0-t210-t211-rouge-blue-jeans;872;100.0;2.4
housse-graine-mercury-samsung-galaxy-tab-3-8-0-t310-t315-rose-blue-jeans;791;100.0;2.4
housse-graine-mercury-samsung-galaxy-tab-3-8-0-t310-t315-rouge-blue-jeans;759;100.0;2.4
housse-graine-mercury-samsung-galaxy-tab-3-8-0-t310-t315-violet-blue-jeans;826;100.0;2.4
housse-graine-mercury-samsung-galaxy-tab-a6-tab-a-2016-7-0-t280-t285;14750;100.0;15.0
housse-graine-mercury-samsung-galaxy-tab-pro-10-1-t520-noir;876;100.0;2.4
housse-graine-mercury-samsung-galaxy-tab-s-8-4-t700-t705-noir;996;100.0;2.4
housse-graine-mercury-samsung-galaxy-tab-s-8-4-t700-t705-noir-marron;879;100.0;2.4
housse-graine-mercury-samsung-galaxy-tab-s-8-4-t700-t705-rose-rouge;998;100.0;2.4
housse-graine-mercury-samsung-galaxy-tab-s-8-4-t700-t705-turquoise-blue-jeans;997;100.0;2.4
housse-graine-mercury-samsung-galaxy-tab-s-8-4-t700-t705-violet-bleu;279;100.0;2.4
housse-graine-mercury-sony-xperia-c4-e5303-noir;1720;100.0;1.2
housse-graine-mercury-sony-xperia-c5-ultra-e5553-noir;7014;100.0;1.2
housse-graine-mercury-sony-xperia-m5-e5603-noir;10056;100.0;1.2
housse-graine-mercury-sony-xperia-x-f5121-noir;8107;100.0;3.6
housse-graine-mercury-sony-xperia-x-compact-f5321-noir;11607;100.0;3.6
housse-graine-mercury-sony-xperia-x-performance-f8131-noir;7527;100.0;3.6
housse-graine-mercury-sony-xperia-xa-f3111-noir;10134;100.0;3.6
housse-graine-mercury-sony-xperia-xz-f8331-noir;8106;100.0;3.6
housse-graine-mercury-sony-xperia-xz-premium-g8141-noir;9973;100.0;3.6
housse-graine-mercury-sony-xperia-xz1-g8343-noir;10723;100.0;15.0
housse-graine-mercury-sony-xperia-z3-plus-e6553-noir;7008;100.0;1.2
housse-graine-mercury-sony-xperia-z5-compact-e5803-noir;7018;100.0;1.2
housse-graine-mercury-sony-xperia-z5-premium-e6853-noir;11602;100.0;1.2
housse-graine-remax-samsung-galaxy-tab-3-10-1-p5200-orange;10114;100.0;2.4
housse-graine-remax-samsung-galaxy-tab-3-8-0-t310-orange;866;100.0;2.4
housse-graine-simili-cuir-alivo-mi-a2-lite-redmi-6-pro-noir;6002;100.0;3.6
housse-graine-simili-cuir-ipad-10-9-10e-generation-2022-noir;15836;100.0;19.99
housse-iphone-6-6s-cuir-otterbox-serie-strada-noir;23422;100.0;3.6
housse-iphone-7-8-cuir-otterbox-serie-strada-noir;23423;100.0;3.6
housse-lisse-fenetre-mercury-sony-xperia-z3-plus-e6553-blanc;6858;100.0;1.2
housse-lisse-fenetre-mercury-sony-xperia-z3-plus-e6553-noir;6857;100.0;1.2
housse-lisse-alivo-huawei-honor-5c-noir;8866;100.0;1.2
housse-lisse-alivo-huawei-honor-5x-kiw-l21-noir;8805;100.0;1.2
housse-lisse-alivo-huawei-mate-8-bleu;8393;100.0;1.2
housse-lisse-alivo-huawei-mate-8-marron;8394;100.0;1.2
housse-lisse-alivo-huawei-mate-8-noir;8392;100.0;1.2
housse-lisse-alivo-huawei-nova-2-pic-al00-noir;10684;100.0;1.2
housse-lisse-alivo-xiaomi-mi-mix-2-noir;11293;100.0;3.6
housse-lisse-alivo-xiaomi-redmi-5-noir;11291;100.0;14.4
housse-lisse-alivo-xiaomi-redmi-5-plus-noir;11290;100.0;14.4
housse-lisse-alivo-xiaomi-redmi-note-5-noir;11292;100.0;2.4
housse-lisse-mercury-htc-desire-816-noir;7026;100.0;1.2
housse-lisse-mercury-sony-xperia-c6-noir;10170;100.0;1.2
housse-mercury-ipad-2019-10-2-7e-gen-2020-10-2-8e-gen-10-5-noir;3832;100.0;12.0
housse-samsung-galaxy-s20-cuir-otterbox-serie-strada-noir;23424;100.0;3.6
housse-simili-cuir-alivo-huawei-honor-20-pro-noir;3712;100.0;1.2
housse-simili-cuir-alivo-huawei-p40-noir;3662;100.0;1.2
housse-simili-cuir-alivo-huawei-p40-pro-noir;3661;100.0;1.2
housse-simili-cuir-alivo-ipad-pro-11-7eme-gen-2024-noir;18187;100.0;7.99
housse-simili-cuir-alivo-samsung-galaxy-a14-5g-a146b-noir;16123;100.0;14.4
housse-simili-cuir-alivo-samsung-galaxy-a34-5g-a346b-noir;16124;100.0;14.4
housse-simili-cuir-alivo-samsung-galaxy-a54-5g-a546b-noir;16125;100.0;14.4
housse-simili-cuir-alivo-samsung-galaxy-s23-s911b-noir;15857;100.0;14.4
housse-simili-cuir-alivo-samsung-galaxy-s23-ultra-s918b-noir;15855;100.0;14.4
housse-simili-cuir-alivo-samsung-galaxy-s23-s916b-noir;15856;100.0;14.4
housse-simili-cuir-alivo-samsung-galaxy-s24-s921b-noir;17305;100.0;14.4
housse-simili-cuir-alivo-samsung-galaxy-s24-plus-s926b-noir;17306;100.0;14.4
housse-simili-cuir-alivo-samsung-galaxy-s24-ultra-s928b-noir;17307;100.0;14.4
housse-simili-cuir-alivo-xiaomi-redmi-note-8-pro-noir;4189;100.0;14.4
housse-simili-cuir-guetes-iphone-15-noir;16492;100.0;6.0
housse-simili-cuir-guetes-iphone-15-plus-noir;16493;100.0;6.0
housse-simili-cuir-guetes-iphone-15-pro-max-noir;16495;100.0;6.0
housse-simili-cuir-guetes-iphone-15-pro-noir;16494;100.0;6.0
housse-simili-cuir-iphone-16-noir;18913;100.0;12.0
housse-simili-cuir-iphone-16-plus-noir;18914;100.0;12.0
housse-simili-cuir-iphone-16-pro-max-noir;18916;100.0;12.0
housse-simili-cuir-iphone-16-pro-noir;18915;100.0;12.0
housse-simili-cuir-mercury-huawei-p30-noir;12571;100.0;15.0
housse-simili-cuir-mercury-huawei-p40-lite-e-noir;12575;100.0;1.2
housse-simili-cuir-mercury-huawei-p40-lite-noir;12574;100.0;1.2
housse-simili-cuir-mercury-huawei-p40-pro-noir;12573;100.0;1.2
housse-simili-cuir-mercury-ipad-pro-11-2020-2eme-gen-noir;12613;100.0;8.4
housse-simili-cuir-mercury-ipad-pro-12-9-3eme-gen-ipad-pro-12-9-4eme-gen-noir;12413;100.0;19.99
housse-simili-cuir-mercury-ipad-pro-12-9-2020-noir;12614;100.0;24.0
housse-simili-cuir-mercury-oneplus-7-noir;12578;100.0;2.4
housse-simili-cuir-mercury-oneplus-7-pro-noir;12579;100.0;2.4
housse-simili-cuir-mercury-samsung-galaxy-tab-a-2018-10-5-t590-t595-noir;12271;100.0;15.0
housse-simili-cuir-mercury-xiaomi-mi-10-noir;3655;100.0;3.6
housse-simili-cuir-sony-xperia-xa2-ultra-h3213-noir;11226;100.0;14.4
hub-type-c-usb-3-0-hdmi-rj45-6-in-1-baseus-metal;16289;100.0;60.48
hub-type-c-pd-cahub-l0g-pour-macbook-baseus-gris;12051;100.0;42.0
ic-charge-tigris-338s00770-iphone-13-pro;16286;100.0;5.71
ic-de-charge-343s00105-ipad-pro-10-5-ipad-pro-12-9;19583;100.0;2.99
ic-de-charge-ipad-pro-12-9-6eme-gen-air-3-mini-5-343s00264-a0;19616;100.0;9.8
ic-face-id-stb601a05-iphone-13-pro;16285;100.0;6.46
ic-power-p9320s-samsung-galaxy-s8-g950f-s9-g960f-s9-g965f-note-9-n960f-1203-0091;18532;100.0;10.8
ic-power-pm-pmic-s518-samsung-galaxy-s20-s20-s20-ultra-a21s-m12;20158;100.0;4.28
ic-wifi-bluetooth-339s00761-iphone-12-12-mini-12-pro-12-pro-max-13-13-mini-13-pr;16287;100.0;4.8
ic-wifi-samsung-galaxy-s20-2020-g980f-s20-5g-2020-g981b-s20-plus-2020-g985f-4709;18531;100.0;32.4
ic-nfc-rfid-samsung-galaxy-s20-serie-s3nsen4xs2-ud30-wlcsp-81p-2-1205-006223-ori;18705;100.0;12.0
imprimante-de-film-vitre-arriere-rock-space-phone-skin-printer;16290;100.0;264.0
intermediate-frequency-ic-n955-samsung-galaxy-s8-s8;14733;100.0;4.8
ipad-2-nappe-power-volume-vibreur-wifi-3g-version-fin-2012-et-cdma;1488;100.0;1.2
ipad-air-bouton-home-blanc;1462;100.0;6.0
ipad-air-bouton-home-noir;1463;100.0;2.69
ipad-air-nappe-connecteur-de-charge-blanc;1458;100.0;4.68
ipad-air-nappe-connecteur-de-charge-noir;1459;100.0;4.48
ipad-air-nappe-connecteur-prise-casque-jack-blanc;1461;100.0;4.8
ipad-air-nappe-connecteur-prise-casque-jack-noir;1460;100.0;3.78
ipad-air-nappe-home;1464;100.0;1.39
ipad-mini-support-bouton-power;1971;100.0;2.4
ipad-mini-support-bouton-volume;1671;100.0;2.4
ipad-nappe-volume-power-verrou-mute;562;100.0;2.4
ipad-wifi-nappe-home-flex-ipad-3g;592;100.0;2.4
iphone-3gs-afficheur-ecran-lcd;641;100.0;3.6
iphone-3gs-connecteur-nappe-ecran-lcd-sur-carte-mere;198;100.0;0.6
iphone-3gs-connecteur-nappe-ecran-vitre-tactile-sur-carte-mere;199;100.0;0.6
iphone-4-adhesif-batterie-et-languette-depose-batterie;3035;100.0;0.6
iphone-4-kit-de-vis-complet-avec-rondelles-et-vis-du-bas;679;100.0;0.6
iphone-4-support-de-la-la-nappe-et-du-bouton-power;184;100.0;0.6
iphone-4s-adhesif-batterie-et-languette-depose-batterie;910;100.0;0.6
iphone-4s-nappe-antenne-wifi-bluetooth;1439;100.0;2.4
iphone-5-bouton-hold-power-blanc;1640;100.0;0.6
iphone-5-bouton-home-orne-de-diamant-noir;1778;100.0;0.6
iphone-5-bouton-home-orne-de-diamant-or;1780;100.0;0.6
iphone-5-bouton-mute-vibreur-argent;1637;100.0;0.6
iphone-5-bouton-mute-vibreur-noir;1638;100.0;0.6
iphone-5-bouton-volume-argent;1641;100.0;0.6
iphone-5-bouton-volume-noir;1642;100.0;0.6
iphone-5c-blanc-kit-bouton-volume-power-et-vibreur;1306;100.0;1.2
iphone-5c-blanc-tiroir-sim-5c-sim-tray;1362;100.0;2.4
iphone-5c-nappe-module-vibreur;3264;100.0;2.4
iphone-5c-nappe-power-volume-vibreur-et-micro;2176;100.0;2.4
iphone-5c-rose-kit-bouton-volume-power-et-vibreur;1307;100.0;1.2
iphone-5c-vert-kit-bouton-volume-power-vibreur;1305;100.0;1.2
iphone-5s-nappe-antenne-micro-et-connecteur-de-charge-blanc;2173;100.0;2.4
iphone-5s-nappe-connecteur-de-charge-antenne-et-micro-noir;2174;100.0;4.52
iphone-5s-nappe-power-volume-vibreur;2172;100.0;2.4
isesamo-tool-guide-outils-douverture;3432;100.0;8.4
jcid-dot-projector-face-id-nappe-de-remplacement-iphone-11;13346;100.0;3.6
jcid-dot-projector-face-id-nappe-de-remplacement-iphone-11-pro;13347;100.0;3.6
jcid-dot-projector-face-id-nappe-de-remplacement-iphone-11-pro-max;13348;100.0;3.6
jcid-dot-projector-face-id-nappe-de-remplacement-iphone-12-mini;14681;100.0;3.6
jcid-dot-projector-face-id-nappe-de-remplacement-iphone-12-pro-max;14683;100.0;3.6
jcid-dot-projector-face-id-nappe-de-remplacement-iphone-12-12-pro;14682;100.0;3.6
jcid-dot-projector-face-id-nappe-de-remplacement-iphone-13-mini;15521;100.0;3.6
jcid-dot-projector-face-id-nappe-de-remplacement-iphone-13-pro-13-pro-max;15520;100.0;3.6
jcid-dot-projector-face-id-nappe-de-remplacement-iphone-x;13343;100.0;3.6
jcid-dot-projector-face-id-nappe-de-remplacement-iphone-xr;14680;100.0;3.6
jcid-dot-projector-face-id-nappe-de-remplacement-iphone-xs;13344;100.0;3.6
jcid-dot-projector-face-id-nappe-de-remplacement-iphone-xs-max;13345;100.0;3.6
joint-bouton-home-ipad-air;4252;100.0;2.15
joint-bouton-home-ipad-mini-mini-2;1667;100.0;2.4
joint-camera-arriere-iphone-4;4196;100.0;0.36
joint-camera-arriere-iphone-4s;4195;100.0;0.36
joint-camera-avant-iphone-5;1991;100.0;0.6
joint-capteur-de-proximite-x10-iphone-4s;5367;100.0;0.6
joint-capteur-de-proximite-iphone-4s;982;100.0;0.6
joint-capteur-de-proximite-samsung-galaxy-a9-2018-a920f;11897;100.0;2.4
joint-flash-iphone-4-4s;1023;100.0;0.36
joint-micro-samsung-galaxy-a9-2018-a920f;11896;100.0;2.4
joint-micro-samsung-galaxy-ace-3-s7275r;9181;100.0;1.2
joints-toriques-etanches-o-rings-pour-smartphone-lot-x100-iphone-x-17-pro-max;22746;100.0;6.0
kit-2-batteries-principale-et-seondaire-samsung-galaxy-z-flip-f700f-eb-bf700aby-;18744;100.0;30.0
kit-2-batteries-principale-et-seondaire-samsung-galaxy-z-flip-5g-f707b-gh82-2386;18746;100.0;34.8
kit-2-vis-du-bas-pentalobe-iphone-4-4s;549;100.0;0.6
kit-adhesif-vis-samsung-galaxy-note-20-ultra-5g-n986b-gh82-23394a-origine;17336;100.0;7.2
kit-adhesif-vis-samsung-galaxy-s20-ultra-g988f-gh82-22280a-origine;17334;100.0;7.32
kit-adhesif-vis-samsung-galaxy-s21-ultra-g998b-gh82-24597a-origine;17335;100.0;6.0
kit-adhesif-vis-samsung-galaxy-s22-s901b-gh82-27496a-origine;14687;100.0;4.8
kit-adhesif-vis-samsung-galaxy-s22-ultra-s908b-gh82-27490a-origine;14689;100.0;6.0
kit-adhesif-vis-samsung-galaxy-s22-s906b-gh82-27503a-origine;14688;100.0;7.2
kit-adhesif-adhesif-ecran-samsung-galaxy-s8-g950f;15019;100.0;2.4
kit-adhesif-adhesif-ecran-samsung-galaxy-s8-g950f-origine;19638;100.0;2.4
kit-adhesif-arriere-vis-samsung-galaxy-s23-s911b-origine;15986;100.0;6.0
kit-adhesif-arriere-vis-samsung-galaxy-s23-ultra-s918b-origine;15985;100.0;4.8
kit-adhesif-arriere-vis-samsung-galaxy-s23-s916b-origine-gh82-30556a;15987;100.0;7.2
kit-adhesif-arriere-vis-samsung-galaxy-z-flip4-5g-f721b-origine;16205;100.0;2.4
kit-adhesif-arriere-vis-samsung-galaxy-z-fold3-5g-f926b-origine;16204;100.0;7.2
kit-adhesif-arriere-vis-samsung-galaxy-z-fold4-5g-f936b-origine;16200;100.0;4.8
kit-adhesif-ecran-vis-samsung-galaxy-z-fold4-5g-f936b-origine;16409;100.0;6.0
kit-adhesif-ecran-et-vitre-arriere-samsung-galaxy-a35-5g-a356b-origine;20670;100.0;9.6
kit-adhesif-ecran-samsung-galaxy-a34-5g-a346b-origine-gh82-31515a;20238;100.0;7.2
kit-adhesif-ecran-samsung-galaxy-a56-a566b-origine;21119;100.0;8.4
kit-adhesif-ecran-samsung-galaxy-a57-5g-a576b-gh82-39334a-origine;23006;100.0;7.2
kit-adhesif-ecran-samsung-galaxy-s23-ultra-s918b-origine-gh82-30558a;17034;100.0;7.2
kit-adhesif-ecran-samsung-galaxy-s23-s916b-gh82-30555a-origine;18285;100.0;9.6
kit-adhesif-ecran-samsung-galaxy-s25-5g-s936b-origine;20229;100.0;6.0
kit-adhesif-ecran-samsung-galaxy-s26-5g-s942b-gh82-39212a-origine;23066;100.0;4.8
kit-adhesif-pour-vitre-arriere-samsung-galaxy-z-flip3-5g-f711b-bas;14862;100.0;5.7
kit-adhesif-samsung-galaxy-s20-g980f-s20-5g-g981f-gh82-22124a-origine;18755;100.0;7.2
kit-adhesif-samsung-galaxy-tab-s3-9-7-t820-t825-gh82-13897a-origine;18230;100.0;7.2
kit-adhesif-vitre-arriere-samsung-galaxy-s24-s926b-origine;21012;100.0;5.4
kit-adhesif-vitre-arriere-samsung-z-fold6-5g-f956b-origine-gh82-35139a;19215;100.0;9.6
kit-antenne-samsung-galaxy-a13-5g-a136b-rouge-blanc-piec;21799;100.0;2.4
kit-antenne-samsung-galaxy-a23-5g-a236b-bleu-blanche-piec;21580;100.0;1.68
kit-antenne-samsung-galaxy-a25-5g-a256b-rouge-bleu-piec;21655;100.0;1.8
kit-antenne-samsung-galaxy-a33-5g-a336b-rouge-bleu-piec;21625;100.0;1.08
kit-antenne-samsung-galaxy-a34-5g-a346b-rouge-blanche-piec;21613;100.0;1.68
kit-antenne-samsung-galaxy-a35-5g-a356b-rouge-bleu-piec;22066;100.0;2.16
kit-antenne-samsung-galaxy-a42-a426b-bleu-blanc-piec;21662;100.0;1.8
kit-antenne-samsung-galaxy-a54-5g-a546b-rouge-blanche-piec;21603;100.0;1.68
kit-backlight-ic-iphone-7-7-plus;8678;100.0;18.0
kit-batterie-externe-30000-mah-pb59-charge-rapide-65w-pd-cable-type-c-vers-type-;18438;100.0;49.5
kit-bouton-home-complet-ipad-2-3-blanc;1547;100.0;2.4
kit-bouton-home-complet-ipad-2-3-noir;1548;100.0;2.4
kit-bouton-power-volume-vibreur-iphone-3gs-blanc;563;100.0;0.6
kit-bouton-power-volume-vibreur-iphone-3gs-noir;565;100.0;0.6
kit-bouton-power-volume-vibreur-iphone-4;437;100.0;2.4
kit-chargeur-rapide-20w-t65-cable-usb-type-c-pour-iphone-30w-1m-usams-yi-series-;18576;100.0;8.4
kit-chargeur-rapide-20w-t65-cable-usb-type-c-vers-usb-type-c-60w-1m-usams-yi-ser;18665;100.0;12.0
kit-chargeur-rapide-gan-30w-cable-iphone-1m-usams-jo-series-blanc;23130;100.0;9.6
kit-chargeur-rapide-gan-30w-cable-usb-c-60w-1m-usams-jo-series-blanc;23129;100.0;10.8
kit-chargeur-rapide-oneplus-supervooc-80w-gan-double-port-avec-cable-usb-c-vers-;23526;100.0;38.4
kit-chargeur-rapide-type-a-xiaomi-33w-mdy-19-er-avec-cable-usb-c-blanc;23528;100.0;15.6
kit-chargeur-rapide-usb-type-c-eu-pd30w-cable-type-c-vers-pour-iphone-pd20w-u84-;17008;100.0;12.12
kit-chargeur-samsung-galaxy-type-c-25w-cable-usb-c-3a-1m-ultra-rapide-ep-t2510-b;18103;100.0;20.4
kit-chargeur-samsung-galaxy-type-c-25w-cable-usb-c-3a-1m-ultra-rapide-ep-t2510-n;18102;100.0;20.4
kit-chargeur-samsung-galaxy-usb-type-c-25w-cable-usb-c-vers-usb-c-3a-1m-ep-ta800;18314;100.0;13.2
kit-chargeur-ultra-rapide-type-a-xiaomi-mdy-19-er-100w-avec-cable-usb-a-vers-usb;23527;100.0;26.4
kit-d-encre-6-couleurs-pour-epson-et8500-70-ml-rock-space;17622;100.0;66.0
kit-de-12-tournevis-reparation-de-smartphones-macbook-best;1574;100.0;6.65
kit-de-2-tournevis-separateur-de-carte-mere-iphone-et-android-mijing-lsb-01;16121;100.0;7.01
kit-de-2-tournevis-separateur-de-carte-mere-iphone-et-android-mijing-lsb-01-2;16121;100.0;7.01
kit-de-3-lames-rock-space-argente-zc2;16233;100.0;26.4
kit-de-3-lames-rock-space-dore-zc1-zc1-max;15086;100.0;30.0
kit-de-vis-complet-avec-rondelles-et-vis-du-bas-iphone-4s;3337;100.0;0.6
kit-de-vis-complets-iphone-5s;3239;100.0;1.2
kit-de-vis-de-base-samsung;1407;100.0;0.92
kit-de-vis-huawei-ascend-g525;7157;100.0;5.0
kit-de-vis-huawei-ascend-y300;7191;100.0;1.2
kit-de-vis-huawei-ascend-y330;5419;100.0;5.0
kit-de-vis-huawei-ascend-y530;7170;100.0;1.2
kit-de-vis-huawei-ascend-y550;7160;100.0;1.2
kit-de-vis-huawei-p-smart-fig-lx1;11187;100.0;6.0
kit-de-vis-iphone-15-pro-max-naturel;17925;100.0;3.66
kit-de-vis-iphone-15-pro-naturel;17911;100.0;4.39
kit-de-vis-iphone-3gs;670;100.0;0.6
kit-de-vis-iphone-5-blanc;8168;100.0;1.2
kit-de-vis-iphone-5-noir;1696;100.0;1.2
kit-de-vis-iphone-5-or;8169;100.0;1.2
kit-de-vis-iphone-5c;4549;100.0;1.2
kit-de-vis-iphone-6-or;2033;100.0;2.4
kit-de-vis-iphone-6-plus-argent-gris-sideral;5231;100.0;3.6
kit-de-vis-iphone-6-plus-or;5232;100.0;1.2
kit-de-vis-iphone-7-argent;10622;100.0;3.6
kit-de-vis-iphone-7-or-rose;10624;100.0;3.6
kit-de-vis-iphone-8-argent;12261;100.0;0.96
kit-de-vis-samsung-galaxy-a3-2017-a320f;12145;100.0;1.2
kit-de-vis-samsung-galaxy-a5-a500fu-occasion;10915;100.0;1.2
kit-de-vis-samsung-galaxy-a5-2017-a520f;12010;100.0;1.2
kit-de-vis-samsung-galaxy-ace-s5830;9966;100.0;1.2
kit-de-vis-samsung-galaxy-ace-4-g357fz;9190;100.0;1.2
kit-de-vis-samsung-galaxy-alpha-g850f;9675;100.0;1.2
kit-de-vis-samsung-galaxy-express-i8730;6293;100.0;1.2
kit-de-vis-samsung-galaxy-fame-s6810;9898;100.0;1.2
kit-de-vis-samsung-galaxy-gio-s5660;9935;100.0;1.2
kit-de-vis-samsung-galaxy-grand-2-g7105;9225;100.0;1.2
kit-de-vis-samsung-galaxy-grand-neo-i9060i;9252;100.0;1.2
kit-de-vis-samsung-galaxy-j3-2017-j330f;11980;100.0;1.2
kit-de-vis-samsung-galaxy-j5-2017-j530f;12039;100.0;1.2
kit-de-vis-samsung-galaxy-j7-2017-j730f;8126;100.0;1.2
kit-de-vis-samsung-galaxy-mega-i9205;4813;100.0;1.2
kit-de-vis-samsung-galaxy-mini-2-s6500;9892;100.0;1.2
kit-de-vis-samsung-galaxy-s-advance-i9070;9265;100.0;1.2
kit-de-vis-samsung-galaxy-s-duos-s7562;9051;100.0;1.2
kit-de-vis-samsung-galaxy-s3-i9300;9538;100.0;1.2
kit-de-vis-samsung-galaxy-s3-4g-i9305;9287;100.0;1.2
kit-de-vis-samsung-galaxy-s3-mini-i8190;9548;100.0;1.2
kit-de-vis-samsung-galaxy-s3-neo-i9301i;9576;100.0;1.2
kit-de-vis-samsung-galaxy-s4-advance-i9506;9301;100.0;1.2
kit-de-vis-samsung-galaxy-s4-zoom-sm-c101;9352;100.0;1.2
kit-de-vis-samsung-galaxy-s5-g901f;582;100.0;6.0
kit-de-vis-samsung-galaxy-s7-edge-g935f;12037;100.0;7.2
kit-de-vis-samsung-galaxy-trend-s7560;9324;100.0;1.2
kit-de-vis-samsung-galaxy-trend-lite-s7390;9320;100.0;1.2
kit-de-vis-samsung-galaxy-z-flip4-5g-f721b;16877;100.0;12.0
kit-de-vis-samsung-galaxy-z-fold4-5g-f936b-origine;16201;100.0;3.6
kit-de-vis-samsung-nexus-i9250;9547;100.0;1.2
kit-haut-parleur-samsung-galaxy-tab-a-2018-10-5-t590-t595;12277;100.0;10.54
kit-impression-avec-films-pour-imprimante-phone-skin-printer-rock-space;16292;100.0;66.0
kit-pieces-metalliques-apple-iphone-12-pro-max;22426;100.0;9.6
kit-pieces-metalliques-apple-iphone-13-pro;22423;100.0;9.6
kit-pieces-metalliques-apple-iphone-14;22421;100.0;120.0
kit-pieces-metalliques-apple-iphone-air;22431;100.0;10.8
kit-plaque-vis-ipad-mini-6-2021;19076;100.0;6.0
kit-stylet-noir-samsung-galaxy-note-8-n950f-tab-active2-t390-t395-tab-s4-10-5-t8;18261;100.0;4.8
kit-stylet-samsung-galaxy-note-10-n970f-note-20-n980f-n981f-note-20-ultra-n986b-;18494;100.0;6.0
kit-stylet-samsung-galaxy-tab-s6-lite-wifi-p610-s6-lite-lte-p615-tab-s7-t875n-t8;18345;100.0;4.8
kit-support-huawei-p-smart;6752;100.0;24.0
lampe-de-sterilisation-ultraviolet-portable-usams-us-zb134;3656;100.0;6.0
lcd-samsung-galaxy-xcover-4-g390f-xcover-4s-g398f-origine;11790;100.0;9.2
lcd-screen-display-ic-tps65656a2-iphone-13;16276;100.0;2.4
lecteur-carte-micro-sim-iphone-4-4s;461;100.0;2.4
lecteur-carte-sim-et-memoire-pour-samsung-galaxy-s4-mini-i9195-et-i9190;2126;100.0;1.2
lecteur-d-empreinte-samsung-galaxy-a12-2020-a125f-piec;21678;100.0;3.6
lecteur-d-empreintes-samsung-galaxy-a35-5g-a53-5g-a356b-a536b-piec;22069;100.0;4.56
lecteur-d-empreintes-samsung-galaxy-z-flip-4g-f700f-noir;14054;100.0;11.15
lecteur-d-empreintes-samsung-galaxy-z-flip-4g-f700f-violet;14055;100.0;11.15
lecteur-e-sim-apple-iphone-15-15-plus;22429;100.0;9.6
lecteur-empreinte-samsung-galaxy-a40-a405f-noir-piec;21684;100.0;1.32
lecteur-sd-huawei-p8-lite-ale-l21;6941;100.0;5.0
lecteur-sd-samsung-multi-modeles;3126;100.0;0.6
lecteur-sd-samsung-galaxy-a3-a300fu-a5-a500fu-a7-a700f;3886;100.0;0.6
lecteur-sd-samsung-galaxy-tab-2-10-1-p5100-p5110;6442;100.0;0.6
lecteur-sim-sd-samsung-lg;3478;100.0;1.2
lecteur-sim-sd-samsung-galaxy-a3-2016-a310f-a5-2016-a510f-j5-2017-j530f-j7-2017-;3354;100.0;1.2
lecteur-sim-sd-samsung-galaxy-core-i8260-core-plus-g350;5726;100.0;1.2
lecteur-sim-sd-samsung-galaxy-tab-s7-t976b-tab-s8-x800n-x806b-gh96-13657a-origin;18677;100.0;10.8
lecteur-sim-carte-sd-samsung-galaxy-tab-s4-t830-t835-gh59-14905a-origine;18424;100.0;7.2
lecteur-sim-huawei-ascend-p7-p7-l10;8241;100.0;0.66
lecteur-sim-huawei-p8-gra-l09;8242;100.0;5.0
lecteur-sim-huawei-p8-lite-ale-l21;6940;100.0;1.2
lecteur-sim-samsung-galaxy;3418;100.0;1.2
lecteur-sim-samsung-galaxy-a20e-a202f-a40-a405f-origine;17736;100.0;2.4
lecteur-sim-samsung-galaxy-a3-a300fu-a5-a500fu-a7-a700f;3887;100.0;0.6
lecteur-sim-samsung-galaxy-ace-s5830;412;100.0;1.2
lecteur-sim-samsung-galaxy-alpha-g850f;6507;100.0;1.2
lecteur-sim-samsung-galaxy-note-n7000-nexus-s-i9023;328;100.0;0.6
lecteur-sim-samsung-galaxy-note-4-n910f;5327;100.0;1.2
lecteur-sim-samsung-galaxy-s-a-note;9471;100.0;1.46
lecteur-sim-samsung-galaxy-s-duos-s7562-s7582;7315;100.0;1.2
lecteur-sim-samsung-galaxy-s2-i9100;800;100.0;1.2
lecteur-sim-samsung-galaxy-s25-edge-5g-s937b-origine;20314;100.0;19.2
lecteur-sim-samsung-galaxy-s6-g920f;5878;100.0;0.6
lecteur-sim-samsung-galaxy-s6-edge-g925f-s6-edge-plus-g928f;6508;100.0;2.4
lecteur-sim-samsung-galaxy-star-s5280;3410;100.0;1.2
lecteur-sim-samsung-galaxy-tab-2-p5100-tab-10-1-p7500;1387;100.0;2.4
lecteur-sim-samsung-galaxy-tab-a8-10-5-2021-lte-x205-gh81-21945a-origine;18524;100.0;14.4
lecteur-sim-sony-xperia-m5-e5603;1598;100.0;6.0
lecteur-sim-lecteur-carte-memoire-samsung-galaxy-xcover-s5690;756;100.0;2.4
left-charge-buckle-iphone-air-piec;21460;100.0;9.6
lot-de-5-chiffons-pour-pose-de-film-hydrogel-rock-space;15089;100.0;3.6
lot-de-7-mediators-plastique-et-aluminium;4281;100.0;5.0
lot-x3-vitre-cache-camera-verre-trempe-iphone-17-privacy-milomdoi;22599;100.0;6.0
lot-x3-vitre-cache-camera-verre-trempe-iphone-17-pro-privacy-milomdoi;22598;100.0;6.0
machine-d-impression-sur-coque-par-transfert-thermique-220v-rock-space-rme1003;17621;100.0;360.0
machine-decoupe-film-de-protection-hydrogel-anti-casse-zc1-max-rock-space-100-fi;13784;100.0;598.8
machine-decoupe-film-de-protection-hydrogel-intelligent-jusqu-a-11-pouces-rock-s;20144;100.0;360.0
membrane-bouton-home-ipad-air;4249;100.0;2.15
membrane-bouton-home-ipad-air-2;5945;100.0;2.15
membrane-bouton-home-ipad-mini-mini-2;4241;100.0;2.4
membrane-bouton-home-iphone-4s;511;100.0;2.4
membrane-bouton-home-iphone-5-5c;1790;100.0;0.66
membrane-bouton-home-iphone-5s-se-6-6-plus-6s-6s-plus;5459;100.0;0.36
membrane-camera-arriere-iphone-5s;4197;100.0;0.6
memoire-flash-nand-128go-iphone-11-series;14616;100.0;36.24
memoire-flash-nand-128go-iphone-8-x;14612;100.0;31.63
memoire-flash-nand-128go-iphone-xr-xs-max;14614;100.0;36.24
memoire-flash-nand-256go-iphone-11-series;14617;100.0;90.88
memoire-flash-nand-256go-iphone-8-x;14613;100.0;90.88
memoire-flash-nand-256go-iphone-xr-xs-max;14615;100.0;90.88
memoire-flash-nand-512go-iphone-11-series;14618;100.0;97.92
micro-samsung-galaxy-alpha-g850f;8467;100.0;3.6
micro-samsung-galaxy-s-a5-note;8469;100.0;1.2
micro-samsung-galaxy-s4-i9505;9819;100.0;3.0
micro-samsung-galaxy-s4-mini-i9195-s3-i9300-s-i9000-s-duos-s7562-note-n7000;1406;100.0;2.4
microphone-a-souder-samsung-galaxy-a04s-a047f-a13-5g-a136b-m13-m135f-a15-4g-a155;18310;100.0;2.4
mini-adaptateur-otg-type-c-vers-usb-3a-baseus-caaotg-01-noir;20224;100.0;8.4
mini-adaptateur-otg-usb-vers-type-c-2-4a-baseus-catotg-01;20159;100.0;10.8
mini-chargeur-rapide-allume-cigare-voiture-double-usb-15w-usams-us-cc162-c31-tra;16333;100.0;4.2
mini-chargeur-rapide-allume-cigare-voiture-double-usb-2-4a-usams-us-cc114-c20-no;16334;100.0;2.92
mini-chargeur-rapide-allume-cigare-voiture-double-usb-a-c-45w-usams-us-cc175-c35;17006;100.0;6.13
mini-chargeur-rapide-allume-cigare-voiture-double-usb-a-c-95w-usams-us-cc176-c36;18577;100.0;9.65
mini-chargeur-rapide-pd-usb-c-30w-series-x-ron-usams-us-cc186-noir;16699;100.0;8.84
mini-chargeur-rapide-usb-c-pd-1c-gan-30w-usams-hc-series-cc251-blanc;19385;100.0;10.12
mini-chargeur-rapide-usb-c-pd-3-0-20w-usams-x-ron-series-us-cc183-blanc;18574;100.0;8.64
mini-chargeur-rapide-usb-c-pd-3-0-20w-usams-x-ron-series-us-cc183-noir;18573;100.0;8.64
mini-chargeur-rapide-usb-c-pd-3-0-gan-20w-usams-hc-series-cc248-blanc;19084;100.0;10.12
mini-chargeur-rapide-usb-c-pd-gan-20w-usams-cc260-jc-series-noir;20392;100.0;5.76
mini-haut-parleur-magnetique-700-mah-usams-us-yx016;21711;100.0;12.0
mini-lentille-macro-fisheye-grand-angle-baseus;10079;100.0;1.2
mini-power-bank-batterie-externe-3000-mah-avec-prise-type-c-integree-et-indicate;20544;100.0;7.81
mini-ventilateur-de-poche-500-mah-usams-ice01-bc-series-blanc;23189;100.0;5.18
mini-ventilateur-de-poche-500-mah-usams-ice01-bc-series-rose;23188;100.0;5.18
mini-ventilateur-de-poche-500-mah-usams-ice01-bc-series-violet;23190;100.0;5.18
mini-ventilateur-magnetique-2000-mah-usams-zb363-bc-series-blanc;23191;100.0;11.3
mini-ventilateur-magnetique-2000-mah-usams-zb363-bc-series-bleu;23192;100.0;11.3
mini-ventilateur-magnetique-2000-mah-usams-zb363-bc-series-violet;23193;100.0;11.3
mmwave-iphone-17-pro-piec;21439;100.0;4.8
mmwave-iphone-17-pro-max-piec;21451;100.0;4.8
mmwave-iphone-air-piec;21463;100.0;4.8
module-5g-mmwave-iphone-12;13220;100.0;1.2
module-5g-mmwave-iphone-12-mini;13226;100.0;1.2
module-5g-mmwave-iphone-12-pro;13213;100.0;9.6
module-5g-mmwave-iphone-12-pro-max;13206;100.0;1.18
module-antenne-capteur-de-proximite-samsung-galaxy-s22-ultra-5g-s908b-piec;21282;100.0;4.8
module-antenne-ecouteur-interne-samsung-galaxy-s24-s926b-piec;21921;100.0;6.0
module-antenne-5g-samsung-galaxy-s20-ultra-g988f-gh97-24648a-origine;18739;100.0;6.0
module-antenne-bas-samsung-galaxy-z-fold3-f926b-gh42-06783a-origine;18276;100.0;3.6
module-antenne-haut-samsung-galaxy-z-fold3-f926b-gh97-26649a-origine;18684;100.0;9.6
module-antenne-samsung-galaxy-a13-5g-a136b-gh42-06893a-origine;18258;100.0;2.4
module-antenne-samsung-galaxy-j6-j610f;11820;100.0;2.4
module-antenne-samsung-galaxy-m13-m135f-gh42-06907a-origine;18702;100.0;4.8
module-antenne-samsung-galaxy-m31-m315f-gh42-06432a-origine;18245;100.0;3.6
module-antenne-samsung-galaxy-note-20-n980f-n981f-gh96-13562a-origine;17212;100.0;16.8
module-antenne-samsung-galaxy-note-20-ultra-5g-n986b-piec;21981;100.0;4.8
module-antenne-samsung-galaxy-note-20-ultra-5g-n986b-gh96-13570a-origine;17213;100.0;18.0
module-antenne-samsung-galaxy-s20-g985f-g986b-origine;12642;100.0;3.67
module-antenne-samsung-galaxy-s20-g986b-piec;21924;100.0;2.4
module-antenne-samsung-galaxy-s21-ultra-g998b-gh97-26022a-origine;17340;100.0;27.6
module-antenne-samsung-galaxy-s21-ultra-5g-g998b-piec;21473;100.0;4.8
module-antenne-samsung-galaxy-s22-5g-s901b-piec;21284;100.0;2.4
module-antenne-samsung-galaxy-s22-s906b-piec;21365;100.0;3.6
module-antenne-samsung-galaxy-z-flip-4g-f700f;19543;100.0;8.4
module-antenne-samsung-galaxy-z-flip-5g-f707b-gh42-06614a-origine;18259;100.0;3.6
module-antenne-samsung-galaxy-z-flip3-5g-f711b;19738;100.0;8.4
module-antenne-wi-fi-iphone-6-plus;4611;100.0;2.4
module-antenne-wifi-bt-gps-samsung-galaxy-note-8-n950f-gh42-05994a-origine;18272;100.0;6.0
module-ecouteur-interne-samsung-galaxy-mini-2-gt-s6500;3315;100.0;1.2
module-ecouteur-interne-samsung-galaxy-s21-5g-g991b-piec;13060;100.0;2.16
module-ecouteur-samsung-s4-active-i9295;3379;100.0;1.2
module-flash-samsung-galaxy-note-10-1-n8000;1881;100.0;2.4
module-flash-samsung-galaxy-s4-zoom-sm-c101;9355;100.0;2.4
module-haut-parleur-pour-samsung-galaxy-s4-mini-i9195-i9190;2121;100.0;2.4
module-haut-parleur-samsung-galaxy-mini-2-gt-s6500;3314;100.0;2.4
module-haut-parleur-droit-samsung-galaxy-note-10-1-n8000;1882;100.0;2.4
module-haut-parleur-droit-samsung-galaxy-note-10-1-p600;8799;100.0;2.4
module-haut-parleur-droit-samsung-galaxy-tab-pro-10-1-t520;7438;100.0;2.4
module-haut-parleur-gauche-samsung-galaxy-note-10-1-n8000;5089;100.0;2.4
module-haut-parleur-gauche-samsung-galaxy-note-10-1-p600;7441;100.0;2.4
module-haut-parleur-gauche-samsung-galaxy-tab-pro-10-1-t520;7439;100.0;2.4
module-haut-parleur-connexion-nappe-volume-samsung-galaxy-j7-2017-j730f;11141;100.0;2.4
module-haut-parleur-ecouteur-interne-jack-samsung-galaxy-core-i8262;7971;100.0;2.4
module-haut-parleur-ecouteur-interne-jack-samsung-galaxy-core-prime-g360f;3904;100.0;2.4
module-haut-parleur-jack-samsung-galaxy-ace-s5830;655;100.0;1.2
module-haut-parleur-jack-samsung-galaxy-core-i8260-blanc;4274;100.0;2.4
module-haut-parleur-jack-samsung-galaxy-core-i8260-noir;4273;100.0;2.4
module-haut-parleur-jack-samsung-galaxy-express-2-g3815-noir;4670;100.0;1.2
module-haut-parleur-jack-samsung-galaxy-grand-prime-g530fz;3906;100.0;2.4
module-haut-parleur-jack-samsung-galaxy-s3-i9300-s3-neo-i9301i-blanc;9569;100.0;3.6
module-haut-parleur-jack-samsung-galaxy-s3-i9300-s3-neo-i9301i-noir;915;100.0;2.4
module-haut-parleur-jack-samsung-galaxy-s3-4g-i9305-blanc;9285;100.0;2.4
module-haut-parleur-jack-samsung-galaxy-s3-4g-i9305-noir;3409;100.0;2.4
module-haut-parleur-jack-samsung-galaxy-trend-s7560-s-duos-s7562-blanc;1300;100.0;2.4
module-haut-parleur-nappe-volume-samsung-galaxy-a7-a700f;3894;100.0;2.4
module-haut-parleur-vibreur-samsung-galaxy-tab-p7500-p7510;4123;100.0;2.4
module-haut-parleur-huawei-ascend-mate-7;7437;100.0;9.0
module-haut-parleur-huawei-mate-9-mha-l09;10280;100.0;10.8
module-haut-parleur-huawei-p-smart-fig-lx1;11188;100.0;3.58
module-haut-parleur-huawei-p20-lite;11148;100.0;3.25
module-haut-parleur-huawei-p8-lite;6939;100.0;2.4
module-haut-parleur-huawei-p8-lite-2017;7797;100.0;12.0
module-haut-parleur-samsung-galaxy-a3-a300fu;3884;100.0;2.4
module-haut-parleur-samsung-galaxy-a5-a500fu;3889;100.0;2.4
module-haut-parleur-samsung-galaxy-a70-a705f;12172;100.0;2.99
module-haut-parleur-samsung-galaxy-a9-2018-a920f;11883;100.0;3.88
module-haut-parleur-samsung-galaxy-express-i8730-blanc;6294;100.0;1.2
module-haut-parleur-samsung-galaxy-express-i8730-noir;5511;100.0;1.2
module-haut-parleur-samsung-galaxy-gio-s5660;4109;100.0;2.4
module-haut-parleur-samsung-galaxy-j3-2017-j330f;10584;100.0;2.4
module-haut-parleur-samsung-galaxy-j5-2017-j530f;7824;100.0;2.4
module-haut-parleur-samsung-galaxy-mega-i9205;4814;100.0;2.4
module-haut-parleur-samsung-galaxy-note-n7000;331;100.0;3.6
module-haut-parleur-samsung-galaxy-note-7-n930f;8646;100.0;2.4
module-haut-parleur-samsung-galaxy-note-9-n960f;11572;100.0;2.04
module-haut-parleur-samsung-galaxy-note-edge-n915fy;3949;100.0;2.4
module-haut-parleur-samsung-galaxy-s-advance-i9070-blanc;9880;100.0;2.4
module-haut-parleur-samsung-galaxy-s-advance-i9070-noir;9261;100.0;1.2
module-haut-parleur-samsung-galaxy-s10-g973f;9111;100.0;1.8
module-haut-parleur-samsung-galaxy-s10-g975f;9083;100.0;4.9
module-haut-parleur-samsung-galaxy-s10e-g970f-piec;8112;100.0;2.4
module-haut-parleur-samsung-galaxy-s20-g980-g981;13525;100.0;2.16
module-haut-parleur-samsung-galaxy-s20-g985f-g986b;13524;100.0;4.38
module-haut-parleur-samsung-galaxy-s21-5g-g991b;13522;100.0;3.91
module-haut-parleur-samsung-galaxy-s21-5g-g996b;13523;100.0;2.65
module-haut-parleur-samsung-galaxy-s3-mini-i8190-blanc;1898;100.0;2.4
module-haut-parleur-samsung-galaxy-s3-mini-i8190-marron;9835;100.0;2.4
module-haut-parleur-samsung-galaxy-s3-mini-i8190-noir;1899;100.0;2.4
module-haut-parleur-samsung-galaxy-s4-zoom-sm-c101;9356;100.0;2.4
module-haut-parleur-samsung-galaxy-s6-g920f;3923;100.0;1.08
module-haut-parleur-samsung-galaxy-s6-edge-g925f;3933;100.0;4.8
module-haut-parleur-samsung-galaxy-s6-edge-plus-g928f;6826;100.0;4.8
module-haut-parleur-samsung-galaxy-s7-g930f;9462;100.0;2.04
module-haut-parleur-samsung-galaxy-spica-i5700;4127;100.0;2.4
module-haut-parleur-samsung-galaxy-tab-p7500-p7510;755;100.0;2.4
module-haut-parleur-samsung-galaxy-wave-575-s5750;8059;100.0;1.2
module-haut-parleur-samsung-nexus-i9250;4106;100.0;2.4
module-haut-parleur-samsung-player-star-2-s5620;4128;100.0;1.2
module-jack-samsung-galaxy-note-8-0-n5110;5687;100.0;2.4
module-lecteur-sim-et-lecteur-de-carte-memoire-samsung-galaxy-note-2-4g-gt-n7105;1901;100.0;2.4
module-lecteur-sim-samsung-galaxy-z-fold6-5g-f956b-piec;22721;100.0;19.5
module-lecteur-sim-samsung-z-fold6-5g-f956b-origine;19221;100.0;32.4
module-microphone-samsung-galaxy-note-20-n980f-n981f-gh59-15302a-origine;18732;100.0;4.8
module-nappe-connecteur-de-charge-samsung-galaxy-ace-4-g357fz;5100;100.0;1.2
module-vibreur-huawei-ascend-y530;7172;100.0;1.2
module-vibreur-iphone-12;13219;100.0;1.2
module-vibreur-iphone-12-mini;13225;100.0;1.2
module-vibreur-iphone-12-pro;13212;100.0;1.36
module-vibreur-iphone-12-pro-max;13205;100.0;1.2
moule-a-transfert-thermique-pour-coque-a-double-layer-rock-space-iphone-11-allia;17637;100.0;12.0
moule-a-transfert-thermique-pour-coque-a-double-layer-rock-space-iphone-11-pro-a;17638;100.0;12.0
moule-a-transfert-thermique-pour-coque-a-double-layer-rock-space-iphone-11-pro-m;17639;100.0;12.0
moule-a-transfert-thermique-pour-coque-a-double-layer-rock-space-iphone-12-12-pr;17635;100.0;12.0
moule-a-transfert-thermique-pour-coque-a-double-layer-rock-space-iphone-12-pro-m;17636;100.0;12.0
moule-a-transfert-thermique-pour-coque-a-double-layer-rock-space-iphone-13-allia;17632;100.0;12.0
moule-a-transfert-thermique-pour-coque-a-double-layer-rock-space-iphone-13-pro-a;17633;100.0;12.0
moule-a-transfert-thermique-pour-coque-a-double-layer-rock-space-iphone-13-pro-m;17634;100.0;12.0
moule-a-transfert-thermique-pour-coque-a-double-layer-rock-space-iphone-14-allia;17628;100.0;12.0
moule-a-transfert-thermique-pour-coque-a-double-layer-rock-space-iphone-14-plus-;17630;100.0;12.0
moule-a-transfert-thermique-pour-coque-a-double-layer-rock-space-iphone-14-pro-a;17629;100.0;12.0
moule-a-transfert-thermique-pour-coque-a-double-layer-rock-space-iphone-14-pro-m;17631;100.0;12.0
moule-a-transfert-thermique-pour-coque-a-double-layer-rock-space-iphone-15-allia;17627;100.0;12.0
moule-a-transfert-thermique-pour-coque-a-double-layer-rock-space-iphone-15-plus-;17626;100.0;12.0
moule-a-transfert-thermique-pour-coque-a-double-layer-rock-space-iphone-15-pro-a;17625;100.0;12.0
moule-a-transfert-thermique-pour-coque-a-double-layer-rock-space-iphone-15-pro-m;17624;100.0;12.0
moule-a-transfert-thermique-pour-coque-a-double-layer-rock-space-samsung-s22-all;17640;100.0;12.0
moule-a-transfert-thermique-pour-coque-a-double-layer-rock-space-samsung-s22-plu;17641;100.0;12.0
moule-a-transfert-thermique-pour-coque-a-double-layer-rock-space-samsung-s22-ult;17642;100.0;12.0
moule-a-transfert-thermique-pour-coque-a-double-layer-rock-space-samsung-s23-all;17643;100.0;12.0
moule-a-transfert-thermique-pour-coque-a-double-layer-rock-space-samsung-s23-plu;17644;100.0;12.0
moule-a-transfert-thermique-pour-coque-a-double-layer-rock-space-samsung-s23-ult;17645;100.0;12.0
moule-a-transfert-thermique-pour-coque-a-double-layer-rockspace-iphone-16-pro-al;21782;100.0;18.0
moule-a-transfert-thermique-pour-coque-a-double-layer-rockspace-iphone-16-pro-ma;21783;100.0;18.0
mousse-lcd-iphone-5g-5c-5s;4210;100.0;0.96
mousse-tactile-iphone-5g-5c-5s;4209;100.0;0.6
multi-prise-universelle-ldnio-sc3604;13065;100.0;24.0
nappe-bouton-home-membrane-iphone-5s-se-argent;1400;100.0;3.19
nappe-bouton-home-membrane-iphone-5s-se-noir;1398;100.0;1.8
nappe-bouton-home-membrane-iphone-5s-se-or;1398;97.7;1.8
nappe-bouton-home-membrane-iphone-6-6-plus-argent;4594;100.0;1.56
nappe-bouton-home-membrane-iphone-6-6-plus-gris-sideral;4592;100.0;2.16
nappe-bouton-home-membrane-iphone-6-6-plus-or;4593;100.0;2.16
nappe-bouton-home-huawei-nova-can-l01-mate-9-mha-l09-blanc;7994;100.0;10.8
nappe-bouton-home-huawei-nova-can-l01-mate-9-mha-l09-noir;7987;100.0;10.8
nappe-bouton-home-huawei-nova-can-l01-mate-9-mha-l09-or;9002;100.0;10.8
nappe-bouton-home-huawei-p10-lite-was-l03t-argent;11019;100.0;9.6
nappe-bouton-home-huawei-p10-lite-was-l03t-blanc;10641;100.0;9.6
nappe-bouton-home-huawei-p10-lite-was-l03t-noir;10640;100.0;9.6
nappe-bouton-home-huawei-p10-lite-was-l03t-or;10642;100.0;9.6
nappe-bouton-home-ipad-air-2-mini-4-blanc;5951;100.0;2.4
nappe-bouton-home-ipad-air-2-mini-4-noir;5950;100.0;2.4
nappe-bouton-home-ipad-air-2-mini-4-or;5952;100.0;2.09
nappe-bouton-home-ipad-pro-10-5-blanc;4067;100.0;4.58
nappe-bouton-home-ipad-pro-9-7-blanc;9558;100.0;6.97
nappe-bouton-home-p9-lite-vns-l31-blanc;8837;100.0;12.0
nappe-bouton-home-p9-lite-vns-l31-noir;8836;100.0;12.0
nappe-bouton-home-samsung-galaxy-a3-2017-a320f-a5-2017-a520f-a7-2017-a720f-bleu;9223;100.0;1.2
nappe-bouton-home-samsung-galaxy-a3-2017-a320f-a5-2017-a520f-a7-2017-a720f-noir;9218;100.0;1.2
nappe-bouton-home-samsung-galaxy-a3-2017-a320f-a5-2017-a520f-a7-2017-a720f-or;9219;100.0;1.2
nappe-bouton-home-samsung-galaxy-a3-2017-a320f-a5-2017-a520f-a7-2017-a720f-rose;9222;100.0;1.2
nappe-bouton-home-samsung-galaxy-note-4-n910f-blanc;6401;100.0;2.4
nappe-bouton-home-samsung-galaxy-note-4-n910f-gris;6402;100.0;2.4
nappe-bouton-home-samsung-galaxy-note-4-n910f-noir;6400;100.0;2.4
nappe-bouton-home-samsung-galaxy-note-4-n910f-rose;6404;100.0;2.4
nappe-bouton-home-samsung-galaxy-note-4-n910f-rouge;6403;100.0;2.4
nappe-bouton-home-samsung-galaxy-s6-g920f-blanc;3924;100.0;1.2
nappe-bouton-home-samsung-galaxy-s6-g920f-noir;8146;100.0;1.8
nappe-bouton-home-samsung-galaxy-s6-g920f-or;6929;100.0;1.8
nappe-bouton-home-samsung-galaxy-s6-edge-g925f-blanc;5881;100.0;4.8
nappe-bouton-home-samsung-galaxy-s6-edge-g925f-noir;5880;100.0;4.8
nappe-bouton-home-samsung-galaxy-s6-edge-g925f-or;5882;100.0;4.8
nappe-bouton-lecteur-d-empreintes-samsung-galaxy-s8-g950f-s8-g955f-argent-polair;10697;100.0;3.6
nappe-bouton-lecteur-d-empreintes-samsung-galaxy-s8-g950f-s8-g955f-bleu;11132;100.0;3.6
nappe-bouton-lecteur-d-empreintes-samsung-galaxy-s8-g950f-s8-g955f-noir-carbone;10696;100.0;3.6
nappe-bouton-lecteur-d-empreintes-samsung-galaxy-s8-g950f-s8-g955f-or-origine;11640;100.0;9.6
nappe-bouton-lecteur-d-empreintes-samsung-galaxy-s8-g950f-s8-g955f-orchidee;10698;100.0;3.6
nappe-bouton-lecteur-d-empreintes-samsung-galaxy-s8-g950f-s8-g955f-rose;5390;100.0;14.4
nappe-bouton-power-lecteur-d-empreintes-samsung-galaxy-a7-2018-a750f-bleu;11930;100.0;3.0
nappe-bouton-power-lecteur-d-empreintes-samsung-galaxy-a7-2018-a750f-noir;11799;100.0;3.0
nappe-bouton-power-lecteur-d-empreintes-samsung-galaxy-a7-2018-a750f-or;8188;100.0;1.44
nappe-connecteur-charge-pour-iphone-13-pro-max-vert-reconditionne-piec;19441;100.0;27.46
nappe-connecteur-charge-samsung-galaxy-note-n7000;5326;90.5;0.6
nappe-connecteur-de-charge-4g-ipad-pro-12-9-2eme-gen-blanc;11666;100.0;11.06
nappe-connecteur-de-charge-4g-ipad-pro-12-9-2eme-gen-noir;11665;100.0;6.43
nappe-connecteur-de-charge-rev0-2-t30-samsung-galaxy-s8-g955f-origine;7956;100.0;10.8
nappe-connecteur-de-charge-rev0-51-t50-samsung-galaxy-s8-g955f;9367;100.0;3.6
nappe-connecteur-de-charge-sans-fil-volume-vibreur-pour-iphone-x-reconditionne-p;11078;100.0;3.6
nappe-connecteur-de-charge-sans-fil-iphone-8-se-2020-reconditionne-piec;11079;100.0;3.83
nappe-connecteur-de-charge-sans-fil-iphone-8-plus-reconditionne-piec;11080;100.0;9.6
nappe-connecteur-de-charge-usb-type-c-ipad-pro-11-ipad-pro-12-9-3eme-gen-4eme-gen;9068;100.0;9.71
nappe-connecteur-de-charge-usb-type-c-ipad-pro-11-ipad-pro-12-9-3eme-gen-4eme-gen-2;9068;100.0;9.71
nappe-connecteur-de-charge-usb-type-c-ipad-pro-12-9-5eme-gen-2021;16011;100.0;11.06
nappe-connecteur-de-charge-wi-fi-ipad-pro-12-9-2eme-gen-blanc;11697;100.0;18.0
nappe-connecteur-de-charge-wi-fi-ipad-pro-12-9-2eme-gen-noir;11696;100.0;3.78
nappe-connecteur-de-charge-clavier-samsung-galaxy-alpha-g850f;4597;100.0;2.4
nappe-connecteur-de-charge-home-samsung-galaxy-tab-s2-8-0-t715;9189;100.0;4.8
nappe-connecteur-de-charge-jack-micro-samsung-galaxy-a7-a700f;3893;100.0;2.4
nappe-connecteur-de-charge-jack-huawei-p20-lite;11149;100.0;5.18
nappe-connecteur-de-charge-jack-samsung-galaxy-a70-a705f-origine;8212;100.0;14.5
nappe-connecteur-de-charge-jack-samsung-galaxy-m20-m205f;9171;100.0;7.7
nappe-connecteur-de-charge-sd-samsung-galaxy-tab-s-10-5-t800;4516;100.0;4.34
nappe-connecteur-de-charge-sim-samsung-galaxy-a80-a805f-origine;4393;100.0;16.58
nappe-connecteur-de-charge-nappe-principale-samsung-galaxy-z-fold7-5g-f966b-orig;21013;100.0;20.4
nappe-connecteur-de-charge-assemblee-pour-iphone-5-blanc-reconditionne-piec;895;100.0;2.4
nappe-connecteur-de-charge-assemblee-pour-iphone-5-noir-reconditionne-piec;894;100.0;2.4
nappe-connecteur-de-charge-huawei-ascend-mate-7;7432;100.0;3.6
nappe-connecteur-de-charge-huawei-mate-8;8542;100.0;18.0
nappe-connecteur-de-charge-huawei-mate-9-mha-l09;10391;100.0;20.4
nappe-connecteur-de-charge-huawei-nova-can-l01;7957;100.0;16.8
nappe-connecteur-de-charge-huawei-p-smart-fig-lx1-noir;11124;100.0;5.09
nappe-connecteur-de-charge-huawei-p10-lite-was-l03t;9038;100.0;19.2
nappe-connecteur-de-charge-huawei-p20;11467;100.0;4.56
nappe-connecteur-de-charge-huawei-p20-pro;11127;100.0;3.64
nappe-connecteur-de-charge-huawei-p8-lite-2017;7798;100.0;3.65
nappe-connecteur-de-charge-huawei-p9-lite-vns-l31;8832;100.0;16.8
nappe-connecteur-de-charge-ipad-10-9-10e-gen-2022-argent;19967;100.0;10.32
nappe-connecteur-de-charge-ipad-10-9-10e-gen-2022-bleu;20147;100.0;12.43
nappe-connecteur-de-charge-ipad-10-9-10e-gen-2022-rose;20148;100.0;9.22
nappe-connecteur-de-charge-ipad-2019-10-2-7e-gen-ipad-2020-10-2-8e-gen-ipad-2021-10-2-9e-gen-blanc-origine;3713;94.8;5.56
nappe-connecteur-de-charge-ipad-2019-10-2-7e-gen-ipad-2020-10-2-8e-gen-ipad-2021-10-2-9e-gen-noir-origine;3713;100.0;5.56
nappe-connecteur-de-charge-ipad-2019-10-2-quot-7e-gen-ipad-2020-10-2-quot-8e-gen;12820;100.0;3.89
nappe-connecteur-de-charge-ipad-air-4-4g-argent;17702;100.0;6.7
nappe-connecteur-de-charge-ipad-air-4-argent;16529;100.0;6.97
nappe-connecteur-de-charge-ipad-air-4-noir;16527;100.0;9.71
nappe-connecteur-de-charge-ipad-air-4-or-rose;16528;100.0;12.34
nappe-connecteur-de-charge-ipad-mini-3-blanc;9365;100.0;1.2
nappe-connecteur-de-charge-ipad-mini-3-noir;9364;100.0;2.4
nappe-connecteur-de-charge-ipad-mini-4-noir;8334;100.0;3.0
nappe-connecteur-de-charge-ipad-mini-5-2019;15766;100.0;6.16
nappe-connecteur-de-charge-ipad-mini-6-2021;18919;100.0;9.6
nappe-connecteur-de-charge-iphone-11-jaune-reconditionne-piec;20462;100.0;3.6
nappe-connecteur-de-charge-iphone-11-pro-blanc-reconditionne-piec;4114;100.0;21.31
nappe-connecteur-de-charge-iphone-11-pro-max-blanc-reconditionne-piec;4098;100.0;31.2
nappe-connecteur-de-charge-iphone-11-pro-max-noir-reconditionne-piec;4099;100.0;36.98
nappe-connecteur-de-charge-iphone-11-pro-noir-reconditionne-piec;4115;100.0;18.0
nappe-connecteur-de-charge-iphone-12-mini-rouge-reconditionne-piec;20487;100.0;6.0
nappe-connecteur-de-charge-iphone-12-mini-vert-reconditionne-piec;13184;100.0;6.0
nappe-connecteur-de-charge-iphone-12-pro-max-or-reconditionne-piec;13160;100.0;14.81
nappe-connecteur-de-charge-iphone-13-blanc-reconditionne-piec;14370;100.0;8.4
nappe-connecteur-de-charge-iphone-14-pro-noir-reconditionne-piec;16620;100.0;18.0
nappe-connecteur-de-charge-iphone-15-plus-jaune-piec;20387;100.0;14.4
nappe-connecteur-de-charge-iphone-15-plus-noir-piec;20385;100.0;16.82
nappe-connecteur-de-charge-iphone-16-noir-reconditionne-piec;19646;100.0;21.6
nappe-connecteur-de-charge-iphone-16-plus-blanc-piec;20550;100.0;24.0
nappe-connecteur-de-charge-iphone-16-plus-bleu-piec;20553;100.0;24.0
nappe-connecteur-de-charge-iphone-16-plus-noir-piec;20549;100.0;24.0
nappe-connecteur-de-charge-iphone-16-pro-blanc-piec;20642;100.0;16.8
nappe-connecteur-de-charge-iphone-16-pro-max-blanc-piec;20646;100.0;18.0
nappe-connecteur-de-charge-iphone-16-pro-max-noir-piec;20645;100.0;20.71
nappe-connecteur-de-charge-iphone-16-pro-max-or-piec;20647;100.0;20.71
nappe-connecteur-de-charge-iphone-16-pro-noir-piec;20641;100.0;16.8
nappe-connecteur-de-charge-iphone-16-pro-or-piec;20643;100.0;16.8
nappe-connecteur-de-charge-iphone-17-pro-piec;21435;100.0;48.0
nappe-connecteur-de-charge-iphone-17-pro-max-orange-piec;22677;100.0;36.0
nappe-connecteur-de-charge-iphone-17-pro-orange-piec;22675;100.0;36.0
nappe-connecteur-de-charge-iphone-se-blanc-reconditionne-piec;477;100.0;3.84
nappe-connecteur-de-charge-iphone-se-noir-reconditionne-piec;2136;100.0;3.84
nappe-connecteur-de-charge-k1-samsung-galaxy-a52s-a528b-piec;23045;100.0;10.8
nappe-connecteur-de-charge-k2-samsung-galaxy-a52s-a528b-piec;23046;100.0;10.8
nappe-connecteur-de-charge-m14-samsung-galaxy-a20s-a207f-origine;14569;94.4;6.0
nappe-connecteur-de-charge-pour-iphone-12-mini-bleu;13223;100.0;7.2
nappe-connecteur-de-charge-pour-iphone-12-pro-argent-reconditionne-piec;13211;100.0;10.8
nappe-connecteur-de-charge-pour-iphone-12-rouge-reconditionne-piec;13217;100.0;6.0
nappe-connecteur-de-charge-pour-iphone-13-mini-blanc-reconditionne-piec;14381;100.0;24.0
nappe-connecteur-de-charge-pour-iphone-13-mini-bleu-reconditionne-piec;14378;100.0;24.0
nappe-connecteur-de-charge-pour-iphone-13-mini-noir;14377;100.0;24.0
nappe-connecteur-de-charge-pour-iphone-13-mini-rose-reconditionne-piec;14379;100.0;24.0
nappe-connecteur-de-charge-pour-iphone-13-mini-rouge-reconditionne-piec;14380;100.0;24.0
nappe-connecteur-de-charge-pour-iphone-13-rose-reconditionne-piec;14368;100.0;8.4
nappe-connecteur-de-charge-pour-iphone-13-rouge-reconditionne-piec;14369;100.0;8.4
nappe-connecteur-de-charge-pour-iphone-14-plus-rouge-reconditionne-piec;16675;100.0;24.0
nappe-connecteur-de-charge-pour-iphone-14-plus-violet-reconditionne-piec;16676;100.0;9.6
nappe-connecteur-de-charge-pour-iphone-14-pro-argent-reconditionne-piec;16621;100.0;69.28
nappe-connecteur-de-charge-pour-iphone-14-pro-max-argent-reconditionne-piec;16641;100.0;21.6
nappe-connecteur-de-charge-pour-iphone-14-pro-max-violet-reconditionne-piec;16642;100.0;22.8
nappe-connecteur-de-charge-pour-iphone-14-pro-violet-reconditionne-piec;16622;100.0;18.0
nappe-connecteur-de-charge-pour-iphone-14-rouge-reconditionne-piec;16595;100.0;8.4
nappe-connecteur-de-charge-pour-iphone-14-violet-reconditionne-piec;16596;100.0;9.6
nappe-connecteur-de-charge-pour-iphone-15-jaune-reconditionne-piec;17879;100.0;10.8
nappe-connecteur-de-charge-pour-iphone-15-pro-max-naturel-reconditionne-piec;17918;100.0;24.0
nappe-connecteur-de-charge-pour-iphone-15-pro-naturel-reconditionne-piec;17904;100.0;18.0
nappe-connecteur-de-charge-pour-iphone-15-pro-naturel-reconditionne-piec-copie;17904;100.0;18.0
nappe-connecteur-de-charge-pour-iphone-15-vert-reconditionne-piec;17877;100.0;10.8
nappe-connecteur-de-charge-pour-iphone-6-plus-argent-or-reconditionne-piec;4604;100.0;9.6
nappe-connecteur-de-charge-pour-iphone-6-plus-gris-sideral;4603;100.0;9.6
nappe-connecteur-de-charge-pour-iphone-8-se-2020-blanc-reconditionne-piec;10778;100.0;4.44
nappe-connecteur-de-charge-pour-iphone-8-se-2020-noir;10777;100.0;4.44
nappe-connecteur-de-charge-pour-iphone-8-se-2020-or-reconditionne-piec;10779;100.0;4.44
nappe-connecteur-de-charge-pour-iphone-8-se-2020-rouge-reconditionne-piec;10779;93.7;4.44
nappe-connecteur-de-charge-pour-iphone-se-2020-rouge-reconditionne-piec;12180;100.0;4.68
nappe-connecteur-de-charge-pour-iphone-se-2022-blanc-reconditionne-piec;17288;100.0;4.8
nappe-connecteur-de-charge-pour-iphone-se-2022-noir-reconditionne-piec;17287;100.0;4.93
nappe-connecteur-de-charge-pour-iphone-xr-corail-reconditionne-piec;11724;100.0;4.8
nappe-connecteur-de-charge-pour-iphone-xr-jaune-reconditionne-piec;12724;100.0;4.8
nappe-connecteur-de-charge-pour-iphone-xr-rouge-reconditionne-piec;12726;100.0;3.6
nappe-connecteur-de-charge-pour-iphone-xs-argent-reconditionne-piec;11711;100.0;8.4
nappe-connecteur-de-charge-pour-iphone-xs-gris-sideral;11710;100.0;7.2
nappe-connecteur-de-charge-pour-iphone-xs-max-argent-reconditionne-piec;11703;100.0;9.6
nappe-connecteur-de-charge-pour-iphone-xs-max-gris-sideral;11702;100.0;7.2
nappe-connecteur-de-charge-samsung-galaxy-a01-2020-a015f;13483;100.0;8.2
nappe-connecteur-de-charge-samsung-galaxy-a02-a022f;15062;100.0;12.0
nappe-connecteur-de-charge-samsung-galaxy-a02s-a025f;13844;100.0;6.35
nappe-connecteur-de-charge-samsung-galaxy-a02s-a025g-origine;19635;100.0;8.4
nappe-connecteur-de-charge-samsung-galaxy-a03-a035f;15106;100.0;9.1
nappe-connecteur-de-charge-samsung-galaxy-a03-a035g;16190;100.0;8.26
nappe-connecteur-de-charge-samsung-galaxy-a03-core-a032f;16087;100.0;7.69
nappe-connecteur-de-charge-samsung-galaxy-a03s-a037-gh81-21245a-origine;18904;100.0;15.6
nappe-connecteur-de-charge-samsung-galaxy-a03s-a037f;15602;100.0;6.72
nappe-connecteur-de-charge-samsung-galaxy-a03s-a037g;15603;100.0;8.33
nappe-connecteur-de-charge-samsung-galaxy-a04-a045f;15753;100.0;9.46
nappe-connecteur-de-charge-samsung-galaxy-a04e-a042f;19631;100.0;8.11
nappe-connecteur-de-charge-samsung-galaxy-a04s-a047f;15747;100.0;6.0
nappe-connecteur-de-charge-samsung-galaxy-a05-a055f;19779;100.0;7.36
nappe-connecteur-de-charge-samsung-galaxy-a05s-a057;18013;100.0;11.34
nappe-connecteur-de-charge-samsung-galaxy-a05s-a057g-origine;21115;100.0;7.2
nappe-connecteur-de-charge-samsung-galaxy-a06-a065f;19788;100.0;8.2
nappe-connecteur-de-charge-samsung-galaxy-a06-5g-a066b-piec;23053;100.0;8.4
nappe-connecteur-de-charge-samsung-galaxy-a07-4g-a075f-gh81-28063a-origine;22826;100.0;15.6
nappe-connecteur-de-charge-samsung-galaxy-a10-a105f;4919;100.0;6.94
nappe-connecteur-de-charge-samsung-galaxy-a10-a105fn;3782;100.0;6.94
nappe-connecteur-de-charge-samsung-galaxy-a10s-a107f;13194;100.0;6.18
nappe-connecteur-de-charge-samsung-galaxy-a11-a115f;14085;100.0;8.7
nappe-connecteur-de-charge-samsung-galaxy-a12-a127f;15014;100.0;4.42
nappe-connecteur-de-charge-samsung-galaxy-a12-a127f-gh96-14636a-origine;17204;100.0;9.6
nappe-connecteur-de-charge-samsung-galaxy-a12-2020-a125f-2;13305;95.7;6.0
nappe-connecteur-de-charge-samsung-galaxy-a12-2020-a125f-piec;13305;100.0;6.0
nappe-connecteur-de-charge-samsung-galaxy-a13-a135f;15138;95.3;6.0
nappe-connecteur-de-charge-samsung-galaxy-a13-a135f-piec;15138;100.0;6.0
nappe-connecteur-de-charge-samsung-galaxy-a13-a137f;15104;95.3;6.0
nappe-connecteur-de-charge-samsung-galaxy-a13-a137f-piec;15104;100.0;6.0
nappe-connecteur-de-charge-samsung-galaxy-a13-4g-a137f-gh96-15366a-origine;22466;100.0;10.8
nappe-connecteur-de-charge-samsung-galaxy-a13-5g-a136b;15132;100.0;8.17
nappe-connecteur-de-charge-samsung-galaxy-a14-4g-a145f;16101;100.0;7.69
nappe-connecteur-de-charge-samsung-galaxy-a14-4g-a145p-origine;21509;100.0;10.8
nappe-connecteur-de-charge-samsung-galaxy-a14-4g-a145r;16459;100.0;6.35
nappe-connecteur-de-charge-samsung-galaxy-a14-5g-a146b;16100;100.0;6.74
nappe-connecteur-de-charge-samsung-galaxy-a14-5g-a146p;18014;100.0;7.1
nappe-connecteur-de-charge-samsung-galaxy-a14-5g-a146p-origine;18014;93.1;7.1
nappe-connecteur-de-charge-samsung-galaxy-a14-5g-a146p-origine-gh81-23265a;16466;100.0;12.0
nappe-connecteur-de-charge-samsung-galaxy-a15-4g-a155f-5g-a156b-piec;17838;100.0;6.43
nappe-connecteur-de-charge-samsung-galaxy-a15-4g-a155f-5g-a156b-origine;20609;100.0;9.6
nappe-connecteur-de-charge-samsung-galaxy-a16-a166b-origine;21125;100.0;9.0
nappe-connecteur-de-charge-samsung-galaxy-a16-4g-a165f;20066;100.0;7.69
nappe-connecteur-de-charge-samsung-galaxy-a16-4g-a165f-origine;21058;100.0;8.4
nappe-connecteur-de-charge-samsung-galaxy-a16-5g-a166b;18860;100.0;8.7
nappe-connecteur-de-charge-samsung-galaxy-a17-4g-a175f-piec;22869;100.0;8.4
nappe-connecteur-de-charge-samsung-galaxy-a17-5g-a176b-piec;20980;100.0;8.4
nappe-connecteur-de-charge-samsung-galaxy-a20-a205f;12202;100.0;7.9
nappe-connecteur-de-charge-samsung-galaxy-a20e-a202f-piec;4929;100.0;3.0
nappe-connecteur-de-charge-samsung-galaxy-a20s-a207f-m12-piec;13936;100.0;6.0
nappe-connecteur-de-charge-samsung-galaxy-a20s-a207f-m14-piec;14569;100.0;6.0
nappe-connecteur-de-charge-samsung-galaxy-a21s-2020-a217f;12382;95.8;3.6
nappe-connecteur-de-charge-samsung-galaxy-a21s-2020-a217f-piec;12382;100.0;3.6
nappe-connecteur-de-charge-samsung-galaxy-a22-4g-a225f;14192;100.0;9.72
nappe-connecteur-de-charge-samsung-galaxy-a22-5g-a226b;14952;95.6;6.0
nappe-connecteur-de-charge-samsung-galaxy-a22-5g-a226b-piec;14952;100.0;6.0
nappe-connecteur-de-charge-samsung-galaxy-a22-5g-a226b-gh81-20699a-origine;17205;100.0;13.2
nappe-connecteur-de-charge-samsung-galaxy-a23-4g-a235f;16161;100.0;9.46
nappe-connecteur-de-charge-samsung-galaxy-a23-5g-a236b;16162;95.6;4.8
nappe-connecteur-de-charge-samsung-galaxy-a23-5g-a236b-piec;16162;100.0;4.8
nappe-connecteur-de-charge-samsung-galaxy-a24-4g-a245f;19658;100.0;9.6
nappe-connecteur-de-charge-samsung-galaxy-a25-5g-a256b;17845;95.6;12.54
nappe-connecteur-de-charge-samsung-galaxy-a25-5g-a256b-piec;17845;100.0;12.54
nappe-connecteur-de-charge-samsung-galaxy-a25-5g-a256b-origine-gh96-16227a;20174;100.0;12.0
nappe-connecteur-de-charge-samsung-galaxy-a26-5g-a266b-piec;22829;100.0;9.6
nappe-connecteur-de-charge-samsung-galaxy-a26-5g-a266b-piec-2;22829;100.0;9.6
nappe-connecteur-de-charge-samsung-galaxy-a26-5g-a266b-origine-gh96-19386a;20172;100.0;13.2
nappe-connecteur-de-charge-samsung-galaxy-a27-5g-a276b-piec;23355;100.0;10.84
nappe-connecteur-de-charge-samsung-galaxy-a30-a305f;12764;100.0;8.4
nappe-connecteur-de-charge-samsung-galaxy-a30s-a307f;3694;100.0;9.89
nappe-connecteur-de-charge-samsung-galaxy-a31-a315f;12861;100.0;7.69
nappe-connecteur-de-charge-samsung-galaxy-a32-a326b-piec;21560;100.0;2.52
nappe-connecteur-de-charge-samsung-galaxy-a32-4g-a325f;15063;95.6;7.2
nappe-connecteur-de-charge-samsung-galaxy-a32-4g-a325f-piec;15063;100.0;7.2
nappe-connecteur-de-charge-samsung-galaxy-a32-4g-a325f-gh96-14244a-origine;17206;100.0;10.8
nappe-connecteur-de-charge-samsung-galaxy-a32-5g-a326b;14186;93.1;5.59
nappe-connecteur-de-charge-samsung-galaxy-a32-5g-a326b-origine;14186;100.0;5.59
nappe-connecteur-de-charge-samsung-galaxy-a33-5g-a336b;15007;100.0;6.35
nappe-connecteur-de-charge-samsung-galaxy-a33-5g-a336b-origine;21054;100.0;14.4
nappe-connecteur-de-charge-samsung-galaxy-a34-a346b-origine;21121;100.0;12.0
nappe-connecteur-de-charge-samsung-galaxy-a34-5g-a346b;16095;95.6;8.4
nappe-connecteur-de-charge-samsung-galaxy-a34-5g-a346b-piec;16095;100.0;8.4
nappe-connecteur-de-charge-samsung-galaxy-a35-5g-a356b;18057;100.0;8.62
nappe-connecteur-de-charge-samsung-galaxy-a36-5g-a366b-piec;20917;100.0;13.2
nappe-connecteur-de-charge-samsung-galaxy-a36-5g-a366b-origine-gh96-19348a;20315;100.0;16.8
nappe-connecteur-de-charge-samsung-galaxy-a37-5g-a376b-piec;22878;100.0;12.0
nappe-connecteur-de-charge-samsung-galaxy-a37-5g-a376b-gh96-21038a-origine;23187;100.0;15.6
nappe-connecteur-de-charge-samsung-galaxy-a40-a405f;9072;100.0;3.07
nappe-connecteur-de-charge-samsung-galaxy-a41-a415f;12384;95.3;2.4
nappe-connecteur-de-charge-samsung-galaxy-a41-a415f-piec;12384;100.0;2.4
nappe-connecteur-de-charge-samsung-galaxy-a42-5g-a426b;13680;95.6;4.2
nappe-connecteur-de-charge-samsung-galaxy-a42-5g-a426b-piec;13680;100.0;4.2
nappe-connecteur-de-charge-samsung-galaxy-a42-5g-a426b-gh96-13913a-origine;17216;100.0;14.4
nappe-connecteur-de-charge-samsung-galaxy-a5-a500fu;5468;100.0;13.2
nappe-connecteur-de-charge-samsung-galaxy-a5-2016-a510f;9142;100.0;4.2
nappe-connecteur-de-charge-samsung-galaxy-a50-a505f-piec;21708;100.0;6.0
nappe-connecteur-de-charge-samsung-galaxy-a50-a505f-origine;12076;100.0;12.0
nappe-connecteur-de-charge-samsung-galaxy-a50s-2019-a507f;13500;100.0;9.07
nappe-connecteur-de-charge-samsung-galaxy-a51-a515f;3759;95.3;2.4
nappe-connecteur-de-charge-samsung-galaxy-a51-a515f-piec;3759;100.0;2.4
nappe-connecteur-de-charge-samsung-galaxy-a51-5g-a516b;13356;100.0;15.0
nappe-connecteur-de-charge-samsung-galaxy-a52-4g-a525f-a52-5g-a526b;13415;100.0;12.0
nappe-connecteur-de-charge-samsung-galaxy-a52s-5g-a528b-version-k2;21653;100.0;7.2
nappe-connecteur-de-charge-samsung-galaxy-a52s-5g-a528b-k1-origine;15234;100.0;15.46
nappe-connecteur-de-charge-samsung-galaxy-a52s-5g-a528b-k2-gh96-14860a-origine;17207;100.0;14.4
nappe-connecteur-de-charge-samsung-galaxy-a53-5g-a536b;14959;95.6;7.61
nappe-connecteur-de-charge-samsung-galaxy-a53-5g-a536b-piec;14959;100.0;7.61
nappe-connecteur-de-charge-samsung-galaxy-a53-5g-a536b-gh59-15556a-origine;17217;100.0;19.2
nappe-connecteur-de-charge-samsung-galaxy-a54-a546b-origine;21120;100.0;12.0
nappe-connecteur-de-charge-samsung-galaxy-a54-5g-a546b;16093;100.0;8.87
nappe-connecteur-de-charge-samsung-galaxy-a55-a556b-origine;21117;100.0;15.6
nappe-connecteur-de-charge-samsung-galaxy-a55-5g-a556b;17852;100.0;8.62
nappe-connecteur-de-charge-samsung-galaxy-a56-5g-a566b-piec;20931;100.0;9.6
nappe-connecteur-de-charge-samsung-galaxy-a56-5g-a566b-origine;20931;94.2;9.6
nappe-connecteur-de-charge-samsung-galaxy-a56-5g-a566b-origine-gh96-19091a;20100;100.0;16.8
nappe-connecteur-de-charge-samsung-galaxy-a57-5g-a576b-piec;22885;100.0;13.2
nappe-connecteur-de-charge-samsung-galaxy-a57-5g-a576b-gh96-20947a-origine;23186;100.0;15.6
nappe-connecteur-de-charge-samsung-galaxy-a7-2018-a750f;11779;100.0;4.8
nappe-connecteur-de-charge-samsung-galaxy-a70-a705f-piec;22105;100.0;4.8
nappe-connecteur-de-charge-samsung-galaxy-a71-a715f-piec;22028;100.0;3.12
nappe-connecteur-de-charge-samsung-galaxy-a71-a715f-origine;12625;100.0;11.89
nappe-connecteur-de-charge-samsung-galaxy-a72-a725f;13701;100.0;15.06
nappe-connecteur-de-charge-samsung-galaxy-a72-4g-5g-a726b;19966;100.0;20.02
nappe-connecteur-de-charge-samsung-galaxy-a73-5g-a736b;19960;100.0;16.82
nappe-connecteur-de-charge-samsung-galaxy-a9-2018-a920f-origine;9208;100.0;17.88
nappe-connecteur-de-charge-samsung-galaxy-a90-5g-a908b;19955;100.0;17.28
nappe-connecteur-de-charge-samsung-galaxy-a90-5g-a908b-gh96-13007a-origine;18343;100.0;26.4
nappe-connecteur-de-charge-samsung-galaxy-core-i8260;9375;100.0;2.4
nappe-connecteur-de-charge-samsung-galaxy-exress-i8730;3310;100.0;2.4
nappe-connecteur-de-charge-samsung-galaxy-fold-f900f;12932;100.0;7.06
nappe-connecteur-de-charge-samsung-galaxy-fold-5g-f907b-gh96-12939a-origine;18316;100.0;26.4
nappe-connecteur-de-charge-samsung-galaxy-m11-m115f-gh81-18737a-origine;17211;100.0;12.0
nappe-connecteur-de-charge-samsung-galaxy-m13-m135f;15770;100.0;7.81
nappe-connecteur-de-charge-samsung-galaxy-m23-5g-m236b-gh96-15065a-origine;18416;100.0;9.6
nappe-connecteur-de-charge-samsung-galaxy-m30s-m307f;12263;100.0;8.38
nappe-connecteur-de-charge-samsung-galaxy-m53-5g-m536b;16702;100.0;10.72
nappe-connecteur-de-charge-samsung-galaxy-note-10-n970f;13744;100.0;17.03
nappe-connecteur-de-charge-samsung-galaxy-note-10-lite-n770f;3692;100.0;11.39
nappe-connecteur-de-charge-samsung-galaxy-note-10-1-n8000-n8010;1883;100.0;2.4
nappe-connecteur-de-charge-samsung-galaxy-note-10-1-2014-p600-tab-pro-10-1-t520;4055;100.0;3.84
nappe-connecteur-de-charge-samsung-galaxy-note-10-n975f;12434;100.0;13.04
nappe-connecteur-de-charge-samsung-galaxy-note-2-4g-n7105;6142;100.0;2.4
nappe-connecteur-de-charge-samsung-galaxy-note-20-n980f-n981f;14207;100.0;5.59
nappe-connecteur-de-charge-samsung-galaxy-note-20-n980f-n981f-gh59-15304a-origine;18910;100.0;15.6
nappe-connecteur-de-charge-samsung-galaxy-note-20-ultra-5g-n986b;14224;100.0;6.3
nappe-connecteur-de-charge-samsung-galaxy-note-3-n9005;1357;100.0;3.6
nappe-connecteur-de-charge-samsung-galaxy-note-3-neo-n7505;4563;100.0;2.4
nappe-connecteur-de-charge-samsung-galaxy-note-4-n910f;4600;100.0;2.4
nappe-connecteur-de-charge-samsung-galaxy-note-7-n930f;8644;100.0;2.4
nappe-connecteur-de-charge-samsung-galaxy-note-8-n950f;7799;100.0;7.39
nappe-connecteur-de-charge-samsung-galaxy-note-8-n950f-gh97-21067a-origine;17220;100.0;21.6
nappe-connecteur-de-charge-samsung-galaxy-note-9-n960f;11524;100.0;2.4
nappe-connecteur-de-charge-samsung-galaxy-note-edge-n915fy;3950;100.0;2.4
nappe-connecteur-de-charge-samsung-galaxy-note-pro-12-2-p900-gh59-13661a;6376;100.0;9.6
nappe-connecteur-de-charge-samsung-galaxy-s10-5g-g977b;12737;100.0;9.77
nappe-connecteur-de-charge-samsung-galaxy-s10-lite-g770f;3693;100.0;10.33
nappe-connecteur-de-charge-samsung-galaxy-s10-lite-g770f-origine;3693;93.3;10.33
nappe-connecteur-de-charge-samsung-galaxy-s2-i9103;3125;100.0;2.4
nappe-connecteur-de-charge-samsung-galaxy-s20-g980f;12626;100.0;12.32
nappe-connecteur-de-charge-samsung-galaxy-s20-5g-g981b;13326;95.6;9.6
nappe-connecteur-de-charge-samsung-galaxy-s20-5g-g981b-piec;13326;100.0;9.6
nappe-connecteur-de-charge-samsung-galaxy-s20-5g-g981b-4g-g980f-gh96-13080a-origine;18909;100.0;20.4
nappe-connecteur-de-charge-samsung-galaxy-s20-fe-4g-g780f;13855;95.8;9.6
nappe-connecteur-de-charge-samsung-galaxy-s20-fe-4g-g780f-piec;13855;100.0;9.6
nappe-connecteur-de-charge-samsung-galaxy-s20-fe-4g-g780f-origine-gh96-13917a;17219;100.0;18.0
nappe-connecteur-de-charge-samsung-galaxy-s20-fe-5g-g781b;13777;95.8;8.4
nappe-connecteur-de-charge-samsung-galaxy-s20-fe-5g-g781b-piec;13777;100.0;8.4
nappe-connecteur-de-charge-samsung-galaxy-s20-ultra-g988f-g988b;12381;96.2;8.4
nappe-connecteur-de-charge-samsung-galaxy-s20-ultra-g988f-g988b-piec;12381;100.0;8.4
nappe-connecteur-de-charge-samsung-galaxy-s20-ultra-g988f-gh96-13300a-origine;18905;100.0;21.6
nappe-connecteur-de-charge-samsung-galaxy-s20-ultra-5g-g988u;15835;100.0;5.8
nappe-connecteur-de-charge-samsung-galaxy-s20-g985f;12621;100.0;10.36
nappe-connecteur-de-charge-samsung-galaxy-s20-5g-g986b;16144;100.0;9.71
nappe-connecteur-de-charge-samsung-galaxy-s20-5g-g986n-piec;20994;100.0;10.8
nappe-connecteur-de-charge-samsung-galaxy-s20-5g-g986u;16708;100.0;6.77
nappe-connecteur-de-charge-samsung-galaxy-s21-g991b-gh96-14033a-origine;17209;100.0;21.6
nappe-connecteur-de-charge-samsung-galaxy-s21-5g-g991b;13061;95.6;9.6
nappe-connecteur-de-charge-samsung-galaxy-s21-5g-g991b-piec;13061;100.0;9.6
nappe-connecteur-de-charge-samsung-galaxy-s21-fe-g990b;15573;95.6;7.2
nappe-connecteur-de-charge-samsung-galaxy-s21-fe-g990b-piec;15573;100.0;7.2
nappe-connecteur-de-charge-samsung-galaxy-s21-fe-g990b-gh96-14548a-origine;17208;100.0;19.2
nappe-connecteur-de-charge-samsung-galaxy-s21-ultra-5g-g998b;13153;96.0;9.6
nappe-connecteur-de-charge-samsung-galaxy-s21-ultra-5g-g998b-piec;13153;100.0;9.6
nappe-connecteur-de-charge-samsung-galaxy-s21-5g-g996b-piec;21368;100.0;10.8
nappe-connecteur-de-charge-samsung-galaxy-s21-5g-g996b-gh96-13993a-origine;17210;100.0;21.6
nappe-connecteur-de-charge-samsung-galaxy-s22-s901b;14699;95.3;9.6
nappe-connecteur-de-charge-samsung-galaxy-s22-s901b-piec;14699;100.0;9.6
nappe-connecteur-de-charge-samsung-galaxy-s22-s901b-gh96-14789a-origine;17203;100.0;24.0
nappe-connecteur-de-charge-samsung-galaxy-s22-ultra-s908b;14709;95.8;8.4
nappe-connecteur-de-charge-samsung-galaxy-s22-ultra-s908b-piec;14709;100.0;8.4
nappe-connecteur-de-charge-samsung-galaxy-s22-s906b;14707;100.0;18.19
nappe-connecteur-de-charge-samsung-galaxy-s23-s911b-origine;16129;100.0;21.6
nappe-connecteur-de-charge-samsung-galaxy-s23-5g-s911b;16946;95.6;9.6
nappe-connecteur-de-charge-samsung-galaxy-s23-5g-s911b-piec;16946;100.0;9.6
nappe-connecteur-de-charge-samsung-galaxy-s23-fe-s711b;17311;100.0;15.67
nappe-connecteur-de-charge-samsung-galaxy-s23-fe-s711u-version-us-piec;21238;100.0;12.0
nappe-connecteur-de-charge-samsung-galaxy-s23-fe-5g-s711b-origine;21784;100.0;18.0
nappe-connecteur-de-charge-samsung-galaxy-s23-ultra-s918b;15845;95.8;10.8
nappe-connecteur-de-charge-samsung-galaxy-s23-ultra-s918b-piec;15845;100.0;10.8
nappe-connecteur-de-charge-samsung-galaxy-s23-ultra-s918u-version-us-piec;21239;100.0;12.0
nappe-connecteur-de-charge-samsung-galaxy-s23-ultra-5g-s918b-origine;21887;100.0;20.4
nappe-connecteur-de-charge-samsung-galaxy-s23-s916b;15840;95.3;13.24
nappe-connecteur-de-charge-samsung-galaxy-s23-s916b-piec;15840;100.0;13.24
nappe-connecteur-de-charge-samsung-galaxy-s23-s916b-origine;16235;100.0;21.6
nappe-connecteur-de-charge-samsung-galaxy-s24-s921b;17351;95.3;12.0
nappe-connecteur-de-charge-samsung-galaxy-s24-s921b-piec;17351;100.0;12.0
nappe-connecteur-de-charge-samsung-galaxy-s24-s921b-origine;21116;100.0;19.2
nappe-connecteur-de-charge-samsung-galaxy-s24-s921u-version-us-piec;21237;100.0;14.4
nappe-connecteur-de-charge-samsung-galaxy-s24-fe-s721b;18855;100.0;15.67
nappe-connecteur-de-charge-samsung-galaxy-s24-fe-s721b-origine;18872;100.0;20.4
nappe-connecteur-de-charge-samsung-galaxy-s24-fe-s721u-version-us-piec;21234;100.0;14.4
nappe-connecteur-de-charge-samsung-galaxy-s24-ultra-s928b;17358;100.0;13.24
nappe-connecteur-de-charge-samsung-galaxy-s24-ultra-s928u-version-us-piec;21235;100.0;14.4
nappe-connecteur-de-charge-samsung-galaxy-s24-s926b;17354;100.0;12.54
nappe-connecteur-de-charge-samsung-galaxy-s24-s926u-version-us-piec;21236;100.0;14.4
nappe-connecteur-de-charge-samsung-galaxy-s25-s931b;19586;100.0;14.81
nappe-connecteur-de-charge-samsung-galaxy-s25-s931b-origine;19639;100.0;20.4
nappe-connecteur-de-charge-samsung-galaxy-s25-edge-s937b-piec;20959;100.0;8.4
nappe-connecteur-de-charge-samsung-galaxy-s25-fe-5g-s731b-s731u-piec;22843;100.0;14.4
nappe-connecteur-de-charge-samsung-galaxy-s25-fe-5g-s731b-origine;21790;100.0;20.4
nappe-connecteur-de-charge-samsung-galaxy-s25-ultra-s938b;19594;100.0;13.99
nappe-connecteur-de-charge-samsung-galaxy-s25-ultra-s938b-origine;19612;100.0;24.0
nappe-connecteur-de-charge-samsung-galaxy-s25-s936b;19590;100.0;13.99
nappe-connecteur-de-charge-samsung-galaxy-s25-s936b-origine;19551;100.0;20.4
nappe-connecteur-de-charge-samsung-galaxy-s26-5g-s942b-piec;22694;100.0;15.0
nappe-connecteur-de-charge-samsung-galaxy-s26-5g-s942b-gh96-20820a-origine;23143;100.0;21.6
nappe-connecteur-de-charge-samsung-galaxy-s26-ultra-s948b-gh96-20819a-origine;22812;100.0;24.0
nappe-connecteur-de-charge-samsung-galaxy-s26-ultra-5g-s948b-piec;22708;100.0;15.0
nappe-connecteur-de-charge-samsung-galaxy-s26-5g-s947b-gh96-21141a-origine;23144;100.0;22.8
nappe-connecteur-de-charge-samsung-galaxy-s5-g900f;3422;100.0;7.04
nappe-connecteur-de-charge-samsung-galaxy-s5-mini-g800f;4617;100.0;2.4
nappe-connecteur-de-charge-samsung-galaxy-s6-g920f;5455;100.0;3.6
nappe-connecteur-de-charge-samsung-galaxy-s6-edge-g925f-origine;3932;100.0;7.42
nappe-connecteur-de-charge-samsung-galaxy-s6-edge-plus-g928f;6495;100.0;7.2
nappe-connecteur-de-charge-samsung-galaxy-s7-g930f;9459;100.0;2.4
nappe-connecteur-de-charge-samsung-galaxy-s7-edge-g935f;9467;100.0;2.4
nappe-connecteur-de-charge-samsung-galaxy-s8-g950-gh97-20392a-origine;18911;100.0;12.0
nappe-connecteur-de-charge-samsung-galaxy-s8-g950f;7962;100.0;3.6
nappe-connecteur-de-charge-samsung-galaxy-s8-g950u-gh97-20409a-origine;18254;100.0;8.4
nappe-connecteur-de-charge-samsung-galaxy-s9-g960f-piec;10969;100.0;6.0
nappe-connecteur-de-charge-samsung-galaxy-s9-g960f-origine;10969;93.8;6.0
nappe-connecteur-de-charge-samsung-galaxy-s9-g965f;10964;100.0;8.26
nappe-connecteur-de-charge-samsung-galaxy-s9-g965f-origine;10964;92.6;8.26
nappe-connecteur-de-charge-samsung-galaxy-tab-2-p5100-p5110;4569;100.0;2.4
nappe-connecteur-de-charge-samsung-galaxy-tab-3-10-1-p5200-p5210;3274;100.0;2.06
nappe-connecteur-de-charge-samsung-galaxy-tab-3-8-0-t315;11496;100.0;2.4
nappe-connecteur-de-charge-samsung-galaxy-tab-4-10-1-t530-t535;3481;100.0;2.57
nappe-connecteur-de-charge-samsung-galaxy-tab-8-9-p7300;6918;100.0;2.4
nappe-connecteur-de-charge-samsung-galaxy-tab-a-p550;6374;100.0;2.77
nappe-connecteur-de-charge-samsung-galaxy-tab-a-2018-10-5-t590-t595;12333;100.0;10.13
nappe-connecteur-de-charge-samsung-galaxy-tab-a-2019-10-1-t510-t515;13020;100.0;8.62
nappe-connecteur-de-charge-samsung-galaxy-tab-a-8-0-t290;12879;100.0;6.95
nappe-connecteur-de-charge-samsung-galaxy-tab-a-8-0-t295;12833;100.0;5.17
nappe-connecteur-de-charge-samsung-galaxy-tab-a-9-7-t550;6608;100.0;2.57
nappe-connecteur-de-charge-samsung-galaxy-tab-a-9-7-t555;11495;100.0;2.57
nappe-connecteur-de-charge-samsung-galaxy-tab-a11-5g-x230b-x236b-gh96-21058a-ori;22729;100.0;9.6
nappe-connecteur-de-charge-samsung-galaxy-tab-a7-2020-10-4-t500-t505;14118;100.0;8.11
nappe-connecteur-de-charge-samsung-galaxy-tab-a7-lite-lte-t225-piec;23048;100.0;4.8
nappe-connecteur-de-charge-samsung-galaxy-tab-a7-lite-wifi-t220-piec;23047;100.0;4.8
nappe-connecteur-de-charge-samsung-galaxy-tab-a7-lite-wifi-t220-gh81-20661a-orig;17221;100.0;12.0
nappe-connecteur-de-charge-samsung-galaxy-tab-a8-10-5-2021-x200-x205;14787;100.0;7.06
nappe-connecteur-de-charge-samsung-galaxy-tab-a9-x110;18009;100.0;7.19
nappe-connecteur-de-charge-samsung-galaxy-tab-a9-x210;18010;100.0;7.06
nappe-connecteur-de-charge-samsung-galaxy-tab-active-t360;5352;100.0;2.4
nappe-connecteur-de-charge-samsung-galaxy-tab-active-t365;5557;100.0;2.4
nappe-connecteur-de-charge-samsung-galaxy-tab-active-3-t570-t575-gh82-24240a-ori;18277;100.0;12.0
nappe-connecteur-de-charge-samsung-galaxy-tab-active-4-pro-t630-t636-gh96-15452a;18463;100.0;18.0
nappe-connecteur-de-charge-samsung-galaxy-tab-active-pro-10-1-t540-t545-piec;22991;100.0;4.8
nappe-connecteur-de-charge-samsung-galaxy-tab-pro-8-4-t320;5183;100.0;2.4
nappe-connecteur-de-charge-samsung-galaxy-tab-s-8-4-t700;10669;100.0;2.4
nappe-connecteur-de-charge-samsung-galaxy-tab-s-8-4-t705;10734;100.0;4.15
nappe-connecteur-de-charge-samsung-galaxy-tab-s2-8-0-t710;4844;100.0;5.0
nappe-connecteur-de-charge-samsung-galaxy-tab-s2-9-7-t810-t815;9241;100.0;8.09
nappe-connecteur-de-charge-samsung-galaxy-tab-s2-9-7-t813;11925;100.0;6.94
nappe-connecteur-de-charge-samsung-galaxy-tab-s3-9-7-t820-t825;11318;100.0;8.11
nappe-connecteur-de-charge-samsung-galaxy-tab-s5e-t720;3689;100.0;12.73
nappe-connecteur-de-charge-samsung-galaxy-tab-s6-t865-t860;13003;100.0;20.4
nappe-connecteur-de-charge-samsung-galaxy-tab-s6-lite-p610;13772;100.0;13.15
nappe-connecteur-de-charge-samsung-galaxy-tab-s6-lite-p615;13773;100.0;13.55
nappe-connecteur-de-charge-samsung-galaxy-tab-s7-t870-t875-gh82-23649a-origine;17222;100.0;19.2
nappe-connecteur-de-charge-samsung-galaxy-tab-s7-fe-t730-t733-gh82-25907a-origin;17214;100.0;16.8
nappe-connecteur-de-charge-samsung-galaxy-tab-s7-fe-t730-t736b;18084;100.0;27.7
nappe-connecteur-de-charge-samsung-galaxy-tab-s8-ultra-x906b;18610;100.0;28.9
nappe-connecteur-de-charge-samsung-galaxy-tab-s8-wifi-x800;17714;100.0;22.37
nappe-connecteur-de-charge-samsung-galaxy-tab-s9-ultra-x910;18611;100.0;28.9
nappe-connecteur-de-charge-samsung-galaxy-tab-s9-x810;18612;100.0;28.9
nappe-connecteur-de-charge-samsung-galaxy-xcover-5-g525f;15542;100.0;8.33
nappe-connecteur-de-charge-samsung-galaxy-xcover-6-pro-g736b-gh96-15217a-origine;18307;100.0;16.8
nappe-connecteur-de-charge-samsung-galaxy-xcover-6-pro-5g-g736b-piec;22957;100.0;4.8
nappe-connecteur-de-charge-samsung-galaxy-xcover-7-g556b-origine;20749;100.0;21.6
nappe-connecteur-de-charge-samsung-galaxy-xcover-7-5g-g556b-piec;22954;100.0;7.2
nappe-connecteur-de-charge-samsung-galaxy-xcover-pro-g715f;16342;100.0;7.08
nappe-connecteur-de-charge-samsung-galaxy-z-flip-4g-f700f;14058;100.0;6.53
nappe-connecteur-de-charge-samsung-galaxy-z-flip-5g-f707b;14059;100.0;8.33
nappe-connecteur-de-charge-samsung-galaxy-z-flip3-5g-f711b;14886;100.0;10.98
nappe-connecteur-de-charge-samsung-galaxy-z-flip3-5g-f711b-origine;15075;100.0;10.8
nappe-connecteur-de-charge-samsung-galaxy-z-flip4-f721b;15388;100.0;5.8
nappe-connecteur-de-charge-samsung-galaxy-z-flip4-5g-f721b-gh96-15289a-origine;17218;100.0;10.8
nappe-connecteur-de-charge-samsung-galaxy-z-flip5-5g-f731b;18038;100.0;5.17
nappe-connecteur-de-charge-samsung-galaxy-z-flip5-5g-f731b-gh96-15970a-origine;16798;100.0;24.0
nappe-connecteur-de-charge-samsung-galaxy-z-flip6-f741b;18548;100.0;8.4
nappe-connecteur-de-charge-samsung-galaxy-z-flip7-f766b-origine;20721;100.0;20.4
nappe-connecteur-de-charge-samsung-galaxy-z-flip7-5g-f766b-piec;20973;100.0;8.4
nappe-connecteur-de-charge-samsung-galaxy-z-flip7-fe-f761b-origine;20727;100.0;19.2
nappe-connecteur-de-charge-samsung-galaxy-z-flip7-fe-5g-f761b-piec;23365;100.0;7.31
nappe-connecteur-de-charge-samsung-galaxy-z-fold2-5g-f916b;15401;100.0;8.33
nappe-connecteur-de-charge-samsung-galaxy-z-fold3-5g-f926b;15413;100.0;8.33
nappe-connecteur-de-charge-samsung-galaxy-z-fold4-5g-f936b;15417;100.0;5.8
nappe-connecteur-de-charge-samsung-galaxy-z-fold4-5g-f936b-gh96-15388a-origine;17215;100.0;24.0
nappe-connecteur-de-charge-samsung-galaxy-z-fold5-5g-f946b;16560;100.0;12.84
nappe-connecteur-de-charge-samsung-galaxy-z-fold6-f956;18543;100.0;5.09
nappe-connecteur-de-charge-samsung-galaxy-z-fold7-5g-f966b-piec;20968;100.0;8.4
nappe-connecteur-de-charge-samsung-nexus-i9250;919;100.0;2.4
nappe-connecteur-de-charge-samsung-z-flip6-5g-f741b-origine;19205;100.0;20.4
nappe-connecteur-de-charge-type-c-samsung-galaxy-a02s-a025g;14626;95.9;8.26
nappe-connecteur-de-charge-type-c-samsung-galaxy-a02s-a025g-piec;14626;100.0;8.26
nappe-connecteur-de-charge-usb-type-c-samsung-galaxy-tab-s4-t835-origine;16853;100.0;7.06
nappe-connecteur-de-charge-version-us-samsung-galaxy-s20-5g-g981u;15834;100.0;5.35
nappe-connecteur-de-charge-version-us-samsung-galaxy-s20-fe-5g-g781u;16772;100.0;8.62
nappe-connecteur-de-charge-version-us-samsung-galaxy-s21-5g-g991u;17243;100.0;8.87
nappe-connecteur-de-charge-version-us-samsung-galaxy-s21-fe-g990u;17236;100.0;7.81
nappe-connecteur-de-charge-version-us-samsung-galaxy-s21-ultra-5g-g998u;15949;100.0;6.55
nappe-connecteur-de-charge-version-us-samsung-galaxy-s21-g996u;17237;100.0;11.38
nappe-connecteur-de-charge-version-us-samsung-galaxy-s22-s901u;17238;100.0;9.58
nappe-connecteur-de-charge-version-us-samsung-galaxy-s22-ultra-s908u;17240;100.0;9.58
nappe-connecteur-de-charge-version-us-samsung-galaxy-s22-s906u;17239;100.0;9.07
nappe-connecteur-de-charge-version-us-samsung-galaxy-s23-5g-s911u;17241;100.0;14.62
nappe-connecteur-de-charge-version-us-samsung-galaxy-s23-s916u;17242;100.0;10.78
nappe-connecteur-de-charge-version-us-samsung-galaxy-s25-s931u-piec;22941;100.0;13.2
nappe-connecteur-de-charge-version-us-samsung-galaxy-s25-ultra-s938u-piec;22953;100.0;18.0
nappe-connecteur-de-charge-version-us-samsung-galaxy-s25-s936u-piec;22947;100.0;14.4
nappe-connecteur-de-charge-version-us-samsung-galaxy-s26-ultra-5g-s948b-piec;22709;100.0;18.0
nappe-connecteur-de-charge-xiaomi-mi-a2-lite;11584;100.0;26.4
nappe-bouton-home-ipad-pro-9-7-noir;13283;100.0;5.54
nappe-connecteur-de-charge-iphone-17-pro-max-piec;21447;100.0;66.0
nappe-ads-fpcb-samsung-galaxy-z-fold4-5g-f936b;15429;100.0;13.2
nappe-antenne-connexion-iphone-8-se-2020;10781;100.0;2.24
nappe-antenne-connexion-iphone-8-plus;10796;100.0;2.76
nappe-antenne-connexion-iphone-x;10793;100.0;1.2
nappe-antenne-bluetooth-iphone-14-plus;16693;100.0;4.33
nappe-antenne-bluetooth-iphone-14-pro-14-pro-max;16634;100.0;4.8
nappe-antenne-de-l-ecouteur-interne-samsung-galaxy-s25-edge-s937b-piec;20965;100.0;2.4
nappe-antenne-frc-samsung-galaxy-s23-fe-5g-s711b-piec;21289;100.0;2.4
nappe-antenne-gps-ipad-3-4;1544;100.0;2.4
nappe-antenne-gps-ipad-mini-1-mini-2;2118;100.0;1.2
nappe-antenne-gps-ipad-mini-3;9369;100.0;2.4
nappe-antenne-gps-iphone-14-14-plus;16610;100.0;1.15
nappe-antenne-jack-iphone-6s-plus;6791;100.0;3.6
nappe-antenne-nfc-samsung-galaxy-note-20-n980f-note-20-5g-n981f-origine;22192;100.0;14.4
nappe-antenne-pour-iphone-13-pro-max-reconditionne-piec;19438;100.0;3.12
nappe-antenne-principal-samsung-galaxy-z-fold2-f916b-gh97-25443a-origine;17337;100.0;16.8
nappe-antenne-reseau-sur-prise-jack-iphone-5;902;100.0;2.4
nappe-antenne-samsung-galaxy-s23-s911b-gh59-15634a-origine;18389;100.0;7.2
nappe-antenne-samsung-galaxy-s23-ultra-s918b-gh59-15624a-origine;18709;100.0;5.4
nappe-antenne-samsung-galaxy-s23-s916b-gh59-15616a-origine;18715;100.0;7.2
nappe-antenne-samsung-galaxy-z-fold6-5g-f956b-piec;22722;100.0;7.64
nappe-antenne-uwb-samsung-galaxy-s23-ultra-s918b-gh42-06904a-origine;18707;100.0;10.8
nappe-antenne-uwb-samsung-galaxy-s23-s916b-gh42-06955a-origine;18704;100.0;10.8
nappe-antenne-wi-fi-courte-ipad-pro-9-7;8581;100.0;2.4
nappe-antenne-wi-fi-longue-ipad-pro-9-7;8582;100.0;19.2
nappe-antenne-wi-fi-bluetooth-ipad-3-4;1541;100.0;1.2
nappe-antenne-wi-fi-bluetooth-ipad-mini-1-mini-2;2117;100.0;2.4
nappe-antenne-wi-fi-gps-iphone-6-plus;4609;100.0;4.8
nappe-antenne-wi-fi-gps-iphone-6s-plus;6790;100.0;3.6
nappe-antenne-wifi-iphone-14;16609;100.0;6.19
nappe-antenne-wifi-iphone-14-pro-14-pro-max;16635;100.0;2.92
nappe-audio-iphone-17-piec;21424;100.0;8.4
nappe-audio-iphone-17-pro-max-piec;21444;100.0;8.4
nappe-audio-iphone-air-piec;21458;100.0;9.6
nappe-batterie-jcid-iphone-11;13764;100.0;2.4
nappe-bluetooth-iphone-13;14365;100.0;2.4
nappe-bluetooth-iphone-13-mini;14376;100.0;7.04
nappe-bluetooth-iphone-13-pro;14396;100.0;3.6
nappe-bluetooth-iphone-13-pro-max;14406;100.0;4.32
nappe-bluetooth-iphone-17-piec;21427;100.0;3.6
nappe-bluetooth-iphone-17-pro-piec;21438;100.0;4.8
nappe-bluetooth-iphone-17-pro-max-piec;21450;100.0;4.8
nappe-bluetooth-iphone-air-piec;21462;100.0;4.8
nappe-bouton-home-clavier-pour-samsung-galaxy-s4-mini-i9195;2124;100.0;0.6
nappe-bouton-home-samsung-galaxy-tab-active-4-pro-t630-t636-gh97-28271a-origine;18467;100.0;27.6
nappe-bouton-retour-menu-samsung-galaxy-tab-active-pro-10-1-t540-t545-tab-active;18279;100.0;4.8
nappe-cable-antenne-samsung-galaxy-s3-i9300-blanc;912;100.0;2.4
nappe-cable-antenne-samsung-galaxy-s3-4g-i9305-blanc;9286;100.0;2.4
nappe-camera-avant-iphone-5s;3230;100.0;2.64
nappe-camera-avant-iphone-6;5234;100.0;3.36
nappe-camera-avant-iphone-7;10309;100.0;3.91
nappe-camera-avant-iphone-7-plus;10315;100.0;3.6
nappe-camera-avant-iphone-8-se-2020-se-2022;10774;100.0;3.36
nappe-camera-avant-iphone-8-plus;10765;100.0;3.6
nappe-camera-avant-samsung-galaxy-nexus-i9250;9561;100.0;2.4
nappe-camera-avant-samsung-galaxy-note-2-4g-n7105;9697;100.0;2.4
nappe-camera-avant-samsung-galaxy-note-4-n910f-edge-n915fy;3945;100.0;2.4
nappe-camera-avant-samsung-galaxy-s-advance-i9070;9257;100.0;2.4
nappe-camera-avant-samsung-galaxy-s3-4g-i9305;9279;100.0;2.4
nappe-camera-avant-samsung-galaxy-s3-neo-i9301i;9573;100.0;2.4
nappe-capteur-de-luminosite-huawei-p20-pro;11475;100.0;1.76
nappe-capteur-de-luminosite-iphone-14-plus;16681;100.0;3.6
nappe-capteur-de-luminosite-iphone-14-pro;16628;100.0;10.8
nappe-capteur-de-luminosite-iphone-14-pro-max;16648;100.0;12.0
nappe-capteur-de-proximite-samsung-galaxy-s22-s901b;14701;100.0;3.8
nappe-capteur-de-proximite-et-de-luminosite-iphone-15-piec;23380;100.0;3.97
nappe-capteur-de-proximite-et-de-luminosite-iphone-15-plus-piec;23381;100.0;3.97
nappe-capteur-de-proximite-et-de-luminosite-iphone-15-pro-max-piec;23382;100.0;3.97
nappe-capteur-de-proximite-huawei-ascend-y530;7171;100.0;1.2
nappe-capteur-de-proximite-huawei-p-smart-fig-lx1;11185;100.0;2.38
nappe-capteur-de-proximite-huawei-p20-pro;11474;100.0;14.4
nappe-capteur-de-proximite-huawei-p8-lite-2017;7865;100.0;20.4
nappe-capteur-de-proximite-ipad-mini-6-2021;19685;100.0;8.4
nappe-capteur-de-proximite-iphone-13;14373;100.0;3.67
nappe-capteur-de-proximite-iphone-13-mini;14384;100.0;3.84
nappe-capteur-de-proximite-iphone-13-pro;14403;100.0;4.8
nappe-capteur-de-proximite-iphone-13-pro-max;14413;100.0;5.52
nappe-capteur-de-proximite-programmable-a-clipser-sans-ecouteur-interne-i2c-ipho-6;16260;100.0;3.6
nappe-capteur-de-proximite-programmable-a-clipser-sans-ecouteur-interne-i2c-ipho-2;16261;100.0;3.6
nappe-capteur-de-proximite-programmable-a-clipser-sans-ecouteur-interne-i2c-ipho-5;16262;100.0;3.6
nappe-capteur-de-proximite-programmable-a-clipser-sans-ecouteur-interne-i2c-ipho-10;16264;100.0;3.6
nappe-capteur-de-proximite-programmable-a-clipser-sans-ecouteur-interne-i2c-ipho-7;16263;100.0;3.6
nappe-capteur-de-proximite-programmable-a-clipser-sans-ecouteur-interne-i2c-ipho-9;16265;100.0;3.6
nappe-capteur-de-proximite-programmable-a-clipser-sans-ecouteur-interne-i2c-ipho;16256;100.0;3.6
nappe-capteur-de-proximite-programmable-a-clipser-sans-ecouteur-interne-i2c-ipho-3;16257;100.0;3.6
nappe-capteur-de-proximite-programmable-a-clipser-sans-ecouteur-interne-i2c-ipho-8;16258;100.0;3.6
nappe-capteur-de-proximite-programmable-a-clipser-sans-ecouteur-interne-i2c-ipho-4;16259;100.0;3.6
nappe-capteur-de-proximite-samsung-galaxy-a3-2017-a320f;9202;100.0;1.2
nappe-capteur-de-proximite-samsung-galaxy-a5-2017-a520f;9311;100.0;1.08
nappe-capteur-de-proximite-samsung-galaxy-a8-2018-a530f;10987;100.0;2.4
nappe-capteur-de-proximite-samsung-galaxy-note-7-n930f;8645;100.0;2.4
nappe-capteur-de-proximite-samsung-galaxy-note-8-n950f;7810;100.0;4.68
nappe-capteur-de-proximite-samsung-galaxy-s5-active-g870f-gh59-14063a-origine;18238;100.0;3.6
nappe-capteur-de-proximite-samsung-galaxy-s6-edge-plus-g928f;6496;100.0;4.8
nappe-capteur-de-proximite-samsung-galaxy-s7-g930f;8328;100.0;1.08
nappe-capteur-de-proximite-samsung-galaxy-s7-edge-g935f;8273;100.0;1.08
nappe-capteur-de-proximite-samsung-galaxy-s8-g950f;9488;100.0;1.9
nappe-capteur-de-proximite-samsung-galaxy-s8-g950f-piec;22147;100.0;1.2
nappe-capteur-de-proximite-samsung-galaxy-s8-g955f;9323;100.0;1.8
nappe-capteur-de-proximite-samsung-galaxy-s9-g965f;10965;100.0;4.08
nappe-capteur-proximite-micro-samsung-galaxy-s21-ultra-g998b-gh96-14071a-origine;18523;100.0;22.8
nappe-capteur-proximite-samsung-z-flip6-5g-f741b-origine;19206;100.0;8.4
nappe-carte-mere-46mm-iphone-5;3323;100.0;1.2
nappe-carte-mere-56mm-iphone-5;3322;100.0;1.2
nappe-charge-sans-fil-flash-iphone-15-pro-reconditionne-piec;19322;100.0;9.6
nappe-charge-sans-fil-haut-parleur-samsung-galaxy-s20-fe-4g-g780f-piec;21382;100.0;10.8
nappe-charge-sans-fil-haut-parleur-samsung-galaxy-s20-fe-5g-g781b-piec;21387;100.0;10.8
nappe-charge-sans-fil-pour-iphone-14-plus-reconditionne-piec;16682;100.0;10.22
nappe-charge-sans-fil-pour-iphone-14-pro-max-reconditionne-piec;16651;100.0;10.48
nappe-charge-sans-fil-pour-iphone-14-pro-reconditionne-piec;16631;100.0;7.96
nappe-charge-sans-fil-pour-iphone-14-reconditionne-piec;16602;100.0;11.23
nappe-charge-sans-fil-samsung-galaxy-z-flip6-5g-f741b-piec;22736;100.0;7.02
nappe-charge-sans-fil-samsung-galaxy-z-fold6-5g-f956b-piec;22724;100.0;7.64
nappe-chassis-volume-prise-jack-micro-supports-blanc-iphone-4s;3218;100.0;2.4
nappe-chassis-volume-prise-jack-micro-supports-noir-iphone-4s;3217;100.0;2.4
nappe-clavier-gauche-droite-samsung-galaxy-j1-2016-j120f;7579;100.0;2.4
nappe-clavier-touche-multitache-samsung-galaxy-tab-s2-9-7-t810-t815;10515;100.0;1.9
nappe-clavier-touche-retour-samsung-galaxy-tab-s2-9-7-t810-t815;10514;100.0;3.97
nappe-clavier-jack-samsung-galaxy-nexus-s-i9023;4105;100.0;2.4
nappe-clavier-jack-samsung-wave-3-s8600;4113;100.0;1.2
nappe-clavier-menu-home-retour-samsung-galaxy-s-iii-mini-i8190;3100;100.0;2.4
nappe-clavier-menu-retour-home-samsung-galaxy-s2-i9105;3123;100.0;2.4
nappe-clavier-menu-retour-home-samsung-tab-3-10-p5200;3119;100.0;2.4
nappe-clavier-menu-retour-home-samsung-i8730-galaxy-exress;3313;100.0;1.2
nappe-clavier-menu-home-retour-samsung-tab-3-8-t310;3112;100.0;2.4
nappe-clavier-samsung-galaxy-a3-2017-a320f;9310;100.0;1.2
nappe-clavier-samsung-galaxy-a5-2017-a520f-a7-2017-a720f;9053;100.0;2.4
nappe-clavier-samsung-galaxy-grand-i9060;5141;100.0;2.4
nappe-clavier-samsung-galaxy-j3-2016-j320f;8363;100.0;3.5
nappe-clavier-samsung-galaxy-j3-2017-j330f;10468;100.0;2.4
nappe-clavier-samsung-galaxy-j5-j500f;6606;100.0;2.4
nappe-clavier-samsung-galaxy-j5-2016-j510f;9668;100.0;3.18
nappe-clavier-samsung-galaxy-mega-i9205;9360;100.0;2.4
nappe-clavier-samsung-galaxy-note-8-0-n5100-n5110;4124;100.0;2.4
nappe-clavier-samsung-galaxy-note-n7000;329;100.0;2.4
nappe-clavier-samsung-galaxy-note-pro-12-2-p900;6377;100.0;2.4
nappe-clavier-samsung-galaxy-omnia-7-i8700;9809;100.0;1.2
nappe-clavier-samsung-galaxy-s-i9000;571;100.0;2.4
nappe-clavier-samsung-galaxy-s4-i9505;6191;100.0;2.4
nappe-clavier-samsung-galaxy-s4-zoom-sm-c101;3133;100.0;2.4
nappe-clavier-samsung-galaxy-tab-4-10-1-t530-t535;7148;100.0;4.78
nappe-clavier-samsung-galaxy-tab-pro-8-4-t320;5182;100.0;2.4
nappe-clavier-samsung-galaxy-tab-s3-9-7-t820-t825;11320;100.0;4.8
nappe-clavier-samsung-omnia-w-i8350;4125;100.0;1.2
nappe-connecteur-de-charge-micro-pour-samsung-galaxy-s4-mini-i9195;2141;100.0;2.4
nappe-connecteur-de-charge-samsung-galaxy-m31-m315f-gh59-15181a-origine;18243;100.0;10.8
nappe-connecteur-de-charge-samsung-galaxy-s2-i9105;3124;100.0;2.4
nappe-connecteur-de-charge-samsung-tab-3-8-t310;3111;100.0;2.4
nappe-connecteur-de-charge-clavier-samsung-s4-active-i9295;3377;100.0;2.4
nappe-connecteur-lcd-tactile-samsung-galaxy-tab-a-2019-10-1-t510-t515;12900;100.0;9.58
nappe-de-programmation-tag-on-fpc-a-clipser-sur-batterie-i2c-iphone-11;16902;100.0;2.4
nappe-de-programmation-tag-on-fpc-a-clipser-sur-batterie-i2c-iphone-12-pro-max;16910;100.0;2.4
nappe-de-programmation-tag-on-fpc-a-clipser-sur-batterie-i2c-iphone-13-pro-13-pr;16905;100.0;2.4
nappe-de-programmation-tag-on-fpc-a-clipser-sur-batterie-i2c-iphone-14-14-plus;16906;100.0;2.4
nappe-de-programmation-tag-on-fpc-a-clipser-sur-batterie-jcid-iphone-11;14840;100.0;8.4
nappe-de-programmation-tag-on-fpc-a-clipser-sur-batterie-jcid-iphone-11-pro-11-p;14841;100.0;7.2
nappe-de-programmation-tag-on-fpc-a-clipser-sur-batterie-jcid-iphone-12-12-mini-;14842;100.0;7.2
nappe-de-programmation-tag-on-fpc-a-clipser-sur-batterie-jcid-iphone-12-pro-max;14843;100.0;8.2
nappe-de-programmation-tag-on-fpc-a-clipser-sur-batterie-jcid-iphone-13-pro-13-p;15327;100.0;14.89
nappe-de-programmation-tag-on-fpc-a-clipser-sur-batterie-jcid-iphone-14-14-plus;16211;100.0;10.8
nappe-de-reparation-fpc-a-souder-sur-camera-arriere-grand-angle-i2c-iphone-12-j1;16249;100.0;2.4
nappe-de-reparation-fpc-a-souder-sur-camera-arriere-grand-angle-i2c-iphone-12-mi;16247;100.0;2.4
nappe-de-reparation-fpc-a-souder-sur-camera-arriere-grand-angle-i2c-iphone-12-pr;16255;100.0;2.4
nappe-de-reparation-fpc-a-souder-sur-camera-arriere-super-grand-angle-i2c-iphone-2;16248;100.0;2.4
nappe-de-reparation-fpc-a-souder-sur-camera-arriere-super-grand-angle-i2c-iphone;16246;100.0;2.4
nappe-de-reparation-fpc-a-souder-sur-camera-arriere-super-grand-angle-i2c-iphone-3;16253;100.0;2.4
nappe-de-reparation-fpc-a-souder-sur-camera-arriere-telephoto-i2c-iphone-12-pro-;16254;100.0;2.4
nappe-de-reparation-fpc-a-souder-sur-camera-arriere-jcid-iphone-11;16213;100.0;2.4
nappe-de-reparation-fpc-a-souder-sur-camera-arriere-jcid-iphone-12;16214;100.0;2.4
nappe-de-reparation-tag-on-fpc-a-clipser-sur-face-id-jcid-iphone-11;15997;100.0;11.58
nappe-de-reparation-tag-on-fpc-a-clipser-sur-face-id-jcid-iphone-11-pro-11-pro-m;15998;100.0;3.6
nappe-de-reparation-tag-on-fpc-a-clipser-sur-face-id-jcid-iphone-12-12-pro;15999;100.0;3.6
nappe-de-reparation-tag-on-fpc-a-clipser-sur-face-id-jcid-iphone-12-mini;16000;100.0;3.6
nappe-de-reparation-tag-on-fpc-a-clipser-sur-face-id-jcid-iphone-12-pro-max;16001;100.0;13.9
nappe-de-reparation-tag-on-fpc-a-clipser-sur-face-id-jcid-iphone-x;15995;100.0;3.6
nappe-de-reparation-tag-on-fpc-a-clipser-sur-face-id-jcid-iphone-xs-xr-xs-max;15996;100.0;3.6
nappe-de-test-ecran-lcd-iphone-6-plus;5914;100.0;2.04
nappe-de-test-samsung-note-20-ultra-dlzxwin-s800;17135;100.0;5.7
nappe-detection-spen-samsung-galaxy-s23-ultra-s918b-gh59-15621a-origine;18708;100.0;4.8
nappe-ecouteur-capteur-de-luminosite-samsung-tab-3-8-t310;3115;100.0;2.4
nappe-ecouteur-capteur-de-proximite-iphone-11;13013;100.0;6.0
nappe-ecouteur-capteur-de-proximite-iphone-11-pro-max;12798;93.0;6.0
nappe-ecouteur-a-souder-samsung-galaxy-s-iii-mini-i8190;3102;100.0;1.2
nappe-ecouteur-capteur-de-proximite-samsung-galaxy-ace-s5830;4107;100.0;1.2
nappe-ecouteur-interne-jack-cdma-ipad-2-3-4;1624;100.0;2.4
nappe-ecouteur-interne-jack-micro-samsung-player-star-2-s5620;4112;100.0;1.2
nappe-ecouteur-interne-jack-ipad-3-4;1622;100.0;2.4
nappe-ecouteur-interne-jack-samsung-galaxy-core-prime-4g-g361f;10438;100.0;2.4
nappe-ecouteur-interne-jack-samsung-galaxy-note-n7000;330;100.0;2.4
nappe-ecouteur-interne-jack-samsung-galaxy-note-3-neo-n7505;4566;100.0;2.4
nappe-ecouteur-interne-jack-samsung-galaxy-omnia-7-i8700;4111;100.0;1.2
nappe-ecouteur-interne-jack-samsung-galaxy-s-i9000;744;100.0;2.4
nappe-ecouteur-interne-jack-samsung-galaxy-s-scl-i9003;917;100.0;2.4
nappe-ecouteur-interne-jack-samsung-omnia-w-i8350;4126;100.0;1.2
nappe-ecouteur-interne-micro-samsung-galaxy-s6-g920f;3921;100.0;1.08
nappe-ecouteur-interne-capteur-de-proximite-iphone-11-pro;12805;100.0;6.0
nappe-ecouteur-interne-capteur-de-proximite-iphone-11-pro-max;12798;100.0;6.0
nappe-ecouteur-interne-capteur-de-proximite-iphone-12-12-pro;13172;100.0;7.2
nappe-ecouteur-interne-capteur-de-proximite-iphone-12-mini;13188;100.0;6.0
nappe-ecouteur-interne-capteur-de-proximite-iphone-12-pro-max;13164;100.0;8.4
nappe-ecouteur-interne-capteur-de-proximite-iphone-xs;11708;100.0;7.2
nappe-ecouteur-interne-capteur-de-proximite-iphone-xs-max;11700;100.0;4.8
nappe-ecouteur-interne-huawei-ascend-y300;7193;100.0;1.2
nappe-ecouteur-interne-samsung-galaxy-a3-2017-a320f-a5-2017-a520f-a7-2017-a720f;9213;100.0;1.2
nappe-ecouteur-interne-samsung-galaxy-a42-5g-a426b;13240;100.0;2.48
nappe-ecouteur-interne-samsung-galaxy-grand-i9082;5149;100.0;2.4
nappe-ecouteur-interne-samsung-galaxy-grand-2-g7105;5375;100.0;2.4
nappe-ecouteur-interne-samsung-galaxy-grand-prime-g530fz;3907;100.0;2.4
nappe-ecouteur-interne-samsung-galaxy-nexus-i9250;4102;100.0;2.4
nappe-ecouteur-interne-samsung-galaxy-s4-advance-i9506;7102;100.0;2.4
nappe-ecouteur-interne-samsung-galaxy-s4-zoom-sm-c101;3134;100.0;2.4
nappe-ecouteur-interne-samsung-galaxy-s6-edge-g925f;6116;100.0;3.19
nappe-ecouteur-interne-samsung-galaxy-s7-g930f-s7-edge-g935f;9463;100.0;1.07
nappe-ecouteur-interne-samsung-galaxy-tab-4-7-0-t235;8526;100.0;2.4
nappe-ecouteur-interne-samsung-galaxy-trend-s7560-s-duos-s7562;1298;100.0;2.4
nappe-ecouteur-interne-samsung-galaxy-xcover-2-s7710;8010;100.0;2.4
nappe-ecouteur-interne-samsung-nexus-s-i9023;625;100.0;2.4
nappe-ecouteur-proximite-pour-samsung-galaxy-s4-mini-i9195;3007;100.0;2.4
nappe-ecouteur-samsung-galaxy-s26-5g-s947b-s25-5g-s936b-piec;23352;100.0;1.9
nappe-ecran-interconnexion-samsung-galaxy-tab-s2-8-0-t710-t715-gh59-14412a-origi;18367;100.0;8.4
nappe-ecran-samsung-galaxy-m31-m315f-m30s-m307f-m21-m215f;14980;100.0;4.78
nappe-ecran-samsung-galaxy-s21-g991b-piec;18490;100.0;2.4
nappe-ecran-samsung-galaxy-s21-fe-g990b-piec;15556;100.0;2.4
nappe-ecran-samsung-galaxy-s21-g996b-piec;21371;100.0;3.6
nappe-ecran-samsung-galaxy-s21-g996b-origine;18487;100.0;8.4
nappe-ecran-samsung-galaxy-s22-5g-s901b-piec;17065;100.0;3.0
nappe-ecran-samsung-galaxy-s22-ultra-s908b-piec;17064;100.0;3.07
nappe-ecran-samsung-galaxy-s22-s906b-piec;21373;100.0;3.6
nappe-ecran-samsung-galaxy-s22-s906b-gh82-27557a-origine;18493;100.0;10.8
nappe-ecran-samsung-galaxy-s23-s911b;16106;100.0;3.53
nappe-ecran-samsung-galaxy-s23-ultra-s918b-piec;16108;100.0;3.58
nappe-ecran-samsung-galaxy-s23-s916b;16107;100.0;4.15
nappe-ecran-samsung-galaxy-s24-s921b-piec;17353;100.0;3.0
nappe-ecran-samsung-galaxy-s24-ultra-s928b;17359;100.0;4.27
nappe-ecran-samsung-galaxy-s24-s926b;18114;100.0;3.28
nappe-ecran-samsung-galaxy-s25-s931b;19588;100.0;7.2
nappe-ecran-samsung-galaxy-s25-fe-s731b-piec;22845;100.0;6.0
nappe-ecran-samsung-galaxy-s25-ultra-s938b;19595;100.0;7.2
nappe-ecran-samsung-galaxy-s25-5g-s936b-s26-5g-s947b-piec;19592;100.0;7.2
nappe-ecran-samsung-galaxy-tab-a-2018-10-5-t590-t595;12280;100.0;2.27
nappe-ecran-samsung-galaxy-tab-a-2019-10-1-t510-t515;12287;100.0;1.81
nappe-ecran-samsung-galaxy-tab-a7-2020-10-4-t500-t505-origine;14200;100.0;2.02
nappe-ecran-samsung-galaxy-tab-a8-10-5-2021-x200-x205;14761;100.0;2.27
nappe-ecran-samsung-galaxy-tab-s11-5g-x736b-piec;22924;100.0;3.6
nappe-ecran-samsung-galaxy-tab-s11-5g-x936b-piec;22927;100.0;3.6
nappe-ecran-samsung-galaxy-tab-s2-9-7-t819;12204;100.0;5.16
nappe-ecran-samsung-galaxy-tab-s5e-t720;3687;100.0;2.71
nappe-ecran-samsung-galaxy-tab-s6-t865-t860;13007;100.0;4.15
nappe-ecran-samsung-galaxy-tab-s6-lite-p610-p615;13774;100.0;2.27
nappe-ecran-samsung-galaxy-tab-s9-x716b;16554;100.0;6.0
nappe-ecran-samsung-galaxy-tab-s9-fe-plus-x610-tab-s7-fe-t736;18081;100.0;2.27
nappe-ecran-samsung-galaxy-tab-s9-ultra-x916b;16551;100.0;6.0
nappe-ecran-samsung-galaxy-tab-s9-x816b;16552;100.0;6.0
nappe-et-bouton-home-lecteur-d-empreinte-samsung-galaxy-s5-g900f-blanc;4270;100.0;2.4
nappe-et-bouton-home-lecteur-d-empreinte-samsung-galaxy-s5-g900f-noir;4269;100.0;2.4
nappe-flash-micro-d-ambiance-iphone-12;13174;100.0;3.25
nappe-flash-micro-d-ambiance-iphone-12-mini;13182;100.0;2.4
nappe-flash-micro-d-ambiance-iphone-12-pro;13166;100.0;6.0
nappe-flash-micro-d-ambiance-iphone-12-pro-max;13158;100.0;8.16
nappe-flash-iphone-13;14371;100.0;3.6
nappe-flash-iphone-13-mini;14382;100.0;3.24
nappe-flash-iphone-13-pro;14401;100.0;8.4
nappe-flash-iphone-13-pro-max;14411;100.0;8.52
nappe-flash-iphone-14-pro;16629;100.0;7.2
nappe-flash-iphone-14-pro-max;16649;100.0;8.4
nappe-flash-iphone-17-pro-piec;21434;100.0;24.0
nappe-flash-iphone-17-pro-max-piec;21445;100.0;24.0
nappe-flex-connecteur-ecran-lcd-pour-ipad-wi-fi-et-ipad-3g;635;100.0;2.4
nappe-flex-jack-prise-casque-ipad-2-wifi;712;100.0;2.4
nappe-flex-lecteur-sim-carte-memoire-samsung-galaxy-s-i9000;591;100.0;2.4
nappe-fpc-capteur-de-proximite-programmable-a-clipser-sans-ecouteur-interne-jcid;13673;100.0;3.6
nappe-frc-samsung-galaxy-a36-5g-a366b-a37-5g-a376b-piec;20920;100.0;3.6
nappe-frc-samsung-galaxy-a51-5g-a516b-piec;22207;100.0;3.0
nappe-frc-samsung-galaxy-a55-5g-a556b-origine;21092;100.0;8.4
nappe-frc-samsung-galaxy-a56-5g-a566b-piec;20932;100.0;3.6
nappe-frc-samsung-galaxy-note-10-n975f;13923;100.0;2.27
nappe-frc-samsung-galaxy-note-20-n980f-n981f;14213;100.0;6.07
nappe-frc-samsung-galaxy-note-20-ultra-5g-n986b;14223;100.0;5.59
nappe-frc-samsung-galaxy-s20-g985f-g986b-origine-gh59-15227a;17283;100.0;8.4
nappe-frc-samsung-galaxy-s21-g991b-piec;21384;100.0;3.6
nappe-frc-samsung-galaxy-s21-g991b-gh59-15444a-origine;17347;100.0;8.28
nappe-frc-samsung-galaxy-s21-fe-g990b-piec;15557;100.0;2.4
nappe-frc-samsung-galaxy-s21-ultra-g998b-gh59-15421a-origine;18299;100.0;6.0
nappe-frc-samsung-galaxy-s21-ultra-5g-g998b-piec;21474;100.0;2.4
nappe-frc-samsung-galaxy-s21-g996b-piec;21926;100.0;2.4
nappe-frc-samsung-galaxy-s22-5g-s901b-piec;21285;100.0;3.6
nappe-frc-samsung-galaxy-s22-ultra-s908b-piec;14711;100.0;1.76
nappe-frc-samsung-galaxy-s22-s906b-piec;21374;100.0;3.6
nappe-frc-samsung-galaxy-s23-s911b;15837;100.0;3.02
nappe-frc-samsung-galaxy-s23-s911b-origine;22187;100.0;6.36
nappe-frc-samsung-galaxy-s23-fe-s711b;20264;100.0;3.78
nappe-frc-samsung-galaxy-s23-ultra-s918b-origine;22168;100.0;8.4
nappe-frc-samsung-galaxy-s23-s916b;19823;100.0;3.08
nappe-frc-samsung-galaxy-s23-s916b-gh59-15604a-origine;18720;100.0;8.4
nappe-frc-samsung-galaxy-s24-s921b-piec;17352;100.0;3.6
nappe-frc-samsung-galaxy-s24-fe-s721b;18856;100.0;4.2
nappe-frc-samsung-galaxy-s24-ultra-s928b;19827;100.0;5.82
nappe-frc-samsung-galaxy-s24-s926b;19826;100.0;3.64
nappe-frc-samsung-galaxy-s25-s931b;19598;100.0;7.2
nappe-frc-samsung-galaxy-s25-edge-s937b-piec;20960;100.0;3.0
nappe-frc-samsung-galaxy-s25-ultra-s938b;19596;100.0;9.91
nappe-frc-samsung-galaxy-s25-s936b;19593;100.0;7.2
nappe-frc-samsung-galaxy-s26-5g-s942b-piec;23350;100.0;3.78
nappe-frc-samsung-galaxy-z-flip-4g-f700f;14056;100.0;2.44
nappe-frc-samsung-galaxy-z-fold3-5g-f926b;15415;100.0;6.6
nappe-frc-samsung-galaxy-z-fold4-5g-f936b-origine;17282;100.0;9.6
nappe-frc-samsung-galaxy-z-fold5-5g-f946b;18044;100.0;8.2
nappe-frc-samsung-galaxy-z-fold6-f956;18769;100.0;9.6
nappe-frc-samsung-galaxy-z-fold7-5g-f966b-piec;23371;100.0;4.87
nappe-frc-fpcb-samsung-galaxy-s23-ultra-s918b-piec;21367;100.0;3.6
nappe-haut-parleur-stereo-samsung-galaxy-tab-8-9-p7300;6919;100.0;2.4
nappe-haut-parleur-sim-samsung-galaxy-omnia-7-i8700;4108;100.0;1.2
nappe-haut-parleur-huawei-p9-eva-l09;8565;100.0;2.4
nappe-haut-parleur-iphone-12-mini;13189;100.0;4.8
nappe-haut-parleur-samsung-galaxy-tab-4-7-0-t230;5180;100.0;2.4
nappe-home-support-iphone-5c;3267;100.0;1.8
nappe-home-bouton-samsung-galaxy-tab-s2-9-7-t810-t815-blanc;10531;100.0;5.04
nappe-home-bouton-samsung-galaxy-tab-s2-9-7-t810-t815-noir;10530;100.0;5.04
nappe-home-huawei-mate-8-or;9625;100.0;1.2
nappe-home-huawei-nexus-6p;8342;100.0;18.0
nappe-home-huawei-p8-lite-2017-blanc;7854;100.0;9.6
nappe-home-huawei-p8-lite-2017-or;7858;100.0;9.6
nappe-home-huawei-p9-eva-l09-mystic-silver;8563;100.0;2.4
nappe-home-huawei-p9-eva-l09-prestige-gold;8316;100.0;2.4
nappe-home-huawei-p9-eva-l09-rose-gold;8317;100.0;2.4
nappe-home-huawei-p9-eva-l09-titanium-grey;8315;100.0;1.2
nappe-home-ipad-2017-9-7-2018-9-7-6e-gen-blanc;4913;100.0;4.33
nappe-home-ipad-2017-9-7-2018-9-7-6e-gen-noir;4861;100.0;4.03
nappe-home-ipad-2019-10-2-7e-gen-ipad-2020-10-2-8e-gen-blanc;3680;100.0;3.96
nappe-home-ipad-2019-10-2-7e-gen-ipad-2020-10-2-8e-gen-noir;3681;100.0;4.03
nappe-home-ipad-2019-10-2-7e-gen-ipad-2020-10-2-8e-gen-or;3679;100.0;3.0
nappe-home-ipad-4;1543;100.0;2.4
nappe-home-ipad-air-3-blanc;21229;100.0;6.0
nappe-home-ipad-air-3-noir;21228;100.0;6.0
nappe-home-ipad-mini-mini-2;1257;100.0;1.2
nappe-home-ipad-mini-3-blanc;5736;100.0;2.4
nappe-home-ipad-mini-3-noir;6091;100.0;2.4
nappe-home-ipad-mini-3-or;5735;100.0;2.4
nappe-home-iphone-6s-6s-plus-argent;6684;100.0;2.64
nappe-home-iphone-6s-6s-plus-gris-sideral;6683;100.0;1.56
nappe-home-iphone-6s-6s-plus-or-rose;6686;100.0;1.68
nappe-home-samsung-galaxy-a8-2018-a530f;10962;100.0;5.92
nappe-home-samsung-galaxy-core-i8260;9077;100.0;2.4
nappe-home-samsung-galaxy-express-2-g3815;4673;100.0;1.2
nappe-home-samsung-galaxy-grand-2-g7105;5374;100.0;2.4
nappe-home-samsung-galaxy-j5-2017-j530f-j7-2017-j730f-bleu;10474;100.0;2.4
nappe-home-samsung-galaxy-j5-2017-j530f-j7-2017-j730f-noir;10472;100.0;2.4
nappe-home-samsung-galaxy-j5-2017-j530f-j7-2017-j730f-or;10473;100.0;2.4
nappe-home-samsung-galaxy-note-10-1-2014-p605;8097;100.0;2.4
nappe-home-samsung-galaxy-note-5-n920f-blanc;6503;100.0;2.4
nappe-home-samsung-galaxy-note-5-n920f-or;6505;100.0;2.4
nappe-home-samsung-galaxy-note-8-n950f;10750;100.0;4.34
nappe-home-samsung-galaxy-note-9-n960f-bleu-cobalt;11545;100.0;3.0
nappe-home-samsung-galaxy-note-9-n960f-noir-profond;11544;100.0;3.0
nappe-home-samsung-galaxy-s6-edge-plus-g928f-blanc;6497;100.0;4.8
nappe-home-samsung-galaxy-s6-edge-plus-g928f-noir;6498;100.0;4.8
nappe-home-samsung-galaxy-s6-edge-plus-g928f-or;10119;100.0;4.8
nappe-home-samsung-galaxy-s7-g930f-argent-titane-origine;11131;100.0;4.8
nappe-home-samsung-galaxy-s7-g930f-blanc-perle-origine;6044;100.0;4.8
nappe-home-samsung-galaxy-s7-g930f-noir-onyx-origine;6035;100.0;4.8
nappe-home-samsung-galaxy-s7-g930f-or-platine-origine;6045;100.0;4.8
nappe-home-samsung-galaxy-s7-g930f-rose-gold-origine;11130;100.0;4.8
nappe-home-samsung-galaxy-tab-3-lite-t110-t113;4261;100.0;2.4
nappe-home-samsung-galaxy-tab-4-7-0-t230;5179;100.0;2.4
nappe-home-samsung-galaxy-tab-a6-tab-a-2016-10-1-t580;3698;100.0;2.71
nappe-home-samsung-galaxy-tab-a6-tab-a-2016-7-0-t280;14970;100.0;3.76
nappe-home-samsung-galaxy-tab-a6-tab-a-2016-7-0-t285;14971;100.0;3.76
nappe-home-samsung-galaxy-tab-active-pro-10-1-t540-t545-piec;22993;100.0;2.4
nappe-home-samsung-galaxy-trend-s7560-s-duos-s7562;2116;100.0;2.4
nappe-induction-ipad-pro-12-9-4eme-gen-2020-piec;20319;100.0;12.71
nappe-interconexion-samsung-galaxy-fold-f900f-gh82-19976a-origine;18236;100.0;4.8
nappe-interconexion-samsung-galaxy-s10-5g-g977b-gh59-15040a-origine;18255;100.0;7.2
nappe-interconexion-samsung-galaxy-s23-s916b-gh82-30472a-origine;18530;100.0;8.4
nappe-interconexion-samsung-galaxy-tab-s7-t970-t976b-gh59-15323a-origine;18514;100.0;10.8
nappe-interconnexion-iphone-6;4582;100.0;3.6
nappe-interconnexion-samsung-galaxy-tab-active-pro-10-1-t540-t545-gh59-15152a-or;18286;100.0;10.8
nappe-interconnexion-samsung-galaxy-tab-s6-t860-t865-gh59-15111a-origine;18683;100.0;6.0
nappe-interconnexion-samsung-galaxy-tab-s7-t875-t870-gh59-15314a-origine;18385;100.0;8.4
nappe-interconnexion-samsung-galaxy-xcover-6-pro-g736b-gh59-15573a-origine;18303;100.0;7.2
nappe-interconnexion-wifi-samsung-galaxy-tab-s6-t860-t865-gh59-15130a-origine;18682;100.0;6.0
nappe-jack-3g-ipad-air-2-blanc;10445;100.0;4.8
nappe-jack-3g-ipad-air-2-noir;10444;100.0;4.8
nappe-jack-ecouteur-interne-samsung-galaxy-core-4g-g3518;9825;100.0;2.4
nappe-jack-ecouteur-interne-samsung-galaxy-gio-s5660;9808;100.0;2.4
nappe-jack-ecouteur-interne-samsung-galaxy-grand-prime-g531f;9858;100.0;2.4
nappe-jack-micro-samsung-galaxy-a6-2018-a600f;11367;100.0;4.64
nappe-jack-assemblee-ipad-3-4-wi-fi;8329;100.0;2.4
nappe-jack-complete-ipad-2;8070;100.0;2.4
nappe-jack-huawei-mate-10-alp-l09;10885;100.0;9.6
nappe-jack-huawei-nova-can-l01;7960;100.0;8.4
nappe-jack-huawei-p10-vtr-l09;7897;100.0;3.6
nappe-jack-huawei-p8-gra-l09;6664;100.0;12.0
nappe-jack-huawei-p9-eva-l09;8319;100.0;1.2
nappe-jack-huawei-p9-lite-vns-l31;8830;100.0;9.6
nappe-jack-ipad-air-2-blanc;5094;100.0;4.8
nappe-jack-ipad-air-2-noir;4799;100.0;4.8
nappe-jack-ipad-mini-mini-2-blanc;8151;100.0;2.4
nappe-jack-ipad-mini-mini-2-noir;459;100.0;2.4
nappe-jack-ipad-mini-4-2015-blanc;15767;100.0;3.6
nappe-jack-ipad-pro-10-5-blanc;10788;100.0;18.0
nappe-jack-ipad-pro-12-9-2eme-gen-blanc;11663;100.0;18.0
nappe-jack-ipad-pro-12-9-2eme-gen-noir;11662;100.0;18.0
nappe-jack-ipad-pro-12-9-blanc;8577;100.0;18.0
nappe-jack-ipad-pro-12-9-noir;8576;100.0;18.0
nappe-jack-ipad-pro-9-7-blanc;10188;100.0;19.2
nappe-jack-ipad-pro-9-7-noir;10187;100.0;19.2
nappe-jack-samsung-galaxy-a3-2017-a320f-a5-2017-a520f-a7-2017-a720f;9212;100.0;1.2
nappe-jack-samsung-galaxy-a6-2018-a605f;11361;100.0;2.4
nappe-jack-samsung-galaxy-a8-2018-a530f-piec;22131;100.0;0.72
nappe-jack-samsung-galaxy-core-plus-g350;4724;100.0;2.4
nappe-jack-samsung-galaxy-grand-i9060;9810;100.0;2.4
nappe-jack-samsung-galaxy-j1-j100f;6493;100.0;2.4
nappe-jack-samsung-galaxy-j2-pro-2018-j250f;5337;100.0;2.4
nappe-jack-samsung-galaxy-j3-2017-j330f;9841;100.0;2.16
nappe-jack-samsung-galaxy-j6-2018-j600f;12954;100.0;4.56
nappe-jack-samsung-galaxy-nexus-i9250;9756;100.0;2.4
nappe-jack-samsung-galaxy-note-4-n910f;7166;100.0;1.2
nappe-jack-samsung-galaxy-note-8-n950f;7800;100.0;2.59
nappe-jack-samsung-galaxy-note-9-n960f;11956;100.0;1.44
nappe-jack-samsung-galaxy-s-duos-s7562;7219;100.0;2.4
nappe-jack-samsung-galaxy-s10-g973f-s10-g975f-s10e-g970f;9415;100.0;1.2
nappe-jack-samsung-galaxy-s10-5g-g977b-gh59-15046a-origine;18256;100.0;6.0
nappe-jack-samsung-galaxy-s4-advance-i9506;7106;100.0;2.4
nappe-jack-samsung-galaxy-s4-zoom-sm-c101;9354;100.0;2.4
nappe-jack-samsung-galaxy-s5-g900f;4093;100.0;2.4
nappe-jack-samsung-galaxy-s7-g930f;9460;100.0;0.84
nappe-jack-samsung-galaxy-s7-edge-g935f;9470;100.0;0.84
nappe-jack-samsung-galaxy-s8-g950f;7967;100.0;1.2
nappe-jack-samsung-galaxy-s8-g955f;7958;100.0;1.08
nappe-jack-samsung-galaxy-s9-g960f-s9-g965f;1845;100.0;1.56
nappe-jack-samsung-galaxy-spica-i5700;4129;100.0;2.4
nappe-jack-samsung-galaxy-tab-10-1-p7500-p7510;4120;100.0;2.4
nappe-jack-samsung-galaxy-tab-a-2018-10-5-t590-t595;12276;100.0;2.82
nappe-jack-samsung-galaxy-tab-a8-10-5-2021-x200-x205;14788;100.0;1.62
nappe-jack-samsung-galaxy-tab-pro-8-4-t320;5184;100.0;2.4
nappe-jack-samsung-galaxy-tab-s2-9-7-t810-t815;10527;100.0;3.43
nappe-jack-samsung-galaxy-tab-s3-9-7-t820-t825;11321;100.0;4.8
nappe-jack-samsung-galaxy-xcover-2-s7710;8008;100.0;2.4
nappe-jack-samsung-galaxy-xcover-pro-g715f-gh59-15240a-origine;18322;100.0;7.2
nappe-jack-samsung-i8160;3129;100.0;1.2
nappe-jack-samsung-i9195;3137;100.0;2.4
nappe-jack-vibreur-ecouteur-micro-samsung-i8730-galaxy-exress;3311;100.0;1.2
nappe-lcd-tactile-ipad-pro-12-9;8570;100.0;6.37
nappe-lcd-complete-ipad-pro-12-9-2015;15806;100.0;3.6
nappe-lcd-huawei-mate-9-mha-l09;10282;100.0;13.2
nappe-lcd-huawei-nexus-6p;8341;100.0;12.0
nappe-lcd-ipad-2-3g-wi-fi;707;100.0;1.2
nappe-lcd-samsung-galaxy-note-pro-12-2-p900-p905;6383;100.0;2.4
nappe-lcd-samsung-galaxy-s26-5g-s942b-piec;23349;100.0;2.71
nappe-lcd-samsung-galaxy-tab-10-1-p7500-tab-2-10-1-p5100-note-10-1-n8000;1885;100.0;2.4
nappe-lcd-samsung-galaxy-tab-3-10-1-p5200-p5210-tab-4-10-1-t530-t535;5700;100.0;2.4
nappe-lcd-samsung-galaxy-tab-3-7-0-t210-t211;4630;100.0;2.4
nappe-lcd-samsung-galaxy-tab-a6-tab-a-2016-10-1-t580-t585;7696;100.0;2.09
nappe-lcd-samsung-galaxy-tab-active-pro-10-1-t540-t545-piec;22992;100.0;3.6
nappe-lcd-samsung-galaxy-tab-s-10-5-t800;3957;100.0;5.05
nappe-lcd-samsung-galaxy-tab-s2-9-7-t810-t815;10518;100.0;3.18
nappe-lcd-samsung-sgh-d840;9404;100.0;1.2
nappe-lcd-volume-samsung-player-one-gt-s5230;1891;100.0;1.2
nappe-lecteur-carte-sim-sd-samsung-galaxy-tab-s5e-t725-gh82-19849a-origine;18330;100.0;12.0
nappe-lecteur-carte-sim-sd-samsung-galaxy-tab-s6-t865-t860;13008;100.0;3.46
nappe-lecteur-d-empreinte-samsung-galaxy-a05s-a057g-noir-origine;21110;100.0;7.2
nappe-lecteur-d-empreinte-samsung-galaxy-a17-5g-a176b-noir-origine;21113;100.0;7.2
nappe-lecteur-d-empreinte-samsung-galaxy-a36-5g-a366b-origine;21098;100.0;10.68
nappe-lecteur-d-empreinte-samsung-galaxy-a56-5g-a566b-origine;21093;100.0;10.68
nappe-lecteur-d-empreinte-samsung-galaxy-a72-a725f-a52-5g-a526b-a32-a325f-a52s-5;13695;100.0;2.4
nappe-lecteur-d-empreintes-huawei-p10-lite-was-l03t;11303;100.0;7.8
nappe-lecteur-d-empreintes-huawei-p20-p20-pro;11479;100.0;5.83
nappe-lecteur-d-empreintes-huawei-p20-lite-bleu;11478;100.0;22.8
nappe-lecteur-d-empreintes-huawei-p20-lite-noir;11477;100.0;18.0
nappe-lecteur-d-empreintes-samsung-a53-5g-a536b-a35-5g-a356b-a54-5g-a546b-origin;19203;100.0;14.4
nappe-lecteur-d-empreintes-samsung-galaxy-a-53-5g-a536b-piec;14958;100.0;3.0
nappe-lecteur-d-empreintes-samsung-galaxy-a04s-a047f-blanc;15749;100.0;6.72
nappe-lecteur-d-empreintes-samsung-galaxy-a04s-a047f-noir;15748;100.0;6.8
nappe-lecteur-d-empreintes-samsung-galaxy-a06-a065f-blanc;19798;100.0;5.82
nappe-lecteur-d-empreintes-samsung-galaxy-a06-a065f-jaune;19799;100.0;5.82
nappe-lecteur-d-empreintes-samsung-galaxy-a06-a065f-noir;19797;100.0;5.82
nappe-lecteur-d-empreintes-samsung-galaxy-a06-5g-a066b-piec-blanc;23058;100.0;3.6
nappe-lecteur-d-empreintes-samsung-galaxy-a06-5g-a066b-piec-noir;23057;100.0;3.6
nappe-lecteur-d-empreintes-samsung-galaxy-a06-5g-a066b-piec-vert;23059;100.0;3.6
nappe-lecteur-d-empreintes-samsung-galaxy-a07-4g-a075f-noir-piec;22837;100.0;6.0
nappe-lecteur-d-empreintes-samsung-galaxy-a07-4g-a075f-vert-piec;22839;100.0;6.0
nappe-lecteur-d-empreintes-samsung-galaxy-a07-4g-a075f-violet-piec;22838;100.0;6.0
nappe-lecteur-d-empreintes-samsung-galaxy-a10s-a107f-bleu;12387;100.0;9.74
nappe-lecteur-d-empreintes-samsung-galaxy-a10s-a107f-noir;12388;100.0;9.74
nappe-lecteur-d-empreintes-samsung-galaxy-a10s-a107f-rouge;12389;100.0;9.74
nappe-lecteur-d-empreintes-samsung-galaxy-a11-a115f-blanc;12401;100.0;9.74
nappe-lecteur-d-empreintes-samsung-galaxy-a11-a115f-noir;12400;100.0;5.59
nappe-lecteur-d-empreintes-samsung-galaxy-a13-a135f-blanc;15137;100.0;7.63
nappe-lecteur-d-empreintes-samsung-galaxy-a13-a135f-noir-piec;15136;100.0;6.0
nappe-lecteur-d-empreintes-samsung-galaxy-a13-a137f-piec-2;21633;100.0;5.28
nappe-lecteur-d-empreintes-samsung-galaxy-a13-a137f-piec;21633;100.0;5.28
nappe-lecteur-d-empreintes-samsung-galaxy-a13-5g-a136b-gh96-14893d-bleu-origine;18450;100.0;12.0
nappe-lecteur-d-empreintes-samsung-galaxy-a13-5g-a136b-noir;15131;100.0;6.72
nappe-lecteur-d-empreintes-samsung-galaxy-a14-4g-a145f;16102;100.0;4.33
nappe-lecteur-d-empreintes-samsung-galaxy-a14-4g-a145f-gh81-23530a-argent-origin;18690;100.0;9.6
nappe-lecteur-d-empreintes-samsung-galaxy-a14-4g-a145f-noir-origine;19003;100.0;9.6
nappe-lecteur-d-empreintes-samsung-galaxy-a14-5g-a146b-noir;16099;100.0;5.29
nappe-lecteur-d-empreintes-samsung-galaxy-a16-4g-a165f-blanc-piec;22862;100.0;7.2
nappe-lecteur-d-empreintes-samsung-galaxy-a16-4g-a165f-bleu-nuit-origine;21059;100.0;7.2
nappe-lecteur-d-empreintes-samsung-galaxy-a16-4g-a165f-noir-piec;22861;100.0;7.2
nappe-lecteur-d-empreintes-samsung-galaxy-a16-4g-a165f-vert-piec;22863;100.0;3.6
nappe-lecteur-d-empreintes-samsung-galaxy-a16-4g-a165f-vert-origine;21060;100.0;7.2
nappe-lecteur-d-empreintes-samsung-galaxy-a16-5g-a166b-blanc-piec;22865;100.0;6.0
nappe-lecteur-d-empreintes-samsung-galaxy-a16-5g-a166b-noir-piec;22864;100.0;6.0
nappe-lecteur-d-empreintes-samsung-galaxy-a16-5g-a166b-or-piec;22867;100.0;6.0
nappe-lecteur-d-empreintes-samsung-galaxy-a16-5g-a166b-vert-piec;22866;100.0;6.0
nappe-lecteur-d-empreintes-samsung-galaxy-a17-4g-a175f-bleu-piec;22874;100.0;6.0
nappe-lecteur-d-empreintes-samsung-galaxy-a17-4g-a175f-gris-piec;22873;100.0;6.0
nappe-lecteur-d-empreintes-samsung-galaxy-a17-4g-a175f-noir-piec;22872;100.0;6.0
nappe-lecteur-d-empreintes-samsung-galaxy-a17-5g-a176b-piec-noir;22875;100.0;6.0
nappe-lecteur-d-empreintes-samsung-galaxy-a17-5g-a176b-bleu-piec;22877;100.0;6.0
nappe-lecteur-d-empreintes-samsung-galaxy-a17-5g-a176b-gris-piec;22876;100.0;6.0
nappe-lecteur-d-empreintes-samsung-galaxy-a20e-a202f-blanc-piec;22084;100.0;2.64
nappe-lecteur-d-empreintes-samsung-galaxy-a20e-a202f-bleu-piec;22085;100.0;1.32
nappe-lecteur-d-empreintes-samsung-galaxy-a20e-a202f-gh96-12565d-corail-origine;18361;100.0;9.6
nappe-lecteur-d-empreintes-samsung-galaxy-a20e-a202f-noir-piec;22083;100.0;2.64
nappe-lecteur-d-empreintes-samsung-galaxy-a20s-a207f-bleu;12403;100.0;4.8
nappe-lecteur-d-empreintes-samsung-galaxy-a20s-a207f-noir;12402;100.0;4.8
nappe-lecteur-d-empreintes-samsung-galaxy-a20s-a207f-rouge;12404;100.0;4.8
nappe-lecteur-d-empreintes-samsung-galaxy-a21s-2020-a217f-blanc-piec;12926;100.0;4.8
nappe-lecteur-d-empreintes-samsung-galaxy-a21s-2020-a217f-bleu-piec;12927;100.0;4.8
nappe-lecteur-d-empreintes-samsung-galaxy-a21s-2020-a217f-noir-piec;12925;100.0;4.8
nappe-lecteur-d-empreintes-samsung-galaxy-a22-4g-a225f-noir-piec;20490;100.0;7.2
nappe-lecteur-d-empreintes-samsung-galaxy-a22-5g-a226b-noir-piec;16788;100.0;6.44
nappe-lecteur-d-empreintes-samsung-galaxy-a23-4g-a235f-blanc;16174;100.0;8.52
nappe-lecteur-d-empreintes-samsung-galaxy-a23-4g-a235f-bleu;16175;100.0;8.52
nappe-lecteur-d-empreintes-samsung-galaxy-a23-4g-a235f-noir;16173;100.0;6.8
nappe-lecteur-d-empreintes-samsung-galaxy-a23-5g-a236b-blanc;16177;100.0;6.53
nappe-lecteur-d-empreintes-samsung-galaxy-a23-5g-a236b-bleu;16178;100.0;6.55
nappe-lecteur-d-empreintes-samsung-galaxy-a23-5g-a236b-noir;16176;100.0;6.55
nappe-lecteur-d-empreintes-samsung-galaxy-a24-4g-a245f-blanc;19775;100.0;7.19
nappe-lecteur-d-empreintes-samsung-galaxy-a24-4g-a245f-lime;19776;100.0;7.19
nappe-lecteur-d-empreintes-samsung-galaxy-a24-4g-a245f-noir;19774;100.0;7.19
nappe-lecteur-d-empreintes-samsung-galaxy-a26-5g-a266b-blanc-piec;20950;100.0;8.4
nappe-lecteur-d-empreintes-samsung-galaxy-a26-5g-a266b-noir-piec;20949;100.0;8.4
nappe-lecteur-d-empreintes-samsung-galaxy-a26-5g-a266b-noir-origine-gh96-19397a;20233;100.0;7.2
nappe-lecteur-d-empreintes-samsung-galaxy-a26-5g-a266b-rose-piec;20952;100.0;8.4
nappe-lecteur-d-empreintes-samsung-galaxy-a26-5g-a266b-vert-piec;20951;100.0;8.4
nappe-lecteur-d-empreintes-samsung-galaxy-a30s-a307f;12338;100.0;5.47
nappe-lecteur-d-empreintes-samsung-galaxy-a31-a315f;12863;100.0;3.0
nappe-lecteur-d-empreintes-samsung-galaxy-a32-5g-a326b-gh96-14184b-bleu-origine;18371;100.0;9.6
nappe-lecteur-d-empreintes-samsung-galaxy-a32-5g-a326b-gh96-14184d-violet-origin;18372;100.0;9.6
nappe-lecteur-d-empreintes-samsung-galaxy-a32-5g-a326b-noir-reconditionne-piec;20489;100.0;4.8
nappe-lecteur-d-empreintes-samsung-galaxy-a33-5g-a336b-a34-5g-a346b-s23-fe-s711b;15006;100.0;2.04
nappe-lecteur-d-empreintes-samsung-galaxy-a36-5g-a366b-piec;20924;100.0;3.6
nappe-lecteur-d-empreintes-samsung-galaxy-a37-5g-a376b-piec;22880;100.0;3.6
nappe-lecteur-d-empreintes-samsung-galaxy-a41-a415f-piec;12859;100.0;1.2
nappe-lecteur-d-empreintes-samsung-galaxy-a42-5g-a426b-piec;13239;100.0;1.44
nappe-lecteur-d-empreintes-samsung-galaxy-a50-a505f-a80;7716;100.0;2.74
nappe-lecteur-d-empreintes-samsung-galaxy-a50s-2019-a507f;13509;100.0;5.33
nappe-lecteur-d-empreintes-samsung-galaxy-a51-a515f-piec;3708;100.0;3.0
nappe-lecteur-d-empreintes-samsung-galaxy-a54-5g-a546b-piec;21604;100.0;2.4
nappe-lecteur-d-empreintes-samsung-galaxy-a55-5g-a556b;18052;100.0;3.52
nappe-lecteur-d-empreintes-samsung-galaxy-a56-5g-a566b-piec;20936;100.0;3.6
nappe-lecteur-d-empreintes-samsung-galaxy-a57-5g-a576b-piec;22887;100.0;3.6
nappe-lecteur-d-empreintes-samsung-galaxy-a6-2018-a600f-a6-2018-a605f;11354;100.0;2.4
nappe-lecteur-d-empreintes-samsung-galaxy-a70-a705f;8211;100.0;1.8
nappe-lecteur-d-empreintes-samsung-galaxy-a71-a715f-piec;12343;100.0;3.0
nappe-lecteur-d-empreintes-samsung-galaxy-a9-2018-a920f-gh96-12220c-bleu-origine;18283;100.0;13.2
nappe-lecteur-d-empreintes-samsung-galaxy-j3-2017-j330f-bleu;10523;100.0;6.28
nappe-lecteur-d-empreintes-samsung-galaxy-j3-2017-j330f-noir;10521;100.0;6.28
nappe-lecteur-d-empreintes-samsung-galaxy-j3-2017-j330f-or;10522;100.0;6.28
nappe-lecteur-d-empreintes-samsung-galaxy-j6-2018-j600f-noir;11653;100.0;2.4
nappe-lecteur-d-empreintes-samsung-galaxy-m13-m135f-gh96-13405c-rouge-origine;18700;100.0;12.0
nappe-lecteur-d-empreintes-samsung-galaxy-m13-m135f-gh96-15216c-bleu-origine;18701;100.0;10.8
nappe-lecteur-d-empreintes-samsung-galaxy-m20-m205f-m30-m305f-bleu;13023;100.0;7.34
nappe-lecteur-d-empreintes-samsung-galaxy-m20-m205f-m30-m305f-noir;13022;100.0;7.34
nappe-lecteur-d-empreintes-samsung-galaxy-m30s-m307f-noir;12264;100.0;6.83
nappe-lecteur-d-empreintes-samsung-galaxy-m31-m315f-gh96-13405a-bleu-origine;18282;100.0;10.8
nappe-lecteur-d-empreintes-samsung-galaxy-m53-5g-m536b-noir;16703;100.0;5.23
nappe-lecteur-d-empreintes-samsung-galaxy-note-10-lite-n770f;12245;100.0;5.02
nappe-lecteur-d-empreintes-samsung-galaxy-s10-lite-g770f-gh96-12799a-origine;18376;100.0;9.6
nappe-lecteur-d-empreintes-samsung-galaxy-s20-fe-g780f-g781b-piec;14630;100.0;2.4
nappe-lecteur-d-empreintes-samsung-galaxy-s21-g991b-piec;21386;100.0;4.8
nappe-lecteur-d-empreintes-samsung-galaxy-s21-fe-g990b-piec;15563;100.0;5.47
nappe-lecteur-d-empreintes-samsung-galaxy-s25-fe-s731b-piec;22851;100.0;3.6
nappe-lecteur-d-empreintes-samsung-galaxy-s9-g960f-s9-g965f-bleu-corail;3824;100.0;4.8
nappe-lecteur-d-empreintes-samsung-galaxy-s9-g960f-s9-g965f-noir;3826;100.0;4.8
nappe-lecteur-d-empreintes-samsung-galaxy-s9-g960f-s9-g965f-violet;3825;100.0;4.8
nappe-lecteur-d-empreintes-samsung-galaxy-tab-s9-fe-x510-blanc;18080;100.0;6.24
nappe-lecteur-d-empreintes-samsung-galaxy-tab-s9-fe-x510-noir;18079;100.0;6.24
nappe-lecteur-d-empreintes-samsung-galaxy-z-flip3-5g-f711b-gh96-14423b-beige-ori;18477;100.0;10.8
nappe-lecteur-d-empreintes-samsung-galaxy-z-flip3-5g-f711b-gh96-14423d-lavande-o;18473;100.0;10.8
nappe-lecteur-d-empreintes-samsung-galaxy-z-flip3-5g-f711b-noir;14888;100.0;4.7
nappe-lecteur-d-empreintes-samsung-galaxy-z-flip3-5g-f711b-vert;14889;100.0;12.0
nappe-lecteur-d-empreintes-samsung-galaxy-z-flip4-f721b-gh96-15339a-noir-origine;18497;100.0;13.2
nappe-lecteur-d-empreintes-samsung-galaxy-z-flip4-f721b-gh96-15339b-violet-origi;18498;100.0;13.2
nappe-lecteur-d-empreintes-samsung-galaxy-z-flip4-f721b-gh96-15339c-or-origine;18480;100.0;10.8
nappe-lecteur-d-empreintes-samsung-galaxy-z-fold2-5g-f916b-bronze;15392;100.0;9.29
nappe-lecteur-d-empreintes-samsung-galaxy-z-fold2-5g-f916b-noir;15391;100.0;9.29
nappe-lecteur-d-empreintes-samsung-galaxy-z-fold2-5g-f916b-or;15393;100.0;9.29
nappe-lecteur-d-empreintes-samsung-galaxy-z-fold3-5g-f926b-argent;15409;100.0;10.93
nappe-lecteur-d-empreintes-samsung-galaxy-z-fold3-5g-f926b-noir;15410;100.0;7.62
nappe-lecteur-d-empreintes-samsung-galaxy-z-fold4-f936b-gh96-15335a-noir-origine;18501;100.0;12.0
nappe-lecteur-d-empreintes-samsung-galaxy-z-fold4-f936b-gh96-15335b-gris-origine;18504;100.0;15.6
nappe-lecteur-d-empreintes-samsung-galaxy-z-fold4-f936b-gh96-15335c-beige-origin;18503;100.0;15.6
nappe-lecteur-d-enpreintes-samsung-galaxy-a40-a405f-blanc;13083;100.0;2.4
nappe-lecteur-d-enpreintes-samsung-galaxy-a40-a405f-bleu;13082;100.0;7.22
nappe-lecteur-d-enpreintes-samsung-galaxy-a40-a405f-corail;13084;100.0;2.4
nappe-lecteur-d-enpreintes-samsung-galaxy-a40-a405f-noir;13081;100.0;2.4
nappe-lecteur-empreinte-noir-samsung-galaxy-a30-a305f-noir-piec;22121;100.0;2.52
nappe-lecteur-empreinte-samsung-galaxy-tab-s8-ultra-x900n-x906b-gh96-14946a-orig;18387;100.0;14.4
nappe-lecteur-empreintes-samsung-galaxy-a14-4g-a145r-piec;21589;100.0;2.52
nappe-lecteur-empreintes-samsung-galaxy-a32-a326b-piec;21752;100.0;6.0
nappe-lecteur-sim-sd-samsung-galaxy-tab-s2-9-7-t815-tab-s2-8-0-t715;7174;100.0;3.46
nappe-lecteur-sim-camera-avant-samsung-galaxy-z-fold7-5g-f966b-10-mp-gh82-37540a;21061;100.0;20.4
nappe-lecteur-sim-carte-sd-samsung-s4-active-i9295;3378;100.0;2.4
nappe-lecteur-sim-ipad-air;3256;100.0;4.8
nappe-lecteur-sim-ipad-mini-6-2021;19074;100.0;25.92
nappe-lecteur-sim-samsung-galaxy-tab-s9-x716b;16553;100.0;5.22
nappe-lecteur-sim-samsung-galaxy-tab-s9-ultra-x916b;16550;100.0;5.22
nappe-micro-du-bas-iphone-16-pro;19684;100.0;4.33
nappe-micro-huawei-mate-9-mha-l09;10283;100.0;8.4
nappe-micro-ipad-3-4;1550;100.0;2.4
nappe-micro-ipad-air-2017-9-7-2018-9-7-6e-gen;3257;100.0;4.8
nappe-micro-ipad-mini;3231;100.0;2.4
nappe-micro-ipad-mini-2-3;4240;100.0;2.4
nappe-micro-ipad-mini-6-2021;19072;100.0;12.0
nappe-micro-samsung-galaxy-a3-2016-a310f-a5-2016-a510f;14494;100.0;2.4
nappe-micro-samsung-galaxy-a5-2016-a510f;9586;100.0;2.4
nappe-micro-samsung-galaxy-a80-a805f;9270;100.0;4.34
nappe-micro-samsung-galaxy-note-pro-12-2-p900;6378;100.0;2.4
nappe-micro-samsung-galaxy-s20-ultra-g988f-gh59-15239a-origine;18449;100.0;4.8
nappe-micro-samsung-galaxy-s6-edge-g925f;3934;100.0;4.8
nappe-micro-samsung-galaxy-tab-a6-tab-a-2016-7-0-t280;14973;100.0;3.76
nappe-micro-samsung-galaxy-tab-s2-9-7-t810-t815;10528;100.0;4.8
nappe-microphone-samsung-galaxy-note-20-ultra-4g-n985f-5g-n986b-gh59-15300a-orig;18273;100.0;4.8
nappe-nfc-antenne-samsung-galaxy-note-9-n960f;11571;100.0;1.2
nappe-nfc-antenne-samsung-galaxy-s8-g955f;11513;100.0;2.27
nappe-nfc-charge-sans-fil-samsung-galaxy-s10e-g970f;8113;100.0;2.57
nappe-nfc-micro-ipad-pro-11;9042;100.0;18.0
nappe-nfc-antenne-samsung-galaxy-a53-5g-a536b-piec;22019;100.0;4.2
nappe-nfc-cache-samsung-galaxy-s10e-g970f-piec;22153;100.0;2.4
nappe-nfc-ecouteur-galaxy-a52-4g-a525f-piec;21651;100.0;3.96
nappe-nfc-ecouteur-samsung-galaxy-a52-a525f-a526b-piec;21649;100.0;4.56
nappe-nfc-haut-parleur-samsung-galaxy-note-20-ultra-piec;21939;100.0;10.8
nappe-nfc-haut-parleur-samsung-galaxy-s20-5g-g981b-piec;21929;100.0;10.8
nappe-nfc-haut-parleur-samsung-galaxy-s20-g986b-piec;21933;100.0;10.8
nappe-nfc-haut-parleur-samsung-galaxy-s21-g991b-piec;21930;100.0;10.8
nappe-nfc-haut-parleur-samsung-galaxy-s21-ultra-g998b-piec;21938;100.0;10.8
nappe-nfc-haut-parleur-samsung-galaxy-s21-g996b-piec;21927;100.0;10.8
nappe-nfc-haut-parleur-samsung-galaxy-s22-s906b-piec;21920;100.0;10.8
nappe-nfc-haut-parleur-samsung-galaxy-s23-ultra-5g-s918b-piec;21928;100.0;12.0
nappe-nfc-haut-parleur-samsung-galaxy-s24-s921b-piec;21923;100.0;14.4
nappe-nfc-haut-parleur-samsung-galaxy-s24-s926b-piec;21932;100.0;10.8
nappe-nfc-haut-parleur-samsung-galaxy-s23-5g-s916b-piec;22252;100.0;13.2
nappe-nfc-antenne-samsung-galaxy-m31-m315f-gh42-06555a-origine;18246;100.0;3.6
nappe-nfc-cache-carte-mere-samsung-galaxy-s20-fe-5g-g781b-piec;12958;100.0;3.6
nappe-nfc-ecouteur-interne-antenne-samsung-galaxy-a54-a546b-gh97-28752a-origine;18352;100.0;16.8
nappe-nfc-module-antenne-samsung-galaxy-a26-5g-a266b-origine;21100;100.0;4.8
nappe-nfc-module-antenne-samsung-galaxy-s10-lite-g770f-gh97-23805a-origine;18378;100.0;10.8
nappe-nfc-samsung-galaxy-a04s-4g-a047f-piec;21824;100.0;3.59
nappe-nfc-samsung-galaxy-a12-2020-a125f-piec;21673;100.0;1.8
nappe-nfc-samsung-galaxy-a13-4g-a135f-a137f-piec;21636;100.0;2.4
nappe-nfc-samsung-galaxy-a13-5g-a136b-piec;21802;100.0;4.8
nappe-nfc-samsung-galaxy-a20e-a202f-piec;22086;100.0;2.4
nappe-nfc-samsung-galaxy-a22-5g-a226b;15095;100.0;5.76
nappe-nfc-samsung-galaxy-a3-2017-a320f;11030;100.0;1.2
nappe-nfc-samsung-galaxy-a33-5g-a336b-piec;21626;100.0;2.52
nappe-nfc-samsung-galaxy-a34-5g-a346b-piec;21616;100.0;3.84
nappe-nfc-samsung-galaxy-a5-2017-a520f;11031;100.0;1.2
nappe-nfc-samsung-galaxy-a54-5g-a546b;21600;100.0;7.08
nappe-nfc-samsung-galaxy-a70-a705f;8120;100.0;3.52
nappe-nfc-samsung-galaxy-note-10-n970f-note-10-n975f;12399;100.0;4.34
nappe-nfc-samsung-galaxy-note-20-n980f-n981f;14208;100.0;9.6
nappe-nfc-samsung-galaxy-note-20-ultra-5g-n986b;14218;100.0;7.61
nappe-nfc-samsung-galaxy-note-7-n930f-occasion;8740;100.0;1.2
nappe-nfc-samsung-galaxy-note-8-n950f;10751;100.0;4.1
nappe-nfc-samsung-galaxy-note-9-n960f-piec;22151;100.0;3.6
nappe-nfc-samsung-galaxy-s10-g973f-piec;9430;100.0;1.8
nappe-nfc-samsung-galaxy-s10-lite-g770f-gh42-06475a-origine;18313;100.0;4.8
nappe-nfc-samsung-galaxy-s10-g975f-origine;8950;100.0;2.77
nappe-nfc-samsung-galaxy-s20-g980f-g981b;14269;100.0;12.0
nappe-nfc-samsung-galaxy-s20-ultra-g988f-g988b-origine;12641;100.0;14.4
nappe-nfc-samsung-galaxy-s21-ultra-g998b;15105;100.0;9.26
nappe-nfc-samsung-galaxy-s23-s911b-gh97-28438a-origine;18351;100.0;12.0
nappe-nfc-samsung-galaxy-s23-fe-5g-s711b-piec;22740;100.0;3.6
nappe-nfc-samsung-galaxy-s23-s916b-gh42-06954a-origine;18541;100.0;13.2
nappe-nfc-samsung-galaxy-s6-g920f;3920;100.0;2.4
nappe-nfc-samsung-galaxy-s7-g930f;10495;100.0;1.2
nappe-nfc-samsung-galaxy-s7-g930f-piec;22148;100.0;2.4
nappe-nfc-samsung-galaxy-s7-edge-g935f;10496;100.0;1.2
nappe-nfc-samsung-galaxy-s7-edge-g935f-piec;22149;100.0;2.4
nappe-nfc-samsung-galaxy-s8-g950f;4369;100.0;2.16
nappe-nfc-samsung-galaxy-s8-g950f-piec;22145;100.0;2.4
nappe-nfc-samsung-galaxy-s9-g960f-piec;22142;100.0;3.6
nappe-nfc-samsung-galaxy-tab-active-pro-10-1-t540-t545-gh42-06402a-origine;18383;100.0;6.0
nappe-nfc-samsung-galaxy-z-flip3-5g-f711b;15067;100.0;2.99
nappe-nfc-samsung-galaxy-z-flip4-5g-f721b;16873;100.0;2.71
nappe-nfc-samsung-galaxy-z-fold3-5g-f926b-gh97-26650a-origine;17338;100.0;10.8
nappe-nfc-samsung-galaxy-z-fold4-5g-f936b;16105;100.0;6.42
nappe-power-rev0-0-samsung-galaxy-a5-a500fu;5470;100.0;2.4
nappe-power-flash-micro-iphone-xs-xs-max;11713;100.0;1.68
nappe-power-vibreur-samsung-galaxy-note-4-n910f;5177;100.0;2.4
nappe-power-volume-rev01-samsung-galaxy-tab-3-8-0-t310-t315;3113;100.0;2.4
nappe-power-volume-rev06-samsung-galaxy-tab-3-8-0-t310-t315;8975;100.0;2.4
nappe-power-volume-charge-sans-fil-iphone-12-mini-reconditionne-piec;13183;100.0;3.6
nappe-power-volume-charge-sans-fil-iphone-12-pro-max-reconditionne-piec;13159;100.0;3.84
nappe-power-volume-charge-sans-fil-iphone-12-pro-reconditionne-piec;13167;100.0;3.6
nappe-power-volume-charge-sans-fil-iphone-12-reconditionne-piec;13175;100.0;3.6
nappe-power-volume-flash-ipad-pro-11;9043;100.0;24.0
nappe-power-volume-flash-ipad-pro-12-9-3eme-gen;9014;100.0;24.0
nappe-power-volume-jack-iphone-3gs-blanc;539;100.0;1.2
nappe-power-volume-vibreur-iphone-6s;6523;100.0;4.32
nappe-power-volume-huawei-mate-10-alp-l09;10886;100.0;14.4
nappe-power-volume-huawei-nexus-6p;8349;100.0;14.4
nappe-power-volume-huawei-nova-can-l01;7975;100.0;9.6
nappe-power-volume-huawei-p10-vtr-l09;7903;100.0;9.6
nappe-power-volume-huawei-p20;11468;100.0;1.82
nappe-power-volume-huawei-p20-lite;11476;100.0;1.39
nappe-power-volume-huawei-p8-lite-2017;7820;100.0;10.8
nappe-power-volume-huawei-p9-eva-l09;8318;100.0;1.2
nappe-power-volume-ipad-air-2017-9-7-ipad-mini-mini-2;1904;100.0;2.4
nappe-power-volume-ipad-mini-2-mini-3;4239;100.0;2.4
nappe-power-volume-ipad-pro-10-5;10787;100.0;4.14
nappe-power-volume-ipad-pro-12-9-2eme-gen;11667;100.0;20.4
nappe-power-volume-samsung-galaxy-a71-a715f;3660;100.0;1.62
nappe-power-volume-samsung-galaxy-a9-2018-a920f-noir;11899;100.0;4.24
nappe-power-volume-samsung-galaxy-note-pro-12-2-p905;6382;100.0;2.4
nappe-power-volume-samsung-galaxy-s20-fe-g780b-g781f;22183;100.0;3.6
nappe-power-volume-samsung-galaxy-tab-10-1-p7500-p7510;4122;100.0;2.4
nappe-power-volume-samsung-galaxy-tab-2-10-1-p5100-p5110;3394;100.0;2.4
nappe-power-volume-samsung-galaxy-tab-3-10-1-p5200;3122;100.0;2.4
nappe-power-volume-samsung-galaxy-tab-3-7-0-t210;4103;100.0;2.4
nappe-power-volume-samsung-galaxy-tab-4-10-1-t530-t535;5466;100.0;2.32
nappe-power-volume-samsung-galaxy-tab-4-7-0-t230;5178;100.0;2.4
nappe-power-volume-samsung-galaxy-tab-s2-9-7-t810-t815;10529;100.0;2.28
nappe-power-volume-samsung-galaxy-tab-s3-9-7-t820-t825;11084;100.0;4.8
nappe-power-lecteur-d-empreintes-samsung-galaxy-a12-2020-a125f-a12-a127f-blanc;13287;100.0;7.99
nappe-power-lecteur-d-empreintes-samsung-galaxy-a12-2020-a125f-a12-a127f-bleu;13288;100.0;4.9
nappe-power-lecteur-d-empreintes-samsung-galaxy-a12-2020-a125f-a12-a127f-noir;13286;100.0;3.6
nappe-power-lecteur-d-empreintes-samsung-galaxy-z-flip7-5g-f766b-bleu-piec;23362;100.0;6.77
nappe-power-lecteur-d-empreintes-samsung-galaxy-z-flip7-5g-f766b-rouge-piec;23364;100.0;6.77
nappe-power-lecteur-d-empreintes-samsung-galaxy-z-flip7-5g-f766b-vert-clair-piec;23363;100.0;6.77
nappe-power-lecteur-d-empreintes-samsung-galaxy-z-fold7-5g-f966b-argent-piec;23376;100.0;9.47
nappe-power-lecteur-d-empreintes-samsung-galaxy-z-fold7-5g-f966b-bleu-piec;23377;100.0;9.47
nappe-power-lecteur-d-empreintes-samsung-galaxy-z-fold7-5g-f966b-noir-piec;23375;100.0;9.47
nappe-power-lecteur-d-empreintes-samsung-galaxy-z-fold7-5g-f966b-vert-clair-piec;23378;100.0;9.47
nappe-power-volume-charge-sans-fil-iphone-13-mini-reconditionne-piec;14394;100.0;5.52
nappe-power-volume-charge-sans-fil-iphone-13-pro;14430;100.0;3.6
nappe-power-volume-charge-sans-fil-iphone-13-pro-max-reconditionne-piec;14422;100.0;3.6
nappe-power-volume-charge-sans-fil-iphone-13-reconditionne-piec;14440;100.0;4.8
nappe-power-volume-charge-sans-fil-iphone-xs-max-reconditionne-piec;17056;100.0;8.4
nappe-power-volume-flash-support-iphone-8-se-2020-reconditionne-piec;6848;100.0;2.28
nappe-power-volume-samsung-galaxy-a03s-a037f-a037g;15608;100.0;2.59
nappe-power-volume-samsung-galaxy-a30-a305f-a30s-a307f-a40-a405f-a50-a505f-gh96-;18362;100.0;1.56
nappe-power-volume-samsung-galaxy-a34-a346b-gh59-15622a-origine;18703;100.0;7.2
nappe-power-volume-samsung-galaxy-a35-5g-a356b-piec;22067;100.0;2.16
nappe-power-volume-samsung-galaxy-a51-a515f-a71-a715f;12857;100.0;1.76
nappe-power-volume-samsung-galaxy-a54-5g-a546b;16092;100.0;1.76
nappe-power-volume-samsung-galaxy-fold-f900f-gh59-14986a-origine;18235;100.0;3.6
nappe-power-volume-samsung-galaxy-note-10-lite-n770;14214;100.0;3.17
nappe-power-volume-samsung-galaxy-s20-g980f-s20-5g-g981f-s20-g985f-s20-5g-g986f-;18754;100.0;6.0
nappe-power-volume-samsung-galaxy-s21-fe-g990b;15560;100.0;5.47
nappe-power-volume-samsung-galaxy-s22-s906b-gh59-15526a-origine;18300;100.0;4.8
nappe-power-volume-samsung-galaxy-s23-s911b-s23-s916b-gh59-15613a-origine;18388;100.0;6.0
nappe-power-volume-samsung-galaxy-s23-ultra-s918b-gh59-15612a-origine;18706;100.0;6.0
nappe-power-volume-samsung-galaxy-tab-a7-lite-t220-t225-gh81-20670a-origine;18288;100.0;3.6
nappe-power-volume-samsung-galaxy-tab-a8-10-5-2021-x200-x205;14760;100.0;1.56
nappe-power-assemble-iphone-5s;3226;100.0;2.4
nappe-power-assemblee-iphone-4;1834;100.0;2.4
nappe-power-avec-flash-ipad-pro-9-7;13958;100.0;2.4
nappe-power-huawei-p20-pro;11471;100.0;1.56
nappe-power-ipad-10-9-10e-gen-2022-argent;19968;100.0;12.71
nappe-power-ipad-air-4-argent;16532;100.0;4.8
nappe-power-ipad-air-4-noir;16530;100.0;7.79
nappe-power-ipad-mini-4;8336;100.0;4.8
nappe-power-ipad-mini-6-2021;18920;100.0;14.51
nappe-power-iphone-11-pro-max-reconditionne-piec;12799;100.0;3.6
nappe-power-iphone-11-pro-reconditionne-piec;12806;100.0;2.4
nappe-power-iphone-11-reconditionne-piec;12807;100.0;4.58
nappe-power-iphone-14-plus-reconditionne-piec;16685;100.0;6.92
nappe-power-iphone-14-reconditionne-piec;16605;100.0;3.6
nappe-power-iphone-15-plus-reconditionne-piec;17889;100.0;3.6
nappe-power-iphone-15-pro-max-reconditionne-piec;17921;100.0;7.2
nappe-power-iphone-15-reconditionne-piec;17882;100.0;3.6
nappe-power-iphone-17-piec;21423;100.0;14.4
nappe-power-iphone-17-pro-piec;21431;100.0;13.2
nappe-power-iphone-17-pro-max-piec;21443;100.0;13.2
nappe-power-iphone-6-plus-reconditionne-piec;4608;100.0;3.6
nappe-power-iphone-6-reconditionne-piec;4577;100.0;3.6
nappe-power-iphone-6s-plus-reconditionne-piec;6789;100.0;3.6
nappe-power-iphone-x-reconditionne-piec;10791;100.0;1.82
nappe-power-samsung-galaxy-a-53-5g-a536b;14961;100.0;3.76
nappe-power-samsung-galaxy-a01-2020-a015f;13492;100.0;4.02
nappe-power-samsung-galaxy-a03-core-a032f-reconditionne-piec;20488;100.0;2.4
nappe-power-samsung-galaxy-a05-a055f;19784;100.0;1.51
nappe-power-samsung-galaxy-a06-a065f;19793;100.0;1.99
nappe-power-samsung-galaxy-a07-4g-a075f-piec;22832;100.0;2.4
nappe-power-samsung-galaxy-a12-2020-a125f-noir;16027;100.0;8.14
nappe-power-samsung-galaxy-a16-4g-a165f-piec;22854;100.0;2.4
nappe-power-samsung-galaxy-a16-5g-a166b-piec;22868;100.0;2.4
nappe-power-samsung-galaxy-a17-4g-a175f-a17-5g-a176b-piec;20981;100.0;2.4
nappe-power-samsung-galaxy-a20s-a207f;13731;100.0;1.44
nappe-power-samsung-galaxy-a21s-2020-a217f-piec;20265;100.0;1.68
nappe-power-samsung-galaxy-a25-5g-a256b-reconditionne-piec;20491;100.0;7.2
nappe-power-samsung-galaxy-a3-a300fu;3885;100.0;2.4
nappe-power-samsung-galaxy-a3-2017-a320f;9071;100.0;1.2
nappe-power-samsung-galaxy-a33-5g-a336b;15009;100.0;2.95
nappe-power-samsung-galaxy-a36-5g-a366b-a56-5g-a566b-piec;20919;100.0;2.4
nappe-power-samsung-galaxy-a37-5g-a376b-piec;22879;100.0;2.4
nappe-power-samsung-galaxy-a42-5g-a426b;13238;100.0;1.34
nappe-power-samsung-galaxy-a5-2017-a520f-a7-2017-a720f;9309;100.0;1.34
nappe-power-samsung-galaxy-a51-4g-a515f-a71-4g-a715f-piec;22036;100.0;1.76
nappe-power-samsung-galaxy-a53-5g-a536b-piec;22018;100.0;2.4
nappe-power-samsung-galaxy-a55-5g-a556b;18053;100.0;2.74
nappe-power-samsung-galaxy-a57-5g-a576b-piec;22886;100.0;2.4
nappe-power-samsung-galaxy-a7-a700f;3895;100.0;2.4
nappe-power-samsung-galaxy-a8-2018-a530f;10983;100.0;5.38
nappe-power-samsung-galaxy-alpha-g850f;5535;100.0;2.4
nappe-power-samsung-galaxy-j3-2017-j330f-j5-2017-j530f-j7-2017-j730f-a6-2018-a60;10471;100.0;1.4
nappe-power-samsung-galaxy-j6-2018-j600f;11651;100.0;1.7
nappe-power-samsung-galaxy-nexus-i9250;9563;100.0;2.4
nappe-power-samsung-galaxy-note-7-n930f;8642;100.0;2.4
nappe-power-samsung-galaxy-note-8-n950f;10724;100.0;12.0
nappe-power-samsung-galaxy-note-8-0-n5110-n5100;5686;100.0;2.4
nappe-power-samsung-galaxy-s10-g973f;9418;100.0;1.54
nappe-power-samsung-galaxy-s23-fe-s711b;18011;100.0;4.8
nappe-power-samsung-galaxy-s24-s926b;17355;100.0;3.48
nappe-power-samsung-galaxy-s25-5g-s931b-piec;22940;100.0;3.0
nappe-power-samsung-galaxy-s25-fe-s731b-s25-s936b-piec;22846;100.0;3.6
nappe-power-samsung-galaxy-s25-ultra-5g-s938b-piec;22951;100.0;3.6
nappe-power-samsung-galaxy-s5-g900f;4092;100.0;2.4
nappe-power-samsung-galaxy-s6-g920f;3925;100.0;1.08
nappe-power-samsung-galaxy-tab-a11-4g-x135f-piec;22930;100.0;2.4
nappe-power-samsung-galaxy-tab-a11-5g-x236b-piec;22933;100.0;2.4
nappe-power-samsung-galaxy-tab-a7-lite-wifi-lte-t220-t225-piec;23049;100.0;2.4
nappe-power-samsung-galaxy-tab-active-pro-10-1-t540-t545-piec;22994;100.0;2.4
nappe-power-samsung-galaxy-tab-pro-8-4-t320;5181;100.0;2.4
nappe-power-samsung-galaxy-trend-s7560-s-duos-s7562;1302;100.0;2.4
nappe-power-samsung-galaxy-xcover-2-s7710;8006;100.0;2.4
nappe-power-volume-samsung-galaxy-a20e-a202f-piec;22087;100.0;2.28
nappe-principal-2-samsung-galaxy-a30-a305f-piec;22118;100.0;1.92
nappe-principale-carte-mere-charge-huawei-p9-eva-l09;8314;100.0;1.2
nappe-principale-carte-mere-charge-samsung-galaxy-tab-s3-9-7-t820-t825;11319;100.0;3.6
nappe-principale-charge-carte-mere-huawei-mate-10-alp-l09;10884;100.0;14.4
nappe-principale-charge-carte-mere-huawei-p10-vtr-l09;10586;100.0;12.0
nappe-principale-charge-carte-mere-huawei-p20-lite;11150;100.0;12.0
nappe-principale-charge-vibreur-iphone-8-se-2020;10780;100.0;0.72
nappe-principale-clavier-ipad-pro-11;9018;100.0;24.0
nappe-principale-version-m16-samsung-galaxy-a10s-a107f;14084;100.0;4.74
nappe-principale-lecteur-d-empreintes-huawei-p20-lite;11151;100.0;4.8
nappe-principale-1-samsung-galaxy-a50-a505f-a50s-a507f-a30-a305f;12080;100.0;1.8
nappe-principale-1-samsung-galaxy-a50s-2019-a507f;13501;100.0;7.12
nappe-principale-2-samsung-galaxy-a50-a505f;6842;100.0;2.57
nappe-principale-2-samsung-galaxy-a50s-2019-a507f;13502;100.0;4.2
nappe-principale-antenne-huawei-p9-eva-l09;8566;100.0;2.4
nappe-principale-antenne-samsung-galaxy-tab-a-2018-10-5-t590-t595;12281;100.0;2.83
nappe-principale-carte-mere-home-iphone-6-plus;5147;100.0;3.6
nappe-principale-charge-samsung-galaxy-tab-a-2018-10-5-t590-t595;12279;100.0;2.57
nappe-principale-clavier-ipad-pro-12-9;8571;100.0;4.14
nappe-principale-clavier-samsung-galaxy-tab-a-2018-10-5-t590-t595;12278;100.0;2.83
nappe-principale-ctc-samsung-galaxy-z-fold2-5g-f916b;15394;100.0;2.44
nappe-principale-home-support-ecran-iphone-6-plus;5146;100.0;7.2
nappe-principale-huawei-ascend-mate-7;7433;100.0;2.4
nappe-principale-huawei-p-smart-fig-lx1;11184;100.0;2.14
nappe-principale-huawei-p10-lite-was-l03t;9039;100.0;10.8
nappe-principale-huawei-p8-lite-2017;7825;100.0;12.0
nappe-principale-ldf-samsung-galaxy-z-fold2-5g-f916b;15395;100.0;7.42
nappe-principale-lecteur-d-empreintes-huawei-p-smart-fig-lx1;11186;100.0;14.4
nappe-principale-samsung-galaxy-1-2-s20-fe-4g-g780f-5g-g781b;13779;100.0;3.02
nappe-principale-samsung-galaxy-a10-a105f;4912;100.0;1.9
nappe-principale-samsung-galaxy-a10s-a107f;12834;100.0;2.08
nappe-principale-samsung-galaxy-a12s-a127f-piec;22110;100.0;2.52
nappe-principale-samsung-galaxy-a15-a156b;17839;100.0;3.32
nappe-principale-samsung-galaxy-a17-4g-a175f-5g-a176b-a16-4g-a165f-5g-a166b-a26-;19615;100.0;4.54
nappe-principale-samsung-galaxy-a17-4g-a175f-5g-a176b-a16-4g-a165f-5g-a166b-a26--2;21057;100.0;6.0
nappe-principale-samsung-galaxy-a20e-a202f-piec;3704;100.0;2.4
nappe-principale-samsung-galaxy-a20s-a207f-piec;13733;100.0;2.4
nappe-principale-samsung-galaxy-a21s-2020-a217f-piec;12924;100.0;2.4
nappe-principale-samsung-galaxy-a22-4g-a225f;14193;100.0;3.28
nappe-principale-samsung-galaxy-a22-5g-a226b-piec;14951;100.0;2.57
nappe-principale-samsung-galaxy-a24-4g-a245f;19659;100.0;4.03
nappe-principale-samsung-galaxy-a25-5g-a256b;17846;100.0;3.58
nappe-principale-samsung-galaxy-a26-5g-a266b-piec;22828;100.0;4.8
nappe-principale-samsung-galaxy-a30s-a307f;12336;100.0;4.2
nappe-principale-samsung-galaxy-a31-a315f;12865;100.0;3.53
nappe-principale-samsung-galaxy-a32-a325f-piec;21536;100.0;2.76
nappe-principale-samsung-galaxy-a32-a326b;21751;100.0;8.4
nappe-principale-samsung-galaxy-a32-4g-a325f-origine;14670;100.0;3.65
nappe-principale-samsung-galaxy-a33-5g-a336b-piec;15008;100.0;2.16
nappe-principale-samsung-galaxy-a34-5g-a346b-a54-5g-a546b;21595;100.0;2.04
nappe-principale-samsung-galaxy-a34-5g-a346b-a54-5g-a546b-origine;16094;100.0;9.6
nappe-principale-samsung-galaxy-a35-5g-a356b-a55-5g-a556b;18051;100.0;3.0
nappe-principale-samsung-galaxy-a35-5g-a356b-a55-5g-a556b-origine;21118;100.0;12.0
nappe-principale-samsung-galaxy-a40-a405f;4934;100.0;1.81
nappe-principale-samsung-galaxy-a41-a415f-piec;12385;100.0;1.2
nappe-principale-samsung-galaxy-a42-5g-a426b-piec;13682;100.0;1.2
nappe-principale-samsung-galaxy-a51-a515f-piec;3758;100.0;2.4
nappe-principale-samsung-galaxy-a52-4g-a525f-a52-5g-a526b-piec;13416;100.0;4.2
nappe-principale-samsung-galaxy-a52s-5g-a528b-piec;15221;100.0;2.64
nappe-principale-samsung-galaxy-a53-5g-a536b-piec;14960;100.0;3.36
nappe-principale-samsung-galaxy-a56-5g-a566b-a36-5g-a366b-a37-5g-a376b-piec;20918;100.0;2.99
nappe-principale-samsung-galaxy-a7-2018-a750f;6705;100.0;3.0
nappe-principale-samsung-galaxy-a70-a705f;12135;100.0;4.58
nappe-principale-samsung-galaxy-a70-a705f-origine;22164;100.0;9.6
nappe-principale-samsung-galaxy-a71-a715f-piec;13431;100.0;3.6
nappe-principale-samsung-galaxy-a73-5g-a736b;19961;100.0;4.18
nappe-principale-samsung-galaxy-a80-a805f;9300;100.0;3.25
nappe-principale-samsung-galaxy-fold-f900f;12935;100.0;4.54
nappe-principale-samsung-galaxy-m30s-m307f;12283;100.0;4.36
nappe-principale-samsung-galaxy-note-10-n970f;12365;100.0;2.35
nappe-principale-samsung-galaxy-note-10-lite-n770f;12246;100.0;4.73
nappe-principale-samsung-galaxy-note-10-n975f;13922;100.0;3.34
nappe-principale-samsung-galaxy-note-20-n980f-n981f;14272;100.0;2.95
nappe-principale-samsung-galaxy-note-pro-12-2-p905;6381;100.0;2.4
nappe-principale-samsung-galaxy-s10-5g-g977b;16156;100.0;5.16
nappe-principale-samsung-galaxy-s20-4g-g980f-s20-5g-g981b-piec;3691;100.0;2.4
nappe-principale-samsung-galaxy-s20-ultra-g988f-g988b-piec;12398;100.0;2.4
nappe-principale-samsung-galaxy-s20-g985f;12203;100.0;3.58
nappe-principale-samsung-galaxy-s21-g991b-piec;21385;100.0;3.6
nappe-principale-samsung-galaxy-s21-g991b-origine-gh82-28161a;17281;100.0;8.4
nappe-principale-samsung-galaxy-s21-fe-g990b-piec;15555;100.0;2.4
nappe-principale-samsung-galaxy-s21-ultra-5g-g998b-piec;13063;100.0;3.0
nappe-principale-samsung-galaxy-s21-g996b-piec;21369;100.0;3.6
nappe-principale-samsung-galaxy-s21-5g-g996b-gh59-15400a-origine;20230;100.0;9.6
nappe-principale-samsung-galaxy-s22-s901b-piec;14700;100.0;3.0
nappe-principale-samsung-galaxy-s22-ultra-s908b;14710;100.0;2.99
nappe-principale-samsung-galaxy-s22-s906b-piec;14708;100.0;3.0
nappe-principale-samsung-galaxy-s23-s911b-piec;15838;100.0;3.6
nappe-principale-samsung-galaxy-s23-fe-s711b;17312;100.0;6.53
nappe-principale-samsung-galaxy-s23-ultra-s918b-piec;15844;100.0;3.28
nappe-principale-samsung-galaxy-s23-ultra-s918b-gh82-30461a-origine;18533;100.0;10.8
nappe-principale-samsung-galaxy-s23-s916b;15839;100.0;5.52
nappe-principale-samsung-galaxy-s24-s921b-piec;19824;100.0;3.6
nappe-principale-samsung-galaxy-s24-fe-s721b;19828;100.0;6.91
nappe-principale-samsung-galaxy-s24-ultra-s928b;18012;100.0;5.21
nappe-principale-samsung-galaxy-s24-s926b;19825;100.0;4.18
nappe-principale-samsung-galaxy-s25-fe-s731b-piec;22844;100.0;6.0
nappe-principale-samsung-galaxy-s25-s936b-s26-5g-s947b-piec;19830;100.0;4.8
nappe-principale-samsung-galaxy-s26-ultra-s948u-piec;23353;100.0;4.6
nappe-principale-samsung-galaxy-tab-a-2019-10-1-t510-t515;13743;100.0;2.33
nappe-principale-samsung-galaxy-tab-a11-4g-x135f-piec;22929;100.0;3.6
nappe-principale-samsung-galaxy-tab-a6-tab-a-2016-10-1-t580-t585;3700;100.0;1.81
nappe-principale-samsung-galaxy-tab-a6-tab-a-2016-7-0-t280;14972;100.0;2.02
nappe-principale-samsung-galaxy-tab-a7-2020-10-4-t500-t505;14201;100.0;2.08
nappe-principale-samsung-galaxy-tab-a8-10-5-2021-x200-x205;14762;100.0;3.12
nappe-principale-samsung-galaxy-tab-a9-x110;18071;100.0;2.57
nappe-principale-samsung-galaxy-tab-a9-x210;18072;100.0;2.71
nappe-principale-samsung-galaxy-tab-active-3-t570-t575-gh59-15356a-origine;18344;100.0;12.0
nappe-principale-samsung-galaxy-tab-active-pro-10-1-t540-t545-gh59-15160a-origin;18733;100.0;3.6
nappe-principale-samsung-galaxy-tab-s11-5g-x736b-piec;22923;100.0;3.6
nappe-principale-samsung-galaxy-tab-s2-9-7-t810-t815;10519;100.0;2.4
nappe-principale-samsung-galaxy-tab-s5e-t720;3688;100.0;4.3
nappe-principale-samsung-galaxy-tab-s6-t865-t860;13006;100.0;3.46
nappe-principale-samsung-galaxy-tab-s6-lite-p610-p615;13775;100.0;2.16
nappe-principale-samsung-galaxy-tab-s8-wifi-x800;17715;100.0;4.8
nappe-principale-samsung-galaxy-tab-s9-fe-plus-x610-tab-s7-fe-t736b;18082;100.0;2.44
nappe-principale-samsung-galaxy-xcover-5-g525f;15543;100.0;6.0
nappe-principale-samsung-galaxy-xcover-6-pro-5g-g736b-piec;22958;100.0;3.6
nappe-principale-samsung-galaxy-xcover-7-5g-g556b-piec;22955;100.0;2.4
nappe-principale-samsung-galaxy-xcover-pro-g715f;16343;100.0;4.78
nappe-principale-samsung-galaxy-xcover7-pro-5g-g766b-piec;22960;100.0;3.0
nappe-principale-samsung-galaxy-z-flip-4g-f700f;14057;100.0;5.71
nappe-principale-samsung-galaxy-z-flip3-5g-f711b;14890;100.0;5.8
nappe-principale-samsung-galaxy-z-flip6-f741-origine;18549;100.0;18.19
nappe-principale-samsung-galaxy-z-flip7-5g-f766b-piec;23359;100.0;13.55
nappe-principale-samsung-galaxy-z-fold3-5g-f926b;15414;100.0;2.77
nappe-principale-samsung-galaxy-z-fold4-f936u-origine;19634;100.0;7.2
nappe-principale-samsung-galaxy-z-fold4-5g-f936b-gh82-29449a;15416;100.0;7.99
nappe-principale-samsung-galaxy-z-fold6-f956-origine;18544;100.0;14.23
nappe-principale-samsung-galaxy-z-fold6-5g-f956b-piec;22726;100.0;4.21
nappe-principale-samsung-galaxy-z-fold7-5g-f966b-piec;23370;100.0;13.55
nappe-prise-jack-samsung-tab-3-8-t310;3114;100.0;2.4
nappe-radar-iphone-17-pro-piec;21436;100.0;3.6
nappe-radar-iphone-17-pro-max-piec;21448;100.0;4.8
nappe-retour-samsung-galaxy-j3-2017-j330f;4474;100.0;1.03
nappe-samsung-galaxy-tab-s3-9-7-t820-t825;11351;100.0;9.6
nappe-sans-programmation-tag-on-fpc-a-clipser-sur-batterie-refox-rp30-iphone-11;16240;100.0;8.59
nappe-sans-programmation-tag-on-fpc-a-clipser-sur-batterie-refox-rp30-iphone-11-;16241;100.0;7.8
nappe-sans-programmation-tag-on-fpc-a-clipser-sur-batterie-refox-rp30-iphone-12--2;16242;100.0;7.2
nappe-sans-programmation-tag-on-fpc-a-clipser-sur-batterie-refox-rp30-iphone-12-;16243;100.0;6.48
nappe-sans-programmation-tag-on-fpc-a-clipser-sur-batterie-refox-rp30-iphone-13-;16245;100.0;11.17
nappe-sans-programmation-tag-on-fpc-a-clipser-sur-batterie-refox-rp30-iphone-14-;16909;100.0;11.57
nappe-scanner-lidar-iphone-12-pro;13216;100.0;1.2
nappe-scanner-lidar-iphone-12-pro-max;13209;100.0;1.68
nappe-scanner-lidar-iphone-13-pro-occasion-piec;22620;100.0;4.8
nappe-scanner-lidar-iphone-14-pro;16630;100.0;2.28
nappe-scanner-lidar-iphone-14-pro-max;16650;100.0;2.4
nappe-scanner-lidar-iphone-16-pro-max-origine;20284;100.0;24.0
nappe-sd-vibreur-samsung-galaxy-note-8-0-n5110;9361;100.0;2.4
nappe-sd-samsung-galaxy-note-pro-12-2-p900;6375;100.0;2.4
nappe-sd-samsung-galaxy-s3-mini-i8190;3099;100.0;2.4
nappe-sd-samsung-galaxy-tab-s2-9-7-t810-t815;10532;100.0;1.2
nappe-sim-jack-ipad-2;9363;100.0;1.2
nappe-sim-sd-samsung-galaxy-note-4-n910f;4680;100.0;2.4
nappe-sim-sd-samsung-galaxy-note-pro-12-2-p905;6379;100.0;2.4
nappe-sim-sd-samsung-galaxy-s-advance-i9070;9259;100.0;2.4
nappe-sim-sd-samsung-galaxy-s5-mini-g800f;4675;100.0;2.4
nappe-sim-sd-samsung-galaxy-tab-a-2018-10-5-t595;12275;100.0;3.1
nappe-sim-sd-samsung-galaxy-tab-a6-tab-a-2016-10-1-t585;3699;100.0;4.56
nappe-sim-sd-samsung-galaxy-tab-s3-9-7-t825;11330;100.0;9.6
nappe-sim-sd-samsung-galaxy-xcover-2-s7710;8009;100.0;2.4
nappe-sim-sd-samsung-galaxy-xcover-6-pro-g736b-gh59-15572a-origine;18306;100.0;7.2
nappe-sim-ipad-pro-12-9-2eme-gen;11664;100.0;18.0
nappe-sim-ipad-pro-12-9-3eme-gen;9015;100.0;2.4
nappe-sim-iphone-12-pro-max;14984;100.0;0.96
nappe-sim-iphone-14;16608;100.0;3.6
nappe-sim-iphone-14-plus;16688;100.0;3.6
nappe-sim-iphone-xr;13154;100.0;1.07
nappe-sim-samsung-galaxy-note-8-0-n5100;1874;100.0;2.4
nappe-sim-samsung-galaxy-s25-edge-s937b-piec;20964;100.0;8.4
nappe-sim-samsung-galaxy-s3-i9300;767;100.0;2.4
nappe-sim-samsung-galaxy-tab-10-1-p7500;4121;100.0;2.4
nappe-sim-samsung-galaxy-tab-a11-4g-x230-piec;22937;100.0;2.4
nappe-sim-samsung-galaxy-tab-a11-5g-x236b-piec;22936;100.0;2.4
nappe-sim-samsung-galaxy-tab-a6-tab-a-2016-7-0-t285;14974;100.0;4.78
nappe-sim-samsung-galaxy-tab-s11-5g-x936b-piec;22928;100.0;3.6
nappe-sim-samsung-galaxy-tab-s9-fe-plus-x610;18083;100.0;2.74
nappe-sim-samsung-galaxy-z-fold3-5g-f926b;15405;100.0;6.98
nappe-sim-samsung-galaxy-z-fold4-5g-f936b;15431;100.0;8.4
nappe-tactile-samsung-galaxy-tab-active-pro-10-1-t540-t545-gh59-15153a-origine;18381;100.0;4.8
nappe-test-lcd-ipad-air-2;11624;100.0;7.2
nappe-test-tactile-ipad-air-2;11635;100.0;7.2
nappe-test-iphone-4-4s;5044;100.0;1.8
nappe-test-lcd-ipad-mini;5051;100.0;2.4
nappe-test-lcd-ipad-mini-2;5052;100.0;2.4
nappe-test-lcd-iphone-3gs;5043;100.0;1.2
nappe-test-lcd-iphone-5;5046;100.0;2.4
nappe-test-lcd-iphone-5c;5045;100.0;1.8
nappe-test-lcd-samsung-galaxy-note-3-n9005;5054;100.0;2.4
nappe-test-lcd-samsung-galaxy-s-i9000-s2-i9100;5048;100.0;2.4
nappe-test-lcd-samsung-galaxy-s4-i9505-note-n7000;5053;100.0;2.4
nappe-touche-clavier-samsung-galaxy-s5-active-g870f-gh98-35788c-origine;18239;100.0;3.6
nappe-vibreur-jack-ecouteur-interne-samsung-galaxy-s2-i9100;677;100.0;2.4
nappe-vibreur-jack-samsung-galaxy-note-pro-12-2-p905;6380;100.0;2.4
nappe-vibreur-sim-sd-samsung-galaxy-note-10-1-2014-p605;8096;100.0;2.4
nappe-vibreur-huawei-ascend-y330;5417;100.0;9.0
nappe-vibreur-samsung-galaxy-s-iii-mini-i8190;3101;100.0;2.4
nappe-vibreur-samsung-galaxy-s-scl-i9003;836;100.0;2.4
nappe-vibreur-samsung-galaxy-s3-i9300;773;100.0;2.4
nappe-vibreur-samsung-galaxy-s4-i9505;3135;100.0;2.4
nappe-vibreur-samsung-galaxy-s4-mini-i9195;6190;100.0;2.4
nappe-vibreur-samsung-galaxy-s5-g900f;4091;100.0;2.4
nappe-vibreur-samsung-galaxy-trend-s7560-s-duos-s7562;2110;100.0;2.4
nappe-volume-connecteur-samsung-galaxy-mega-i9205;1446;100.0;2.4
nappe-volume-contact-samsung-galaxy-mega-i9205;10237;100.0;2.4
nappe-volume-bixby-samsung-galaxy-s8-g950f-s8-g955f-note-8-n950f-a8-2018-a530f;10612;100.0;2.4
nappe-volume-charge-sans-fil-iphone-xs;11714;100.0;4.8
nappe-volume-ecouteur-interne-jack-samsung-galaxy-alpha-g850f;4666;100.0;2.4
nappe-volume-ecouteur-interne-samsung-galaxy-s3-i9300;770;100.0;2.4
nappe-volume-sd-samsung-wave-ii-s8530;9435;100.0;1.2
nappe-volume-vibreur-jack-assemblee-iphone-4-blanc;3247;100.0;2.4
nappe-volume-vibreur-jack-assemblee-iphone-4-noir;1835;100.0;2.4
nappe-volume-vibreur-jack-iphone-4-blanc;1467;100.0;2.4
nappe-volume-vibreur-jack-iphone-4-noir;463;100.0;2.4
nappe-volume-vibreur-iphone-6;4585;100.0;2.96
nappe-volume-vibreur-iphone-6-plus;4606;100.0;1.2
nappe-volume-sonnerie-silencieux-iphone-15-pro-reconditionne-piec;17907;100.0;4.8
nappe-volume-ipad-air-3;21230;100.0;6.0
nappe-volume-ipad-mini-4;8337;100.0;4.8
nappe-volume-ipad-pro-9-7;8580;100.0;9.6
nappe-volume-samsung-galaxy-a01-2020-a015f;13493;100.0;2.54
nappe-volume-samsung-galaxy-a12-2020-a125f;16028;100.0;1.07
nappe-volume-samsung-galaxy-a20s-a207f;13732;100.0;1.44
nappe-volume-samsung-galaxy-a24-4g-a245f;19771;100.0;1.73
nappe-volume-samsung-galaxy-a26-5g-a266b-piec;20945;100.0;2.4
nappe-volume-samsung-galaxy-a3-a300fu;5464;100.0;2.4
nappe-volume-samsung-galaxy-a5-a500fu;5472;100.0;2.4
nappe-volume-samsung-galaxy-a6-2018-a600f;11368;100.0;2.4
nappe-volume-samsung-galaxy-a7-2018-a750f;11983;100.0;2.4
nappe-volume-samsung-galaxy-ace-s5830;9813;100.0;1.2
nappe-volume-samsung-galaxy-grand-i9060;5015;100.0;2.4
nappe-volume-samsung-galaxy-grand-i9082;5021;100.0;2.4
nappe-volume-samsung-galaxy-j6-2018-j600f;11652;100.0;1.39
nappe-volume-samsung-galaxy-note-4-n910f;4681;100.0;2.4
nappe-volume-samsung-galaxy-note-7-n930f;8643;100.0;2.4
nappe-volume-samsung-galaxy-s10-g973f;9419;100.0;3.29
nappe-volume-samsung-galaxy-s6-g920f;3926;100.0;1.08
nappe-volume-samsung-galaxy-s7-g930f;8269;100.0;1.92
nappe-volume-samsung-galaxy-s7-edge-g935f;8272;100.0;12.0
nappe-volume-samsung-galaxy-xcover-2-s7710;8007;100.0;2.4
nappe-volume-samsung-galaxy-xcover-6-pro-5g-g736b-piec;22959;100.0;2.4
nappe-volume-samsung-galaxy-z-flip3-5g-f711b-origine;15068;100.0;3.96
nappe-volume-samsung-galaxy-z-fold2-5g-f916b;15389;100.0;1.66
nappe-volume-samsung-galaxy-z-fold4-f936b-gh59-15591a-origine;18743;100.0;6.0
nappe-wacom-samsung-galaxy-tab-active-pro-10-1-t540-t545-piec;22995;100.0;2.4
nappe-wacom-samsung-galaxy-tab-active-pro-10-1-t540-t545-gh59-15154a-origine;18382;100.0;4.8
nappe-wi-fi-bluetooth-iphone-5c;3265;100.0;2.4
nappe-wi-fi-iphone-12-pro;13169;100.0;2.4
nappe-wi-fi-iphone-12-pro-max;13161;100.0;2.76
nappe-wi-fi-iphone-5s-se;3227;100.0;1.2
nappe-wi-fi-iphone-7-plus;10320;100.0;4.8
nappe-wifi-ipad-2;688;100.0;4.12
nappe-wifi-iphone-13;14439;100.0;2.4
nappe-wifi-iphone-13-mini;14393;100.0;11.75
nappe-wifi-iphone-13-pro;14429;100.0;3.92
nappe-wifi-iphone-13-pro-max;14421;100.0;4.08
nappe-wifi-samsung-galaxy-z-fold2-5g-f916b-gh96-13692a-origine;18538;100.0;3.6
nfc-f-antenna-control-chip-iphone-13-pro;16284;100.0;3.6
nfc-p-antenna-ic-iphone-13;16277;100.0;3.6
pack-adaptateurs-nano-sim-micro-sim-sim-noosy-noir;760;100.0;5.0
phone-bumper-coque-iphone-11-pro-silicone-bumper-blanc;12791;100.0;2.4
phone-bumper-coque-iphone-11-pro-silicone-bumper-noir;12790;100.0;2.4
phone-bumper-coque-iphone-11-pro-silicone-bumper-rouge;12792;100.0;2.4
phone-bumper-coque-iphone-12-12-pro-silicone-bumper-bleu-fonce;12999;100.0;2.4
phone-bumper-coque-iphone-12-12-pro-silicone-bumper-noir;12997;100.0;2.4
phone-bumper-coque-iphone-12-12-pro-silicone-bumper-rouge;12998;100.0;2.4
phone-bumper-coque-iphone-12-mini-silicone-bumper-bleu-fonce;12996;100.0;2.4
phone-bumper-coque-iphone-12-mini-silicone-bumper-noir;12994;100.0;2.4
phone-bumper-coque-iphone-12-mini-silicone-bumper-rouge;12995;100.0;2.4
phone-bumper-coque-iphone-12-pro-max-silicone-bumper-bleu-fonce;13002;100.0;2.4
phone-bumper-coque-iphone-12-pro-max-silicone-bumper-noir;13000;100.0;2.4
phone-bumper-coque-iphone-12-pro-max-silicone-bumper-rouge;13001;100.0;2.4
phone-bumper-vitre-de-protection-arriere-pour-bumper-iphone-12-mini-transparent;13078;100.0;2.4
phone-bumper-vitre-de-protection-arriere-pour-bumper-iphone-12-pro-max-transpare;13080;100.0;2.4
pince-brucelle-pointu-q2-best;8869;100.0;2.26
plaque-metallique-cache-nappe-ecran-iphone-4s;380;100.0;1.2
plaques-iphone-13;19641;100.0;6.0
plaques-iphone-13-pro-max;19440;100.0;3.6
plaques-iphone-14-pro-max;19442;100.0;9.0
plaques-iphone-15;19678;100.0;7.2
plaques-iphone-16;19473;100.0;24.0
plaques-iphone-16-pro;19450;100.0;17.82
plaques-iphone-16-pro-max;20281;100.0;8.4
plaques-iphone-16e;20293;100.0;10.8
plaques-iphone-17-origine-demonter-piec;22591;100.0;24.0
plaques-iphone-17-pro-origine-demonte-piec;21724;100.0;24.0
plaques-samsung-galaxy-note-20-n980f-5g-n981b;19488;100.0;3.6
plaques-samsung-galaxy-z-flip-4g-f700f;19544;100.0;9.6
plaques-samsung-galaxy-z-flip3-5g-f711b;19737;100.0;4.8
pochette-etanche-smartphone-ipx8-jusqu-a-7-2-avec-cordon-usams-yd017-noir;23137;100.0;6.0
pochette-water-proof-telephone-ipx8-usams-us-yd011-bleu;16406;100.0;6.46
pochette-water-proof-telephone-ipx8-usams-us-yd011-noir;16405;100.0;6.0
positionnement-gps-ic-rf1331-iphone-6-6-plus;7041;100.0;4.8
power-amplifier-ic-9723-iphone-13;16282;100.0;3.6
power-amplifier-ic-u-et2-k-iphone-xr-xs-xs-max;16791;100.0;4.3
power-amplifier-ic-usi-u1-iphone-13-13-pro-max;16281;100.0;5.18
power-bank-batterie-externe-10000-mah-3-ports-usb-2x-usb-a-1x-usb-c-charge-rapid;20539;100.0;11.42
power-bank-batterie-externe-10000-mah-charge-rapide-20w-avec-cable-pour-iphone-e;19573;100.0;18.88
power-bank-batterie-externe-10000-mah-charge-rapide-20w-pd-avec-cable-retractabl;22139;100.0;20.4
power-bank-batterie-externe-10000-mah-double-port-usb-usams-us-cd150-blanc;18907;100.0;11.17
power-bank-batterie-externe-10000-mah-double-port-usb-usams-us-cd150-noir;18906;100.0;11.17
power-bank-batterie-externe-10000-mah-magnetique-20w-sans-fil-usb-c-usams-cd242-;22427;100.0;22.8
power-bank-batterie-externe-10000-mah-magnetique-sans-fil-charge-rapide-usams-cd;15321;100.0;47.78
power-bank-batterie-externe-10000-mah-pb71-2-ports-usb-usams-us-cd205-noir;18436;100.0;11.68
power-bank-batterie-externe-10000mah-oppo-supervooc-33w-pbsv03-blanc-origine;17999;100.0;36.0
power-bank-batterie-externe-20000-mah-3-ports-usb-2x-usb-a-1x-usb-c-charge-rapid;20540;100.0;15.79
power-bank-batterie-externe-5000-mah-usb-c-charge-rapide-20w-pd-magnetique-sans-;20541;100.0;19.13
power-ic-338s00354-iphone-11;14578;100.0;9.82
power-ic-343s0655-a1-ipad-air;7886;100.0;7.06
power-ic-apple-338s00120-dialog-iphone-6s-6s-plus;8700;100.0;13.2
power-ic-apple-338s1131-dialog-iphone-5;8683;100.0;2.4
power-ic-apple-338s1251-az-dialog-iphone-6-6-plus;8694;100.0;8.4
power-ic-grande-s560-samsung-galaxy-s9-s9;14735;100.0;7.2
power-ic-petite-max77705f-samsung-galaxy-s9-s9;14736;100.0;2.7
power-ic-petite-pm8005-samsung-galaxy-s8-s8-note8;14724;100.0;3.6
power-ic-qualcomm-pm8018-rf-iphone-5;8682;100.0;2.4
power-ic-qualcomm-pm8018-rf-iphone-5c;8687;100.0;1.2
power-ic-qualcomm-pm8018-rf-iphone-5s;8690;100.0;2.4
power-ic-qualcomm-pm8019-iphone-6-6-plus;8697;100.0;6.0
power-ic-qualcomm-pmd9635-iphone-6s-6s-plus;8699;100.0;6.0
power-ic-texas-instruments-65730aop-iphone-6s-6s-plus;8698;100.0;4.8
power-ic-pm8150-grande-samsung-galaxy-s10-g973f;14741;100.0;4.8
power-ic-pm8150c-petite-samsung-galaxy-s10;14740;100.0;4.8
power-ic-pmx65-000-iphone-14-14-plus-14-pro-14-pro-max;20149;100.0;2.4
power-ic-s535-samsung-galaxy-s7;14881;100.0;3.52
power-management-ic-338s00309-b0-iphone-8-8-plus;14607;100.0;2.94
power-management-ic-338s00341-b1-iphone-x;14608;100.0;9.76
power-management-ic-338s00383-iphone-xs-xr;14609;100.0;3.6
power-management-ic-338s00456-iphone-xs-max;14610;100.0;23.99
power-management-ic-338s1216-a2-iphone-5s;7541;100.0;2.4
power-management-ic-343s00090-ipad-pro-12-9-2eme-gen-2017;16827;100.0;6.52
power-management-ic-grande-s5200-samsung-galaxy-s10;14744;100.0;4.3
power-management-ic-u1801-iphone-7-7-plus;4367;100.0;9.6
power-management-ic-u8100-ipad-mini-2-2013;15617;100.0;2.4
power-management-pmic-ic-343s00465-ipad-air-5-2022;17592;100.0;18.19
power-managment-ic-343s00394-ipad-air-4-origine;16480;100.0;15.56
power-suply-ic-343s00422-ipad-air-4-origine;16481;100.0;16.8
presentoir-avec-30-cables-usb-pour-iphone-usams-us-sj311-u26-noir;14900;100.0;63.0
presentoir-avec-30-cables-usb-type-c-usams-sj313-noir;14901;100.0;64.58
presentoir-rock-space-avec-afficheur-lcd;13898;100.0;34.8
prise-jack-samsung-galaxy-j4-j415f-j6-j610f;9332;100.0;3.41
prise-jack-samsung-galaxy-mega-i9205;3094;100.0;2.4
protection-pour-camera-arriere-iphone-12-pro-max-en-verre-trempe;16349;100.0;6.0
protection-pour-camera-arriere-iphone-14-14-plus-en-verre-trempe;15347;100.0;6.0
protection-pour-camera-arriere-iphone-14-pro-14-pro-max-en-verre-trempe;15348;100.0;6.0
protection-pour-camera-arriere-iphone-15-plus-en-verre-trempe;16426;100.0;6.0
protections-objectifs-camera-arriere-samsung-galaxy-s25-5g-s931b-ultra-hd-9h-arg;23395;100.0;2.4
protections-objectifs-camera-arriere-samsung-galaxy-s25-5g-s931b-ultra-hd-9h-noi;23402;100.0;2.4
protections-objectifs-camera-arriere-samsung-galaxy-s25-ultra-5g-s938b-ultra-hd-;23397;100.0;2.4
protections-objectifs-camera-arriere-samsung-galaxy-s25-ultra-5g-s938b-ultra-hd--2;23404;100.0;2.4
protections-objectifs-camera-arriere-samsung-galaxy-s25-5g-s936b-ultra-hd-9h-arg;23396;100.0;2.4
protections-objectifs-camera-arriere-samsung-galaxy-s25-5g-s936b-ultra-hd-9h-noi;23403;100.0;2.4
protections-objectifs-camera-iphone-11-12-12-mini;14719;100.0;6.0
protections-objectifs-camera-iphone-12-noir;17670;100.0;6.0
protections-objectifs-camera-iphone-12-pro-max-noir;18843;100.0;6.0
protections-objectifs-camera-iphone-12-pro-noir;17671;100.0;6.0
protections-objectifs-camera-iphone-14-14-plus-argent;17695;100.0;6.0
protections-objectifs-camera-iphone-14-14-plus-noir;17696;100.0;6.0
protections-objectifs-camera-iphone-14-pro-14-pro-max-argent;17697;100.0;6.0
protections-objectifs-camera-iphone-14-pro-14-pro-max-noir;17698;100.0;6.0
protections-objectifs-camera-iphone-15-15-plus-argent;17672;100.0;6.0
protections-objectifs-camera-iphone-15-15-plus-noir;17694;100.0;6.0
protections-objectifs-camera-iphone-15-pro-15-pro-max-argent;17673;100.0;6.0
protections-objectifs-camera-iphone-15-pro-15-pro-max-noir;17674;100.0;6.0
protections-objectifs-camera-samsung-galaxy-s26-5g-s942b-argent;23407;100.0;2.4
protections-objectifs-camera-samsung-galaxy-s26-5g-s942b-noir;23398;100.0;2.4
protections-objectifs-camera-samsung-galaxy-s26-ultra-5g-s948b-argent;23406;100.0;2.4
protections-objectifs-camera-samsung-galaxy-s26-ultra-5g-s948b-noir;23400;100.0;2.4
protections-objectifs-camera-samsung-galaxy-s26-5g-s947b-argent;23405;100.0;2.4
protections-objectifs-camera-samsung-galaxy-s26-5g-s947b-noir;23399;100.0;2.4
puce-ic-s925d2-samsung-galaxy-a7-a750f-a50-a505fm-a505fn-a505gn-a505gt-a505yn-a3;18369;100.0;9.6
radio-frequency-transceiver-ic-qet5100-004-iphone-12;14573;100.0;2.87
radio-frequency-transceiver-ic-wtr5765-iphone-11;14584;100.0;4.8
radio-frequency-transceiver-ic-wtr5975-iphone-8-8-plus-x;14606;100.0;6.05
reseau-ic-iphone-5;8079;100.0;2.4
resistance-v3-retro-eclairage-ipad-2;8098;100.0;2.4
retro-eclairage-ic-4r7-ipad-2;6463;100.0;2.4
rf-transceiver-ic-sdr868-iphone-13-pro;16272;100.0;7.22
right-charge-buckle-iphone-air-piec;21461;100.0;9.6
ruban-de-masquage-haute-temperature-en-polyimide-3-mm;6261;100.0;0.96
ruban-de-masquage-haute-temperature-en-polyimide-30-mm;6262;100.0;3.16
ruban-de-masquage-haute-temperature-en-polyimide-5-mm;6263;100.0;1.58
samsung-ace-2-gt-i8160-connecteur-de-charge;1686;100.0;0.6
samsung-ace-gt-s5830-connecteur-de-charge;1689;100.0;1.2
samsung-ace-gt-s5830-interrupteur-poussoir-pour-bouton-power-allumage;1690;100.0;1.2
samsung-b3410-afficheur-ecran-lcd;1259;100.0;1.2
samsung-galaxy-ace-2-gt-i8160-ecouteur-interne-et-capteur-de-proximite;1556;100.0;1.2
samsung-galaxy-ace-2-gt-i8160-nappe-home;1555;100.0;1.2
samsung-galaxy-ace-2-haut-parleur-gt-i8160;1554;100.0;1.2
samsung-galaxy-ace-connecteur-batterie-sur-carte-mere-gt-s5830;1927;100.0;1.2
samsung-galaxy-ace-module-microphone-gt-s5830;1867;100.0;1.2
samsung-galaxy-ace-s5830-ecran-lcd;468;100.0;1.2
samsung-galaxy-ace-s5830-nappe-power;1047;100.0;1.2
samsung-galaxy-gio-nappe-power-gt-s5660;1516;100.0;2.4
samsung-galaxy-gio-nappe-volume-gt-s5660;1517;100.0;2.4
samsung-galaxy-gio-s5660-afficheur-ecran-lcd-oem;1498;100.0;3.6
samsung-galaxy-mega-i9205-nappe-module-allumage-power;1445;100.0;2.4
samsung-galaxy-mega-i9205-nappe-module-connecteur-de-charge-et-micro;1444;100.0;2.4
samsung-galaxy-mini-nappe-ecouteur-interne-micro-et-capteur-de-proximite-gt-s557;1575;100.0;2.4
samsung-galaxy-note-2-bouton-volume-argent-gt-n7100-n7105;1897;100.0;2.4
samsung-galaxy-note-2-bouton-volume-noir-gt-n7100-n7105;1894;100.0;2.4
samsung-galaxy-note-2-camera-avant-gt-n7100;1644;100.0;2.4
samsung-galaxy-note-2-n7100-nappe-clavier;914;100.0;2.4
samsung-galaxy-note-2-n7100-nappe-jack-led-haut-parleur;911;100.0;2.4
samsung-galaxy-note-2-n7100-nappe-lecteur-sim;918;100.0;2.4
samsung-galaxy-note-2-nappe-power-allumage-gt-n7100;1560;100.0;2.4
samsung-galaxy-note-3-nappe-connecteur-jack-kit-pieton-ecouteur-interne-n9005;1355;100.0;2.4
samsung-galaxy-note-8-0-module-ecouteur-jack-et-capteur-de-proximite-gt-n5100;1873;100.0;2.4
samsung-galaxy-note-8-0-nappe-lcd-gt-n5100;1877;100.0;2.4
samsung-galaxy-note-i9220-n7000-module-camera-avant;1058;100.0;2.4
samsung-galaxy-note-n7000-cable-antenne-reseau-n7000-antenna;1083;100.0;1.2
samsung-galaxy-note-tab-n8000-nappe-lecteur-sim;920;100.0;2.4
samsung-galaxy-s-connecteur-batterie-sur-carte-mere-gt-i9000;1923;100.0;0.6
samsung-galaxy-s-i9000-nappe-connection-clavier-carte-mere;619;100.0;2.4
samsung-galaxy-s-sl-scl-i9003-nappe-clavier;835;100.0;2.4
samsung-galaxy-s-vitre-tactile-seule-gt-i9000;1974;100.0;3.6
samsung-galaxy-s2-camera-arriere-gt-i9100;1674;100.0;2.4
samsung-galaxy-s2-i9100-boutons-power-volume-blanc;1557;100.0;1.2
samsung-galaxy-s2-i9100-nappe-power-on-off-flex;460;100.0;2.4
samsung-galaxy-s2-i9100-nappe-volume-flex;462;100.0;2.4
samsung-galaxy-s3-i9300-bouton-home-blanc;1041;100.0;0.72
samsung-galaxy-s3-i9300-bouton-home-bleu;1042;100.0;0.72
samsung-galaxy-s3-i9300-bouton-volume-blanc;1484;100.0;1.2
samsung-galaxy-s3-i9300-bouton-volume-bleu;1044;100.0;1.2
samsung-galaxy-s3-i9300-nappe-bouton-home;769;100.0;0.6
samsung-galaxy-s3-i9300-nappe-clavier-retour-menu;771;100.0;2.4
samsung-galaxy-s3-i9300-nappe-power;772;100.0;2.4
samsung-galaxy-s4-camera-avant-gt-i9505;1887;100.0;2.4
samsung-galaxy-s4-module-haut-parleur-gt-i9505;1890;100.0;2.4
samsung-galaxy-s4-module-jack-gt-i9505;1889;100.0;2.4
samsung-galaxy-s4-vitre-tactile-seule-blanc-gt-i9505-et-i9500;2165;100.0;3.6
samsung-galaxy-s4-vitre-tactile-seule-noire-gt-i9505-et-i9500;2164;100.0;3.6
samsung-galaxy-sii-gt-i9100-connecteur-de-charge;1685;100.0;1.2
samsung-galaxy-tab-10-1-nappe-connecteur-de-charge-gt-p7500;623;100.0;2.4
samsung-galaxy-tab-2-7-0-nappe-lcd-gt-p3100;1869;100.0;2.4
samsung-galaxy-tab-2-7-0-nappe-power-gt-p3100;1868;100.0;2.4
samsung-galaxy-tab-p1000-et-p3100-tab2-connecteur-de-charge-charging-connector;1402;100.0;0.6
samsung-galaxy-xcover-ecran-vitre-tactile-facade-digitizer-s5690-noir;2030;100.0;2.4
samsung-galaxy-xcover-s5690-nappe-ecouteur-et-capteur-de-luminosite;3262;100.0;2.4
samsung-galaxy-y-duos-ecran-afficheur-lcd-gt-s6102;1862;100.0;3.6
samsung-galaxy-y-duos-ecran-vitre-tactile-gt-s6102;1861;100.0;2.4
samsung-galaxy-y-duos-ecran-vitre-tactile-gt-s6102-blanc;3462;100.0;2.4
samsung-galaxy-y-ecouteur-interne-gt-s5360;1522;100.0;1.2
samsung-i9305-galaxy-s3-4g-nappe-lecteur-sim-et-carte-memoire-flex-sim-i9305;2151;100.0;2.4
samsung-jet-gt-s8000-module-ecouteur-jack-et-microphone;1871;100.0;1.2
samsung-jet-gt-s8000-module-vibreur;1870;100.0;1.2
samsung-player-one-module-haut-parleur-gt-s5230;1892;100.0;1.2
samsung-player-star-2-s5620-ecran-lcd;825;100.0;1.2
samsung-player-star-2-s5620-nappe-clavier-micro;1422;100.0;1.2
samsung-player-star-2-s5620-vitre-tactile-blanche;822;100.0;3.6
samsung-player-star-s5600-noir-vitre-tactile;945;100.0;3.6
samsung-star-3-duos-ecran-afficheur-lcd-gt-s5222;1863;100.0;1.2
samsung-star-3-duos-ecran-vitre-face-tactile-gt-s5222;1864;100.0;3.6
samsung-wave-575-nappe-clavier-gt-s5750;1519;100.0;1.2
samsung-wave-575-prise-casque-sortie-jack-gt-s5750;1521;100.0;1.2
samsung-wave-575-vitre-face-tactile-gt-s5750;1520;100.0;1.2
samsung-wave-m-module-ecouteur-et-capteur-de-proximite-gt-s7250;1878;100.0;1.2
samsung-wave-m-module-haut-parleur-gt-s7250;1880;100.0;1.2
samsung-wave-m-module-jack-gt-s7250;1879;100.0;1.2
small-audio-management-ic-338s00537-iphone-13-pro;16275;100.0;5.3
small-power-manager-control-ic-pmx60-iphone-13-pro;16269;100.0;3.19
socle-de-charge-sans-fil-samsung-galaxy-gear-s2-classic-r732-gear-s2-r720-gh96-0;18240;100.0;21.6
socle-de-charge-sans-fil-samsung-galaxy-gear-s3-frontier-r760-gear-s3-classic-r7;18262;100.0;24.0
spatule-pose-de-film-hydrogel-rock-space-taille-l;13099;100.0;6.0
spatule-pose-de-films-hydrogel-lot-de-5-rock-space;12673;100.0;7.2
spatule-pour-pose-de-film-hydrogel-taille-l-xl-25cm-rock-space;23118;100.0;4.2
spray-nettoyant-rock-space;13964;100.0;8.4
stands-d-exposition-mobiles-sur-roulette-rock-space;12852;100.0;1560.0
station-de-charge-micro-usb-dk52-sony;8147;100.0;2.4
station-de-charge-sans-fil-3-en-1-qi2-usams-cd257-pour-iphone-watch-airpods-noir;23136;100.0;30.0
stylet-magnetique-usams-us-zb254-blanc;16408;100.0;25.79
stylet-s-pen-samsung-galaxy-note-3-n9005-et-pn900s-blanc;3449;100.0;8.4
stylet-s-pen-samsung-galaxy-note-8-n950f-bleu;11462;100.0;6.35
stylet-s-pen-samsung-galaxy-note-8-n950f-gh98-42115c-violet-origine;18359;100.0;8.4
stylet-s-pen-samsung-galaxy-note-8-n950f-noir;11460;100.0;6.55
stylet-s-pen-samsung-galaxy-note-8-n950f-or;11461;100.0;5.71
stylet-s-pen-samsung-galaxy-s22-ultra-s908b-blanc-origine;14693;100.0;30.0
stylet-s-pen-samsung-galaxy-s22-ultra-s908b-bordeaux-origine;17595;100.0;37.2
stylet-s-pen-samsung-galaxy-s22-ultra-s908b-noir-origine;14753;100.0;34.68
stylet-s-pen-samsung-galaxy-s22-ultra-s908b-vert-origine;14835;100.0;30.0
stylet-samsung-galaxy-note-10-n970f-note-10-n975f-argent-stellaire;9407;100.0;18.0
stylet-samsung-galaxy-note-10-n970f-note-10-n975f-noir-cosmos;9449;100.0;17.14
stylet-samsung-galaxy-note-10-lite-n770f-bleu;12233;100.0;27.77
stylet-samsung-galaxy-note-10-lite-n770f-noir;12235;100.0;10.84
stylet-samsung-galaxy-note-10-lite-n770f-rouge;12234;100.0;30.0
stylet-samsung-galaxy-note-2-n7100-blanc-origine;6829;100.0;3.6
stylet-samsung-galaxy-note-20-n980f-n981f-note-20-ultra-5g-n986b-bronze-piec;21980;100.0;18.0
stylet-samsung-galaxy-note-20-n980f-n981f-note-20-ultra-5g-n986b-bronze-origine;16926;100.0;38.4
stylet-samsung-galaxy-note-20-n980f-n981f-note-20-ultra-n985f-n986f-5g-n981b-ver;19484;100.0;30.0
stylet-samsung-galaxy-note-20-n980f-5g-n981b-gris-origine;17348;100.0;32.4
stylet-samsung-galaxy-note-20-ultra-n986b-blanc;19482;100.0;30.0
stylet-samsung-galaxy-note-20-ultra-5g-n986b-noir-origine;16927;100.0;38.4
stylet-samsung-galaxy-note-3-n9005-n900s-noir-origine;6019;100.0;8.4
stylet-samsung-galaxy-note-9-n960f-bleu-cobalt;4354;100.0;8.4
stylet-samsung-galaxy-note-9-n960f-noir-profond;11573;100.0;8.4
stylet-samsung-galaxy-s22-ultra-s908b-bleu-ciel-origine;14845;100.0;32.4
stylet-samsung-galaxy-s23-ultra-s918b-creme-origine;16236;100.0;34.8
stylet-samsung-galaxy-s23-ultra-s918b-graphite-origine;16237;100.0;32.4
stylet-samsung-galaxy-s23-ultra-s918b-lavande-origine;16209;100.0;34.8
stylet-samsung-galaxy-s23-ultra-s918b-noir-origine;16128;100.0;32.4
stylet-samsung-galaxy-s23-ultra-s918b-vert-origine;16266;100.0;34.8
stylet-samsung-galaxy-s24-ultra-5g-s928b-gris-titane-origine-gh96-16577a;21280;100.0;31.2
stylet-samsung-galaxy-s24-ultra-5g-s928b-jaune-origine;21936;100.0;31.2
stylet-samsung-galaxy-s24-ultra-5g-s928b-noir-origine;21935;100.0;31.2
stylet-samsung-galaxy-s25-ultra-s938b-gh96-18791a-or-origine;23147;100.0;25.2
stylet-samsung-galaxy-s25-ultra-s938b-gh96-18791c-gris-clair-origine;23148;100.0;25.2
stylet-samsung-galaxy-s25-ultra-s938b-noir-origine;20099;100.0;27.6
stylet-samsung-galaxy-tab-s3-9-7-t820-t825-gh98-41160b-argent-origine;18422;100.0;20.4
stylet-samsung-galaxy-tab-s6-t860-t865-gh96-12800c-rose-marron-origine;18678;100.0;30.0
stylet-samsung-galaxy-tab-s6-lite-p610-p613-p615-p619-gris-origine;18092;100.0;21.6
stylet-samsung-galaxy-tab-s7-t875n-t870-tab-s7-t976b-t970n-gh96-11891b-gris-orig;18317;100.0;30.0
stylet-samsung-galaxy-tab-s7-t875n-t870-tab-s7-t976b-t970n-gh96-13642b-argent-or;18749;100.0;31.2
stylet-samsung-galaxy-tab-s7-t875n-t870-tab-s7-t976b-t970n-gh96-13642c-bronze-or;18748;100.0;30.0
stylet-samsung-galaxy-tab-s7-t875n-t870-tab-s7-t976b-t970n-noir-origine;16925;100.0;38.4
stylet-samsung-galaxy-tab-s8-wifi-x800-noir;17716;100.0;36.0
stylet-samsung-galaxy-tab-s9-noir-origine;22165;100.0;27.6
stylet-tactile-a-recharge-magnetique-usams-us-zb264-transparent-noir;20403;100.0;23.32
stylet-usams-zb223-blanc;15311;100.0;28.39
support-antenne-ce-samsung-galaxy-s10-g975f-origine;8952;100.0;4.9
support-antenne-samsung-galaxy-s10-g973f;9487;100.0;2.4
support-bouton-home-ipad-air;4250;100.0;2.4
support-bouton-home-ipad-air-2;5953;100.0;2.69
support-bouton-power-ipad-air-2;5948;100.0;1.2
support-bouton-power-samsung-galaxy-a04s-4g-a047f-piec;21829;100.0;0.36
support-bouton-power-samsung-galaxy-s10-g973f;9446;100.0;7.2
support-bouton-vibreur-iphone-4;381;100.0;1.2
support-bouton-volume-ipad-air-2;5947;100.0;2.4
support-bouton-volume-samsung-galaxy-a8-2018-a530f;11001;100.0;2.4
support-bouton-volume-samsung-galaxy-s10-g973f;9472;100.0;7.2
support-cache-carte-mere-huawei-p20-lite;11153;100.0;20.4
support-camera-avant-ecouteur-interne-iphone-5s-se;1315;100.0;1.2
support-camera-avant-ecouteur-interne-samsung-galaxy-s4-zoom-sm-c101;9357;100.0;1.2
support-camera-avant-capteur-de-luminosite-samsung-galaxy-s4-i9505;4216;100.0;3.0
support-camera-avant-samsung-galaxy-mega-i9205;4809;100.0;2.4
support-camera-tour-de-cou-flexible-et-mains-libres-pour-action-cam-usams-joy01-;23128;100.0;12.0
support-capteur-de-proximite-iphone-5;1695;100.0;1.2
support-centrale-samsung-galaxy-z-flip6-5g-f741b-z-flip7-fe-5g-f761b-piec;22735;100.0;3.42
support-connecteur-de-charge-iphone-4;332;100.0;1.2
support-connecteur-de-charge-iphone-5s-argent;6094;100.0;1.2
support-connecteur-de-charge-samsung-galaxy-s4-i9505;4215;100.0;3.0
support-connecteur-home-lcd-tactile-camera-iphone-6-plus;8971;100.0;0.24
support-connecteur-power-volume-iphone-6-plus;8969;100.0;3.6
support-ecouteur-interne-plaque-iphone-6;995;100.0;1.2
support-ecouteur-interne-capteur-de-proximite-samsung-galaxy-note-2-n7100;9860;100.0;1.2
support-ecouteur-interne-capteur-de-proximite-samsung-galaxy-note-3-n9005;9861;100.0;1.2
support-ecouteur-interne-iphone-6-plus;10916;100.0;2.4
support-ecouteur-interne-iphone-8;10783;100.0;2.4
support-ecouteur-interne-iphone-8-plus;10767;100.0;12.0
support-ecran-chassis-droit-iphone-5;2129;100.0;1.2
support-ecran-chassis-gauche-iphone-5;2127;100.0;1.2
support-flash-iphone-5s;4198;100.0;1.2
support-lcd-iphone-5s;3228;100.0;1.2
support-metalique-samsung-galaxy-z-flip6-5g-f741b-piec;22738;100.0;1.79
support-metallique-de-carte-mere-iphone-14-pro;20285;100.0;2.4
support-metallique-de-carte-mere-iphone-14-pro-max;19443;100.0;2.4
support-metallique-de-carte-mere-iphone-15-pro;19735;100.0;6.0
support-metallique-de-carte-mere-iphone-15-pro-max;19489;100.0;6.0
support-nappe-bouton-home-iphone-5s-se;3240;100.0;1.2
support-nappe-ecran-samsung-galaxy-j3-2017-j330f;4473;100.0;2.4
support-nappe-ecran-samsung-galaxy-z-flip6-5g-f741b-piec;22737;100.0;1.79
support-nappe-home-iphone-5s;4201;100.0;2.4
support-nappe-home-iphone-6-6-plus;1073;100.0;2.4
support-nappe-home-iphone-8;4206;100.0;2.4
support-nappe-home-iphone-8-plus;10769;100.0;2.4
support-nappe-lcd-tactile-ipad-mini;6414;100.0;2.4
support-nappe-lcd-iphone-5c;5744;100.0;1.8
support-nappe-lcd-iphone-5s-se;3236;100.0;1.2
support-nappe-power-volume-iphone-8;6963;100.0;2.4
support-nappe-power-volume-samsung-galaxy-a35-5g-a356b-piec;22068;100.0;2.88
support-nappe-power-lecteur-d-empreintes-samsung-galaxy-a12-2020-a125f-piec;21842;100.0;2.4
support-nappe-power-lecteur-d-empreintes-samsung-galaxy-a13-a135f-piec;22096;100.0;2.88
support-nappe-vibreur-iphone-4;337;100.0;1.2
support-power-samsung-galaxy-a13-a136b-piec;22057;100.0;2.4
support-smartphone-avec-4-7-a-6-7-pouces-pour-velo-usams-ying-series-us-zj078-no;18580;100.0;7.75
support-soudure-nappe-home-iphone-7;10899;100.0;42.0
support-telephone-magnetique-avec-collier-rotatif-360-usams-joy02-noir;23127;100.0;18.0
support-touche-samsung-galaxy-s23-s911b-s23-s916b-gh61-17718a-origine;18392;100.0;2.4
support-universel-carte-mere-mijing-t23;20021;100.0;24.0
support-velo-en-silicone-usams-zj053-noir;14905;100.0;7.2
support-velo-noir-raxfly;12978;100.0;1.98
switch-lg-samsung;5546;100.0;1.2
switch-power-volume-samsung-galaxy-core-4g-g386f-note-n7000;3103;100.0;2.4
switch-power-volume-samsung-galaxy-s4-mini-i9195;8002;100.0;1.2
switch-volume-samsung-galaxy-note-2-n7100-n7105;3106;100.0;2.4
switch-volume-samsung-galaxy-note-3-n9005;4217;100.0;2.4
switch-volume-samsung-galaxy-s3-mini-i8190;6437;100.0;1.2
tactile-samsung-galaxy-tab-a-2019-10-1-t510-t515-noir;5408;100.0;10.26
tapis-silicone-380-270-2-2mm-rock-space-gris;15087;100.0;8.4
tapis-silicone-heybingo-pour-pose-de-film-hydrogel-et-verre-trempe-215-130-mm-no;17834;100.0;6.0
tete-de-coupe-rock-space;12297;100.0;26.4
tiroir-carte-sd-samsung-galaxy-tab-a9-x110-noir;18075;100.0;2.34
tiroir-carte-sd-samsung-galaxy-tab-s9-fe-x510-noir;18077;100.0;2.02
tiroir-dual-sim-micro-sd-samsung-galaxy-a21s-2020-a217f-bleu;12930;100.0;1.38
tiroir-dual-sim-micro-sd-samsung-galaxy-a21s-2020-a217f-blanc;12929;100.0;1.8
tiroir-dual-sim-micro-sd-samsung-galaxy-a21s-2020-a217f-noir;12928;100.0;1.2
tiroir-sd-sim-2-huawei-p8-gra-l09-noir;8440;100.0;1.2
tiroir-sd-sim-2-samsung-galaxy-a6-2018-a600f-a6-2018-a605f-noir;11359;100.0;1.2
tiroir-sd-sim-2-samsung-galaxy-a6-2018-a600f-a6-2018-a605f-or;11360;100.0;1.2
tiroir-sd-sim-2-samsung-galaxy-j3-2017-j330f-bleu-origine;5165;100.0;2.4
tiroir-sd-sim-2-samsung-galaxy-j3-2017-j330f-noir-origine;5121;100.0;3.1
tiroir-sd-sim-2-samsung-galaxy-j3-2017-j330f-or-origine;5161;100.0;3.1
tiroir-sd-sim-2-samsung-galaxy-j4-j415f-j6-j610f-bleu-origine;11819;100.0;2.4
tiroir-sd-sim-2-samsung-galaxy-j4-j415f-j6-j610f-noir-origine;5224;100.0;2.27
tiroir-sd-sim-2-samsung-galaxy-j4-j415f-j6-j610f-or-origine;5266;100.0;2.27
tiroir-sd-sim-2-samsung-galaxy-j4-j415f-j6-j610f-rose-origine;5268;100.0;2.27
tiroir-sd-sim-2-samsung-galaxy-j4-j415f-j6-j610f-rouge-origine;5269;100.0;2.27
tiroir-sd-sim-2-samsung-galaxy-j5-2017-j530f-j7-2017-j730f-bleu;10477;100.0;2.26
tiroir-sd-sim-2-samsung-galaxy-j5-2017-j530f-j7-2017-j730f-noir;10475;100.0;2.26
tiroir-sd-sim-2-samsung-galaxy-j5-2017-j530f-j7-2017-j730f-or;10476;100.0;2.26
tiroir-sd-huawei-ascend-mate-7-blanc;7430;100.0;7.0
tiroir-sd-huawei-ascend-mate-7-noir;7429;100.0;7.0
tiroir-sd-huawei-ascend-mate-7-or;7431;100.0;7.0
tiroir-sd-samsung-galaxy-a3-a300fu-a5-a500fu-a7-a700f-blanc;5467;100.0;1.2
tiroir-sd-samsung-galaxy-a3-a300fu-a5-a500fu-a7-a700f-noir;3878;100.0;1.2
tiroir-sd-samsung-galaxy-a3-a300fu-a5-a500fu-a7-a700f-or;6509;100.0;1.2
tiroir-sd-samsung-galaxy-a5-2017-a520f-bleu;9305;100.0;0.36
tiroir-sd-samsung-galaxy-a5-2017-a520f-noir;9275;100.0;0.36
tiroir-sd-samsung-galaxy-a5-2017-a520f-or;9293;100.0;0.36
tiroir-sd-samsung-galaxy-a5-2017-a520f-rose;9294;100.0;0.36
tiroir-sd-samsung-galaxy-a8-2018-a530f-noir-carbone;10992;100.0;0.6
tiroir-sd-samsung-galaxy-a8-2018-a530f-or-topaze;10993;100.0;0.6
tiroir-sd-samsung-galaxy-a8-2018-a530f-orchidee;10994;100.0;0.6
tiroir-sd-samsung-galaxy-j3-2017-j330f-bleu;4406;100.0;1.6
tiroir-sd-samsung-galaxy-j3-2017-j330f-or;4407;100.0;2.41
tiroir-sd-samsung-galaxy-j4-j415f-j6-j610f-noir-origine;5223;100.0;2.27
tiroir-sd-samsung-galaxy-j5-2017-j530f-j7-2017-j730f-bleu;12041;100.0;3.13
tiroir-sd-samsung-galaxy-j5-2017-j530f-j7-2017-j730f-or;12040;100.0;3.13
tiroir-sd-samsung-galaxy-j6-2018-j600f-bleu-argente;11658;100.0;2.59
tiroir-sd-samsung-galaxy-j6-2018-j600f-noir;11657;100.0;2.59
tiroir-sd-samsung-galaxy-j6-2018-j600f-or;11659;100.0;2.59
tiroir-sd-samsung-galaxy-tab-a8-10-5-2021-x200-gh81-21933a-gris-origine;18427;100.0;3.6
tiroir-sd-samsung-galaxy-tab-s2-9-7-t810-t815-tab-s2-8-0-t710-t715-gh61-09465b-b;18241;100.0;3.6
tiroir-sd-samsung-galaxy-tab-s2-9-7-t810-t815-tab-s2-8-0-t710-t715-noir;7175;100.0;3.6
tiroir-sd-samsung-galaxy-tab-s5e-t720-gh98-44190c-or-origine;18333;100.0;3.6
tiroir-sd-samsung-galaxy-tab-s8-wifi-x800-gh98-47416a-noir-origine;18455;100.0;6.0
tiroir-sim-double-sim-sd-samsung-galaxy-s20-ultra-g988f-blanc;13734;100.0;1.96
tiroir-sim-double-sim-sd-samsung-galaxy-s20-ultra-g988f-noir;13735;100.0;1.34
tiroir-sim-dual-sim-sd-samsung-galaxy-a41-a415f-noir;13986;100.0;1.26
tiroir-sim-dual-sim-sd-samsung-galaxy-a71-a715f-blanc;13428;100.0;1.2
tiroir-sim-dual-sim-sd-samsung-galaxy-a71-a715f-bleu;13429;100.0;2.59
tiroir-sim-dual-sim-sd-samsung-galaxy-a71-a715f-noir;13427;100.0;1.2
tiroir-sim-dual-sim-samsung-galaxy-a51-a515f-argent;12331;100.0;1.92
tiroir-sim-dual-sim-samsung-galaxy-a51-a515f-bleu;12396;100.0;1.92
tiroir-sim-dual-sim-samsung-galaxy-a51-a515f-noir;12332;100.0;1.75
tiroir-sim-dual-sim-samsung-galaxy-a51-a515f-rose;12392;100.0;1.92
tiroir-sim-dual-sim-samsung-galaxy-a51-a515f-rouge;12393;100.0;1.92
tiroir-sim-dual-sim-samsung-galaxy-a52-4g-a525f-a52-5g-a526b-a72-a725f-a52s-5g-a-2;13410;100.0;1.07
tiroir-sim-dual-sim-samsung-galaxy-a52-4g-a525f-a52-5g-a526b-a72-a725f-a52s-5g-a;13411;100.0;1.51
tiroir-sim-dual-sim-samsung-galaxy-a52-4g-a525f-a52-5g-a526b-a72-a725f-a52s-5g-a-4;13412;100.0;2.8
tiroir-sim-dual-sim-samsung-galaxy-a52-4g-a525f-a52-5g-a526b-a72-a725f-a52s-5g-a-3;14014;100.0;3.6
tiroir-sim-micro-sd-samsung-galaxy-tab-s6-lte-t865-noir;13005;100.0;3.46
tiroir-sim-sd-double-sim-samsung-galaxy-a20e-a202f-blanc;3701;100.0;1.2
tiroir-sim-sd-double-sim-samsung-galaxy-a20e-a202f-blanc-piec;22091;100.0;2.4
tiroir-sim-sd-double-sim-samsung-galaxy-a20e-a202f-bleu;3703;100.0;1.2
tiroir-sim-sd-double-sim-samsung-galaxy-a20e-a202f-bleu-piec;22092;100.0;2.4
tiroir-sim-sd-double-sim-samsung-galaxy-a20e-a202f-noir;3702;100.0;1.2
tiroir-sim-sd-double-sim-samsung-galaxy-a9-2018-a920f-bleu;11886;100.0;2.82
tiroir-sim-sd-double-sim-samsung-galaxy-a9-2018-a920f-noir;11884;100.0;2.82
tiroir-sim-sd-double-sim-samsung-galaxy-a9-2018-a920f-rose;11885;100.0;2.82
tiroir-sim-sd-double-sim-samsung-galaxy-note-8-n950f-bleu;10627;100.0;7.2
tiroir-sim-sd-double-sim-samsung-galaxy-note-8-n950f-noir;10625;100.0;7.2
tiroir-sim-sd-double-sim-samsung-galaxy-note-8-n950f-or;10626;100.0;7.2
tiroir-sim-sd-double-sim-samsung-galaxy-s20-g980f-4g-g981b-5g-blanc;3674;100.0;1.51
tiroir-sim-sd-double-sim-samsung-galaxy-s20-g980f-4g-g981b-5g-noir;3675;100.0;3.6
tiroir-sim-sd-double-sim-samsung-galaxy-s20-g980f-4g-g981b-5g-rose;3673;100.0;3.6
tiroir-sim-sd-double-sim-samsung-galaxy-s20-fe-g780f-g781b-noir;15342;100.0;2.82
tiroir-sim-sd-sim-2-samsung-galaxy-a50-a505f-a20-a205f-a30-a305f-blanc;4402;100.0;1.2
tiroir-sim-sd-sim-2-samsung-galaxy-a50-a505f-a20-a205f-a30-a305f-bleu;12084;100.0;1.2
tiroir-sim-sd-sim-2-samsung-galaxy-a50-a505f-a20-a205f-a30-a305f-corail;4401;100.0;2.26
tiroir-sim-sd-sim-2-samsung-galaxy-a50-a505f-a20-a205f-a30-a305f-noir;4403;100.0;1.2
tiroir-sim-sd-sim-2-samsung-galaxy-a10-a105f-bleu;4377;100.0;2.88
tiroir-sim-sd-sim-2-samsung-galaxy-a10-a105f-noir;4378;100.0;2.88
tiroir-sim-sd-sim-2-samsung-galaxy-a10-a105f-rouge;4376;100.0;1.07
tiroir-sim-sd-sim-2-samsung-galaxy-a40-a405f-noir;4860;100.0;1.86
tiroir-sim-sd-sim-2-samsung-galaxy-a7-2018-a750f-bleu;11985;100.0;1.8
tiroir-sim-sd-sim-2-samsung-galaxy-a7-2018-a750f-noir;12054;100.0;1.8
tiroir-sim-sd-sim-2-samsung-galaxy-a7-2018-a750f-or;11984;100.0;1.8
tiroir-sim-sd-sim-2-samsung-galaxy-a70-a705f-blanc-origine;9081;100.0;2.89
tiroir-sim-sd-sim-2-samsung-galaxy-a70-a705f-bleu-origine;8405;100.0;1.75
tiroir-sim-sd-sim-2-samsung-galaxy-a70-a705f-corail-origine;8268;100.0;2.45
tiroir-sim-sd-sim-2-samsung-galaxy-a70-a705f-noir-origine;9084;100.0;1.26
tiroir-sim-sd-sim-2-samsung-galaxy-note-10-n975f-argent-stellaire;11069;100.0;3.97
tiroir-sim-sd-sim-2-samsung-galaxy-note-10-n975f-noir-cosmos-origine;11482;100.0;1.56
tiroir-sim-sd-sim-2-samsung-galaxy-s10-g973f-s10-g975f-blanc-prisme;9170;100.0;1.51
tiroir-sim-sd-sim-2-samsung-galaxy-s10-g973f-s10-g975f-bleu;9340;100.0;2.68
tiroir-sim-sd-sim-2-samsung-galaxy-s10-g973f-s10-g975f-noir-prisme;9152;100.0;1.51
tiroir-sim-sd-sim-2-samsung-galaxy-s10-g973f-s10-g975f-vert-prisme;9217;100.0;3.0
tiroir-sim-sd-charge-huawei-mate-8-blanc;8777;100.0;10.8
tiroir-sim-sd-huawei-mate-9-mha-l09-argent;10286;100.0;9.6
tiroir-sim-sd-huawei-mate-9-mha-l09-noir;10285;100.0;9.6
tiroir-sim-sd-huawei-mate-9-mha-l09-or;10287;100.0;9.6
tiroir-sim-sd-huawei-nova-argent;11423;100.0;8.4
tiroir-sim-sd-huawei-nova-noir;11422;100.0;8.4
tiroir-sim-sd-huawei-nova-or;7978;100.0;8.4
tiroir-sim-sd-huawei-p-smart-or;6596;100.0;8.4
tiroir-sim-sd-huawei-p20-lite-noir;11125;100.0;2.1
tiroir-sim-sd-huawei-p8-lite-2017-p9-lite-p9-lite-2017-blanc;8839;100.0;10.8
tiroir-sim-sd-huawei-p8-lite-2017-p9-lite-p9-lite-2017-noir;8838;100.0;10.8
tiroir-sim-sd-huawei-p9-mystic-silver;10224;100.0;2.4
tiroir-sim-sd-huawei-p9-rose-gold;8564;100.0;2.4
tiroir-sim-sd-samsung-galaxy-a14-4g-a145f-gh81-23522a-argent-origine;18687;100.0;4.8
tiroir-sim-sd-samsung-galaxy-a14-4g-a145f-gh81-23523a-vert-origine;18688;100.0;4.8
tiroir-sim-sd-samsung-galaxy-a20s-a207f-noir;13730;100.0;1.2
tiroir-sim-sd-samsung-galaxy-a22-4g-a225f-noir-origine;22193;100.0;3.6
tiroir-sim-sd-samsung-galaxy-a3-2016-a310f-a5-2016-a510f-noir;8223;100.0;3.6
tiroir-sim-sd-samsung-galaxy-a3-2017-a320f-bleu;3150;100.0;1.2
tiroir-sim-sd-samsung-galaxy-a3-2017-a320f-noir;8172;100.0;1.2
tiroir-sim-sd-samsung-galaxy-a3-2017-a320f-rose;6834;100.0;1.2
tiroir-sim-sd-samsung-galaxy-a32-a325f-bleu-origine;22180;100.0;3.6
tiroir-sim-sd-samsung-galaxy-a32-4g-a325f-gh98-46409a-noir-origine;18472;100.0;4.8
tiroir-sim-sd-samsung-galaxy-a32-5g-a326b-gh63-19393a-noir-origine;17349;100.0;2.4
tiroir-sim-sd-samsung-galaxy-a34-a346b-gh98-48063c-vert-origine;18355;100.0;3.6
tiroir-sim-sd-samsung-galaxy-a40-a405f-gh98-44303c-bleu-origine;14119;100.0;1.8
tiroir-sim-sd-samsung-galaxy-a42-5g-a426b-blanc;13247;100.0;1.31
tiroir-sim-sd-samsung-galaxy-a7-2018-a750f-noir;11797;100.0;1.8
tiroir-sim-sd-samsung-galaxy-m11-m115f-gh81-18746a-bleu-origine;18460;100.0;4.8
tiroir-sim-sd-samsung-galaxy-m31-m315f-gh98-44842f-rouge-origine;18407;100.0;3.6
tiroir-sim-sd-samsung-galaxy-note-7-n930f-argent;8652;100.0;1.2
tiroir-sim-sd-samsung-galaxy-note-7-n930f-gris;8653;100.0;1.2
tiroir-sim-sd-samsung-galaxy-note-7-n930f-noir;8651;100.0;1.2
tiroir-sim-sd-samsung-galaxy-note-7-n930f-or;8654;100.0;1.2
tiroir-sim-sd-samsung-galaxy-note-7-n930f-or-rose;8655;100.0;1.2
tiroir-sim-sd-samsung-galaxy-note-8-n950f-bleu;7823;100.0;3.97
tiroir-sim-sd-samsung-galaxy-note-8-n950f-gh98-41920c-violet-origine;18360;100.0;3.6
tiroir-sim-sd-samsung-galaxy-note-8-n950f-noir;7819;100.0;3.04
tiroir-sim-sd-samsung-galaxy-note-8-n950f-or;7821;100.0;3.29
tiroir-sim-sd-samsung-galaxy-note-9-n960f-bleu-cobalt;11531;100.0;0.84
tiroir-sim-sd-samsung-galaxy-note-9-n960f-marron;11557;100.0;0.84
tiroir-sim-sd-samsung-galaxy-note-9-n960f-mauve-orchidee;11532;100.0;0.84
tiroir-sim-sd-samsung-galaxy-note-9-n960f-noir-profond;11530;100.0;0.84
tiroir-sim-sd-samsung-galaxy-s10e-g970f-noir-prisme;8110;100.0;1.2
tiroir-sim-sd-samsung-galaxy-s20-4g-g985f-s20-5g-g986b-gh98-45005a-noir-origine;18491;100.0;5.4
tiroir-sim-sd-samsung-galaxy-s20-4g-g985f-s20-5g-g986b-noir-piec;21931;100.0;1.8
tiroir-sim-sd-samsung-galaxy-s7-g930f-blanc-perle;9465;100.0;0.84
tiroir-sim-sd-samsung-galaxy-s7-g930f-noir-onyx;9461;100.0;0.84
tiroir-sim-sd-samsung-galaxy-s7-g930f-or-platine;9466;100.0;0.84
tiroir-sim-sd-samsung-galaxy-s7-edge-g935f-blanc-perle;8228;100.0;0.84
tiroir-sim-sd-samsung-galaxy-s7-edge-g935f-noir-onyx;8227;100.0;0.84
tiroir-sim-sd-samsung-galaxy-s8-g950f-s8-g955f-argent-polaire;10442;100.0;1.2
tiroir-sim-sd-samsung-galaxy-s8-g950f-s8-g955f-noir-carbone;10441;100.0;1.2
tiroir-sim-sd-samsung-galaxy-s8-g950f-s8-g955f-orchidee;10443;100.0;1.2
tiroir-sim-sd-samsung-galaxy-s9-g960f-bleu-corail;10971;100.0;1.08
tiroir-sim-sd-samsung-galaxy-s9-g960f-ultra-violet;10972;100.0;1.08
tiroir-sim-sd-samsung-galaxy-s9-g965f-bleu-corail;11066;100.0;2.4
tiroir-sim-sd-samsung-galaxy-s9-g965f-noir-carbone;11065;100.0;2.57
tiroir-sim-sd-samsung-galaxy-s9-g965f-ultra-violet;11067;100.0;2.57
tiroir-sim-sd-samsung-galaxy-tab-a8-10-5-2021-x205-gh81-21967a-noir-origine;18278;100.0;4.8
tiroir-sim-sd-samsung-galaxy-tab-s6-t865-t860-gh98-44718c-rose-marron-origine;18681;100.0;4.8
tiroir-sim-sd-samsung-galaxy-tab-s7-t870b-t875-gh98-45890a-noir-origine;18671;100.0;4.8
tiroir-sim-sd-samsung-galaxy-tab-s7-t870b-t875-gh98-45890c-bronze-origine;18670;100.0;4.8
tiroir-sim-sd-samsung-galaxy-tab-s7-t976b-gh98-45679a-noir-origine;18675;100.0;7.2
tiroir-sim-sd-samsung-galaxy-tab-s7-t976b-gh98-45679b-argent-origine;18674;100.0;7.2
tiroir-sim-sd-samsung-galaxy-tab-s7-t976b-gh98-45679c-bronze-origine;18676;100.0;7.2
tiroir-sim-sim-2-sd-huawei-mate-20-lite-bleu;11741;100.0;10.8
tiroir-sim-sim-2-sd-huawei-mate-20-lite-or;11742;100.0;4.8
tiroir-sim-sim-2-sd-samsung-galaxy-m20-m205f-bleu-ocean;9112;100.0;2.23
tiroir-sim-sim-2-sd-samsung-galaxy-m20-m205f-noir-charbon;9169;100.0;2.23
tiroir-sim-sim-2-huawei-p20-pro-noir;11128;100.0;7.8
tiroir-sim-sim-2-samsung-galaxy-a80-a805f-argent-origine;4391;100.0;5.26
tiroir-sim-sim-2-samsung-galaxy-a80-a805f-noir-origine;4392;100.0;1.69
tiroir-sim-sim-2-samsung-galaxy-a80-a805f-or-origine;4390;100.0;5.26
tiroir-sim-sim-2-samsung-galaxy-note-10-n970f-argent-stellaire-origine;11809;100.0;2.17
tiroir-sim-sim-2-samsung-galaxy-note-10-n970f-noir-cosmos-origine;11826;100.0;2.57
tiroir-sim-micro-sd-samsung-galaxy-s20-4g-g985f-s20-5g-g986b-gh98-45005b-blanc-o;18250;100.0;3.6
tiroir-sim-micro-sd-samsung-galaxy-s20-4g-g985f-s20-5g-g986b-gh98-45005g-rouge-o;18251;100.0;3.6
tiroir-sim-micro-sd-samsung-galaxy-s20-4g-g985f-s20-5g-g986b-gh98-45005h-bleu-or;18252;100.0;6.0
tiroir-sim-micro-sd-samsung-galaxy-s20-4g-g985f-s20-5g-g986b-gh98-45005k-violet-;18249;100.0;3.6
tiroir-sim-sd-sim-2-samsung-galaxy-a40-a405f-bleu-piec;21748;100.0;2.4
tiroir-sim-sd-sim-2-samsung-galaxy-a40-a405f-orange-piec;21747;100.0;2.4
tiroir-sim-sd-samsung-galaxy-a42-a426b-blanc-piec;21661;100.0;2.4
tiroir-sim-sd-samsung-galaxy-a42-a426b-noir-piec;21659;100.0;0.96
tiroir-sim-sim2-sd-samsung-galaxy-a12-2020-a125f-blanc;13282;100.0;1.51
tiroir-sim-sim2-sd-samsung-galaxy-a12-2020-a125f-noir;13252;100.0;1.8
tiroir-sim-2-sd-samsung-galaxy-j6-2018-j600f;12835;100.0;2.92
tiroir-sim-huawei-ascend-mate-7-blanc;7427;100.0;9.0
tiroir-sim-huawei-ascend-mate-7-noir;7426;100.0;9.0
tiroir-sim-huawei-ascend-mate-7-or;7428;100.0;9.0
tiroir-sim-huawei-mate-10-alp-l09-noir;10887;100.0;7.8
tiroir-sim-huawei-mate-10-alp-l09-or;10888;100.0;7.8
tiroir-sim-huawei-mate-10-lite-noir;10803;100.0;7.2
tiroir-sim-huawei-mate-20-pro-midnight-blue;11755;100.0;2.4
tiroir-sim-huawei-mate-20-pro-violet-twilight;11756;100.0;2.4
tiroir-sim-huawei-p8-gra-l09-noir;8221;100.0;1.8
tiroir-sim-huawei-p8-gra-l09-or;8222;100.0;9.0
tiroir-sim-ipad-air-air-2-2017-9-7-2018-9-7-6e-gen-gris-sideral;5949;100.0;5.0
tiroir-sim-ipad-mini-1-mini-2-air-air-2-2017-9-7-2018-9-7-6e-gen-argent;3255;100.0;2.4
tiroir-sim-ipad-mini-3-mini-4-argent;5739;100.0;2.4
tiroir-sim-ipad-mini-3-mini-4-gris-sideral;5738;100.0;2.4
tiroir-sim-ipad-mini-3-mini-4-or;5737;100.0;2.4
tiroir-sim-ipad-mini-6-2021-noir;19075;100.0;4.2
tiroir-sim-iphone-11-blanc;12809;100.0;1.2
tiroir-sim-iphone-11-jaune;12811;100.0;2.62
tiroir-sim-iphone-11-mauve;12813;100.0;1.2
tiroir-sim-iphone-11-noir;12808;100.0;1.2
tiroir-sim-iphone-11-pro-11-pro-max-noir;12800;100.0;1.2
tiroir-sim-iphone-11-pro-11-pro-max-or;12803;100.0;0.72
tiroir-sim-iphone-11-pro-11-pro-max-vert-nuit;12801;100.0;1.2
tiroir-sim-iphone-12-piec-blanc;23210;100.0;1.8
tiroir-sim-iphone-12-piec-bleu;23212;100.0;1.8
tiroir-sim-iphone-12-piec-noir;23211;100.0;1.8
tiroir-sim-iphone-12-pro-12-pro-max-piec-bleu;23206;100.0;1.8
tiroir-sim-iphone-12-pro-12-pro-max-piec-noir;23207;100.0;1.8
tiroir-sim-iphone-12-pro-12-pro-max-piec-or;23205;100.0;1.8
tiroir-sim-iphone-13-blanc;14437;100.0;4.7
tiroir-sim-iphone-13-bleu;14434;100.0;1.2
tiroir-sim-iphone-13-mini-rose;14389;100.0;4.7
tiroir-sim-iphone-13-mini-rouge;14390;100.0;4.7
tiroir-sim-iphone-13-noir;14433;100.0;1.2
tiroir-sim-iphone-13-pro-blanc;14427;100.0;2.8
tiroir-sim-iphone-13-pro-bleu;14425;100.0;1.2
tiroir-sim-iphone-13-pro-max-blanc;14419;100.0;1.09
tiroir-sim-iphone-13-pro-max-bleu;14417;100.0;1.32
tiroir-sim-iphone-13-pro-max-noir;14416;100.0;1.2
tiroir-sim-iphone-13-pro-max-or;14418;100.0;2.33
tiroir-sim-iphone-13-pro-noir;14424;100.0;1.2
tiroir-sim-iphone-13-pro-or;14426;100.0;7.04
tiroir-sim-iphone-14-14-plus-blanc;16613;100.0;1.2
tiroir-sim-iphone-14-14-plus-bleu;16614;100.0;1.2
tiroir-sim-iphone-14-14-plus-jaune;16617;100.0;0.72
tiroir-sim-iphone-14-14-plus-noir;16612;100.0;1.2
tiroir-sim-iphone-14-pro-14-pro-max-noir;16636;100.0;1.2
tiroir-sim-iphone-14-pro-14-pro-max-or;16639;100.0;1.92
tiroir-sim-iphone-15-15-plus-bleu;17897;100.0;1.66
tiroir-sim-iphone-15-15-plus-jaune;17896;100.0;1.66
tiroir-sim-iphone-15-15-plus-noir;17894;100.0;2.24
tiroir-sim-iphone-15-pro-15-pro-max-blanc;17927;100.0;2.21
tiroir-sim-iphone-15-pro-15-pro-max-bleu;17928;100.0;2.21
tiroir-sim-iphone-15-pro-15-pro-max-naturel;17929;100.0;1.73
tiroir-sim-iphone-15-pro-15-pro-max-noir;17926;100.0;2.24
tiroir-sim-iphone-3g-s-noir;3286;100.0;0.6
tiroir-sim-iphone-5s-se-gris-sideral;1311;100.0;2.4
tiroir-sim-iphone-5s-se-or;1308;100.0;2.4
tiroir-sim-iphone-6-gris-sideral;5238;100.0;0.72
tiroir-sim-iphone-6-or;5236;100.0;0.72
tiroir-sim-iphone-6-plus-gris-sideral;5250;100.0;0.36
tiroir-sim-iphone-6-plus-or;5248;100.0;0.36
tiroir-sim-iphone-6s-gris-sideral;8073;100.0;3.6
tiroir-sim-iphone-6s-or;6681;100.0;3.6
tiroir-sim-iphone-6s-plus-gris-sideral;6300;100.0;3.6
tiroir-sim-iphone-6s-plus-or;7039;100.0;3.6
tiroir-sim-iphone-7-noir;5058;100.0;3.6
tiroir-sim-iphone-7-noir-de-jais;1646;100.0;3.6
tiroir-sim-iphone-7-or;5347;100.0;3.6
tiroir-sim-iphone-7-plus-noir;6057;100.0;1.44
tiroir-sim-iphone-7-plus-noir-de-jais;6022;100.0;3.6
tiroir-sim-iphone-7-plus-or;6221;100.0;3.6
tiroir-sim-iphone-8-se-2020-se-2022-blanc;10707;100.0;0.96
tiroir-sim-iphone-8-noir;10706;100.0;0.96
tiroir-sim-iphone-8-plus-blanc;13741;100.0;1.2
tiroir-sim-iphone-se-2020-rouge;14097;100.0;0.96
tiroir-sim-iphone-x-blanc;10705;100.0;0.36
tiroir-sim-iphone-x-noir;10704;100.0;0.54
tiroir-sim-iphone-xr-bleu;11766;100.0;2.4
tiroir-sim-iphone-xr-corail;11768;100.0;1.2
tiroir-sim-iphone-xr-jaune;11776;100.0;0.36
tiroir-sim-iphone-xr-noir;11764;100.0;1.2
tiroir-sim-iphone-xs-gris-sideral;11761;100.0;0.54
tiroir-sim-iphone-xs-max-gris-sideral;11758;100.0;0.54
tiroir-sim-iphone-xs-max-or;11760;100.0;1.2
tiroir-sim-iphone-xs-or;11763;100.0;0.54
tiroir-sim-samsung-galaxy-a-53-5g-a536b-argent;14965;100.0;3.0
tiroir-sim-samsung-galaxy-a-53-5g-a536b-bleu-clair;14964;100.0;1.92
tiroir-sim-samsung-galaxy-a-53-5g-a536b-noir;14962;100.0;1.34
tiroir-sim-samsung-galaxy-a-53-5g-a536b-rose-dore;14963;100.0;2.93
tiroir-sim-samsung-galaxy-a01-2020-a015f-bleu;13487;100.0;2.27
tiroir-sim-samsung-galaxy-a01-2020-a015f-noir;13485;100.0;2.62
tiroir-sim-samsung-galaxy-a01-2020-a015f-rouge;13486;100.0;2.27
tiroir-sim-samsung-galaxy-a02s-a025f-noir;13845;100.0;1.78
tiroir-sim-samsung-galaxy-a02s-a025g-noir-piec;22058;100.0;2.4
tiroir-sim-samsung-galaxy-a03-a035g-a035f-blanc;16193;100.0;2.4
tiroir-sim-samsung-galaxy-a03-a035g-a035f-noir;16192;100.0;2.4
tiroir-sim-samsung-galaxy-a03-core-a032f-bleu;16085;100.0;1.31
tiroir-sim-samsung-galaxy-a03-core-a032f-noir;16084;100.0;1.31
tiroir-sim-samsung-galaxy-a03s-a037f-a037g-blanc;15605;100.0;1.4
tiroir-sim-samsung-galaxy-a03s-a037f-a037g-noir;15604;100.0;1.4
tiroir-sim-samsung-galaxy-a04-a045f-blanc;15755;100.0;4.12
tiroir-sim-samsung-galaxy-a04-a045f-noir;15754;100.0;4.12
tiroir-sim-samsung-galaxy-a04s-a047f-blanc;15751;100.0;1.39
tiroir-sim-samsung-galaxy-a04s-a047f-noir;15750;100.0;1.51
tiroir-sim-samsung-galaxy-a05-a055f-blanc;19781;100.0;1.31
tiroir-sim-samsung-galaxy-a05-a055f-lime;19782;100.0;1.73
tiroir-sim-samsung-galaxy-a05-a055f-noir;19780;100.0;1.73
tiroir-sim-samsung-galaxy-a05s-4g-a057g-blanc;18050;100.0;1.07
tiroir-sim-samsung-galaxy-a05s-4g-a057g-noir;18049;100.0;1.31
tiroir-sim-samsung-galaxy-a06-a065f-blanc;19790;100.0;1.73
tiroir-sim-samsung-galaxy-a06-a065f-jaune;19791;100.0;1.73
tiroir-sim-samsung-galaxy-a06-a065f-noir;19789;100.0;1.51
tiroir-sim-samsung-galaxy-a06-5g-a066b-piec-blanc;23061;100.0;2.4
tiroir-sim-samsung-galaxy-a06-5g-a066b-piec-noir;23060;100.0;2.4
tiroir-sim-samsung-galaxy-a06-5g-a066b-piec-vert;23062;100.0;2.4
tiroir-sim-samsung-galaxy-a07-4g-a075f-noir-piec;22840;100.0;2.4
tiroir-sim-samsung-galaxy-a07-4g-a075f-vert-piec;22842;100.0;2.4
tiroir-sim-samsung-galaxy-a07-4g-a075f-violet-piec;22841;100.0;2.4
tiroir-sim-samsung-galaxy-a11-a115f-blanc;14067;100.0;2.8
tiroir-sim-samsung-galaxy-a11-a115f-noir;14066;100.0;1.26
tiroir-sim-samsung-galaxy-a12s-a127f-noir-piec;22112;100.0;1.2
tiroir-sim-samsung-galaxy-a13-a135f-blanc;15140;100.0;1.31
tiroir-sim-samsung-galaxy-a13-a135f-noir;15139;100.0;1.4
tiroir-sim-samsung-galaxy-a13-5g-a136b-bleu-ciel;15134;100.0;1.31
tiroir-sim-samsung-galaxy-a13-5g-a136b-noir;15133;100.0;2.28
tiroir-sim-samsung-galaxy-a14-4g-a145f-noir;16103;100.0;1.31
tiroir-sim-samsung-galaxy-a14-5g-a146b-gh81-23304a-argent-origine;18693;100.0;4.8
tiroir-sim-samsung-galaxy-a14-5g-a146b-gh81-23305a-vert-origine;18695;100.0;4.8
tiroir-sim-samsung-galaxy-a14-5g-a146b-noir-origine-gh81-23303a;18694;100.0;4.8
tiroir-sim-samsung-galaxy-a15-a156b-bleu;17841;100.0;1.51
tiroir-sim-samsung-galaxy-a15-a156b-jaune;17842;100.0;1.31
tiroir-sim-samsung-galaxy-a15-a156b-noir;17840;100.0;1.4
tiroir-sim-samsung-galaxy-a16-4g-a165f-blanc-piec;22858;100.0;2.4
tiroir-sim-samsung-galaxy-a16-4g-a165f-gh98-49822e-bleu-origine;22463;100.0;3.6
tiroir-sim-samsung-galaxy-a16-4g-a165f-noir-piec;22860;100.0;2.4
tiroir-sim-samsung-galaxy-a16-4g-a165f-vert-piec;22859;100.0;2.4
tiroir-sim-samsung-galaxy-a16-5g-a166b-blanc;18862;100.0;1.39
tiroir-sim-samsung-galaxy-a16-5g-a166b-noir;18861;100.0;1.51
tiroir-sim-samsung-galaxy-a17-4g-a175f-a17-5g-a176b-gris-piec;20984;100.0;1.8
tiroir-sim-samsung-galaxy-a17-4g-a175f-a17-5g-a176b-noir-piec;20982;100.0;1.8
tiroir-sim-samsung-galaxy-a17-4g-a175f-bleu-piec;22871;100.0;2.4
tiroir-sim-samsung-galaxy-a17-5g-a176b-bleu-piec;20983;100.0;1.8
tiroir-sim-samsung-galaxy-a22-a226b-blanc-piec;21575;100.0;1.32
tiroir-sim-samsung-galaxy-a22-a226b-noir-piec;21574;100.0;1.56
tiroir-sim-samsung-galaxy-a22-a226b-violet-piec;21692;100.0;0.96
tiroir-sim-samsung-galaxy-a22-5g-a226b-blanc;14978;100.0;2.02
tiroir-sim-samsung-galaxy-a22-5g-a226b-gris;14977;100.0;1.31
tiroir-sim-samsung-galaxy-a22-5g-a226b-violet;14979;100.0;1.75
tiroir-sim-samsung-galaxy-a23-4g-a235f-blanc;16168;100.0;3.19
tiroir-sim-samsung-galaxy-a23-4g-a235f-bleu;16169;100.0;3.19
tiroir-sim-samsung-galaxy-a23-4g-a235f-noir;16167;100.0;2.21
tiroir-sim-samsung-galaxy-a23-5g-a236b-blanc;16171;100.0;3.19
tiroir-sim-samsung-galaxy-a23-5g-a236b-bleu;16172;100.0;3.19
tiroir-sim-samsung-galaxy-a23-5g-a236b-noir;16170;100.0;1.2
tiroir-sim-samsung-galaxy-a23-5g-a236b-noir-origine;22185;100.0;3.6
tiroir-sim-samsung-galaxy-a24-4g-a245f-blanc;19768;100.0;1.73
tiroir-sim-samsung-galaxy-a24-4g-a245f-lime;19769;100.0;1.73
tiroir-sim-samsung-galaxy-a24-4g-a245f-noir;19767;100.0;1.73
tiroir-sim-samsung-galaxy-a25-5g-a256b-bleu;17848;100.0;3.0
tiroir-sim-samsung-galaxy-a25-5g-a256b-noir;17847;100.0;1.31
tiroir-sim-samsung-galaxy-a25-5g-a256b-vert;17849;100.0;3.0
tiroir-sim-samsung-galaxy-a26-5g-a266b-blanc-piec;20954;100.0;1.8
tiroir-sim-samsung-galaxy-a26-5g-a266b-noir-piec;20953;100.0;1.8
tiroir-sim-samsung-galaxy-a26-5g-a266b-rose-piec;20956;100.0;1.8
tiroir-sim-samsung-galaxy-a26-5g-a266b-vert-piec;20955;100.0;1.8
tiroir-sim-samsung-galaxy-a3-a300fu-a5-a500fu-a7-a700f-blanc;5465;100.0;1.2
tiroir-sim-samsung-galaxy-a3-a300fu-a5-a500fu-a7-a700f-noir;3879;100.0;1.2
tiroir-sim-samsung-galaxy-a3-a300fu-a5-a500fu-a7-a700f-or;6474;100.0;1.2
tiroir-sim-samsung-galaxy-a31-a315f-noir;12866;100.0;1.8
tiroir-sim-samsung-galaxy-a31-a315f-violet;12867;100.0;2.29
tiroir-sim-samsung-galaxy-a32-a325f-piec;21543;100.0;0.96
tiroir-sim-samsung-galaxy-a32-a326b-blanc-piec;21566;100.0;1.2
tiroir-sim-samsung-galaxy-a32-a326b-noir-piec;21565;100.0;1.2
tiroir-sim-samsung-galaxy-a32-5g-a326b-blanc;13677;100.0;2.62
tiroir-sim-samsung-galaxy-a32-5g-a326b-bleu;13678;100.0;2.62
tiroir-sim-samsung-galaxy-a33-5g-a336b-blanc;15012;100.0;2.6
tiroir-sim-samsung-galaxy-a33-5g-a336b-blanc-piec;21628;100.0;1.32
tiroir-sim-samsung-galaxy-a33-5g-a336b-bleu;15011;100.0;1.78
tiroir-sim-samsung-galaxy-a33-5g-a336b-noir;15010;100.0;1.78
tiroir-sim-samsung-galaxy-a33-5g-a336b-noir-piec;21627;100.0;1.32
tiroir-sim-samsung-galaxy-a33-5g-a336b-peche;15013;100.0;2.6
tiroir-sim-samsung-galaxy-a34-5g-a346b-argent;16097;100.0;3.08
tiroir-sim-samsung-galaxy-a34-5g-a346b-noir;16096;100.0;1.8
tiroir-sim-samsung-galaxy-a34-5g-a346b-noir-piec;21619;100.0;1.32
tiroir-sim-samsung-galaxy-a34-5g-a346b-violet-piec;21621;100.0;1.32
tiroir-sim-samsung-galaxy-a35-a356b-bleu;18059;100.0;1.96
tiroir-sim-samsung-galaxy-a35-a356b-lime;18061;100.0;1.96
tiroir-sim-samsung-galaxy-a35-a356b-noir;18058;100.0;1.96
tiroir-sim-samsung-galaxy-a35-a356b-violet;18060;100.0;1.96
tiroir-sim-samsung-galaxy-a36-5g-a366b-blanc-piec;20926;100.0;2.4
tiroir-sim-samsung-galaxy-a36-5g-a366b-noir-piec;20925;100.0;2.4
tiroir-sim-samsung-galaxy-a37-5g-a376b-blanc-piec;22882;100.0;2.4
tiroir-sim-samsung-galaxy-a37-5g-a376b-noir-piec;22881;100.0;2.4
tiroir-sim-samsung-galaxy-a37-5g-a376b-vert-piec;22883;100.0;2.4
tiroir-sim-samsung-galaxy-a37-5g-a376b-violet-piec;22884;100.0;2.4
tiroir-sim-samsung-galaxy-a41-a415f-blanc-piec;21702;100.0;1.2
tiroir-sim-samsung-galaxy-a41-a415f-bleu-piec;21701;100.0;1.2
tiroir-sim-samsung-galaxy-a41-a415f-noir-piec;21700;100.0;1.2
tiroir-sim-samsung-galaxy-a42-5g-a426b-argent;13245;100.0;3.02
tiroir-sim-samsung-galaxy-a42-5g-a426b-noir;13244;100.0;2.71
tiroir-sim-samsung-galaxy-a5-2017-a520f-bleu;9274;100.0;0.6
tiroir-sim-samsung-galaxy-a5-2017-a520f-noir;9238;100.0;0.6
tiroir-sim-samsung-galaxy-a5-2017-a520f-or;9268;100.0;0.6
tiroir-sim-samsung-galaxy-a5-2017-a520f-rose;9273;100.0;0.6
tiroir-sim-samsung-galaxy-a50s-2019-a507f-blanc;13507;100.0;2.27
tiroir-sim-samsung-galaxy-a50s-2019-a507f-noir;13506;100.0;2.27
tiroir-sim-samsung-galaxy-a50s-2019-a507f-vert;13508;100.0;2.27
tiroir-sim-samsung-galaxy-a51-a515f-4g-noir-piec;21756;100.0;1.2
tiroir-sim-samsung-galaxy-a51-5g-a516b-blanc;18782;100.0;1.8
tiroir-sim-samsung-galaxy-a51-5g-a516b-noir;18781;100.0;1.8
tiroir-sim-samsung-galaxy-a53-5g-a536b-blanc-piec;21557;100.0;1.32
tiroir-sim-samsung-galaxy-a53-5g-a536b-bleu-piec;21556;100.0;1.32
tiroir-sim-samsung-galaxy-a53-5g-a536b-noir-piec;21555;100.0;1.32
tiroir-sim-samsung-galaxy-a54-5g-a546b-blanc;16089;100.0;3.08
tiroir-sim-samsung-galaxy-a54-5g-a546b-noir;16088;100.0;1.7
tiroir-sim-samsung-galaxy-a54-5g-a546b-noir-piec;21601;100.0;1.68
tiroir-sim-samsung-galaxy-a54-5g-a546b-vert;16091;100.0;3.08
tiroir-sim-samsung-galaxy-a54-5g-a546b-vert-piec;21602;100.0;1.68
tiroir-sim-samsung-galaxy-a54-5g-a546b-violet;16090;100.0;3.08
tiroir-sim-samsung-galaxy-a55-5g-a556b-bleu;18054;100.0;1.4
tiroir-sim-samsung-galaxy-a55-5g-a556b-citron;18056;100.0;1.96
tiroir-sim-samsung-galaxy-a55-5g-a556b-violet;18055;100.0;1.96
tiroir-sim-samsung-galaxy-a56-5g-a566b-blanc-piec;20938;100.0;1.8
tiroir-sim-samsung-galaxy-a56-5g-a566b-noir-piec;20937;100.0;1.8
tiroir-sim-samsung-galaxy-a56-5g-a566b-rose-piec;20940;100.0;1.8
tiroir-sim-samsung-galaxy-a56-5g-a566b-vert-piec;20939;100.0;1.8
tiroir-sim-samsung-galaxy-a57-5g-a576b-bleu-piec;22893;100.0;2.4
tiroir-sim-samsung-galaxy-a57-5g-a576b-gris-piec;22892;100.0;2.4
tiroir-sim-samsung-galaxy-a57-5g-a576b-noir-piec;22891;100.0;2.4
tiroir-sim-samsung-galaxy-a57-5g-a576b-violet-piec;22894;100.0;2.4
tiroir-sim-samsung-galaxy-a6-2018-a600f-a6-2018-a605f-noir;11357;100.0;1.2
tiroir-sim-samsung-galaxy-a6-2018-a600f-a6-2018-a605f-or;11358;100.0;1.2
tiroir-sim-samsung-galaxy-a7-2018-a750f-rose-piec;22125;100.0;1.08
tiroir-sim-samsung-galaxy-a73-5g-a736b-noir;19963;100.0;1.73
tiroir-sim-samsung-galaxy-a8-2018-a530f-noir-carbone;10989;100.0;0.6
tiroir-sim-samsung-galaxy-a8-2018-a530f-or-topaze;10990;100.0;0.6
tiroir-sim-samsung-galaxy-a8-2018-a530f-orchidee;10991;100.0;0.6
tiroir-sim-samsung-galaxy-a90-5g-a908b-noir;19957;100.0;1.73
tiroir-sim-samsung-galaxy-fold-f900f-noir;12933;100.0;2.27
tiroir-sim-samsung-galaxy-fold-f900f-silver;12934;100.0;2.27
tiroir-sim-samsung-galaxy-j3-2017-j330f-bleu-origine;5115;100.0;2.54
tiroir-sim-samsung-galaxy-j4-j415f-j6-j610f-bleu-origine;5221;100.0;1.51
tiroir-sim-samsung-galaxy-j4-j415f-j6-j610f-or-origine;5217;100.0;2.3
tiroir-sim-samsung-galaxy-j4-j415f-j6-j610f-rose-origine;5220;100.0;2.3
tiroir-sim-samsung-galaxy-j5-2017-j530f-j7-2017-j730f-bleu;10513;100.0;3.68
tiroir-sim-samsung-galaxy-j5-2017-j530f-j7-2017-j730f-noir;10511;100.0;3.68
tiroir-sim-samsung-galaxy-j5-2017-j530f-j7-2017-j730f-or;10512;100.0;3.68
tiroir-sim-samsung-galaxy-j6-2018-j600f-bleu-argente;11655;100.0;3.02
tiroir-sim-samsung-galaxy-j6-2018-j600f-or;11656;100.0;3.02
tiroir-sim-samsung-galaxy-m13-m135f-bleu;15774;100.0;2.26
tiroir-sim-samsung-galaxy-m13-m135f-noir;15773;100.0;4.45
tiroir-sim-samsung-galaxy-m23-5g-m236b-gh98-47403a-noir-origine;18414;100.0;4.8
tiroir-sim-samsung-galaxy-m23-5g-m236b-gh98-47403c-bleu-origine;18415;100.0;4.8
tiroir-sim-samsung-galaxy-m53-5g-m536b-noir;16704;100.0;1.8
tiroir-sim-samsung-galaxy-note-20-n980f-n981f-bronze;14211;100.0;1.66
tiroir-sim-samsung-galaxy-note-20-n980f-n981f-noir;14212;100.0;1.96
tiroir-sim-samsung-galaxy-note-20-n980f-5g-n981b-gris;19485;100.0;3.6
tiroir-sim-samsung-galaxy-note-20-n980f-5g-n981b-vert;19486;100.0;3.6
tiroir-sim-samsung-galaxy-note-20-ultra-n986b-rose;19481;100.0;3.6
tiroir-sim-samsung-galaxy-note-20-ultra-5g-n986b-noir;14222;100.0;3.11
tiroir-sim-samsung-galaxy-s10-5g-g977b-noir;16154;100.0;2.82
tiroir-sim-samsung-galaxy-s20-fe-5g-g781b-rouge-piec;21300;100.0;2.4
tiroir-sim-samsung-galaxy-s20-fe-5g-g781b-vert-piec;21299;100.0;2.4
tiroir-sim-samsung-galaxy-s20-fe-5g-g781b-violet-piec;21298;100.0;2.4
tiroir-sim-samsung-galaxy-s21-g991b-s21-g996b-piec;21370;100.0;2.4
tiroir-sim-samsung-galaxy-s21-g991b-s21-g996b-gh98-46193b-violet-origine;18486;100.0;6.0
tiroir-sim-samsung-galaxy-s21-s21-g991b-g996-blanc;13358;100.0;3.58
tiroir-sim-samsung-galaxy-s21-s21-g991b-g996-noir;13357;100.0;1.56
tiroir-sim-samsung-galaxy-s21-fe-g990b-blanc-piec;15561;100.0;1.8
tiroir-sim-samsung-galaxy-s21-fe-g990b-noir;15562;100.0;1.8
tiroir-sim-samsung-galaxy-s22-s901b-s22-plus-s906b-noir-origine;22170;100.0;3.6
tiroir-sim-samsung-galaxy-s22-s901b-s22-s906b-blanc;14703;100.0;2.82
tiroir-sim-samsung-galaxy-s22-s901b-s22-s906b-gris;14704;100.0;3.02
tiroir-sim-samsung-galaxy-s22-s901b-s22-s906b-noir;14702;100.0;2.32
tiroir-sim-samsung-galaxy-s22-s901b-s22-s906b-rose-or;14706;100.0;2.59
tiroir-sim-samsung-galaxy-s22-s901b-s22-s906b-vert;14705;100.0;2.82
tiroir-sim-samsung-galaxy-s22-ultra-s908b-blanc;14713;100.0;2.26
tiroir-sim-samsung-galaxy-s22-ultra-s908b-noir-piec;14712;100.0;3.89
tiroir-sim-samsung-galaxy-s22-ultra-s908b-noir-origine;14691;100.0;4.56
tiroir-sim-samsung-galaxy-s22-ultra-s908b-rouge-bordeaux-piec;14714;100.0;1.66
tiroir-sim-samsung-galaxy-s22-ultra-s908b-vert-origine-piec;14690;100.0;2.5
tiroir-sim-samsung-galaxy-s23-s911b-s23-s916b-gh98-47996a-noir-origine;18397;100.0;6.0
tiroir-sim-samsung-galaxy-s23-s911b-s23-s916b-gh98-47996c-vert-origine;18398;100.0;7.2
tiroir-sim-samsung-galaxy-s23-s23-s916b-blanc;15842;100.0;1.54
tiroir-sim-samsung-galaxy-s23-s23-s916b-noir;15841;100.0;2.21
tiroir-sim-samsung-galaxy-s23-s23-lavande;15843;100.0;4.34
tiroir-sim-samsung-galaxy-s23-fe-s711b-argent;17316;100.0;2.32
tiroir-sim-samsung-galaxy-s23-fe-s711b-noir;17317;100.0;1.76
tiroir-sim-samsung-galaxy-s23-ultra-s918b-creme-piec;15847;100.0;2.4
tiroir-sim-samsung-galaxy-s23-ultra-s918b-gh98-48039c-vert-origine;18526;100.0;4.8
tiroir-sim-samsung-galaxy-s23-ultra-s918b-lavande-piec;15848;100.0;2.4
tiroir-sim-samsung-galaxy-s23-ultra-s918b-noir-piec;15846;100.0;2.4
tiroir-sim-samsung-galaxy-s24-s921b-s24-s926b-blanc;17357;100.0;1.76
tiroir-sim-samsung-galaxy-s24-s921b-s24-s926b-noir;17356;100.0;1.76
tiroir-sim-samsung-galaxy-s24-fe-s721b-blanc;18858;100.0;1.7
tiroir-sim-samsung-galaxy-s24-fe-s721b-graphite-origine;18873;100.0;6.0
tiroir-sim-samsung-galaxy-s24-fe-s721b-noir;18857;100.0;3.6
tiroir-sim-samsung-galaxy-s24-ultra-s928b-gris-titane;17361;100.0;1.54
tiroir-sim-samsung-galaxy-s24-ultra-s928b-noir-titane;17360;100.0;2.06
tiroir-sim-samsung-galaxy-s25-s931b-s25-s936b-bleu-clair;19602;100.0;3.6
tiroir-sim-samsung-galaxy-s25-s931b-s25-s936b-bleu-nuit;19600;100.0;3.6
tiroir-sim-samsung-galaxy-s25-s931b-s25-s936b-gris;19599;100.0;3.6
tiroir-sim-samsung-galaxy-s25-s931b-s25-s936b-vert-d-eau;19601;100.0;3.6
tiroir-sim-samsung-galaxy-s25-edge-s937b-blanc-piec;20963;100.0;1.8
tiroir-sim-samsung-galaxy-s25-edge-s937b-noir-piec;20962;100.0;1.8
tiroir-sim-samsung-galaxy-s25-fe-s731b-blanc-piec;22853;100.0;2.4
tiroir-sim-samsung-galaxy-s25-fe-s731b-noir-piec;22852;100.0;2.4
tiroir-sim-samsung-galaxy-s25-ultra-s938b-argent-titane;19603;100.0;3.6
tiroir-sim-samsung-galaxy-s25-ultra-s938b-bleu-argente-origine;22189;100.0;7.2
tiroir-sim-samsung-galaxy-s25-ultra-s938b-gris-origine;22184;100.0;6.0
tiroir-sim-samsung-galaxy-s25-ultra-s938b-gris-titane;19604;100.0;3.6
tiroir-sim-samsung-galaxy-s25-ultra-s938b-noir;19605;100.0;3.6
tiroir-sim-samsung-galaxy-s25-ultra-s938b-noir-origine;22195;100.0;7.2
tiroir-sim-samsung-galaxy-s25-s25-s931b-s936b-noir-origine;22182;100.0;4.8
tiroir-sim-samsung-galaxy-s26-5g-s942b-piec-argent;22699;100.0;1.8
tiroir-sim-samsung-galaxy-s26-5g-s942b-piec-blanc;22696;100.0;1.8
tiroir-sim-samsung-galaxy-s26-5g-s942b-piec-bleu-ciel;22697;100.0;1.8
tiroir-sim-samsung-galaxy-s26-5g-s942b-piec-noir;22695;100.0;1.8
tiroir-sim-samsung-galaxy-s26-5g-s942b-piec-rose-or;22700;100.0;1.8
tiroir-sim-samsung-galaxy-s26-5g-s942b-piec-violet;22698;100.0;1.8
tiroir-sim-samsung-galaxy-s26-ultra-5g-s948b-piec-argent;22716;100.0;1.8
tiroir-sim-samsung-galaxy-s26-ultra-5g-s948b-piec-blanc;22713;100.0;1.8
tiroir-sim-samsung-galaxy-s26-ultra-5g-s948b-piec-bleu-ciel;22714;100.0;1.8
tiroir-sim-samsung-galaxy-s26-ultra-5g-s948b-piec-noir;22712;100.0;1.8
tiroir-sim-samsung-galaxy-s26-ultra-5g-s948b-piec-rose-or;22717;100.0;1.8
tiroir-sim-samsung-galaxy-s26-ultra-5g-s948b-piec-violet;22715;100.0;1.8
tiroir-sim-samsung-galaxy-s26-5g-s947b-piec-argent;22706;100.0;1.8
tiroir-sim-samsung-galaxy-s26-5g-s947b-piec-blanc;22703;100.0;1.8
tiroir-sim-samsung-galaxy-s26-5g-s947b-piec-bleu-ciel;22704;100.0;1.8
tiroir-sim-samsung-galaxy-s26-5g-s947b-piec-noir;22702;100.0;1.8
tiroir-sim-samsung-galaxy-s26-5g-s947b-piec-rose-or;22707;100.0;1.8
tiroir-sim-samsung-galaxy-s26-5g-s947b-piec-violet;22705;100.0;1.8
tiroir-sim-samsung-galaxy-s6-g920f-argent;6149;100.0;1.08
tiroir-sim-samsung-galaxy-s6-g920f-or;6150;100.0;1.08
tiroir-sim-samsung-galaxy-s6-edge-g925f-noir-cosmos;7100;100.0;2.28
tiroir-sim-samsung-galaxy-s6-edge-g925f-or-stellaire;7101;100.0;2.69
tiroir-sim-samsung-galaxy-s6-edge-plus-g928f-blanc;5164;100.0;4.8
tiroir-sim-samsung-galaxy-s6-edge-plus-g928f-noir;10117;100.0;4.8
tiroir-sim-samsung-galaxy-s9-g960f-noir-piec;22143;100.0;1.08
tiroir-sim-samsung-galaxy-tab-a11-4g-x135f-piec-argent;22932;100.0;2.4
tiroir-sim-samsung-galaxy-tab-a11-4g-x135f-piec-gris;22931;100.0;2.4
tiroir-sim-samsung-galaxy-tab-a11-5g-x236b-piec-argent;22935;100.0;2.4
tiroir-sim-samsung-galaxy-tab-a11-5g-x236b-piec-gris;22934;100.0;2.4
tiroir-sim-samsung-galaxy-tab-a7-lite-wifi-lte-t220-t225-piec-argent;23052;100.0;2.4
tiroir-sim-samsung-galaxy-tab-a7-lite-wifi-lte-t220-t225-piec-gris;23051;100.0;2.4
tiroir-sim-samsung-galaxy-tab-a9-x115-blanc;18074;100.0;2.34
tiroir-sim-samsung-galaxy-tab-a9-x115-noir;18073;100.0;1.9
tiroir-sim-samsung-galaxy-tab-a9-x216-noir;18076;100.0;1.9
tiroir-sim-samsung-galaxy-tab-s11-5g-x736b-tab-s11-5g-x936b-piec-argent;22926;100.0;2.4
tiroir-sim-samsung-galaxy-tab-s11-5g-x736b-tab-s11-5g-x936b-piec-gris;22925;100.0;2.4
tiroir-sim-samsung-galaxy-tab-s2-9-7-t815-tab-s2-8-0-t715-noir;10588;100.0;3.82
tiroir-sim-samsung-galaxy-tab-s5e-t725-gh98-44110a-argent-origine;18327;100.0;3.6
tiroir-sim-samsung-galaxy-tab-s6-lite-lte-p615-gh98-45420b-bleu-origine;18229;100.0;3.6
tiroir-sim-samsung-galaxy-tab-s9-fe-5g-x516b-noir;18078;100.0;2.34
tiroir-sim-samsung-galaxy-z-flip-4g-f700f-gh98-45099c-marron-origine;18323;100.0;3.0
tiroir-sim-samsung-galaxy-z-flip-4g-f700f-noir;14052;100.0;3.46
tiroir-sim-samsung-galaxy-z-flip-4g-f700f-violet;14053;100.0;1.54
tiroir-sim-samsung-galaxy-z-flip-5g-f707b-gh98-45727a-gris-origine;18380;100.0;4.8
tiroir-sim-samsung-galaxy-z-flip-5g-f707b-gh98-45727b-bronze-origine;18348;100.0;6.0
tiroir-sim-samsung-galaxy-z-flip3-f711b-gh98-46768a-noir-origine;18476;100.0;6.0
tiroir-sim-samsung-galaxy-z-flip3-f711b-gh98-46768d-violet-origine;18475;100.0;6.0
tiroir-sim-samsung-galaxy-z-flip3-f711b-gh98-46768e-argent-origine;18474;100.0;6.0
tiroir-sim-samsung-galaxy-z-flip3-5g-f711b-gh98-46768b-beige-origine;18321;100.0;2.4
tiroir-sim-samsung-galaxy-z-flip3-5g-f711b-vert;14855;100.0;1.81
tiroir-sim-samsung-galaxy-z-flip4-f721b-gh98-47715c-or-origine;18481;100.0;7.2
tiroir-sim-samsung-galaxy-z-flip4-f721b-gh98-47715d-bleu-origine;18482;100.0;7.2
tiroir-sim-samsung-galaxy-z-flip4-5g-f721b-lavande;16875;100.0;3.6
tiroir-sim-samsung-galaxy-z-flip4-5g-f721b-noir;16874;100.0;2.7
tiroir-sim-samsung-galaxy-z-flip5-5g-f731b-creme;18042;100.0;1.96
tiroir-sim-samsung-galaxy-z-flip5-5g-f731b-noir;18040;100.0;2.09
tiroir-sim-samsung-galaxy-z-flip5-5g-f731b-violet;18041;100.0;1.56
tiroir-sim-samsung-galaxy-z-flip6-f741-blanc;18551;100.0;2.06
tiroir-sim-samsung-galaxy-z-flip6-f741-bleu;18552;100.0;2.06
tiroir-sim-samsung-galaxy-z-flip6-f741-gris;18554;100.0;2.06
tiroir-sim-samsung-galaxy-z-flip6-f741-noir;18550;100.0;1.56
tiroir-sim-samsung-galaxy-z-flip7-5g-f766b-bleu-piec;20977;100.0;1.8
tiroir-sim-samsung-galaxy-z-flip7-5g-f766b-noir-piec;20976;100.0;1.8
tiroir-sim-samsung-galaxy-z-flip7-5g-f766b-rouge-piec;20979;100.0;1.8
tiroir-sim-samsung-galaxy-z-flip7-5g-f766b-vert-piec;20978;100.0;1.8
tiroir-sim-samsung-galaxy-z-flip7-fe-5g-f761b-blanc-piec;23367;100.0;1.62
tiroir-sim-samsung-galaxy-z-flip7-fe-5g-f761b-noir-piec;23366;100.0;1.62
tiroir-sim-samsung-galaxy-z-fold2-5g-f916b-bronze;15403;100.0;2.42
tiroir-sim-samsung-galaxy-z-fold2-5g-f916b-noir;15402;100.0;3.6
tiroir-sim-samsung-galaxy-z-fold2-5g-f916b-or;15404;100.0;6.0
tiroir-sim-samsung-galaxy-z-fold3-5g-f926b-argent;15411;100.0;4.63
tiroir-sim-samsung-galaxy-z-fold3-5g-f926b-gh98-46829b-vert-origine;18499;100.0;4.8
tiroir-sim-samsung-galaxy-z-fold3-5g-f926b-noir;15412;100.0;2.71
tiroir-sim-samsung-galaxy-z-fold4-f936b-gh98-47758c-beige-origine;18502;100.0;7.2
tiroir-sim-samsung-galaxy-z-fold4-5g-f936b-gh98-47758b-gris-origine;18488;100.0;7.2
tiroir-sim-samsung-galaxy-z-fold4-5g-f936b-noir;15428;100.0;6.12
tiroir-sim-samsung-galaxy-z-fold5-5g-f946b-bleu;18046;100.0;1.96
tiroir-sim-samsung-galaxy-z-fold5-5g-f946b-creme;18047;100.0;1.96
tiroir-sim-samsung-galaxy-z-fold5-5g-f946b-noir;18045;100.0;1.96
tiroir-sim-samsung-galaxy-z-fold6-f956-bleu-origine;18546;100.0;2.06
tiroir-sim-samsung-galaxy-z-fold6-f956-gris-origine;18545;100.0;2.06
tiroir-sim-samsung-galaxy-z-fold6-f956-rose-origine;18547;100.0;2.06
tiroir-sim-samsung-galaxy-z-fold7-f966b-bleu-fonce-origine;21017;100.0;6.0
tiroir-sim-samsung-galaxy-z-fold7-f966b-gris-origine;21018;100.0;6.0
tiroir-sim-samsung-galaxy-z-fold7-f966b-noir-origine;21016;100.0;6.0
tiroir-sim-samsung-galaxy-z-fold7-5g-f966b-argent-piec;20970;100.0;1.8
tiroir-sim-samsung-galaxy-z-fold7-5g-f966b-bleu-piec;20971;100.0;1.8
tiroir-sim-samsung-galaxy-z-fold7-5g-f966b-noir-piec;20969;100.0;2.4
tiroir-sim-samsung-galaxy-z-fold7-5g-f966b-vert-piec;20972;100.0;1.8
tiroir-sim-sd-samsung-galaxy-tab-s4-t835-gh98-42991a-noir-origine;18425;100.0;4.8
tiroir-sim-sd-samsung-galaxy-tab-s5e-t725-gh98-44110c-or-origine;18335;100.0;3.6
tiroir-sim-power-volume-vibreur-iphone-5s-noir;3224;100.0;2.4
tiroir-sim-sd-samsung-galaxy-s21-ultra-5g-g998b-argent;13992;100.0;1.54
tiroir-sim-sd-samsung-galaxy-s21-ultra-5g-g998b-noir;13991;100.0;1.56
tiroir-sim-sd-samsung-galaxy-s21-ultra-5g-g998b-noir-piec;21472;100.0;1.8
tiroir-sim-sd-samsung-galaxy-s8-g950f-rose;13993;100.0;1.56
tiroir-sim-sd-samsung-galaxy-tab-a-2018-10-5-t595-gh63-15635a-noir;14091;100.0;2.27
tiroir-sim1-sim2-sd-samsung-galaxy-note-20-ultra-5g-n986b-argent;14221;100.0;4.24
tiroir-support-sim-iphone-4-4s;430;100.0;1.2
tirroir-sim-ipad-air-3;21233;100.0;6.0
touch-screen-ic-broadcom-bcm5976-iphone-5;8686;100.0;2.4
touch-screen-ic-broadcom-bcm5976-iphone-5c;8688;100.0;1.2
touch-screen-ic-broadcom-bcm5976-iphone-5s;8691;100.0;2.4
touch-screen-ic-broadcom-bcm5976-iphone-6-6-plus;8695;100.0;7.2
touch-screen-ic-texas-instruments-343s0628-iphone-5;8685;100.0;2.4
touch-screen-ic-texas-instruments-343s0645-iphone-5s;8692;100.0;2.4
touch-screen-ic-texas-instruments-343s0694-iphone-6-6-plus;8696;100.0;6.0
touch-screen-ic-m2800-iphone-7-7-plus;14592;100.0;4.63
touch-screen-ic-m2800-iphone-7-plus;14593;100.0;6.4
touch-screen-ic-m5500-iphone-8;14594;100.0;4.63
touch-screen-ic-m5500-iphone-8-plus;14595;100.0;9.91
touch-screen-ic-u5600-iphone-x;14596;100.0;3.58
tournevis-a-douille-special-iphone-6s;10190;100.0;2.4
tournevis-cruciforme-1-5-25mm;5677;100.0;2.4
tournevis-cruciforme-special-iphone;4573;100.0;2.4
tournevis-pentalobe-1-2-25mm-macbook;5676;100.0;2.4
tournevis-plat-2-0-25mm;5679;100.0;2.4
tournevis-torx-t2-25mm;5680;100.0;2.4
tournevis-torx-t3-25mm;5681;100.0;2.4
tournevis-torx-t4-25mm;5682;100.0;2.4
tournevis-torx-t6-25mm;5684;100.0;2.4
tournevis-torx-t8-50mm-8800c-best;8744;100.0;1.58
tournevis-triwing-de-reparation-galaxy-tab-macbook;1502;100.0;2.4
transceiver-ic-5g-qualcomm-sdr865-iphone-12;14572;100.0;6.4
u2-charging-ic-1616a0-iphone-13-pro;16279;100.0;3.31
usb-charging-protector-ic-2e4b-iphone-13-pro;16283;100.0;3.31
vdd-boost-ic-61280e-iphone-12;14575;100.0;2.52
ventilateur-portable-numerique-rechargeable-a-refroidissement-glace-usams-zb362-;23126;100.0;10.14
verre-trempe-lot-x10-iphone-5-5c-5s;10925;100.0;12.0
verre-trempe-lot-x10-iphone-6-7-8-se-2020-se2022;10812;100.0;12.0
verre-trempe-lot-x10-iphone-6-plus-7-plus-8-plus;10811;100.0;12.0
verre-trempe-lot-x10-iphone-x-xs;10810;100.0;12.0
verre-trempe-lot-x25-iphone-12-12-pro;17689;100.0;24.0
verre-trempe-lot-x25-iphone-12-mini;17690;100.0;24.0
verre-trempe-lot-x25-iphone-13-13-pro-14-16e-17e;17688;100.0;24.0
verre-trempe-lot-x25-iphone-6-7-8-se-2020-se-2022;17687;100.0;10.61
verre-trempe-lot-x25-iphone-xr-iphone-11;4175;100.0;24.0
verre-trempe-5d-iphone-14-pro-max-noir;15353;100.0;24.0
verre-trempe-5d-iphone-14-pro-noir;15352;100.0;24.0
verre-trempe-alcatel-idol-3-5-5-6045;9200;100.0;1.2
verre-trempe-alcatel-idol-4-6055;10201;100.0;1.2
verre-trempe-asus-zenfone-2-laser-ze550kl;7306;100.0;1.2
verre-trempe-asus-zenfone-3-ze520kl;8798;100.0;1.2
verre-trempe-asus-zenfone-3-ze552kl;8797;100.0;1.2
verre-trempe-asus-zenfone-3-max-zc520tl;10186;100.0;1.2
verre-trempe-asus-zenfone-5-ze620kl;11103;100.0;1.2
verre-trempe-asus-zenfone-max-zc550kl;5674;100.0;1.2
verre-trempe-asus-zenfone-selfie-zd551kl;7305;100.0;1.2
verre-trempe-camera-arriere-heybingo-s26-5g-s942b-antistatique-noir;22822;100.0;3.6
verre-trempe-camera-arriere-heybingo-s26-ultra-s948b-antistatique-noir;22823;100.0;3.6
verre-trempe-camera-arriere-iphone-12-12-mini-9h-force-glass-garanti-a-vie;20582;100.0;2.4
verre-trempe-camera-arriere-iphone-12-pro;14718;100.0;6.0
verre-trempe-camera-arriere-iphone-13-13-mini-9h-force-glass-garanti-a-vie;20581;100.0;3.6
verre-trempe-camera-arriere-iphone-13-13-mini-heybingo-antistatique-noir;14721;100.0;6.0
verre-trempe-camera-arriere-iphone-13-pro-13-pro-max;14720;100.0;6.0
verre-trempe-camera-arriere-iphone-13-pro-13-pro-max-heybingo-antistatique-argen;19098;100.0;3.6
verre-trempe-camera-arriere-iphone-14-14-plus-9h-force-glass-garanti-a-vie;20583;100.0;2.4
verre-trempe-camera-arriere-iphone-14-14-plus-heybingo-antistatique-argent;19096;100.0;3.6
verre-trempe-camera-arriere-iphone-14-pro-14-pro-max-9h-force-glass-garanti-a-vi;20584;100.0;2.4
verre-trempe-camera-arriere-iphone-15-15-plus-heybingo-antistatique-argent;19092;100.0;3.6
verre-trempe-camera-arriere-iphone-15-pro-15-pro-max-heybingo-antistatique-argen;19090;100.0;3.6
verre-trempe-camera-arriere-iphone-16-16-plus-heybingo-antistatique-argent;18805;100.0;3.6
verre-trempe-camera-arriere-iphone-16-16-plus-heybingo-antistatique-noir;18808;100.0;3.6
verre-trempe-camera-arriere-iphone-16-pro-16-pro-max-heybingo-antistatique-argen;18806;100.0;3.6
verre-trempe-camera-arriere-iphone-16-pro-16-pro-max-heybingo-antistatique-noir;18807;100.0;3.6
verre-trempe-camera-arriere-iphone-17-heybingo-integral-argent;21065;100.0;3.6
verre-trempe-camera-arriere-iphone-17-heybingo-integral-bleu-clair;21064;100.0;3.6
verre-trempe-camera-arriere-iphone-17-heybingo-integral-graphite;21066;100.0;3.6
verre-trempe-camera-arriere-iphone-17-heybingo-integral-vert-clair;21068;100.0;3.6
verre-trempe-camera-arriere-iphone-17-heybingo-integral-violet-clair;21067;100.0;3.6
verre-trempe-camera-arriere-iphone-17-pro-a-paillettes-effet-sable-mouvant-argen;23073;100.0;6.0
verre-trempe-camera-arriere-iphone-17-pro-a-paillettes-effet-sable-mouvant-bleu;23071;100.0;6.0
verre-trempe-camera-arriere-iphone-17-pro-a-paillettes-effet-sable-mouvant-orang;23070;100.0;6.0
verre-trempe-camera-arriere-iphone-17-pro-a-paillettes-effet-sable-mouvant-viole;23072;100.0;3.6
verre-trempe-camera-arriere-iphone-17-pro-avec-motifs-floraux-3d-bleu;23074;100.0;6.0
verre-trempe-camera-arriere-iphone-17-pro-avec-motifs-floraux-3d-orange;23075;100.0;6.0
verre-trempe-camera-arriere-iphone-17-pro-heybingo-integral-argent;21077;100.0;3.6
verre-trempe-camera-arriere-iphone-17-pro-heybingo-integral-bleu-profond;21079;100.0;3.6
verre-trempe-camera-arriere-iphone-17-pro-heybingo-integral-orange;21078;100.0;3.6
verre-trempe-camera-arriere-iphone-17-pro-max-a-paillettes-effet-sable-mouvant-a;23079;100.0;6.0
verre-trempe-camera-arriere-iphone-17-pro-max-a-paillettes-effet-sable-mouvant-b;23077;100.0;6.0
verre-trempe-camera-arriere-iphone-17-pro-max-a-paillettes-effet-sable-mouvant-o;23076;100.0;6.0
verre-trempe-camera-arriere-iphone-17-pro-max-a-paillettes-effet-sable-mouvant-v;23078;100.0;6.0
verre-trempe-camera-arriere-iphone-17-pro-max-avec-motifs-floraux-3d-bleu;23080;100.0;6.0
verre-trempe-camera-arriere-iphone-17-pro-max-avec-motifs-floraux-3d-orange;23081;100.0;6.0
verre-trempe-camera-arriere-iphone-17-pro-max-heybingo-integral-argent;21070;100.0;3.6
verre-trempe-camera-arriere-iphone-17-pro-max-heybingo-integral-bleu;21071;100.0;3.6
verre-trempe-camera-arriere-iphone-17-pro-max-heybingo-integral-gris-titanium;21072;100.0;3.6
verre-trempe-camera-arriere-iphone-17-pro-max-heybingo-integral-orange;21069;100.0;3.6
verre-trempe-camera-arriere-iphone-air-heybingo-integral-argent;21073;100.0;3.6
verre-trempe-camera-arriere-iphone-air-heybingo-integral-bleu-gris;21074;100.0;3.6
verre-trempe-camera-arriere-iphone-air-heybingo-integral-noir;21075;100.0;3.6
verre-trempe-camera-arriere-iphone-air-heybingo-integral-or;21076;100.0;3.6
verre-trempe-confidentiel-13-13-pro-14-16e-17e-lot-x10-heybingo-antistatique-o-f;19121;100.0;18.0
verre-trempe-confidentiel-heybingo-samsung-s26-5g-antistatique-o-fold-privacy;22804;100.0;4.8
verre-trempe-confidentiel-heybingo-samsung-s26-plus-5g-antistatique-o-fold-priva;22805;100.0;4.8
verre-trempe-confidentiel-heybingo-samsung-s26-ultra-5g-antistatique-o-fold-priv;22806;100.0;4.8
verre-trempe-confidentiel-iphone-12-12-pro-lot-x10-heybingo-antistatique-o-fold-;19119;100.0;18.0
verre-trempe-confidentiel-iphone-12-pro-max-lot-x10-heybingo-antistatique-o-fold;19120;100.0;18.0
verre-trempe-confidentiel-iphone-13-13-pro-14-16e-17e-9h-heybingo-antistatique;18559;100.0;12.0
verre-trempe-confidentiel-iphone-13-pro-max-14-plus-lot-x10-heybingo-antistatiqu;19122;100.0;18.0
verre-trempe-confidentiel-iphone-14-plus-9h-heybingo-antistatique;18560;100.0;12.0
verre-trempe-confidentiel-iphone-14-pro-lot-x10-heybingo-antistatique-o-fold-pri;19123;100.0;18.0
verre-trempe-confidentiel-iphone-14-pro-9h-heybingo-antistatique;18561;100.0;12.0
verre-trempe-confidentiel-iphone-14-pro-max-lot-x10-heybingo-antistatique-o-fold;19124;100.0;18.0
verre-trempe-confidentiel-iphone-14-pro-max-9h-heybingo-antistatique;18562;100.0;12.0
verre-trempe-confidentiel-iphone-15-16-lot-x10-heybingo-antistatique-o-fold-priv;19126;100.0;18.0
verre-trempe-confidentiel-iphone-15-16-heybingo-antistatique-privacy;18801;100.0;6.0
verre-trempe-confidentiel-iphone-15-plus-16-plus-lot-x10-heybingo-antistatique-o;19125;100.0;18.0
verre-trempe-confidentiel-iphone-15-plus-16-plus-heybingo-antistatique-privacy;18802;100.0;6.0
verre-trempe-confidentiel-iphone-15-plus-9h-heybingo-antistatique;18556;100.0;6.0
verre-trempe-confidentiel-iphone-15-pro-9h-heybingo-antistatique;18557;100.0;12.0
verre-trempe-confidentiel-iphone-15-pro-max-9h-heybingo-antistatique;18558;100.0;12.0
verre-trempe-confidentiel-iphone-16-pro-max-lot-x10-heybingo-antistatique-o-fold;19128;100.0;18.0
verre-trempe-confidentiel-iphone-16-pro-max-heybingo-antistatique-privacy;18804;100.0;7.2
verre-trempe-confidentiel-iphone-17-16-pro-lot-x10-heybingo-antistatique-o-fold-;19127;100.0;18.0
verre-trempe-confidentiel-iphone-17-16-pro-heybingo-antistatique-privacy;18803;100.0;7.2
verre-trempe-confidentiel-iphone-17-pro-lot-x10-heybingo-antistatique-o-fold-pri;20468;100.0;18.0
verre-trempe-confidentiel-iphone-17-pro-max-lot-x10-heybingo-antistatique-o-fold;20469;100.0;18.0
verre-trempe-confidentiel-iphone-6-plus-6s-plus;8015;100.0;19.99
verre-trempe-confidentiel-iphone-air-lot-x10-heybingo-antistatique-o-fold-privac;20467;100.0;18.0
verre-trempe-en-ceramique-iphone-11-pro-mat;12424;100.0;19.99
verre-trempe-en-ceramique-iphone-11-pro-max-mat;12425;100.0;6.0
verre-trempe-en-ceramique-iphone-12;14745;100.0;14.4
verre-trempe-en-ceramique-iphone-13-13-pro-14-16e;14746;100.0;14.4
verre-trempe-en-ceramique-iphone-x-mat;12419;100.0;19.99
verre-trempe-en-ceramique-iphone-xr-mat;12422;100.0;6.0
verre-trempe-en-ceramique-iphone-xs-mat;12420;100.0;19.99
verre-trempe-en-ceramique-iphone-xs-max-mat;12421;100.0;19.99
verre-trempe-htc-10;9950;100.0;1.2
verre-trempe-htc-desire-530;9948;100.0;1.2
verre-trempe-htc-desire-626;6716;100.0;1.2
verre-trempe-htc-desire-728;9179;100.0;1.2
verre-trempe-htc-desire-825;9180;100.0;1.2
verre-trempe-htc-one-a9;6954;100.0;1.2
verre-trempe-huawei-ascend-mate-7;7300;100.0;1.2
verre-trempe-huawei-honor-5a-cam-tl00;9794;100.0;15.0
verre-trempe-huawei-honor-5c;8717;100.0;15.0
verre-trempe-huawei-honor-5x-kiw-l21;8747;100.0;15.0
verre-trempe-huawei-honor-7;9590;100.0;2.4
verre-trempe-huawei-honor-8-frd-l09;8716;100.0;15.0
verre-trempe-huawei-honor-8-pro-duk-l09;7210;100.0;15.0
verre-trempe-huawei-honor-8x;5537;100.0;6.0
verre-trempe-huawei-honor-9-lite-lld-l31;11089;100.0;15.0
verre-trempe-huawei-honor-play;5503;100.0;15.0
verre-trempe-huawei-honor-view-10;7723;100.0;15.0
verre-trempe-huawei-mate-8;7301;100.0;1.2
verre-trempe-huawei-mate-s-crr-l09;9926;100.0;15.0
verre-trempe-huawei-nexus-6p;9927;100.0;1.2
verre-trempe-huawei-nova-can-l01l11;6159;100.0;15.0
verre-trempe-huawei-p-smart-fig-lx1;11088;100.0;15.0
verre-trempe-huawei-p20-eml-l09;11087;100.0;15.0
verre-trempe-huawei-p20-lite-ale-lx1;11085;100.0;15.0
verre-trempe-huawei-p30;11991;100.0;15.0
verre-trempe-huawei-p8-gra-l09;6718;100.0;3.6
verre-trempe-huawei-p8-lite-ale-l21;7111;100.0;15.0
verre-trempe-huawei-p9-eva-l09;9925;100.0;1.2
verre-trempe-huawei-p9-lite-vns-l31;10168;100.0;15.0
verre-trempe-huawei-y6-2018-honor-7a;4003;100.0;15.0
verre-trempe-huawei-y7-2018;11507;100.0;3.6
verre-trempe-integral-lot-x10-iphone-7-8-se-2020-se-2022;21047;100.0;12.0
verre-trempe-integral-small-edge-samsung-galaxy-s10-g973f-noir;12133;100.0;12.0
verre-trempe-integral-small-edge-samsung-galaxy-s10-g975f-noir;12132;100.0;12.0
verre-trempe-integral-small-edge-samsung-galaxy-s10e-g970f-noir;12131;100.0;12.0
verre-trempe-integral-small-edge-samsung-galaxy-s7-edge-g935f-noir;6901;100.0;12.0
verre-trempe-integral-cadre-de-pose-honor-200-bigben;20602;100.0;2.4
verre-trempe-integral-cadre-de-pose-honor-magic-6-lite-bigben;20603;100.0;2.4
verre-trempe-integral-apple-watch-38-mm;10180;100.0;12.0
verre-trempe-integral-asus-zenfone-5-ze620kl-noir;11209;100.0;1.2
verre-trempe-integral-blackberry-priv-stv100-6-noir;9951;100.0;2.4
verre-trempe-integral-google-pixel-8-pro-force-glass-garantie-a-vie;20588;100.0;2.4
verre-trempe-integral-heybingo-samsung-s26-5g-antistatique-o-fold;22801;100.0;3.6
verre-trempe-integral-heybingo-samsung-s26-plus-5g-antistatique-o-fold;22802;100.0;3.6
verre-trempe-integral-heybingo-samsung-s26-ultra-5g-antistatique-o-fold;22803;100.0;3.6
verre-trempe-integral-honor-magic-6-pro-force-glass-garantie-a-vie;20589;100.0;2.4
verre-trempe-integral-huawei-honor-20-pro;3728;100.0;12.0
verre-trempe-integral-huawei-mate-10-alp-l09;9105;100.0;12.0
verre-trempe-integral-huawei-mate-10-alp-l09-noir;8723;100.0;12.0
verre-trempe-integral-huawei-p30-lite-noir;12082;100.0;12.0
verre-trempe-integral-huawei-p30-noir;12083;100.0;12.0
verre-trempe-integral-huawei-p40;3670;100.0;3.6
verre-trempe-integral-huawei-p40-pro;3668;100.0;12.0
verre-trempe-integral-huawei-y7-2019-noir;5079;100.0;12.0
verre-trempe-integral-iphone-11-xr-9h-lot-x10-heybingo-antistatique-o-fold;20267;100.0;18.0
verre-trempe-integral-iphone-11-xr-heybingo-antistatique-super-edge-hd;18840;100.0;8.4
verre-trempe-integral-iphone-12-12-pro-9h-lot-x10-heybingo-antistatique-o-fold;18564;100.0;18.0
verre-trempe-integral-iphone-12-mini;12728;100.0;6.0
verre-trempe-integral-iphone-13-13-pro-14-16e;13906;100.0;6.0
verre-trempe-integral-iphone-13-13-pro-14-16e-17e-9h-lot-x10-heybingo-antistatiq;18565;100.0;18.0
verre-trempe-integral-iphone-13-13-pro-14-16e-heybingo-antistatique-super-edge-h;17404;100.0;8.4
verre-trempe-integral-iphone-13-mini;13909;100.0;6.0
verre-trempe-integral-iphone-13-pro-max-14-plus-9h-lot-x10-heybingo-antistatique;18566;100.0;18.0
verre-trempe-integral-iphone-13-pro-max-6-7-14-plus-6-7-heybingo-antistatique-su;18653;100.0;8.4
verre-trempe-integral-iphone-14-pro-6-1-heybingo-antistatique-super-edge-hd;18655;100.0;8.4
verre-trempe-integral-iphone-14-pro-9h-lot-x10-heybingo-antistatique-o-fold;18567;100.0;18.0
verre-trempe-integral-iphone-14-pro-max-6-7-heybingo-antistatique-super-edge-hd;18654;100.0;8.4
verre-trempe-integral-iphone-14-pro-max-9h-lot-x10-heybingo-antistatique-o-fold;18568;100.0;18.0
verre-trempe-integral-iphone-14-pro-max-force-glass-garantie-a-vie;20586;100.0;3.6
verre-trempe-integral-iphone-15-16-9h-lot-x10-heybingo-antistatique-o-fold;18569;100.0;18.0
verre-trempe-integral-iphone-15-16-heybingo-antistatique-super-edge-hd;16863;100.0;6.0
verre-trempe-integral-iphone-15-plus-16-plus-6-7-heybingo-antistatique-universe-;18798;100.0;6.0
verre-trempe-integral-iphone-15-plus-16-plus-9h-lot-x10-heybingo-antistatique-o-;18570;100.0;18.0
verre-trempe-integral-iphone-15-plus-heybingo-antistatique-super-edge-hd;16864;100.0;6.0
verre-trempe-integral-iphone-15-pro-9h-lot-x10-heybingo-antistatique-o-fold;18571;100.0;18.0
verre-trempe-integral-iphone-15-pro-force-glass-garantie-a-vie;20585;100.0;6.0
verre-trempe-integral-iphone-15-pro-heybingo-antistatique-super-edge-hd;16865;100.0;6.0
verre-trempe-integral-iphone-15-pro-max-6-7-heybingo-antistatique-universe-hd-pr;18841;100.0;7.2
verre-trempe-integral-iphone-15-pro-max-9h-lot-x10-heybingo-antistatique-o-fold;18572;100.0;18.0
verre-trempe-integral-iphone-15-pro-max-force-glass-garantie-a-vie;20587;100.0;6.0
verre-trempe-integral-iphone-15-pro-max-heybingo-antistatique-super-edge-hd;16866;100.0;8.4
verre-trempe-integral-iphone-16-pro-max-9h-lot-x10-heybingo-antistatique-o-fold;19112;100.0;18.0
verre-trempe-integral-iphone-16-pro-max-heybingo-antistatique-super-edge-hd;19393;100.0;8.4
verre-trempe-integral-iphone-17-16-pro-9h-lot-x10-heybingo-antistatique-o-fold;19111;100.0;18.0
verre-trempe-integral-iphone-17-16-pro-heybingo-antistatique-super-edge-hd;19392;100.0;8.4
verre-trempe-integral-iphone-17-pro-9h-lot-x10-heybingo-antistatique-o-fold;20465;100.0;18.0
verre-trempe-integral-iphone-17-pro-max-9h-lot-x10-heybingo-antistatique-o-fold;20466;100.0;18.0
verre-trempe-integral-iphone-6-6s-noir;8052;100.0;6.0
verre-trempe-integral-iphone-6-plus-rose;5214;100.0;2.4
verre-trempe-integral-iphone-6-plus-violet;5219;100.0;2.4
verre-trempe-integral-iphone-7-8-se-2020-se-2022-noir;12231;100.0;6.0
verre-trempe-integral-iphone-7-8-se-2020-blanc;10683;100.0;6.0
verre-trempe-integral-iphone-7-plus-8-plus-blanc;5346;100.0;6.0
verre-trempe-integral-iphone-7-plus-8-plus-noir;5322;100.0;6.0
verre-trempe-integral-iphone-air-9h-lot-x10-heybingo-antistatique-o-fold;20464;100.0;18.0
verre-trempe-integral-iphone-x-xs-11-pro-9h-lot-x10-heybingo-antistatique-o-fold;18563;100.0;18.0
verre-trempe-integral-iphone-x-xs-11-pro-heybingo-antistatique-super-edge-hd;7734;100.0;6.0
verre-trempe-integral-lg-g5-h850-noir;9952;100.0;1.2
verre-trempe-integral-oneplus-5-noir;10084;100.0;2.4
verre-trempe-integral-oppo-a77-5g-pff006-origine;17949;100.0;7.2
verre-trempe-integral-oppo-a96-a76-pff005-origine;17948;100.0;7.2
verre-trempe-integral-pixel-10-glass-edge-hd;21254;100.0;3.6
verre-trempe-integral-pixel-10-pro-glass-edge-hd;21255;100.0;3.6
verre-trempe-integral-pixel-10-pro-xl-glass-edge-hd;21256;100.0;3.6
verre-trempe-integral-pixel-9-glass-edge-hd;21250;100.0;3.6
verre-trempe-integral-pixel-9-pro-glass-edge-hd;21252;100.0;3.6
verre-trempe-integral-pixel-9-pro-xl-glass-edge-hd;21253;100.0;6.0
verre-trempe-integral-pixel-9a-glass-edge-hd;21251;100.0;3.6
verre-trempe-integral-realme-6;12584;100.0;12.0
verre-trempe-integral-realme-6-pro;12585;100.0;12.0
verre-trempe-integral-samsung-galaxy-a17-5g-a176b;21042;100.0;6.0
verre-trempe-integral-samsung-a51-a515f;3733;100.0;12.0
verre-trempe-integral-samsung-galaxy-a01-2020-a015f-noir;13475;100.0;12.0
verre-trempe-integral-samsung-galaxy-a10-a105f-noir;12081;100.0;12.0
verre-trempe-integral-samsung-galaxy-a11-a115f-noir;13473;100.0;12.0
verre-trempe-integral-samsung-galaxy-a12-2020-a125f-noir;13474;100.0;12.0
verre-trempe-integral-samsung-galaxy-a20e-a202f-noir;10932;100.0;12.0
verre-trempe-integral-samsung-galaxy-a21s-2020-a217f-noir;13472;100.0;12.0
verre-trempe-integral-samsung-galaxy-a30s-a307f-noir;13477;100.0;12.0
verre-trempe-integral-samsung-galaxy-a31-a315f-noir;13478;100.0;12.0
verre-trempe-integral-samsung-galaxy-a36-5g-a366b;21038;100.0;2.4
verre-trempe-integral-samsung-galaxy-a40-a405f;6277;100.0;12.0
verre-trempe-integral-samsung-galaxy-a50-a505f-a50s-a507f-a30-a305f-a30s-a307f;6411;100.0;12.0
verre-trempe-integral-samsung-galaxy-a52-5g-a526b-noir;13471;100.0;12.0
verre-trempe-integral-samsung-galaxy-a56-5g-a566b;21039;100.0;3.6
verre-trempe-integral-samsung-galaxy-a70-a705f;6512;100.0;12.0
verre-trempe-integral-samsung-galaxy-a71-a715f;12428;100.0;12.0
verre-trempe-integral-samsung-galaxy-a80-a805f;4352;100.0;12.0
verre-trempe-integral-samsung-galaxy-note-edge-n915fy;7592;100.0;3.6
verre-trempe-integral-samsung-galaxy-s25-edge-s937b;21041;100.0;6.0
verre-trempe-integral-samsung-galaxy-s6-edge-g925f;6144;100.0;3.6
verre-trempe-integral-samsung-galaxy-s6-edge-g925f-blanc;6146;100.0;3.6
verre-trempe-integral-samsung-galaxy-s6-edge-g925f-bleu;10048;100.0;3.6
verre-trempe-integral-samsung-galaxy-s6-edge-g925f-noir;6145;100.0;3.6
verre-trempe-integral-samsung-galaxy-s6-edge-g925f-or;6147;100.0;3.6
verre-trempe-integral-samsung-galaxy-s6-edge-plus-g928f;6703;100.0;3.6
verre-trempe-integral-samsung-galaxy-s6-edge-plus-g928f-blanc;8130;100.0;3.6
verre-trempe-integral-samsung-galaxy-s6-edge-plus-g928f-noir;8129;100.0;3.6
verre-trempe-integral-samsung-galaxy-s6-edge-plus-g928f-or;8131;100.0;3.6
verre-trempe-integral-samsung-galaxy-s7-edge-g935f;9588;100.0;12.0
verre-trempe-integral-samsung-m10-m105f;3732;100.0;12.0
verre-trempe-integral-samsung-s20-fe-heybingo-antistatique-super-edge-hd-compati;17857;100.0;12.0
verre-trempe-integral-samsung-s20-heybingo-antistatique-super-edge-hd-compatible;17856;100.0;12.0
verre-trempe-integral-samsung-s20-plus-heybingo-antistatique-super-edge-hd-compa;17858;100.0;12.0
verre-trempe-integral-samsung-s20-ultra-heybingo-antistatique-super-edge-hd-comp;17862;100.0;6.0
verre-trempe-integral-samsung-s21-heybingo-antistatique-super-edge-hd-compatible;17859;100.0;12.0
verre-trempe-integral-samsung-s21-plus-heybingo-antistatique-super-edge-hd-compa;17860;100.0;12.0
verre-trempe-integral-samsung-s21-ultra-heybingo-antistatique-super-edge-hd-comp;17861;100.0;12.0
verre-trempe-integral-samsung-s22-heybingo-antistatique-super-edge-hd-compatible;17393;100.0;12.0
verre-trempe-integral-samsung-s22-ultra-heybingo-antistatique-super-edge-hd-comp;17394;100.0;12.0
verre-trempe-integral-samsung-s23-heybingo-antistatique-super-edge-hd-compatible;17395;100.0;12.0
verre-trempe-integral-samsung-s23-ultra-heybingo-antistatique-super-edge-hd-comp;17396;100.0;12.0
verre-trempe-integral-samsung-s24-heybingo-antistatique-super-edge-hd-compatible;17397;100.0;12.0
verre-trempe-integral-samsung-s24-ultra-heybingo-antistatique-super-edge-hd-comp;17398;100.0;12.0
verre-trempe-integral-samsung-s25-heybingo-antistatique-super-edge-hd-compatible;19722;100.0;12.0
verre-trempe-integral-samsung-s25-plus-heybingo-antistatique-super-edge-hd-compa;19723;100.0;12.0
verre-trempe-integral-samsung-s25-ultra-heybingo-antistatique-super-edge-hd-comp;19724;100.0;12.0
verre-trempe-integral-xiaomi-12-12x-5g-noir;16038;100.0;12.0
verre-trempe-integral-xiaomi-12-pro-noir;16039;100.0;12.0
verre-trempe-integral-xiaomi-mi-10-mi-10-pro;3666;100.0;12.0
verre-trempe-integral-xiaomi-mi-9;6181;100.0;12.0
verre-trempe-integral-xiaomi-mi-9-lite;4157;100.0;12.0
verre-trempe-integral-xiaomi-mi-9t-noir;4387;100.0;12.0
verre-trempe-integral-xiaomi-mi-a3-noir;4388;100.0;12.0
verre-trempe-integral-xiaomi-poco-m4-pro-5g-noir;16037;100.0;12.0
verre-trempe-integral-xiaomi-redmi-7a;4159;100.0;12.0
verre-trempe-ipad-2-3-4;9915;100.0;9.6
verre-trempe-ipad-2019-10-2-7e-gen-ipad-2020-10-2-8e-gen;3830;100.0;19.99
verre-trempe-ipad-air-air-2-2017-9-7-2018-9-7;4898;100.0;9.6
verre-trempe-ipad-air-4-2020;18191;100.0;12.0
verre-trempe-ipad-mini-4-mini-5;9919;100.0;19.99
verre-trempe-ipad-pro-10-5-2017;13527;100.0;24.0
verre-trempe-ipad-pro-12-9-pro-12-9-2eme-gen;3827;100.0;19.99
verre-trempe-ipad-pro-12-9-2018-3eme-gen-ipad-pro-2020-12-9-4eme-gen;3829;100.0;19.99
verre-trempe-iphone-12-mini;12587;100.0;12.0
verre-trempe-iphone-12-pro-max;12745;100.0;12.0
verre-trempe-iphone-13-13-pro-14-16e;14294;100.0;6.0
verre-trempe-iphone-13-mini;14296;100.0;6.0
verre-trempe-iphone-13-pro-max-14-plus;14295;100.0;6.0
verre-trempe-iphone-14-pro-max;15102;100.0;6.0
verre-trempe-iphone-15-plus;16422;100.0;3.6
verre-trempe-iphone-15-pro-max;16424;100.0;6.0
verre-trempe-iphone-6-7-8-se-2020-se-2022;12230;100.0;15.0
verre-trempe-iphone-6-plus-6s-plus-7-plus-8-plus;5822;100.0;15.0
verre-trempe-iphone-x-xs-11-pro;5351;100.0;6.0
verre-trempe-iphone-xs-max-11-pro-max;11594;100.0;15.0
verre-trempe-lg-k10-k420n;9949;100.0;1.2
verre-trempe-microsoft-lumia-950;9194;100.0;15.0
verre-trempe-microsoft-lumia-950-xl;9195;100.0;1.2
verre-trempe-microsoft-surface-book;9197;100.0;19.99
verre-trempe-microsoft-surface-pro-3-pro-4;9198;100.0;19.99
verre-trempe-motorola-moto-z;9174;100.0;1.2
verre-trempe-nokia-3;11102;100.0;2.4
verre-trempe-nokia-5;10874;100.0;15.0
verre-trempe-nokia-6-ta-1021;11101;100.0;15.0
verre-trempe-nokia-7-plus;4880;100.0;15.0
verre-trempe-nokia-lumia-550;9944;100.0;1.2
verre-trempe-nokia-lumia-650;9946;100.0;15.0
verre-trempe-oneplus-2;7303;100.0;1.2
verre-trempe-oneplus-6;11506;100.0;15.0
verre-trempe-oneplus-one;7302;100.0;1.2
verre-trempe-samsung-galaxy-a04-a045f;15769;100.0;6.0
verre-trempe-samsung-galaxy-a04s-a047f;15768;100.0;6.0
verre-trempe-samsung-galaxy-a05s-a057g-noir;23393;100.0;3.6
verre-trempe-samsung-galaxy-a12-2020-a125f-a12-a127f-a13-a135f-a13-a137f-a13-5g-;15387;100.0;15.0
verre-trempe-samsung-galaxy-a15-5g-4g;17750;100.0;6.0
verre-trempe-samsung-galaxy-a16-4g-a165f-noir;23394;100.0;3.6
verre-trempe-samsung-galaxy-a23-5g-a236b;17749;100.0;6.0
verre-trempe-samsung-galaxy-a25-5g-a256b;17748;100.0;6.0
verre-trempe-samsung-galaxy-a3-a300fu;5823;100.0;1.2
verre-trempe-samsung-galaxy-a32-5g-a326b;18129;100.0;6.0
verre-trempe-samsung-galaxy-a33-5g-a336b-noir;23392;100.0;3.6
verre-trempe-samsung-galaxy-a50-a30-a30s-a20-m21-m30s-m31-gh040;15524;100.0;6.0
verre-trempe-samsung-galaxy-a53-5g-a536b;17747;100.0;6.0
verre-trempe-samsung-galaxy-a55-5g-a556b;17746;100.0;6.0
verre-trempe-samsung-galaxy-a7-a700f;5934;100.0;1.2
verre-trempe-samsung-galaxy-a70-a70s-a90-5g-a12-a32-5g-a22-5g-a02-a02s-a13-5g-a0;15525;100.0;6.0
verre-trempe-samsung-galaxy-a8-2018-a530f;6457;100.0;15.0
verre-trempe-samsung-galaxy-ace-4-g357fz;7633;100.0;1.2
verre-trempe-samsung-galaxy-alpha-g850f;5835;100.0;3.6
verre-trempe-samsung-galaxy-core-4g-g386f;7634;100.0;3.6
verre-trempe-samsung-galaxy-core-plus-g350;5834;100.0;3.6
verre-trempe-samsung-galaxy-grand-i9060;7635;100.0;1.2
verre-trempe-samsung-galaxy-grand-2-g7105;7643;100.0;1.2
verre-trempe-samsung-galaxy-j1-j100f;6702;100.0;1.2
verre-trempe-samsung-galaxy-j1-2016-j120f;5085;100.0;1.2
verre-trempe-samsung-galaxy-j1-mini-j105f;8556;100.0;1.2
verre-trempe-samsung-galaxy-j3-2017-j330f;9943;100.0;2.22
verre-trempe-samsung-galaxy-j4-j415f-j6-j610f;5596;100.0;15.0
verre-trempe-samsung-galaxy-j5-j500f;6704;100.0;1.2
verre-trempe-samsung-galaxy-j5-2017-j530f;9873;100.0;3.6
verre-trempe-samsung-galaxy-j6-2018-j600f;5421;100.0;3.6
verre-trempe-samsung-galaxy-note-10-1-2014-p600;9947;100.0;1.2
verre-trempe-samsung-galaxy-note-2-n7100;9591;100.0;3.6
verre-trempe-samsung-galaxy-note-3-neo-n7505;6152;100.0;3.6
verre-trempe-samsung-galaxy-note-4-n910f;5832;100.0;3.6
verre-trempe-samsung-galaxy-s10-lite-a73-5g-a71-note-10-lite-a72-4g-a72-5g-a81-a;15526;100.0;6.0
verre-trempe-samsung-galaxy-s3-i9300;5830;100.0;3.6
verre-trempe-samsung-galaxy-s4-i9505;5825;100.0;3.6
verre-trempe-samsung-galaxy-s5-g900f;5827;100.0;2.4
verre-trempe-samsung-galaxy-s5-mini-g800f;5828;100.0;1.2
verre-trempe-samsung-galaxy-s7-g930f;9196;100.0;15.0
verre-trempe-samsung-galaxy-tab-4-10-1-t530;4899;100.0;6.0
verre-trempe-samsung-galaxy-tab-4-7-0-t230;9924;100.0;1.2
verre-trempe-samsung-galaxy-tab-a-2019-10-1-t510;8115;100.0;6.0
verre-trempe-samsung-galaxy-tab-a-8-0-t290;12273;100.0;6.0
verre-trempe-samsung-galaxy-tab-a-8-0-t295;12416;100.0;11.0
verre-trempe-samsung-galaxy-tab-a6-tab-a-2016-10-1-t580-t585;10682;100.0;6.0
verre-trempe-samsung-galaxy-tab-e-8-0-t375-t377;9917;100.0;1.2
verre-trempe-samsung-galaxy-tab-e-9-6-t560;9918;100.0;6.0
verre-trempe-samsung-galaxy-tab-s-10-5-t800;9923;100.0;6.0
verre-trempe-samsung-galaxy-tab-s-8-4-t700;9922;100.0;1.2
verre-trempe-samsung-galaxy-tab-s2-8-0-t710-t715;9920;100.0;6.0
verre-trempe-samsung-galaxy-xcover-3-g388f;6040;100.0;1.2
verre-trempe-samsung-galaxy-xcover-4-g390f;5426;100.0;15.0
verre-trempe-samsung-galaxy-xcover-5-g525f;18127;100.0;6.0
verre-trempe-sony-xperia-c5-ultra-e5553;6706;100.0;1.2
verre-trempe-sony-xperia-l1-g3311;12169;100.0;15.0
verre-trempe-sony-xperia-m5-e5603;9928;100.0;1.2
verre-trempe-sony-xperia-x-f5121;8992;100.0;15.0
verre-trempe-sony-xperia-x-compact-f5321;8993;100.0;15.0
verre-trempe-sony-xperia-xa-f3111;10202;100.0;15.0
verre-trempe-sony-xperia-xa-ultra-f3211;10203;100.0;15.0
verre-trempe-sony-xperia-xa1-g3121;7241;100.0;15.0
verre-trempe-sony-xperia-xa1-ultra-g3221;7251;100.0;15.0
verre-trempe-sony-xperia-xz-f8331;8994;100.0;15.0
verre-trempe-sony-xperia-xz1-g8343;10794;100.0;15.0
verre-trempe-sony-xperia-xz2-h8216;8928;100.0;15.0
verre-trempe-sony-xperia-z5-compact-e5803;6707;100.0;1.2
verre-trempe-sony-xperia-z5-premium-e6853;9201;100.0;1.2
verre-trempe-wiko-fever;8049;100.0;15.0
verre-trempe-wiko-night-fever;10200;100.0;15.0
verre-trempe-wiko-pulp-4g;8046;100.0;15.0
verre-trempe-wiko-pulp-fab-4g;8048;100.0;3.6
verre-trempe-wiko-rainbow-jam-4g;8047;100.0;15.0
verre-trempe-wiko-rainbow-up-4g;9113;100.0;3.6
verre-trempe-wiko-ridge-4g;9121;100.0;3.6
verre-trempe-wiko-ridge-fab-4g;9168;100.0;3.6
verre-trempe-wiko-tommy;9172;100.0;15.0
verre-trempe-xiaomi-11-lite-5g-ne;16041;100.0;15.0
verre-trempe-xiaomi-15t-noir;23401;100.0;3.6
verre-trempe-xiaomi-mi-11-lite-5g;16040;100.0;15.0
verre-trempe-xiaomi-mi-a1;11440;100.0;15.0
verre-trempe-xiaomi-poco-f4;16034;100.0;15.0
verre-trempe-xiaomi-poco-f4-gt;16033;100.0;15.0
verre-trempe-xiaomi-poco-x4-gt;16035;100.0;15.0
verre-trempe-xiaomi-pocophone-f1;11680;100.0;15.0
verre-trempe-xiaomi-redmi-10;18128;100.0;6.0
verre-trempe-xiaomi-redmi-5;11369;100.0;15.0
verre-trempe-xiaomi-redmi-5-plus;11439;100.0;15.0
verre-trempe-xiaomi-redmi-9a-9c-9at-10a;16029;100.0;15.0
verre-trempe-xiaomi-redmi-9t;16032;100.0;15.0
verre-trempe-xiaomi-redmi-mi-mix-2;11371;100.0;15.0
verre-trempe-xiaomi-redmi-note-10-5g;16031;100.0;15.0
verre-trempe-xiaomi-redmi-note-10-pro;16030;100.0;15.0
verre-trempe-xiaomi-redmi-note-5;11370;100.0;15.0
verre-trempe-xiaomi-redmi-note-6-pro;5548;100.0;15.0
vibreur-huawei-p8-gra-l09;6668;100.0;9.0
vibreur-huawei-p8-lite;6938;100.0;9.0
vibreur-huawei-p9-eva-l09-mate-9-mha-l09;5556;100.0;2.4
vibreur-huawei-p9-lite-vns-l31;8835;100.0;10.8
vibreur-iphone-air-piec;21459;100.0;120.0
vibreur-samsung-galaxy-a03s-a037g-a14-4g-a145-origine;17730;100.0;1.8
vibreur-samsung-galaxy-a12-a125f-a127f-origine;22169;100.0;3.0
vibreur-samsung-galaxy-a12-2020-a125f-piec;21679;100.0;1.2
vibreur-samsung-galaxy-a14-4g-a145r-piec;21590;100.0;0.72
vibreur-samsung-galaxy-a14-5g-a146b-gh81-23276a-origine;18696;100.0;4.8
vibreur-samsung-galaxy-a20e-a202f-piec;22079;100.0;0.96
vibreur-samsung-galaxy-a22-a226b-piec;21696;100.0;0.96
vibreur-samsung-galaxy-a34-5g-a346b-piec;21615;100.0;0.72
vibreur-samsung-galaxy-a40-a405f-piec;21749;100.0;1.2
vibreur-samsung-galaxy-a41-a415f-piec;21703;100.0;1.2
vibreur-samsung-galaxy-a5-2017-a520f-j5-2017-j530f-j6-j610f-j7-2017-j730f;12009;100.0;0.6
vibreur-samsung-galaxy-a52-a525f-a526b-piec;21648;100.0;0.72
vibreur-samsung-galaxy-a53-5g-a536b-piec;21558;100.0;0.72
vibreur-samsung-galaxy-a54-5g-a546b-piec;21605;100.0;1.08
vibreur-samsung-galaxy-a70-a705f-piec;22102;100.0;1.8
vibreur-samsung-galaxy-a71-a715f-piec;22029;100.0;1.08
vibreur-samsung-galaxy-core-4g-g386f;9214;100.0;1.2
vibreur-samsung-galaxy-core-plus-g350;9754;100.0;1.2
vibreur-samsung-galaxy-grand-i9060;5092;100.0;2.4
vibreur-samsung-galaxy-grand-i9082-grand-neo-i9060i;5019;100.0;2.4
vibreur-samsung-galaxy-grand-2-g7105-noir;5373;100.0;2.4
vibreur-samsung-galaxy-j1-j100f-grand-prime-g530fz-core-prime-g360f;6492;100.0;1.2
vibreur-samsung-galaxy-mega-i9205;1447;100.0;1.2
vibreur-samsung-galaxy-note-n7000;3110;100.0;1.2
vibreur-samsung-galaxy-note-2-n7100;3105;100.0;1.2
vibreur-samsung-galaxy-s-advance-i9070;9263;100.0;1.2
vibreur-samsung-galaxy-s10e-g970f-piec;22155;100.0;1.08
vibreur-samsung-galaxy-s20-ultra-g988f-gh31-00786a-origine;18742;100.0;6.6
vibreur-samsung-galaxy-s21-g991b-piec;21381;100.0;3.6
vibreur-samsung-galaxy-s4-zoom-sm-c101;9351;100.0;1.2
vibreur-samsung-galaxy-s6-g920f-s6-edge-g925f-s7-g930f-s7-edge-g935f-a3-a300fu;3922;100.0;1.08
vibreur-samsung-galaxy-s8-g950f-s8-g955f-a8-2018-a530f-a7-2018-a750f-j3-2017-j33;10982;100.0;1.44
vibreur-taptic-engine-iphone-8-se-2020;10776;100.0;1.15
vibreur-taptic-engine-iphone-xs-max;11701;100.0;1.18
vis-bas-iphone-3gs;550;100.0;0.24
vis-bas-iphone-5-blanc;1698;100.0;2.4
vis-bas-iphone-5-noir;1697;100.0;2.4
vis-bas-iphone-5s-argent-gris-sideral;4208;100.0;2.4
vis-bas-iphone-5s-or-champagne;4207;100.0;0.6
vis-bas-iphone-6-iphone-6-plus-or;5729;100.0;3.0
vis-bas-iphone-6s-6s-plus-or-rose;8823;100.0;2.4
vis-bas-iphone-7-argent;10618;100.0;2.4
vis-bas-iphone-7-noir;10617;100.0;0.89
vis-bas-iphone-7-or;10619;100.0;2.4
vis-bas-iphone-7-or-rose;10620;100.0;2.4
vis-iphone-16e;20294;100.0;10.8
vis-samsung-galaxy-note-20-ultra-n986b;19483;100.0;2.4
vitre-samsung-galaxy-note-3-neo-n7505-noir;8050;100.0;3.6
vitre-arriere-duos-samsung-galaxy-a7-2018-a750f-bleu-origine;11824;100.0;34.8
vitre-arriere-duos-samsung-galaxy-a7-2018-a750f-or-origine;11977;100.0;34.8
vitre-arriere-duos-samsung-galaxy-a8-2018-a530f-noir-carbone-origine;11692;100.0;42.0
vitre-arriere-duos-samsung-galaxy-a8-2018-a530f-orchidee-origine;11693;100.0;42.0
vitre-arriere-duos-samsung-galaxy-note-8-n950f-or-topaze-origine;10611;100.0;32.4
vitre-arriere-duos-samsung-galaxy-s9-g960f-bleu-corail-origine;11056;100.0;46.8
vitre-arriere-duos-samsung-galaxy-s9-g960f-gh82-15875e-or-origine;19526;100.0;28.8
vitre-arriere-duos-samsung-galaxy-s9-g960f-noir-carbone-origine;11055;100.0;46.8
vitre-arriere-duos-samsung-galaxy-s9-g960f-ultra-violet-origine;11057;100.0;46.8
vitre-arriere-duos-samsung-galaxy-s9-g965f-bleu-corail-origine;11062;100.0;46.8
vitre-arriere-duos-samsung-galaxy-s9-g965f-noir-carbone-origine;11061;100.0;36.0
vitre-arriere-duos-samsung-galaxy-s9-g965f-ultra-violet-origine;11063;100.0;39.6
vitre-arriere-chassis-batterie-apple-iphone-13-pro-graphite;22425;100.0;118.8
vitre-arriere-chassis-batterie-iphone-13-noir-origine;19640;100.0;108.0
vitre-arriere-chassis-batterie-iphone-13-pro-blanc-origine-demonter-piec;23164;100.0;120.0
vitre-arriere-chassis-batterie-iphone-13-pro-bleu-occasion-piec;22601;100.0;118.8
vitre-arriere-chassis-batterie-iphone-13-pro-max-blanc-origine-demonter;21836;100.0;120.0
vitre-arriere-chassis-batterie-iphone-15-pro-max-titane-noir-origine-demonter;19479;100.0;192.0
vitre-arriere-chassis-apple-iphone-12-pro-version-us-graphite;22424;100.0;84.0
vitre-arriere-chassis-iphone-17-pro-max-bleu-origine-demonte;22199;100.0;240.0
vitre-arriere-chassis-iphone-17-pro-orange-origine-demonte-grade-c-piec;21720;100.0;240.0
vitre-arriere-avec-vitre-cache-camera-sans-logo-samsung-galaxy-note-10-n970f-bla;18632;100.0;4.8
vitre-arriere-avec-vitre-cache-camera-sans-logo-samsung-galaxy-note-10-n970f-noi;18633;100.0;4.8
vitre-arriere-avec-vitre-cache-camera-sans-logo-samsung-galaxy-note-10-n975f-5g--3;18634;100.0;4.8
vitre-arriere-avec-vitre-cache-camera-sans-logo-samsung-galaxy-note-10-n975f-5g-;18635;100.0;4.8
vitre-arriere-avec-vitre-cache-camera-sans-logo-samsung-galaxy-note-10-n975f-5g--2;18639;100.0;4.8
vitre-arriere-avec-vitre-cache-camera-sans-logo-samsung-galaxy-note-8-n950f-noir;18629;100.0;4.8
vitre-arriere-avec-vitre-cache-camera-sans-logo-samsung-galaxy-note-9-n960f-bleu;18630;100.0;4.8
vitre-arriere-avec-vitre-cache-camera-sans-logo-samsung-galaxy-note-9-n960f-noir;18631;100.0;4.8
vitre-arriere-avec-vitre-cache-camera-sans-logo-samsung-galaxy-s10-g973f-blanc-p;18600;100.0;4.8
vitre-arriere-avec-vitre-cache-camera-sans-logo-samsung-galaxy-s10-g973f-bleu-pr;18598;100.0;4.8
vitre-arriere-avec-vitre-cache-camera-sans-logo-samsung-galaxy-s10-g973f-vert;18617;100.0;4.8
vitre-arriere-avec-vitre-cache-camera-sans-logo-samsung-galaxy-s10-g975f-blanc-prisme;18603;100.0;4.8
vitre-arriere-avec-vitre-cache-camera-sans-logo-samsung-galaxy-s10-g975f-vert;18601;100.0;4.8
vitre-arriere-avec-vitre-cache-camera-sans-logo-samsung-galaxy-s8-g950f-argent;18623;100.0;4.8
vitre-arriere-avec-vitre-cache-camera-sans-logo-samsung-galaxy-s8-g950f-bleu;18622;100.0;4.8
vitre-arriere-avec-vitre-cache-camera-sans-logo-samsung-galaxy-s8-g950f-gris;18616;100.0;4.8
vitre-arriere-avec-vitre-cache-camera-sans-logo-samsung-galaxy-s8-g950f-noir;18621;100.0;4.8
vitre-arriere-avec-vitre-cache-camera-sans-logo-samsung-galaxy-s8-g950f-or;18620;100.0;4.8
vitre-arriere-avec-vitre-cache-camera-sans-logo-samsung-galaxy-s8-g955f-argent;18615;100.0;4.8
vitre-arriere-avec-vitre-cache-camera-sans-logo-samsung-galaxy-s8-g955f-bleu-cor;18608;100.0;4.8
vitre-arriere-avec-vitre-cache-camera-sans-logo-samsung-galaxy-s8-g955f-gris-orc;18609;100.0;4.8
vitre-arriere-avec-vitre-cache-camera-sans-logo-samsung-galaxy-s8-g955f-noir-mid;18605;100.0;4.8
vitre-arriere-avec-vitre-cache-camera-sans-logo-samsung-galaxy-s8-g955f-or;18606;100.0;4.8
vitre-arriere-avec-vitre-cache-camera-sans-logo-samsung-galaxy-s8-g955f-rose;18607;100.0;4.8
vitre-arriere-avec-vitre-cache-camera-sans-logo-samsung-galaxy-s9-g960f-gris;18597;100.0;4.8
vitre-arriere-avec-vitre-cache-camera-sans-logo-samsung-galaxy-s9-g960f-noir;18618;100.0;4.8
vitre-arriere-avec-vitre-cache-camera-sans-logo-samsung-galaxy-s9-g960f-violet;18619;100.0;4.8
vitre-arriere-avec-vitre-cache-camera-sans-logo-samsung-galaxy-s9-g965f-bleu-cor;18599;100.0;4.8
vitre-arriere-avec-vitre-cache-camera-sans-logo-samsung-galaxy-s9-g965f-gris;18604;100.0;4.8
vitre-arriere-avec-vitre-cache-camera-sans-logo-samsung-galaxy-s9-g965f-noir-mid;18641;100.0;4.8
vitre-arriere-avec-vitre-cache-camera-sans-logo-samsung-galaxy-s9-g965f-violet-l;18602;100.0;4.8
vitre-arriere-huawei-mate-10-pro-gris;11679;100.0;8.4
vitre-arriere-huawei-mate-20-lite-bleu-origine;11735;100.0;10.8
vitre-arriere-huawei-mate-20-lite-noir-origine;11734;100.0;12.0
vitre-arriere-huawei-mate-20-lite-or-origine;11736;100.0;26.4
vitre-arriere-huawei-mate-20-pro-midnight-blue-origine;11748;100.0;30.0
vitre-arriere-huawei-mate-20-pro-violet-twilight-origine;11749;100.0;26.4
vitre-arriere-huawei-p20-bleu;11094;100.0;12.0
vitre-arriere-huawei-p20-bleu-origine;11676;100.0;14.4
vitre-arriere-huawei-p20-lite-bleu-origine;11177;100.0;8.4
vitre-arriere-huawei-p20-lite-noir-origine;11176;100.0;6.0
vitre-arriere-huawei-p20-lite-rose-origine;11463;100.0;11.4
vitre-arriere-huawei-p20-noir-origine;11173;100.0;9.6
vitre-arriere-huawei-p20-pro-midnight-bleu-origine;11182;100.0;26.4
vitre-arriere-huawei-p20-pro-noir-origine;11181;100.0;20.4
vitre-arriere-huawei-p8-lite-2017-blanc;9322;100.0;12.0
vitre-arriere-huawei-p8-lite-2017-blanc-origine;10593;100.0;10.8
vitre-arriere-huawei-p8-lite-2017-noir;9319;100.0;7.2
vitre-arriere-huawei-p8-lite-2017-or;9328;100.0;7.2
vitre-arriere-huawei-p8-lite-2017-or-origine;11541;100.0;8.4
vitre-arriere-iphone-air-bleu-ciel-origine-demonte;22274;100.0;154.8
vitre-arriere-samsung-a12-a127f-bleu-origine;15504;100.0;20.4
vitre-arriere-samsung-a12-a127f-noir-origine;15505;100.0;18.0
vitre-arriere-samsung-galaxy-a02s-a025g-gh81-20239a-noir-origine;14511;100.0;18.0
vitre-arriere-samsung-galaxy-a02s-a025g-a025f-blanc-occasion-grade-a;22793;100.0;8.4
vitre-arriere-samsung-galaxy-a02s-a025g-a025f-noir-occasion-grade-a;22792;100.0;8.4
vitre-arriere-samsung-galaxy-a02s-a025f-a025g-gh81-20242a-blanc-origine;14510;100.0;18.0
vitre-arriere-samsung-galaxy-a03-a035g-noir-origine;22190;100.0;12.0
vitre-arriere-samsung-galaxy-a03s-a037g-gh81-21266a-noir-origine;14513;100.0;12.0
vitre-arriere-samsung-galaxy-a03s-a037g-gh81-21267a-blanc-origine;14512;100.0;12.0
vitre-arriere-samsung-galaxy-a04s-a047f-noir-occasion-grade-a;22791;100.0;6.0
vitre-arriere-samsung-galaxy-a04s-a047f-noir-origine;16132;100.0;15.6
vitre-arriere-samsung-galaxy-a05s-a057g-noir-origine;21108;100.0;8.4
vitre-arriere-samsung-galaxy-a05s-a057g-vert-clair-origine;21109;100.0;8.4
vitre-arriere-samsung-galaxy-a12-a125f-bleu-origine;17732;100.0;18.0
vitre-arriere-samsung-galaxy-a12-a127f-blanc-origine;15502;100.0;19.2
vitre-arriere-samsung-galaxy-a13-a135f-noir-origine;15509;100.0;12.0
vitre-arriere-samsung-galaxy-a13-5g-a136b-blanc-origine;22166;100.0;13.2
vitre-arriere-samsung-galaxy-a15-5g-a156b-bleu-occasion-grade-a;22765;100.0;7.2
vitre-arriere-samsung-galaxy-a15-5g-a156b-bleu-origine;20748;100.0;13.2
vitre-arriere-samsung-galaxy-a15-5g-a156b-jaune-origine;20613;100.0;13.2
vitre-arriere-samsung-galaxy-a15-5g-a156b-noir-occasion-grade-a;22764;100.0;7.2
vitre-arriere-samsung-galaxy-a15-5g-a156b-noir-origine;20612;100.0;14.4
vitre-arriere-samsung-galaxy-a16-4g-a165f-bleu-nuit-origine;21105;100.0;13.2
vitre-arriere-samsung-galaxy-a16-4g-a165f-vert-clair-origine;21106;100.0;13.2
vitre-arriere-samsung-galaxy-a16-5g-a166b-bleu-nuit-origine;21102;100.0;9.6
vitre-arriere-samsung-galaxy-a16-5g-a166b-gris-origine;21104;100.0;12.0
vitre-arriere-samsung-galaxy-a16-5g-a166b-vert-clair-origine;21114;100.0;13.2
vitre-arriere-samsung-galaxy-a17-5g-a176b-noir-origine;21112;100.0;13.2
vitre-arriere-samsung-galaxy-a20s-a207f-gh81-19446a-noir-origine;14508;100.0;22.8
vitre-arriere-samsung-galaxy-a20s-a207f-gh81-19447a-bleu-origine;14509;100.0;24.0
vitre-arriere-samsung-galaxy-a21s-2020-a217f-blanc-origine;13421;100.0;18.0
vitre-arriere-samsung-galaxy-a21s-2020-a217f-bleu-origine;13592;100.0;18.0
vitre-arriere-samsung-galaxy-a21s-2020-a217f-noir-origine;13191;100.0;18.0
vitre-arriere-samsung-galaxy-a22-a226b-blanc-occasion-grade-a;21941;100.0;9.6
vitre-arriere-samsung-galaxy-a22-a226b-noir-occasion-grade-a;21940;100.0;9.6
vitre-arriere-samsung-galaxy-a22-4g-a225f-blanc-origine;16361;100.0;19.2
vitre-arriere-samsung-galaxy-a22-4g-a225f-noir-gh82-25959a-origine;16360;100.0;19.2
vitre-arriere-samsung-galaxy-a22-5g-a226b-gh81-21069a-noir-origine;14505;100.0;16.8
vitre-arriere-samsung-galaxy-a22-5g-a226b-gh81-21071a-violet-origine;14507;100.0;14.4
vitre-arriere-samsung-galaxy-a22-5g-a226b-gh81-21072a-blanc-origine;14506;100.0;14.4
vitre-arriere-samsung-galaxy-a22-5g-a226b-violet-occasion-grade-a;23092;100.0;9.6
vitre-arriere-samsung-galaxy-a23-5g-a236b-noir-gh82-29489a-origine;16198;100.0;14.4
vitre-arriere-samsung-galaxy-a23-5g-a236b-noir-occasion-grade-a;21888;100.0;9.6
vitre-arriere-samsung-galaxy-a25-5g-a256b-bleu-origine;20305;100.0;13.2
vitre-arriere-samsung-galaxy-a25-5g-a256b-jaune-origine;21055;100.0;14.4
vitre-arriere-samsung-galaxy-a25-5g-a256b-noir-origine;20299;100.0;13.2
vitre-arriere-samsung-galaxy-a26-5g-a266b-blanc-origine;20131;100.0;15.6
vitre-arriere-samsung-galaxy-a26-5g-a266b-noir-origine;20130;100.0;15.6
vitre-arriere-samsung-galaxy-a26-5g-a266b-vert-origine;20132;100.0;15.6
vitre-arriere-samsung-galaxy-a3-2016-a310f-blanc;8955;100.0;3.6
vitre-arriere-samsung-galaxy-a3-2016-a310f-blanc-origine;9998;100.0;9.0
vitre-arriere-samsung-galaxy-a3-2016-a310f-noir;8954;100.0;9.6
vitre-arriere-samsung-galaxy-a3-2016-a310f-noir-origine;8281;100.0;9.0
vitre-arriere-samsung-galaxy-a3-2016-a310f-or;8956;100.0;3.6
vitre-arriere-samsung-galaxy-a3-2016-a310f-or-origine;9999;100.0;9.0
vitre-arriere-samsung-galaxy-a3-2017-a320f-bleu-origine;9690;100.0;9.6
vitre-arriere-samsung-galaxy-a3-2017-a320f-or-origine;9695;100.0;8.4
vitre-arriere-samsung-galaxy-a3-2017-a320f-rose;11374;100.0;3.6
vitre-arriere-samsung-galaxy-a3-2017-a320f-rose-origine;9689;100.0;8.4
vitre-arriere-samsung-galaxy-a30s-a307f-noir-origine;13195;100.0;24.0
vitre-arriere-samsung-galaxy-a31-a315f-noir-origine;13196;100.0;19.2
vitre-arriere-samsung-galaxy-a32-a326b-blanc-occasion-grade-a;22767;100.0;7.2
vitre-arriere-samsung-galaxy-a32-a326b-noir-occasion-grade-a;22766;100.0;7.2
vitre-arriere-samsung-galaxy-a32-4g-a325f-blanc-origine;16354;100.0;18.0
vitre-arriere-samsung-galaxy-a32-4g-a325f-gh82-25545d-violet-origine;18751;100.0;18.0
vitre-arriere-samsung-galaxy-a32-4g-a325f-noir-occasion-grade-a;22768;100.0;7.2
vitre-arriere-samsung-galaxy-a32-4g-a325f-noir-origine;16352;100.0;16.8
vitre-arriere-samsung-galaxy-a32-5g-a326b-blanc-origine;15503;100.0;18.0
vitre-arriere-samsung-galaxy-a32-5g-a326b-noir-gh82-25080a-origine;15508;100.0;15.6
vitre-arriere-samsung-galaxy-a33-5g-a336b-blanc-origine;15050;100.0;18.0
vitre-arriere-samsung-galaxy-a33-5g-a336b-bleu-occasion-grade-b;21890;100.0;10.8
vitre-arriere-samsung-galaxy-a33-5g-a336b-bleu-origine;15048;100.0;19.2
vitre-arriere-samsung-galaxy-a33-5g-a336b-noir-gh82-28042a-origine;15047;100.0;18.0
vitre-arriere-samsung-galaxy-a33-5g-a336b-noir-occasion-grade-a;21889;100.0;10.8
vitre-arriere-samsung-galaxy-a33-5g-a336b-peche-origine;15049;100.0;20.4
vitre-arriere-samsung-galaxy-a34-a346b-gh82-30709a-noir-origine;18542;100.0;19.2
vitre-arriere-samsung-galaxy-a34-a346b-gh82-30709c-jaune-origine;23063;100.0;19.2
vitre-arriere-samsung-galaxy-a34-a346b-gh82-30709d-violet-origine;23064;100.0;19.2
vitre-arriere-samsung-galaxy-a34-5g-a346b-argent-origine;21881;100.0;21.6
vitre-arriere-samsung-galaxy-a35-5g-a356b-bleu-nuit-origine;20313;100.0;21.6
vitre-arriere-samsung-galaxy-a35-5g-a356b-vert-lime-origine;20311;100.0;24.0
vitre-arriere-samsung-galaxy-a35-5g-a356b-violet-origine;20309;100.0;22.8
vitre-arriere-samsung-galaxy-a36-5g-a366b-blanc-origine;20129;100.0;20.4
vitre-arriere-samsung-galaxy-a36-5g-a366b-noir-origine;20128;100.0;20.4
vitre-arriere-samsung-galaxy-a36-5g-a366b-vert-origine;20227;100.0;20.4
vitre-arriere-samsung-galaxy-a36-5g-a366b-violet-origine;20228;100.0;24.0
vitre-arriere-samsung-galaxy-a37-5g-a376b-gh82-39277a-noir-origine;22917;100.0;20.16
vitre-arriere-samsung-galaxy-a37-5g-a376b-gh82-39277b-vert-origine;23004;100.0;20.4
vitre-arriere-samsung-galaxy-a37-5g-a376b-gh82-39277c-blanc-origine;23005;100.0;20.4
vitre-arriere-samsung-galaxy-a37-5g-a376b-gh82-39277d-lavande-origine;23068;100.0;20.4
vitre-arriere-samsung-galaxy-a40-a405f-blanc-origine;12113;100.0;19.2
vitre-arriere-samsung-galaxy-a40-a405f-bleu-fonce-occasion-grade-a;23091;100.0;8.4
vitre-arriere-samsung-galaxy-a40-a405f-bleu-occasion-grade-a;23090;100.0;8.4
vitre-arriere-samsung-galaxy-a40-a405f-bleu-origine;12114;100.0;18.0
vitre-arriere-samsung-galaxy-a40-a405f-corail-origine;12115;100.0;19.2
vitre-arriere-samsung-galaxy-a40-a405f-noir-occasion-grade-a;21815;100.0;9.6
vitre-arriere-samsung-galaxy-a40-a405f-noir-origine;12112;100.0;18.0
vitre-arriere-samsung-galaxy-a40-a405f-orange-occasion-grade-a;21816;100.0;10.8
vitre-arriere-samsung-galaxy-a41-a415f-blanc-occasion-grade-a;22798;100.0;9.6
vitre-arriere-samsung-galaxy-a41-a415f-blanc-origine;13250;100.0;19.2
vitre-arriere-samsung-galaxy-a41-a415f-bleu-occasion-grade-b;21893;100.0;9.6
vitre-arriere-samsung-galaxy-a41-a415f-bleu-origine;13202;100.0;18.0
vitre-arriere-samsung-galaxy-a41-a415f-noir-occasion-grade-a;22797;100.0;9.6
vitre-arriere-samsung-galaxy-a41-a415f-noir-origine;13198;100.0;18.0
vitre-arriere-samsung-galaxy-a42-5g-a426b-blanc-origine;13249;100.0;19.2
vitre-arriere-samsung-galaxy-a42-5g-a426b-noir-origine;13197;100.0;18.0
vitre-arriere-samsung-galaxy-a5-2016-a510f-blanc-origine;8283;100.0;10.8
vitre-arriere-samsung-galaxy-a5-2016-a510f-or-origine;8452;100.0;8.4
vitre-arriere-samsung-galaxy-a5-2016-a510f-rose-origine;9124;100.0;12.0
vitre-arriere-samsung-galaxy-a5-2017-a520f-bleu-origine;9685;100.0;10.8
vitre-arriere-samsung-galaxy-a5-2017-a520f-noir;9059;100.0;8.4
vitre-arriere-samsung-galaxy-a5-2017-a520f-noir-origine;9711;100.0;28.8
vitre-arriere-samsung-galaxy-a5-2017-a520f-or-origine;9712;100.0;24.0
vitre-arriere-samsung-galaxy-a5-2017-a520f-rose-origine;9684;100.0;19.2
vitre-arriere-samsung-galaxy-a50-a505f-blanc-origine;12109;100.0;20.4
vitre-arriere-samsung-galaxy-a50-a505f-bleu-origine;12110;100.0;20.4
vitre-arriere-samsung-galaxy-a50-a505f-corail-origine;12111;100.0;19.2
vitre-arriere-samsung-galaxy-a50-a505f-noir-origine;12108;100.0;18.0
vitre-arriere-samsung-galaxy-a50-4g-a505f-blanc-occasion-grade-a-piec;22763;100.0;7.2
vitre-arriere-samsung-galaxy-a50-4g-a505f-noir-occasion-grade-a-piec;22762;100.0;7.2
vitre-arriere-samsung-galaxy-a51-a515f-blanc-origine;3760;100.0;21.6
vitre-arriere-samsung-galaxy-a51-a515f-bleu-origine;3761;100.0;18.0
vitre-arriere-samsung-galaxy-a51-a515f-noir-gh82-21653b-origine;3762;100.0;16.8
vitre-arriere-samsung-galaxy-a51-4g-a515f-noir-occasion-grade-ab;21813;100.0;9.6
vitre-arriere-samsung-galaxy-a51-4g-a515f-argent-origine;16357;100.0;19.2
vitre-arriere-samsung-galaxy-a51-4g-a515f-blanc-occasion-grade-ab;21814;100.0;9.6
vitre-arriere-samsung-galaxy-a51-5g-a516b-blanc-origine;16356;100.0;20.4
vitre-arriere-samsung-galaxy-a51-5g-a516b-noir-gh82-22938a-origine;16355;100.0;18.0
vitre-arriere-samsung-galaxy-a51-5g-a516b-rose-origine;16353;100.0;20.4
vitre-arriere-samsung-galaxy-a52-a526b-blanc-occasion-grade-b;21892;100.0;10.8
vitre-arriere-samsung-galaxy-a52-a526b-noir-occasion-grade-ab;21891;100.0;10.8
vitre-arriere-samsung-galaxy-a52-4g-a525f-a52-5g-a526b-blanc-origine;13448;100.0;26.4
vitre-arriere-samsung-galaxy-a52-4g-a525f-a52-5g-a526b-bleu-occasion-grade-a;22795;100.0;9.6
vitre-arriere-samsung-galaxy-a52-4g-a525f-a52-5g-a526b-bleu-origine;13590;100.0;21.6
vitre-arriere-samsung-galaxy-a52-4g-a525f-a52-5g-a526b-noir-origine;13591;100.0;19.2
vitre-arriere-samsung-galaxy-a52-4g-a525f-a52-5g-a526b-violet-occasion-grade-a;22796;100.0;9.6
vitre-arriere-samsung-galaxy-a52-4g-a525f-a52-5g-a526b-violet-origine;13447;100.0;20.4
vitre-arriere-samsung-galaxy-a52s-5g-a528b-blanc-occasion-grade-a;21812;100.0;10.8
vitre-arriere-samsung-galaxy-a52s-5g-a528b-gh82-26858a-noir-origine;14501;100.0;24.0
vitre-arriere-samsung-galaxy-a52s-5g-a528b-gh82-26858c-violet-origine;14502;100.0;20.4
vitre-arriere-samsung-galaxy-a52s-5g-a528b-gh82-26858d-blanc-origine;14503;100.0;20.4
vitre-arriere-samsung-galaxy-a52s-5g-a528b-gh82-26858f-vert-origine;14504;100.0;21.6
vitre-arriere-samsung-galaxy-a52s-5g-a528b-noir-occasion-grade-a;21811;100.0;10.8
vitre-arriere-samsung-galaxy-a53-5g-a536b-blanc-occasion-grade-a;21902;100.0;13.2
vitre-arriere-samsung-galaxy-a53-5g-a536b-blanc-origine;15054;100.0;20.4
vitre-arriere-samsung-galaxy-a53-5g-a536b-bleu-gh82-28017c-origine;15052;100.0;27.6
vitre-arriere-samsung-galaxy-a53-5g-a536b-bleu-occasion-grade-ab;21901;100.0;13.2
vitre-arriere-samsung-galaxy-a53-5g-a536b-noir-occasion-grade-a;21900;100.0;13.2
vitre-arriere-samsung-galaxy-a53-5g-a536b-noir-origine;15051;100.0;18.0
vitre-arriere-samsung-galaxy-a53-5g-a536b-orange-occasion-grade-a;21903;100.0;13.2
vitre-arriere-samsung-galaxy-a53-5g-a536b-peche-origine;15053;100.0;18.0
vitre-arriere-samsung-galaxy-a54-a546b-gh82-30703a-noir-origine;18507;100.0;19.2
vitre-arriere-samsung-galaxy-a54-a546b-lavande-origine;20120;100.0;19.2
vitre-arriere-samsung-galaxy-a54-a546b-vert-citron-origine;20122;100.0;20.4
vitre-arriere-samsung-galaxy-a54-5g-a546b-blanc-occasion-grade-a;22794;100.0;10.8
vitre-arriere-samsung-galaxy-a54-5g-a546b-noir-occasion-grade-a;21817;100.0;10.8
vitre-arriere-samsung-galaxy-a54-5g-a546b-vert-citron-occasion-grade-a;21818;100.0;10.8
vitre-arriere-samsung-galaxy-a55-5g-a556b-bleu-nuit-origine;20304;100.0;19.2
vitre-arriere-samsung-galaxy-a55-5g-a556b-lime-origine;20301;100.0;21.6
vitre-arriere-samsung-galaxy-a55-5g-a556b-violet-origine;20300;100.0;21.6
vitre-arriere-samsung-galaxy-a56-5g-a566b-gris-origine;20125;100.0;19.2
vitre-arriere-samsung-galaxy-a56-5g-a566b-noir-origine;20124;100.0;20.4
vitre-arriere-samsung-galaxy-a56-5g-a566b-rose-origine;20127;100.0;20.4
vitre-arriere-samsung-galaxy-a56-5g-a566b-vert-origine;20126;100.0;19.2
vitre-arriere-samsung-galaxy-a57-5g-a576b-gh82-39158a-gris-origine;22913;100.0;20.4
vitre-arriere-samsung-galaxy-a57-5g-a576b-gh82-39158b-bleu-fonce-origine;22912;100.0;20.4
vitre-arriere-samsung-galaxy-a57-5g-a576b-gh82-39158c-bleu-clair-origine;23007;100.0;19.2
vitre-arriere-samsung-galaxy-a57-5g-a576b-gh82-39158d-violet-origine;22914;100.0;20.4
vitre-arriere-samsung-galaxy-a7-2018-a750f-noir-origine;5032;100.0;24.0
vitre-arriere-samsung-galaxy-a70-a705f-blanc-origine;10058;100.0;20.4
vitre-arriere-samsung-galaxy-a70-a705f-bleu-origine;9167;100.0;21.6
vitre-arriere-samsung-galaxy-a70-a705f-corail-origine;9158;100.0;30.0
vitre-arriere-samsung-galaxy-a70-a705f-noir-origine;10122;100.0;18.0
vitre-arriere-samsung-galaxy-a71-a715f-argent-origine;16358;100.0;21.6
vitre-arriere-samsung-galaxy-a71-a715f-blanc-occasion-grade-a;22790;100.0;8.4
vitre-arriere-samsung-galaxy-a71-a715f-blanc-origine;13425;100.0;22.8
vitre-arriere-samsung-galaxy-a71-a715f-bleu-origine;13424;100.0;20.4
vitre-arriere-samsung-galaxy-a71-a715f-noir-occasion-grade-a;22788;100.0;8.4
vitre-arriere-samsung-galaxy-a71-a715f-noir-origine;13199;100.0;24.0
vitre-arriere-samsung-galaxy-a71-a715f-vert-occasion-grade-a;22789;100.0;8.4
vitre-arriere-samsung-galaxy-a72-4g-a725f-5g-a726b-blanc-origine;13697;100.0;18.0
vitre-arriere-samsung-galaxy-a72-4g-a725f-5g-a726b-bleu-origine;13698;100.0;19.2
vitre-arriere-samsung-galaxy-a72-4g-a725f-5g-a726b-noir-origine;13696;100.0;21.6
vitre-arriere-samsung-galaxy-a72-4g-a725f-5g-a726b-violet-origine;13699;100.0;24.0
vitre-arriere-samsung-galaxy-a8-a530f-noir-occasion-grade-a;21897;100.0;12.0
vitre-arriere-samsung-galaxy-a8-2018-a530f-bleu-origine;17308;100.0;18.0
vitre-arriere-samsung-galaxy-a8-2018-a530f-noir-carbone-origine;10974;100.0;24.0
vitre-arriere-samsung-galaxy-a8-2018-a530f-or-topaze-origine;10975;100.0;24.0
vitre-arriere-samsung-galaxy-a8-2018-a530f-orchidee-origine;10976;100.0;18.0
vitre-arriere-samsung-galaxy-a9-2018-a920f-bleu-origine;11876;100.0;30.0
vitre-arriere-samsung-galaxy-a9-2018-a920f-noir-gh82-18239a-origine;11874;100.0;24.0
vitre-arriere-samsung-galaxy-a9-2018-a920f-rose-origine;11875;100.0;30.0
vitre-arriere-samsung-galaxy-fold-f900f-argent-origine;13032;100.0;30.0
vitre-arriere-samsung-galaxy-fold-f900f-noir-origine;13033;100.0;26.4
vitre-arriere-samsung-galaxy-j4-j415f-noir-origine;13965;100.0;24.0
vitre-arriere-samsung-galaxy-note-10-n970f-argent-stellaire-origine;10931;100.0;32.4
vitre-arriere-samsung-galaxy-note-10-n970f-blanc-origine;10860;100.0;30.0
vitre-arriere-samsung-galaxy-note-10-lite-n770f-argent-origine-gh82-21972b;12237;100.0;24.0
vitre-arriere-samsung-galaxy-note-10-lite-n770f-noir-origine;12236;100.0;19.2
vitre-arriere-samsung-galaxy-note-10-lite-n770f-rouge-origine;12238;100.0;20.4
vitre-arriere-samsung-galaxy-note-10-n975f-argent-gh82-20588c-origine;11511;100.0;32.4
vitre-arriere-samsung-galaxy-note-10-n975f-gh82-20588d-bleu-origine;19561;100.0;30.0
vitre-arriere-samsung-galaxy-note-10-n975f-noir-gh82-20588a-origine;11512;100.0;28.8
vitre-arriere-samsung-galaxy-note-20-5g-n980f-n981f-bronze-origine;12735;100.0;24.0
vitre-arriere-samsung-galaxy-note-20-5g-n980f-n981f-gris-origine;12733;100.0;25.8
vitre-arriere-samsung-galaxy-note-20-5g-n980f-n981f-vert-origine;12734;100.0;24.0
vitre-arriere-samsung-galaxy-note-20-ultra-n986b-bronze-occasion-grade-a;21898;100.0;24.0
vitre-arriere-samsung-galaxy-note-20-ultra-n986b-noir-gh82-23281a-origine;12731;100.0;28.8
vitre-arriere-samsung-galaxy-note-20-ultra-n986b-noir-occasion-grade-a;21899;100.0;24.0
vitre-arriere-samsung-galaxy-note-20-ultra-5g-n986b-blanc-origine;12730;100.0;33.6
vitre-arriere-samsung-galaxy-note-20-ultra-5g-n986b-bronze-origine;12732;100.0;40.8
vitre-arriere-samsung-galaxy-note-8-n950f-bleu-origine;11144;100.0;30.0
vitre-arriere-samsung-galaxy-note-8-n950f-noir-carbone-origine;10608;100.0;25.2
vitre-arriere-samsung-galaxy-note-8-n950f-or-topaze-origine;10609;100.0;30.0
vitre-arriere-samsung-galaxy-note-8-n950f-orchidee-origine;11145;100.0;30.0
vitre-arriere-samsung-galaxy-note-9-n960f-duos-bleu-origine;19636;100.0;34.8
vitre-arriere-samsung-galaxy-note-9-n960f-duos-noir-midnight-origine;19515;100.0;30.0
vitre-arriere-samsung-galaxy-note-9-n960f-bleu-cobalt-origine;11628;100.0;36.0
vitre-arriere-samsung-galaxy-note-9-n960f-marron-origine;17391;100.0;31.2
vitre-arriere-samsung-galaxy-note-9-n960f-mauve-orchidee-origine;11629;100.0;36.0
vitre-arriere-samsung-galaxy-note-9-n960f-noir-profond-origine;11627;100.0;28.8
vitre-arriere-samsung-galaxy-s10-g973f-blanc-prisme-origine;12102;100.0;27.6
vitre-arriere-samsung-galaxy-s10-g973f-bleu-origine;12104;100.0;31.2
vitre-arriere-samsung-galaxy-s10-g973f-noir-gh82-18378a-origine;9371;100.0;33.6
vitre-arriere-samsung-galaxy-s10-g973f-rouge-origine;3744;100.0;39.6
vitre-arriere-samsung-galaxy-s10-g973f-vert-gh82-18378e-origine;12103;100.0;27.6
vitre-arriere-samsung-galaxy-s10-g977f-blanc-origine;19525;100.0;44.4
vitre-arriere-samsung-galaxy-s10-5g-g977b-noir-origine;12736;100.0;44.4
vitre-arriere-samsung-galaxy-s10-g975f-blanc-ceramique-origine;12116;100.0;52.8
vitre-arriere-samsung-galaxy-s10-g975f-blanc-prisme-origine;8915;100.0;26.4
vitre-arriere-samsung-galaxy-s10-g975f-bleu-origine;12105;100.0;44.4
vitre-arriere-samsung-galaxy-s10-g975f-noir-ceramique-origine;19534;100.0;36.0
vitre-arriere-samsung-galaxy-s10-g975f-noir-gh82-18406a-origine;8911;100.0;31.2
vitre-arriere-samsung-galaxy-s10-g975f-rouge-origine;12632;100.0;30.0
vitre-arriere-samsung-galaxy-s10-g975f-vert-prisme-origine;8916;100.0;39.6
vitre-arriere-samsung-galaxy-s10e-g970f-blanc-prisme-origine;12107;100.0;26.4
vitre-arriere-samsung-galaxy-s10e-g970f-bleu-origine;12345;100.0;28.8
vitre-arriere-samsung-galaxy-s10e-g970f-noir-origine-demonter-piec;21644;100.0;10.8
vitre-arriere-samsung-galaxy-s10e-g970f-noir-prisme-origine;12106;100.0;30.0
vitre-arriere-samsung-galaxy-s10e-g970f-vert-origine;12346;100.0;29.4
vitre-arriere-samsung-galaxy-s20-g980f-g981b-bleu-origine;3740;100.0;31.2
vitre-arriere-samsung-galaxy-s20-g980f-g981b-gris-origine;3739;100.0;31.2
vitre-arriere-samsung-galaxy-s20-g980f-g981b-blanc-occasion-grade-a;21943;100.0;15.6
vitre-arriere-samsung-galaxy-s20-g980f-g981b-bleu-occasion-grade-a;22799;100.0;15.6
vitre-arriere-samsung-galaxy-s20-g980f-g981b-gris-occasion-grade-a;21944;100.0;15.6
vitre-arriere-samsung-galaxy-s20-g980f-g981b-rose-occasion-grade-a;21945;100.0;15.6
vitre-arriere-samsung-galaxy-s20-g980f-g981b-rose-origine;3738;100.0;33.6
vitre-arriere-samsung-galaxy-s20-4g-g980f-5g-g981b-gris;21418;100.0;3.6
vitre-arriere-samsung-galaxy-s20-fe-g780f-s20-fe-g781b-bleu-origine-demonter-pie;21645;100.0;9.6
vitre-arriere-samsung-galaxy-s20-fe-4g-g780f-s20-fe-5g-g781b-blanc-origine;12964;100.0;25.2
vitre-arriere-samsung-galaxy-s20-fe-4g-g780f-s20-fe-5g-g781b-bleu-origine;12963;100.0;20.4
vitre-arriere-samsung-galaxy-s20-fe-4g-g780f-s20-fe-5g-g781b-orange-origine;12968;100.0;21.6
vitre-arriere-samsung-galaxy-s20-fe-4g-g780f-s20-fe-5g-g781b-rouge-origine;12967;100.0;19.2
vitre-arriere-samsung-galaxy-s20-fe-4g-g780f-s20-fe-5g-g781b-vert-origine;12966;100.0;20.4
vitre-arriere-samsung-galaxy-s20-fe-4g-g780f-s20-fe-5g-g781b-violet-grade-a;21942;100.0;12.0
vitre-arriere-samsung-galaxy-s20-fe-4g-g780f-s20-fe-5g-g781b-violet-origine;12965;100.0;21.6
vitre-arriere-samsung-galaxy-s20-ultra-g988f-g988b-blanc-origine;16359;100.0;32.4
vitre-arriere-samsung-galaxy-s20-ultra-g988f-g988b-gris-origine;3735;100.0;40.8
vitre-arriere-samsung-galaxy-s20-ultra-g988f-g988b-noir-origine;3736;100.0;32.4
vitre-arriere-samsung-galaxy-s20-g985-g986-blanc-origine;13979;100.0;33.48
vitre-arriere-samsung-galaxy-s20-4g-g985f-s20-5g-g986b-bleu-origine;3743;100.0;36.0
vitre-arriere-samsung-galaxy-s20-4g-g985f-s20-5g-g986b-gris-origine;3742;100.0;32.4
vitre-arriere-samsung-galaxy-s20-4g-g985f-s20-5g-g986b-noir-origine;3756;100.0;28.8
vitre-arriere-samsung-galaxy-s21-g991b-blanc-occasion-grade-a;21909;100.0;13.2
vitre-arriere-samsung-galaxy-s21-g991b-blanc-origine;13275;100.0;21.6
vitre-arriere-samsung-galaxy-s21-g991b-gris-origine-gh82-24520a;13135;100.0;24.0
vitre-arriere-samsung-galaxy-s21-g991b-noir-occasion-grade-a;21906;100.0;13.2
vitre-arriere-samsung-galaxy-s21-g991b-orange-occasion-grade-a;21908;100.0;13.2
vitre-arriere-samsung-galaxy-s21-g991b-rose-origine;13273;100.0;26.4
vitre-arriere-samsung-galaxy-s21-g991b-violet-occasion-grade-b;21907;100.0;13.2
vitre-arriere-samsung-galaxy-s21-g991b-violet-origine;13274;100.0;19.2
vitre-arriere-samsung-galaxy-s21-fe-g990b-blanc-origine;15776;100.0;19.2
vitre-arriere-samsung-galaxy-s21-fe-g990b-blanc-origine-demonter-piec;21641;100.0;8.4
vitre-arriere-samsung-galaxy-s21-fe-g990b-noir-gh82-26156a-origine;15775;100.0;15.6
vitre-arriere-samsung-galaxy-s21-fe-g990b-noir-origine-demonter-piec;21640;100.0;8.4
vitre-arriere-samsung-galaxy-s21-fe-g990b-vert-origine;15777;100.0;19.2
vitre-arriere-samsung-galaxy-s21-fe-g990b-vert-origine-demonter-piec;21642;100.0;8.4
vitre-arriere-samsung-galaxy-s21-fe-g990b-violet-gh82-26156d-origine;15778;100.0;18.0
vitre-arriere-samsung-galaxy-s21-ultra-g988b-blanc-occasion-grade-a;21810;100.0;20.4
vitre-arriere-samsung-galaxy-s21-ultra-g988b-noir-occasion-grade-a;21809;100.0;20.4
vitre-arriere-samsung-galaxy-s21-ultra-5g-g998b-blanc-origine;13139;100.0;38.4
vitre-arriere-samsung-galaxy-s21-ultra-5g-g998b-gris-origine;13140;100.0;36.0
vitre-arriere-samsung-galaxy-s21-ultra-5g-g998b-phantom-brown-origine;13586;100.0;43.2
vitre-arriere-samsung-galaxy-s21-ultra-5g-g998b-phantom-titanium-origine;13372;100.0;43.2
vitre-arriere-samsung-galaxy-s21-g991b-gris;21419;100.0;2.4
vitre-arriere-samsung-galaxy-s21-g996b-noir-gh82-24505a-origine;13136;100.0;32.4
vitre-arriere-samsung-galaxy-s21-g996b-noir-occasion-grade-a;21905;100.0;19.2
vitre-arriere-samsung-galaxy-s21-g996b-violet-occasion-grade-a;21904;100.0;19.2
vitre-arriere-samsung-galaxy-s21-5g-g996b-argent-origine;13138;100.0;37.2
vitre-arriere-samsung-galaxy-s21-5g-g996b-or-origine;13290;100.0;40.8
vitre-arriere-samsung-galaxy-s21-5g-g996b-rouge-origine;13289;100.0;48.0
vitre-arriere-samsung-galaxy-s21-5g-g996b-violet-origine;13137;100.0;34.8
vitre-arriere-samsung-galaxy-s22-s901b-blanc-occasion-grade-a;21913;100.0;15.6
vitre-arriere-samsung-galaxy-s22-s901b-blanc-origine;14659;100.0;28.8
vitre-arriere-samsung-galaxy-s22-s901b-gris-gh82-27434e-origine;16362;100.0;31.2
vitre-arriere-samsung-galaxy-s22-s901b-noir-occasion-grade-a;21808;100.0;15.6
vitre-arriere-samsung-galaxy-s22-s901b-noir-origine;14658;100.0;31.08
vitre-arriere-samsung-galaxy-s22-s901b-or-rose-occasion-grade-a;21915;100.0;15.6
vitre-arriere-samsung-galaxy-s22-s901b-rose-origine;14856;100.0;27.6
vitre-arriere-samsung-galaxy-s22-s901b-vert-gh82-27434c-origine;14660;100.0;31.2
vitre-arriere-samsung-galaxy-s22-s901b-vert-occasion-grade-a;21916;100.0;15.6
vitre-arriere-samsung-galaxy-s22-s901b-violet-gh82-27434g-origine;16364;100.0;31.2
vitre-arriere-samsung-galaxy-s22-s901b-violet-occasion-grade-a;21912;100.0;15.6
vitre-arriere-samsung-galaxy-s22-5g-s901b-bleu-origine;15094;100.0;30.0
vitre-arriere-samsung-galaxy-s22-5g-s901b-creme-origine;16363;100.0;30.0
vitre-arriere-samsung-galaxy-s22-ultra-s908b-blanc-origine;14662;100.0;39.6
vitre-arriere-samsung-galaxy-s22-ultra-s908b-bleu-gh82-27457g-origine;16366;100.0;39.6
vitre-arriere-samsung-galaxy-s22-ultra-s908b-bordeaux-gh82-27457b-origine;15634;100.0;37.2
vitre-arriere-samsung-galaxy-s22-ultra-s908b-noir-gh82-27457a-origine;14661;100.0;33.6
vitre-arriere-samsung-galaxy-s22-ultra-s908b-vert-gh82-27457d-origine;14663;100.0;39.6
vitre-arriere-samsung-galaxy-s22-ultra-5g-s908b-blanc-occasion-grade-a;21894;100.0;21.6
vitre-arriere-samsung-galaxy-s22-ultra-5g-s908b-bordeaux-occasion-grade-a;21896;100.0;21.6
vitre-arriere-samsung-galaxy-s22-ultra-5g-s908b-gris-origine;16365;100.0;43.2
vitre-arriere-samsung-galaxy-s22-ultra-5g-s908b-noir-occasion-grade-a;21895;100.0;21.6
vitre-arriere-samsung-galaxy-s22-ultra-5g-s908b-rouge-origine;16367;100.0;42.0
vitre-arriere-samsung-galaxy-s22-s906b-blanc-occasion-grade-a;21805;100.0;15.6
vitre-arriere-samsung-galaxy-s22-s906b-blanc-origine;14757;100.0;36.0
vitre-arriere-samsung-galaxy-s22-s906b-noir-occasion-grade-a;21806;100.0;15.6
vitre-arriere-samsung-galaxy-s22-s906b-noir-origine;14754;100.0;27.6
vitre-arriere-samsung-galaxy-s22-s906b-rose-origine;14756;100.0;37.2
vitre-arriere-samsung-galaxy-s22-s906b-vert-occasion-grade-a;21807;100.0;15.6
vitre-arriere-samsung-galaxy-s22-s906b-vert-origine;14755;100.0;34.68
vitre-arriere-samsung-galaxy-s22-5g-s906b-violet-origine;16368;100.0;24.0
vitre-arriere-samsung-galaxy-s23-s911b-creme-origine;15982;100.0;31.2
vitre-arriere-samsung-galaxy-s23-s911b-lavande-occasion-grade-a;21947;100.0;15.6
vitre-arriere-samsung-galaxy-s23-s911b-lavande-origine;15984;100.0;32.4
vitre-arriere-samsung-galaxy-s23-s911b-noir-occasion-grade-a;21946;100.0;15.6
vitre-arriere-samsung-galaxy-s23-s911b-noir-origine;15981;100.0;27.6
vitre-arriere-samsung-galaxy-s23-s911b-vert-occasion-grade-a;21948;100.0;15.6
vitre-arriere-samsung-galaxy-s23-s911b-vert-origine;15983;100.0;27.6
vitre-arriere-samsung-galaxy-s23-fe-s711b-blanc-occasion-grade-a;22437;100.0;12.0
vitre-arriere-samsung-galaxy-s23-fe-s711b-creme-origine;17535;100.0;20.4
vitre-arriere-samsung-galaxy-s23-fe-s711b-noir-graphite-origine;17543;100.0;19.2
vitre-arriere-samsung-galaxy-s23-fe-s711b-orange-origine;17536;100.0;22.8
vitre-arriere-samsung-galaxy-s23-fe-s711b-vert-menthe-origine;17542;100.0;22.8
vitre-arriere-samsung-galaxy-s23-fe-s711b-violet-occasion-grade-a;22438;100.0;12.0
vitre-arriere-samsung-galaxy-s23-fe-s711b-violet-origine;17538;100.0;21.6
vitre-arriere-samsung-galaxy-s23-ultra-s918b-creme-origine;15988;100.0;33.6
vitre-arriere-samsung-galaxy-s23-ultra-s918b-lavande-origine;15991;100.0;39.6
vitre-arriere-samsung-galaxy-s23-ultra-s918b-noir-gh82-30400a-origine;15992;100.0;36.0
vitre-arriere-samsung-galaxy-s23-ultra-s918b-rose-occasion-grade-a;21951;100.0;21.6
vitre-arriere-samsung-galaxy-s23-ultra-s918b-vert-occasion-grade-a;21952;100.0;21.6
vitre-arriere-samsung-galaxy-s23-s916b-blanc-origine;15990;100.0;32.4
vitre-arriere-samsung-galaxy-s23-s916b-creme-origine;16992;100.0;39.6
vitre-arriere-samsung-galaxy-s23-s916b-gris-origine;16025;100.0;31.2
vitre-arriere-samsung-galaxy-s23-s916b-lime-origine;16208;100.0;31.2
vitre-arriere-samsung-galaxy-s23-s916b-noir-origine;15993;100.0;26.4
vitre-arriere-samsung-galaxy-s23-s916b-vert-origine;15989;100.0;28.8
vitre-arriere-samsung-galaxy-s24-s921b-argent-origine;17545;100.0;30.0
vitre-arriere-samsung-galaxy-s24-s921b-jaune-ambre-origine;17548;100.0;30.0
vitre-arriere-samsung-galaxy-s24-s921b-noir-occasion-grade-a;21949;100.0;15.6
vitre-arriere-samsung-galaxy-s24-s921b-noir-onyx-origine;17547;100.0;27.6
vitre-arriere-samsung-galaxy-s24-s921b-violet-cobalt-origine;17546;100.0;27.6
vitre-arriere-samsung-galaxy-s24-s921b-violet-occasion-grade-a;21950;100.0;15.6
vitre-arriere-samsung-galaxy-s24-fe-s721b-bleu-origine;18871;100.0;20.4
vitre-arriere-samsung-galaxy-s24-fe-s721b-graphite-origine;18868;100.0;20.4
vitre-arriere-samsung-galaxy-s24-fe-s721b-jaune-origine;18869;100.0;20.4
vitre-arriere-samsung-galaxy-s24-fe-s721b-vert-origine;18870;100.0;20.4
vitre-arriere-samsung-galaxy-s24-ultra-s928b-titane-gris-occasion-grade-a;22441;100.0;24.0
vitre-arriere-samsung-galaxy-s24-ultra-s928b-titane-gris-origine;17541;100.0;30.0
vitre-arriere-samsung-galaxy-s24-ultra-s928b-titane-noir-occasion-grade-a;22440;100.0;24.0
vitre-arriere-samsung-galaxy-s24-ultra-s928b-titane-noir-origine;17540;100.0;32.4
vitre-arriere-samsung-galaxy-s24-ultra-s928b-titane-violet-origine;17539;100.0;30.0
vitre-arriere-samsung-galaxy-s24-s926b-noir-occasion-grade-a;22439;100.0;18.0
vitre-arriere-samsung-galaxy-s24-s926b-noir-origine;21206;100.0;30.0
vitre-arriere-samsung-galaxy-s24-s926b-violet-origine;21207;100.0;30.0
vitre-arriere-samsung-galaxy-s25-s931b-bleu-clair-origine;19546;100.0;34.8
vitre-arriere-samsung-galaxy-s25-s931b-bleu-nuit-origine;19547;100.0;32.4
vitre-arriere-samsung-galaxy-s25-s931b-vert-origine;19545;100.0;34.8
vitre-arriere-samsung-galaxy-s25-edge-s937b-bleu-clair-titane-origine;20296;100.0;38.4
vitre-arriere-samsung-galaxy-s25-edge-5g-s937b-argent-origine;20303;100.0;36.0
vitre-arriere-samsung-galaxy-s25-edge-5g-s937b-noir-origine;20298;100.0;32.4
vitre-arriere-samsung-galaxy-s25-fe-5g-s731b-blanc-origine;21788;100.0;27.6
vitre-arriere-samsung-galaxy-s25-fe-5g-s731b-noir-origine;21789;100.0;27.6
vitre-arriere-samsung-galaxy-s25-ultra-s938b-argent-titane-origine;19553;100.0;34.8
vitre-arriere-samsung-galaxy-s25-ultra-s938b-bleu-titane-origine;19552;100.0;34.8
vitre-arriere-samsung-galaxy-s25-ultra-s938b-noir-titane-origine;19554;100.0;34.8
vitre-arriere-samsung-galaxy-s25-s936b-bleu-clair-origine;19548;100.0;33.6
vitre-arriere-samsung-galaxy-s25-s936b-bleu-nuit-origine;19549;100.0;32.4
vitre-arriere-samsung-galaxy-s26-5g-s942b-gh82-39035c-violet-origine;22751;100.0;32.4
vitre-arriere-samsung-galaxy-s26-ultra-s948b-gh82-38884b-bleu-origine;22811;100.0;48.0
vitre-arriere-samsung-galaxy-s26-ultra-5g-s948b-gh82-38884a-noir-origine;22752;100.0;42.0
vitre-arriere-samsung-galaxy-s26-ultra-5g-s948b-gh82-38884c-violet-origine;22753;100.0;42.0
vitre-arriere-samsung-galaxy-s5-neo-g903f-noir-origine;16854;100.0;8.4
vitre-arriere-samsung-galaxy-s6-g920f-gh82-09548d-bleu-origine;19538;100.0;18.0
vitre-arriere-samsung-galaxy-s6-edge-g925f-or-stellaire;6141;100.0;6.65
vitre-arriere-samsung-galaxy-s6-edge-plus-g928f-argent-origine;16061;100.0;9.6
vitre-arriere-samsung-galaxy-s6-edge-plus-g928f-blanc-astral;7093;100.0;9.6
vitre-arriere-samsung-galaxy-s6-edge-plus-g928f-noir-cosmos;6865;100.0;6.0
vitre-arriere-samsung-galaxy-s6-edge-plus-g928f-or-stellaire;5401;100.0;9.6
vitre-arriere-samsung-galaxy-s7-g930f-blanc-perle-origine;8264;100.0;28.8
vitre-arriere-samsung-galaxy-s7-g930f-or-platine-origine;8265;100.0;39.6
vitre-arriere-samsung-galaxy-s7-g930f-rose-gold-origine;8618;100.0;30.0
vitre-arriere-samsung-galaxy-s7-edge-g935f-argent-titane-origine;8443;100.0;21.6
vitre-arriere-samsung-galaxy-s7-edge-g935f-blanc;8964;100.0;10.87
vitre-arriere-samsung-galaxy-s7-edge-g935f-blanc-perle-origine;8262;100.0;24.0
vitre-arriere-samsung-galaxy-s7-edge-g935f-noir;8963;100.0;10.87
vitre-arriere-samsung-galaxy-s7-edge-g935f-or-platine-origine;8247;100.0;27.6
vitre-arriere-samsung-galaxy-s7-edge-g935f-rose-origine;6034;100.0;33.6
vitre-arriere-samsung-galaxy-s8-g950f-argent-polaire-origine;10412;100.0;30.0
vitre-arriere-samsung-galaxy-s8-g950f-bleu-ocean-origine;10747;100.0;30.0
vitre-arriere-samsung-galaxy-s8-g950f-noir-carbone;9063;100.0;11.22
vitre-arriere-samsung-galaxy-s8-g950f-noir-carbone-origine;10411;100.0;28.8
vitre-arriere-samsung-galaxy-s8-g950f-orchidee-origine;10413;100.0;30.0
vitre-arriere-samsung-galaxy-s8-g950f-rose-origine;11564;100.0;27.6
vitre-arriere-samsung-galaxy-s8-g955f-argent-polaire-origine;10409;100.0;30.0
vitre-arriere-samsung-galaxy-s8-g955f-bleu-ocean-origine;10746;100.0;28.8
vitre-arriere-samsung-galaxy-s8-g955f-noir-carbone-origine;10408;100.0;28.8
vitre-arriere-samsung-galaxy-s8-g955f-or-erable-origine;11021;100.0;30.0
vitre-arriere-samsung-galaxy-s8-g955f-orchidee-origine;10410;100.0;28.8
vitre-arriere-samsung-galaxy-s9-g960f-bleu-corail-origine;10700;100.0;33.6
vitre-arriere-samsung-galaxy-s9-g960f-bleu-polaris-origine;9657;100.0;44.4
vitre-arriere-samsung-galaxy-s9-g960f-gh82-15875c-argent-origine;19532;100.0;34.8
vitre-arriere-samsung-galaxy-s9-g960f-noir-carbone-origine;10699;100.0;31.2
vitre-arriere-samsung-galaxy-s9-g960f-noir-occasion-grade-a;21910;100.0;16.8
vitre-arriere-samsung-galaxy-s9-g960f-ultra-violet-origine;10701;100.0;36.0
vitre-arriere-samsung-galaxy-s9-g960f-violet-occasion-grade-a;21911;100.0;18.0
vitre-arriere-samsung-galaxy-s9-g965f-bleu-corail-origine;11139;100.0;34.8
vitre-arriere-samsung-galaxy-s9-g965f-gris-titane-origine;11689;100.0;30.0
vitre-arriere-samsung-galaxy-s9-g965f-noir-carbone-origine;11138;100.0;30.0
vitre-arriere-samsung-galaxy-xcover-4-g390f-noir-gh98-41219a-origine;13970;100.0;15.6
vitre-arriere-samsung-galaxy-xcover-4s-g398f-noir-origine;13969;100.0;10.2
vitre-arriere-samsung-galaxy-xcover-5-g525f-gh98-46361a-origine;17333;100.0;12.0
vitre-arriere-samsung-galaxy-xcover-pro-g715f-noir-origine;13974;100.0;14.4
vitre-arriere-samsung-galaxy-z-flip-4g-f700f-bas-violet-miroir-origine-demonter;19541;100.0;24.0
vitre-arriere-samsung-galaxy-z-flip-4g-f700f-haut-violet-miroir-origine;19540;100.0;18.0
vitre-arriere-samsung-galaxy-z-flip-4g-f700f-5g-f707b-bas-noir-origine;13977;100.0;36.0
vitre-arriere-samsung-galaxy-z-flip-4g-f700f-5g-f707b-bas-violet-origine;13975;100.0;26.4
vitre-arriere-samsung-galaxy-z-flip-4g-f700f-5g-f707b-haut-noir-origine;13976;100.0;15.6
vitre-arriere-samsung-galaxy-z-flip-7-fe-f761b-noir-origine;20725;100.0;19.2
vitre-arriere-samsung-galaxy-z-flip3-5g-f711b-bas-beige-origine;14863;100.0;21.6
vitre-arriere-samsung-galaxy-z-flip3-5g-f711b-bas-noir-origine;15072;100.0;22.8
vitre-arriere-samsung-galaxy-z-flip3-5g-f711b-bas-vert-origine;15073;100.0;14.4
vitre-arriere-samsung-galaxy-z-flip3-5g-f711b-bas-violet-origine;15074;100.0;21.6
vitre-arriere-samsung-galaxy-z-flip3-5g-f711b-haut-creme-origine;15268;100.0;63.6
vitre-arriere-samsung-galaxy-z-flip3-5g-f711b-haut-gris-origine;16222;100.0;66.0
vitre-arriere-samsung-galaxy-z-flip3-5g-f711b-haut-noir-origine;14865;100.0;60.0
vitre-arriere-samsung-galaxy-z-flip3-5g-f711b-haut-violet-origine;14866;100.0;70.8
vitre-arriere-samsung-galaxy-z-flip4-f721b-bas-lavande-gh82-29298b-origine;15438;100.0;20.4
vitre-arriere-samsung-galaxy-z-flip4-5g-f721b-bas-bleu-origine;15440;100.0;22.8
vitre-arriere-samsung-galaxy-z-flip4-5g-f721b-bas-noir-origine;15439;100.0;21.6
vitre-arriere-samsung-galaxy-z-flip4-5g-f721b-bas-or-rose-origine;15437;100.0;20.4
vitre-arriere-samsung-galaxy-z-flip4-5g-f721b-haut-bleu-origine;15435;100.0;63.6
vitre-arriere-samsung-galaxy-z-flip4-5g-f721b-haut-lavande-origine;15433;100.0;72.0
vitre-arriere-samsung-galaxy-z-flip4-5g-f721b-haut-noir-origine;15434;100.0;72.0
vitre-arriere-samsung-galaxy-z-flip4-5g-f721b-haut-or-rose-origine;15432;100.0;55.2
vitre-arriere-samsung-galaxy-z-flip5-5g-f731b-bas-bleu-cobalt-origine;16476;100.0;19.2
vitre-arriere-samsung-galaxy-z-flip5-5g-f731b-bas-creme-origine;16474;100.0;19.2
vitre-arriere-samsung-galaxy-z-flip5-5g-f731b-bas-lavende-gh82-31929c-origine;16475;100.0;19.2
vitre-arriere-samsung-galaxy-z-flip5-5g-f731b-bas-noir-origine;16473;100.0;19.2
vitre-arriere-samsung-galaxy-z-flip5-5g-f731b-haut-ecran-noir-origine;16487;100.0;66.0
vitre-arriere-samsung-galaxy-z-flip6-5g-f741b-haut-ecran-argent-origine;21937;100.0;72.0
vitre-arriere-samsung-galaxy-z-flip6-5g-f741b-haut-ecran-noir-origine;21791;100.0;72.0
vitre-arriere-samsung-galaxy-z-flip7-f766b-bleu-origine;20717;100.0;20.4
vitre-arriere-samsung-galaxy-z-flip7-f766b-noir-origine;20715;100.0;20.4
vitre-arriere-samsung-galaxy-z-flip7-f766b-vert-origine;20716;100.0;20.4
vitre-arriere-samsung-galaxy-z-flip7-5g-f766b-haut-noir-origine;21787;100.0;82.8
vitre-arriere-samsung-galaxy-z-flip7-fe-f761b-blanc-origine;20726;100.0;19.2
vitre-arriere-samsung-galaxy-z-flip7-fe-f761b-haut-noir-origine;20724;100.0;78.0
vitre-arriere-samsung-galaxy-z-fold2-5g-f916b-bronze-origine;14016;100.0;48.0
vitre-arriere-samsung-galaxy-z-fold2-5g-f916b-noir-origine;13030;100.0;36.0
vitre-arriere-samsung-galaxy-z-fold3-f926b-noir-origine;18296;100.0;36.0
vitre-arriere-samsung-galaxy-z-fold3-f926b-argent-origine;19582;100.0;32.4
vitre-arriere-samsung-galaxy-z-fold4-5g-f936b-beige-origine;15424;100.0;30.0
vitre-arriere-samsung-galaxy-z-fold4-5g-f936b-gris-origine;15425;100.0;42.0
vitre-arriere-samsung-galaxy-z-fold4-5g-f936b-noir-origine;15423;100.0;34.8
vitre-arriere-samsung-galaxy-z-fold5-5g-f946b-bleu-origine;16472;100.0;31.8
vitre-arriere-samsung-galaxy-z-fold5-5g-f946b-cobalt-origine;16657;100.0;31.2
vitre-arriere-samsung-galaxy-z-fold5-5g-f946b-creme-origine;16658;100.0;32.4
vitre-arriere-samsung-galaxy-z-fold5-5g-f946b-noir-origine;16471;100.0;31.2
vitre-arriere-samsung-galaxy-z-fold7-f966b-bleu;20701;100.0;33.6
vitre-arriere-samsung-galaxy-z-fold7-f966b-gris;20702;100.0;33.6
vitre-arriere-samsung-galaxy-z-fold7-f966b-noir;20700;100.0;33.6
vitre-arriere-samsung-galaxy-z-fold7-f966b-vert;20703;100.0;33.6
vitre-arriere-samsung-z-flip6-5g-f741b-bas-argent-origine;19207;100.0;24.0
vitre-arriere-samsung-z-flip6-5g-f741b-bas-bleu-origine;19211;100.0;24.0
vitre-arriere-samsung-z-flip6-5g-f741b-bas-jaune-origine;19208;100.0;24.0
vitre-arriere-samsung-z-flip6-5g-f741b-bas-noir-origine;19209;100.0;24.0
vitre-arriere-samsung-z-flip6-5g-f741b-bas-vert-origine;19210;100.0;24.0
vitre-arriere-samsung-z-flip6-5g-f741b-haut-ecran-bleu-origine;19213;100.0;60.0
vitre-arriere-samsung-z-flip6-5g-f741b-haut-ecran-jaune-origine;19212;100.0;84.0
vitre-arriere-samsung-z-flip6-5g-f741b-haut-ecran-vert-origine;19214;100.0;90.0
vitre-arriere-samsung-z-fold6-5g-f956b-argent-origine;19216;100.0;32.4
vitre-arriere-samsung-z-fold6-5g-f956b-blanc-origine;19220;100.0;36.0
vitre-arriere-samsung-z-fold6-5g-f956b-bleu-origine;19217;100.0;32.4
vitre-arriere-samsung-z-fold6-5g-f956b-noir-origine;19218;100.0;36.0
vitre-arriere-samsung-z-fold6-5g-f956b-rose-origine;19219;100.0;36.0
vitre-cache-camera-large-samsung-galaxy-z-flip3-5g-f711b;14854;100.0;1.9
vitre-cache-camera-piec-samsung-galaxy-s24-ultra-5g-s928b-piec;22198;100.0;2.4
vitre-cache-camera-ultra-large-samsung-galaxy-z-flip3-5g-f711b;14853;100.0;2.81
vitre-cache-camera-module-complet-samsung-galaxy-a14-4g-a145f-gh81-23510a-origin;18287;100.0;5.04
vitre-cache-camera-arriere-huawei-mate-8-blanc;8519;100.0;7.2
vitre-cache-camera-arriere-huawei-mate-8-noir;8518;100.0;1.2
vitre-cache-camera-arriere-huawei-mate-8-or;8520;100.0;7.2
vitre-cache-camera-arriere-huawei-p20;11282;100.0;0.9
vitre-cache-camera-arriere-huawei-p20-lite;11281;100.0;2.4
vitre-cache-camera-arriere-huawei-p20-pro;11280;100.0;1.96
vitre-cache-camera-arriere-huawei-p9-eva-l09-blanc;5479;100.0;3.96
vitre-cache-camera-arriere-huawei-p9-eva-l09-noir;3225;100.0;3.96
vitre-cache-camera-arriere-huawei-p9-eva-l09-or;8770;100.0;3.96
vitre-cache-camera-arriere-iphone-7;8973;100.0;2.4
vitre-cache-camera-arriere-iphone-7-plus;8974;100.0;0.72
vitre-cache-camera-arriere-iphone-8-se-2020-se-2022;4628;100.0;1.2
vitre-cache-camera-arriere-iphone-8-plus;4623;100.0;1.2
vitre-cache-camera-arriere-iphone-x;11044;100.0;1.2
vitre-cache-camera-arriere-iphone-xr;7787;100.0;1.2
vitre-cache-camera-arriere-iphone-xs-xs-max;7118;100.0;1.2
vitre-cache-camera-arriere-samsung-galaxy-a10-a105f;4371;100.0;1.9
vitre-cache-camera-arriere-samsung-galaxy-a50-a505f;12078;100.0;1.97
vitre-cache-camera-arriere-samsung-galaxy-a51-a515f-noir;3757;100.0;1.44
vitre-cache-camera-arriere-samsung-galaxy-a51-a515f-noir-piec;22034;100.0;1.2
vitre-cache-camera-arriere-samsung-galaxy-a7-2018-a750f-noir;11986;100.0;4.8
vitre-cache-camera-arriere-samsung-galaxy-a7-2018-a750f-or;11987;100.0;3.6
vitre-cache-camera-arriere-samsung-galaxy-a70-a705f;12140;100.0;1.6
vitre-cache-camera-arriere-samsung-galaxy-a80-a805f-origine;4389;100.0;1.44
vitre-cache-camera-arriere-samsung-galaxy-a9-2018-a920f-bleu;11895;100.0;1.2
vitre-cache-camera-arriere-samsung-galaxy-a9-2018-a920f-noir;11893;100.0;1.2
vitre-cache-camera-arriere-samsung-galaxy-a9-2018-a920f-rose;11894;100.0;1.2
vitre-cache-camera-arriere-samsung-galaxy-j3-2017-j330f-j5-2017-j530f-j7-2017-j7;9220;100.0;2.62
vitre-cache-camera-arriere-samsung-galaxy-j4-j415f;9079;100.0;1.16
vitre-cache-camera-arriere-samsung-galaxy-j6-j610f;12117;100.0;2.54
vitre-cache-camera-arriere-samsung-galaxy-note-10-lite-n770f;12239;100.0;2.84
vitre-cache-camera-arriere-samsung-galaxy-note-9-n960f-bleu-cobalt;9199;100.0;1.2
vitre-cache-camera-arriere-samsung-galaxy-note-9-n960f-noir-profond;9204;100.0;1.2
vitre-cache-camera-arriere-samsung-galaxy-s10-g973f-s10-g975f;9231;100.0;1.26
vitre-cache-camera-arriere-samsung-galaxy-s20-4g-g980f-s20-5g-g981b;3645;100.0;0.98
vitre-cache-camera-avant-samsung-galaxy-s3-i9300;6928;100.0;2.4
vitre-cache-camera-complete-samsung-galaxy-a13-a135f-a137f;15337;100.0;1.66
vitre-cache-camera-grand-angle-samsung-galaxy-a13-a135f-a137f;15338;100.0;2.47
vitre-cache-camera-iphone-12;13261;100.0;1.2
vitre-cache-camera-iphone-12-pro;13259;100.0;1.56
vitre-cache-camera-iphone-12-pro-max;13257;100.0;1.32
vitre-cache-camera-iphone-13-pro-13-pro-max;14176;100.0;1.2
vitre-cache-camera-iphone-14-14-plus;16385;100.0;1.2
vitre-cache-camera-iphone-14-pro;16384;100.0;1.2
vitre-cache-camera-iphone-14-pro-max;16383;100.0;2.4
vitre-cache-camera-iphone-15-15-plus;17899;100.0;1.68
vitre-cache-camera-iphone-15-15-plus-origine;17898;100.0;1.7
vitre-cache-camera-iphone-15-pro-15-pro-max-16-pro-16-pro-max;17913;100.0;2.28
vitre-cache-camera-iphone-15-pro-15-pro-max-16-pro-16-pro-max-origine;17912;100.0;3.0
vitre-cache-camera-iphone-16-16-plus-noir-origine;19386;100.0;4.42
vitre-cache-camera-iphone-17;22783;100.0;3.0
vitre-cache-camera-iphone-17-origine;22778;100.0;3.6
vitre-cache-camera-iphone-17-pro;22785;100.0;6.1
vitre-cache-camera-iphone-17-pro-piec;22968;100.0;2.4
vitre-cache-camera-iphone-17-pro-max;22786;100.0;6.19
vitre-cache-camera-iphone-17-pro-max-piec;22967;100.0;2.4
vitre-cache-camera-iphone-17-pro-max-origine;22781;100.0;6.0
vitre-cache-camera-iphone-17-pro-origine;22780;100.0;6.0
vitre-cache-camera-iphone-6-6s;5901;100.0;0.72
vitre-cache-camera-iphone-6-plus-6s-plus;5902;100.0;1.15
vitre-cache-camera-noir-samsung-galaxy-s10e-g970f-piec;22154;100.0;1.2
vitre-cache-camera-principale-samsung-galaxy-s25-ultra-s938b-gh64-09679a-origine;22176;100.0;3.24
vitre-cache-camera-samsung-a02-2021-a022f;15194;100.0;2.84
vitre-cache-camera-samsung-galaxy-a01-2020-a015f;13488;100.0;1.64
vitre-cache-camera-samsung-galaxy-a02s-a025f;13847;100.0;1.15
vitre-cache-camera-samsung-galaxy-a03-a035g-a035f-noir;16191;100.0;1.2
vitre-cache-camera-samsung-galaxy-a03-core-a032f;16086;100.0;1.15
vitre-cache-camera-samsung-galaxy-a03s-a037f-a037g-noir;15606;100.0;2.53
vitre-cache-camera-samsung-galaxy-a04-a045f;15756;100.0;3.52
vitre-cache-camera-samsung-galaxy-a04s-a047f;15752;100.0;1.4
vitre-cache-camera-samsung-galaxy-a05-a055f-noir;19783;100.0;1.45
vitre-cache-camera-samsung-galaxy-a05s-4g-a057g-piec;23116;100.0;2.4
vitre-cache-camera-samsung-galaxy-a06-a065f-noir;19792;100.0;1.45
vitre-cache-camera-samsung-galaxy-a06-5g-a066b-piec;23056;100.0;1.8
vitre-cache-camera-samsung-galaxy-a07-4g-a075f-piec;22835;100.0;2.4
vitre-cache-camera-samsung-galaxy-a11-a115f;14065;100.0;2.4
vitre-cache-camera-samsung-galaxy-a12-2020-a125f;13253;100.0;1.18
vitre-cache-camera-samsung-galaxy-a14-4g-a145f;16104;100.0;1.26
vitre-cache-camera-samsung-galaxy-a14-5g-a146b;16098;100.0;2.06
vitre-cache-camera-samsung-galaxy-a16-4g-a165f-5g-a166b-piec;22857;100.0;2.4
vitre-cache-camera-samsung-galaxy-a17-4g-a175f-5g-a176b-piec;22870;100.0;2.4
vitre-cache-camera-samsung-galaxy-a20-a205-a20e-a202f-gh64-07449a-origine;19565;100.0;3.6
vitre-cache-camera-samsung-galaxy-a21s-2020-a217f;12923;100.0;1.07
vitre-cache-camera-samsung-galaxy-a21s-2020-a217f-piec;22078;100.0;2.4
vitre-cache-camera-samsung-galaxy-a22-4g-blanc;14892;100.0;2.3
vitre-cache-camera-samsung-galaxy-a22-5g-a226b-blanc;14925;100.0;1.2
vitre-cache-camera-samsung-galaxy-a22-5g-a226b-noir;13852;100.0;2.53
vitre-cache-camera-samsung-galaxy-a23-4g-a235f-5g-a236b-noir;16163;100.0;1.56
vitre-cache-camera-samsung-galaxy-a24-4g-a245f-noir;19770;100.0;1.73
vitre-cache-camera-samsung-galaxy-a26-5g-a266b-piec;20948;100.0;1.8
vitre-cache-camera-samsung-galaxy-a26-5g-a266b-noir-origine;21101;100.0;3.96
vitre-cache-camera-samsung-galaxy-a31-a315f;12862;100.0;0.98
vitre-cache-camera-samsung-galaxy-a33-a336b-origine;22179;100.0;3.0
vitre-cache-camera-samsung-galaxy-a36-5g-a366b-piec;20923;100.0;2.4
vitre-cache-camera-samsung-galaxy-a37-5g-a376b-piec;23357;100.0;1.34
vitre-cache-camera-samsung-galaxy-a41-a415f;12860;100.0;1.08
vitre-cache-camera-samsung-galaxy-a42-5g-a426b-argent;13242;100.0;1.82
vitre-cache-camera-samsung-galaxy-a42-5g-a426b-blanc;13243;100.0;1.94
vitre-cache-camera-samsung-galaxy-a42-5g-a426b-noir;13241;100.0;1.52
vitre-cache-camera-samsung-galaxy-a50s-2019-a507f;13505;100.0;1.64
vitre-cache-camera-samsung-galaxy-a51-5g-a516b-noir-origine;19520;100.0;3.6
vitre-cache-camera-samsung-galaxy-a56-5g-a566b-piec;20935;100.0;2.4
vitre-cache-camera-samsung-galaxy-a57-5g-a576b-piec;23358;100.0;1.34
vitre-cache-camera-samsung-galaxy-a6-2018-a600f-noir;11366;100.0;1.2
vitre-cache-camera-samsung-galaxy-a6-2018-a605f-noir;11376;100.0;1.2
vitre-cache-camera-samsung-galaxy-a71-a715f;13430;100.0;1.06
vitre-cache-camera-samsung-galaxy-a71-a715f-piec;22032;100.0;0.72
vitre-cache-camera-samsung-galaxy-a72-a725f;13704;100.0;3.06
vitre-cache-camera-samsung-galaxy-a73-5g-a736b-noir;19962;100.0;1.45
vitre-cache-camera-samsung-galaxy-a90-5g-a908b-noir;19956;100.0;1.45
vitre-cache-camera-samsung-galaxy-alpha-g850f-noir;3984;100.0;2.4
vitre-cache-camera-samsung-galaxy-fold-f900f;12931;100.0;2.82
vitre-cache-camera-samsung-galaxy-m13-m135f-noir;15771;100.0;4.12
vitre-cache-camera-samsung-galaxy-m53-5g-m536b;16706;100.0;1.56
vitre-cache-camera-samsung-galaxy-note-10-n970f-origine;13746;100.0;2.71
vitre-cache-camera-samsung-galaxy-note-20-n980f-n981f-bronze;14206;100.0;2.82
vitre-cache-camera-samsung-galaxy-note-20-n980f-n981f-noir;14205;100.0;0.98
vitre-cache-camera-samsung-galaxy-note-20-ultra-n985f-n986f-origine;22194;100.0;9.6
vitre-cache-camera-samsung-galaxy-note-20-ultra-5g-n986b-argent;14203;100.0;3.96
vitre-cache-camera-samsung-galaxy-note-20-ultra-5g-n986b-noir;14215;100.0;1.56
vitre-cache-camera-samsung-galaxy-note-3-n9005-blanc;3951;100.0;2.4
vitre-cache-camera-samsung-galaxy-note-3-n9005-noir;3952;100.0;2.4
vitre-cache-camera-samsung-galaxy-s10-5g-g977b;12738;100.0;2.06
vitre-cache-camera-samsung-galaxy-s10-lite-g770f-gh64-07686a-origine;18375;100.0;3.6
vitre-cache-camera-samsung-galaxy-s10e-g970f-blanc;13939;100.0;1.78
vitre-cache-camera-samsung-galaxy-s10e-g970f-noir;13938;100.0;2.04
vitre-cache-camera-samsung-galaxy-s20-fe-4g-g780f-s20-fe-5g-g781b-noir;12992;100.0;1.15
vitre-cache-camera-samsung-galaxy-s20-ultra-g988f-g988b;13034;100.0;1.26
vitre-cache-camera-samsung-galaxy-s21-fe-g990b;14628;100.0;1.9
vitre-cache-camera-samsung-galaxy-s21-ultra-g998b-noir;16026;100.0;1.66
vitre-cache-camera-samsung-galaxy-s23-s911b-gh82-30486a-noir-origine;18394;100.0;15.6
vitre-cache-camera-samsung-galaxy-s23-s911b-gh82-30486b-beige-origine;18395;100.0;15.6
vitre-cache-camera-samsung-galaxy-s23-s911b-gh82-30486c-vert-origine;18393;100.0;15.6
vitre-cache-camera-samsung-galaxy-s23-s911b-gh82-30486d-lavande-origine;18396;100.0;15.6
vitre-cache-camera-samsung-galaxy-s23-fe-s711b;17313;100.0;1.79
vitre-cache-camera-samsung-galaxy-s23-ultra-s918b;17675;100.0;2.02
vitre-cache-camera-samsung-galaxy-s23-ultra-s918b-gh82-30462a-noir-origine;18713;100.0;24.0
vitre-cache-camera-samsung-galaxy-s23-ultra-s918b-gh82-30462b-beige-origine;18711;100.0;22.8
vitre-cache-camera-samsung-galaxy-s23-ultra-s918b-gh82-30462c-vert-origine;18712;100.0;19.2
vitre-cache-camera-samsung-galaxy-s23-ultra-s918b-gh82-30462d-violet-origine;18710;100.0;22.8
vitre-cache-camera-samsung-galaxy-s23-ultra-s918b-gh82-30462g-bleu-origine;18714;100.0;19.2
vitre-cache-camera-samsung-galaxy-s23-s916b-gh82-30473a-noir-origine;18716;100.0;18.0
vitre-cache-camera-samsung-galaxy-s23-s916b-gh82-30473b-beige-origine;18718;100.0;18.0
vitre-cache-camera-samsung-galaxy-s23-s916b-gh82-30473c-vert-origine;18717;100.0;18.0
vitre-cache-camera-samsung-galaxy-s23-s916b-gh82-30473d-violet-origine;18719;100.0;18.0
vitre-cache-camera-samsung-galaxy-s25-5g-s931b-piec;22939;100.0;2.4
vitre-cache-camera-samsung-galaxy-s25-fe-s731b-piec;22849;100.0;2.4
vitre-cache-camera-samsung-galaxy-s25-ultra-s938b-gh64-09678a-origine;22177;100.0;3.6
vitre-cache-camera-samsung-galaxy-s25-ultra-5g-s938b-piec;22950;100.0;2.4
vitre-cache-camera-samsung-galaxy-s25-5g-s936b-piec;22945;100.0;1.44
vitre-cache-camera-samsung-galaxy-s26-5g-s942b-s26-5g-s947b-piec;23351;100.0;1.34
vitre-cache-camera-samsung-galaxy-s26-ultra-5g-s948b-piec;23354;100.0;1.9
vitre-cache-camera-samsung-galaxy-s3-i9300;3914;100.0;2.4
vitre-cache-camera-samsung-galaxy-s5-g900f;3913;100.0;1.2
vitre-cache-camera-samsung-galaxy-s6-g920f-s6-edge-g925f-blanc;3927;100.0;0.6
vitre-cache-camera-samsung-galaxy-s6-g920f-s6-edge-g925f-noir;3928;100.0;1.54
vitre-cache-camera-samsung-galaxy-s6-edge-plus-g928f-noir;8551;100.0;2.3
vitre-cache-camera-samsung-galaxy-s7-g930f-s7-edge-g935f;8313;100.0;1.26
vitre-cache-camera-samsung-galaxy-s8-g950f-s8-g955f;9599;100.0;1.08
vitre-cache-camera-samsung-galaxy-s9-g960f-origine-gh64-06716a;11059;100.0;1.06
vitre-cache-camera-samsung-galaxy-s9-g965f;11068;100.0;1.54
vitre-cache-camera-samsung-galaxy-tab-a7-2020-10-4-t500-t505-gh81-19656a-origine;14199;100.0;1.87
vitre-cache-camera-samsung-galaxy-tab-s2-9-7-t810-t815-gh98-36987a-origine;18459;100.0;4.8
vitre-cache-camera-samsung-galaxy-z-flip-4g-f700f-5g-f707b;14060;100.0;2.46
vitre-cache-camera-samsung-galaxy-z-flip3-5g-f711b;14887;100.0;1.92
vitre-cache-camera-samsung-galaxy-z-flip6-grand-angle-origine;20691;100.0;2.4
vitre-cache-camera-samsung-galaxy-z-flip6-principale-origine;20692;100.0;2.4
vitre-cache-camera-samsung-galaxy-z-flip7-f766b-grand-angle-origine;20722;100.0;3.36
vitre-cache-camera-samsung-galaxy-z-flip7-f766b-principale-origine;20723;100.0;3.3
vitre-cache-camera-samsung-galaxy-z-flip7-fe-f761b-grand-angle-origine;20728;100.0;3.36
vitre-cache-camera-samsung-galaxy-z-flip7-fe-f761b-principale-origine;20729;100.0;3.36
vitre-cache-camera-samsung-galaxy-z-fold2-5g-f916b-bronze;15396;100.0;5.02
vitre-cache-camera-samsung-galaxy-z-fold2-5g-f916b-noir;15397;100.0;5.02
vitre-cache-camera-samsung-galaxy-z-fold2-5g-f916b-or;15398;100.0;5.02
vitre-cache-camera-samsung-galaxy-z-fold3-5g-f926b;15408;100.0;3.71
vitre-cache-camera-samsung-galaxy-z-fold6-grand-angle-origine;20689;100.0;2.4
vitre-cache-camera-samsung-galaxy-z-fold6-principale-origine;20688;100.0;2.4
vitre-cache-camera-samsung-galaxy-z-fold6-teleobjectif-origine;20690;100.0;2.4
vitre-cache-camera-samsung-galaxy-z-fold7-f966b-grand-angle-origine;20705;100.0;3.0
vitre-cache-camera-samsung-galaxy-z-fold7-f966b-teleobjectif-origine;20704;100.0;3.0
vitre-cache-camera-telephoto-samsung-galaxy-s25-ultra-5g-s938b-gh64-09680a-origi;22461;100.0;3.6
vitre-cache-flash-samsung-galaxy-a6-2018-a605f-noir;11377;100.0;1.2
vitre-camera-avec-support-samsung-galaxy-a22-a226b-blanc-piec;21694;100.0;0.96
vitre-camera-avec-support-samsung-galaxy-a22-a226b-noir-piec;21693;100.0;0.96
vitre-camera-avec-support-samsung-galaxy-a22-a226b-violet-piec;21695;100.0;0.96
vitre-camera-avec-supprt-samsung-galaxy-a25-5g-a256b-piec;21657;100.0;0.48
vitre-camera-samsung-galaxy-a41-a415f-piec;21705;100.0;1.2
vitre-camera-samsung-galaxy-a42-a426b-blanc-piec;21669;100.0;0.72
vitre-camera-samsung-galaxy-a42-a426b-noir-piec;21667;100.0;0.72
vitre-iphone-5-blanc;4161;100.0;2.4
vitre-iphone-5-noir;4160;100.0;2.4
vitre-samsung-galaxy-ace-s5830-blanc;774;100.0;1.2
vitre-samsung-galaxy-ace-s5830-noir;457;100.0;8.4
vitre-samsung-galaxy-note-2-n7100-note-2-4g-n7105-blanc;1980;100.0;1.2
vitre-samsung-galaxy-note-2-n7100-note-2-4g-n7105-noir;1979;100.0;1.2
vitre-samsung-galaxy-note-3-neo-n7505-blanc;4177;100.0;1.2
vitre-samsung-galaxy-s2-i9100-blanc;1961;100.0;3.6
vitre-samsung-galaxy-s3-mini-i8190-blanc;2166;100.0;3.6
vitre-samsung-galaxy-s3-mini-i8190-bleu;8284;100.0;3.6
vitre-samsung-galaxy-s3-mini-i8190-noir;2167;100.0;3.6
vitre-tactile-assemblee-ipad-mini-3-blanc;5733;100.0;17.75
vitre-tactile-assemblee-ipad-mini-3-noir;5732;100.0;8.04
vitre-tactile-avec-adhesif-3m-iphone-3gs-blanc;384;100.0;2.4
vitre-tactile-huawei-ascend-g620s-blanc;8196;100.0;4.32
vitre-tactile-huawei-ascend-g620s-noir;6935;100.0;3.6
vitre-tactile-huawei-ascend-y330-noir;9765;100.0;3.6
vitre-tactile-ipad-10-2-7-8-gen-blanc-origine;4180;100.0;14.4
vitre-tactile-ipad-10-2-7-8-gen-noir-origine;4181;100.0;15.0
vitre-tactile-ipad-10-9-10e-gen-2022-11e-gen-2025-origine;16382;100.0;21.72
vitre-tactile-ipad-2-blanc;585;100.0;8.4
vitre-tactile-ipad-2-noir;589;100.0;8.4
vitre-tactile-ipad-2018-9-7-6e-gen-blanc;7132;100.0;6.0
vitre-tactile-ipad-2018-9-7-6e-gen-blanc-origine;11230;100.0;11.06
vitre-tactile-ipad-2018-9-7-6e-gen-noir;7134;100.0;6.0
vitre-tactile-ipad-2018-9-7-6e-gen-noir-origine;11229;100.0;9.6
vitre-tactile-ipad-2019-2020-10-2-7eme-8eme-gen-blanc;3683;100.0;6.0
vitre-tactile-ipad-2019-2020-10-2-7eme-gen-8eme-gen-noir;3684;100.0;6.48
vitre-tactile-ipad-2021-10-2-9e-gen-noir-origine;16930;100.0;15.0
vitre-tactile-ipad-3-ipad-4-blanc;864;100.0;7.79
vitre-tactile-ipad-3-ipad-4-noir;863;100.0;5.32
vitre-tactile-ipad-air-ipad-2017-9-7-blanc;1457;100.0;4.8
vitre-tactile-ipad-air-ipad-2017-9-7-blanc-origine;7738;100.0;12.6
vitre-tactile-ipad-air-ipad-2017-9-7-noir;1456;100.0;4.8
vitre-tactile-ipad-air-ipad-2017-9-7-noir-origine;7710;100.0;9.6
vitre-tactile-ipad-mini-mini-2-blanc-origine;7129;100.0;7.2
vitre-tactile-ipad-mini-mini-2-noir-origine;7128;100.0;9.47
vitre-tactile-ipad-mini-1-mini-2-blanc;1633;100.0;6.48
vitre-tactile-ipad-mini-1-mini-2-noir;1632;100.0;6.96
vitre-tactile-noire-pour-samsung-galaxy-core-i8260;3355;100.0;3.6
vitre-tactile-pour-samsung-galaxy-core-i8260-blanc;3388;100.0;3.6
vitre-tactile-pour-samsung-galaxy-young-s6310-noir;3258;100.0;3.6
vitre-tactile-samsung-galaxy-ace-s5830i-s5839i-blanc;941;100.0;3.6
vitre-tactile-samsung-galaxy-ace-2-i8160-blanc;1045;100.0;3.6
vitre-tactile-samsung-galaxy-ace-2-i8160-noir;1351;100.0;1.2
vitre-tactile-samsung-galaxy-ace-3-s7275-blanc;3444;100.0;3.6
vitre-tactile-samsung-galaxy-ace-duos-s6802-blanc;6155;100.0;3.6
vitre-tactile-samsung-galaxy-ace-duos-s6802-noir;6156;100.0;3.6
vitre-tactile-samsung-galaxy-core-4g-g386f-blanc-origine;4523;100.0;3.6
vitre-tactile-samsung-galaxy-core-4g-g386f-noir-origine;4524;100.0;3.6
vitre-tactile-samsung-galaxy-core-ii-g355-blanc;5499;100.0;3.6
vitre-tactile-samsung-galaxy-core-ii-g355-noir;5345;100.0;3.6
vitre-tactile-samsung-galaxy-core-plus-g350-blanc;4762;100.0;3.6
vitre-tactile-samsung-galaxy-core-plus-g350-noir;4763;100.0;3.6
vitre-tactile-samsung-galaxy-core-prime-g360f-argent;5746;100.0;3.6
vitre-tactile-samsung-galaxy-core-prime-g360f-blanc;5449;100.0;3.6
vitre-tactile-samsung-galaxy-core-prime-g360f-noir;5450;100.0;3.6
vitre-tactile-samsung-galaxy-express-2-g3815-blanc;5671;100.0;3.6
vitre-tactile-samsung-galaxy-express-2-g3815-noir;5672;100.0;3.6
vitre-tactile-samsung-galaxy-gio-s5660-blanc;6076;100.0;3.6
vitre-tactile-samsung-galaxy-gio-s5660-noir;1499;100.0;3.6
vitre-tactile-samsung-galaxy-grand-i9060-blanc;3464;100.0;3.6
vitre-tactile-samsung-galaxy-grand-i9060-noir;3463;100.0;3.6
vitre-tactile-samsung-galaxy-grand-i9082-blanc;4529;100.0;3.6
vitre-tactile-samsung-galaxy-grand-i9082-noir;4528;100.0;3.6
vitre-tactile-samsung-galaxy-grand-2-g7105-blanc;4544;100.0;3.6
vitre-tactile-samsung-galaxy-grand-prime-g530fz-g531f-blanc-origine;6489;100.0;3.6
vitre-tactile-samsung-galaxy-grand-prime-g530fz-g531f-noir-origine;6531;100.0;6.0
vitre-tactile-samsung-galaxy-grand-prime-plus-g532f-blanc;10378;100.0;3.6
vitre-tactile-samsung-galaxy-grand-prime-plus-g532f-or;10379;100.0;3.6
vitre-tactile-samsung-galaxy-j1-j100f-blanc-origine;6534;100.0;3.6
vitre-tactile-samsung-galaxy-j1-j100f-noir;6559;100.0;3.6
vitre-tactile-samsung-galaxy-j1-mini-j105f-noir;8583;100.0;3.6
vitre-tactile-samsung-galaxy-j1-mini-j105f-or;8584;100.0;3.6
vitre-tactile-samsung-galaxy-mini-s5570-blanc;5454;100.0;3.6
vitre-tactile-samsung-galaxy-mini-2-gt-s6500;3316;100.0;3.6
vitre-tactile-samsung-galaxy-note-10-1-n8000-tab-2-p5100-p5110-noir;2038;100.0;3.6
vitre-tactile-samsung-galaxy-note-3-n9005-noir;5127;100.0;1.2
vitre-tactile-samsung-galaxy-pocket-plus-s5301;3351;100.0;1.2
vitre-tactile-samsung-galaxy-star-s5280-blanc;3399;100.0;3.6
vitre-tactile-samsung-galaxy-star-s5280-noir;3398;100.0;3.6
vitre-tactile-samsung-galaxy-tab-10-1-p7510-p7500-noir;708;100.0;3.6
vitre-tactile-samsung-galaxy-tab-2-7-0-p3100-3g-blanc;3475;100.0;3.6
vitre-tactile-samsung-galaxy-tab-2-7-0-p3100-3g-noir;1438;100.0;3.6
vitre-tactile-samsung-galaxy-tab-2-7-0-p3110-wi-fi-blanc;3474;100.0;3.6
vitre-tactile-samsung-galaxy-tab-2-7-0-p3110-wi-fi-noir;3473;100.0;3.6
vitre-tactile-samsung-galaxy-tab-3-10-1-p5200-p5210-p5220-blanc;3014;100.0;5.27
vitre-tactile-samsung-galaxy-tab-3-10-1-p5200-p5210-p5220-noir;3034;100.0;9.8
vitre-tactile-samsung-galaxy-tab-3-10-1-p5200-p5210-p5220-rouge;9864;100.0;3.6
vitre-tactile-samsung-galaxy-tab-3-7-0-t210-wi-fi-noir;5099;100.0;3.6
vitre-tactile-samsung-galaxy-tab-3-7-0-t211-3g-blanc;3029;100.0;3.6
vitre-tactile-samsung-galaxy-tab-3-7-0-3g-t211-noir;833;100.0;3.6
vitre-tactile-samsung-galaxy-tab-3-lite-7-0-t111-3g-blanc;4745;100.0;3.6
vitre-tactile-samsung-galaxy-tab-3-lite-7-0-t111-3g-noir;10169;100.0;3.6
vitre-tactile-samsung-galaxy-tab-4-10-1-t530-t535-blanc;3482;100.0;5.27
vitre-tactile-samsung-galaxy-tab-4-7-0-t230-wi-fi-noir;8859;100.0;3.6
vitre-tactile-samsung-galaxy-tab-4-7-0-t235-3g-blanc;6153;100.0;3.6
vitre-tactile-samsung-galaxy-tab-7-0-p1000-noir;599;100.0;3.6
vitre-tactile-samsung-galaxy-tab-8-9-p7300-p7310-noir-origine;8389;100.0;3.6
vitre-tactile-samsung-galaxy-tab-a-9-7-t550-t555-blanc;9082;100.0;4.8
vitre-tactile-samsung-galaxy-tab-a-9-7-t550-t555-noir;9859;100.0;6.41
vitre-tactile-samsung-galaxy-tab-a6-tab-a-2016-10-1-t580-blanc;10670;100.0;5.4
vitre-tactile-samsung-galaxy-tab-a6-tab-a-2016-10-1-t580-noir;3242;100.0;6.48
vitre-tactile-samsung-galaxy-tab-active-wi-fi-t360-noir;8945;100.0;3.6
vitre-tactile-samsung-galaxy-tab-e-9-6-t560-blanc;1683;100.0;5.22
vitre-tactile-samsung-galaxy-tab-e-9-6-t560-noir;7740;100.0;4.82
vitre-tactile-samsung-galaxy-tab-pro-8-4-t320-blanc;8632;100.0;3.6
vitre-tactile-samsung-galaxy-tab-pro-8-4-t320-noir;8631;100.0;3.6
vitre-tactile-samsung-galaxy-trend-s7560-s7562-blanc;1310;100.0;3.6
vitre-tactile-samsung-galaxy-trend-s7560-s7562-noir;2184;100.0;3.6
vitre-tactile-samsung-galaxy-trend-lite-s7390-blanc;3457;100.0;3.6
vitre-tactile-samsung-galaxy-trend-lite-s7390-noir;3456;100.0;3.6
vitre-tactile-samsung-galaxy-trend-plus-s7580-blanc;6536;100.0;3.6
vitre-tactile-samsung-galaxy-trend-plus-s7580-noir;6535;100.0;3.6
vitre-tactile-samsung-galaxy-xcover-2-s7710-noir;6597;100.0;3.6
vitre-tactile-samsung-galaxy-xcover-4-g390f-xcover-4s-g398f-noir;7279;100.0;5.69
vitre-tactile-samsung-galaxy-xcover-4s-g398f-noir-origine;14005;100.0;24.0
vitre-tactile-samsung-galaxy-y-s5360-blanc;9717;100.0;3.6
vitre-tactile-samsung-galaxy-y-s5360-noir;765;100.0;3.6
vitre-tactile-samsung-star-3-duos-s5222-blanc;5453;100.0;3.6
vitre-tactile-samsung-tab-4-10-1-t530-noir;3480;100.0;13.48
vitre-tactile-samsung-wave-y-s5380-noir;9735;100.0;3.6
wave-3-s8600-nappe-lecteur-sim-lecteur-carte-memoire;1065;100.0;1.2
wi-fi-module-ic-murata-339s0171-iphone-5;8684;100.0;2.4
wi-fi-module-ic-murata-339s0209-iphone-5c;8689;100.0;1.2
wi-fi-module-ic-murata-339s0228-iphone-6-6-plus;8693;100.0;9.6
wi-fi-module-ic-universal-scientific-industrial-339s00043-iphone-6s-6s-plus;8701;100.0;13.2
wifi-ic-339s00399-iphone-8-8-plus-x;14600;100.0;5.93
wifi-ic-339s00540-iphone-xs-xs-max;14602;100.0;8.51
wifi-ic-339s00577-iphone-xr;14601;100.0;12.73
wifi-ic-339s00647-iphone-11;14577;100.0;9.2
wifi-ic-km8d28083-samsung-galaxy-s9-s9;14737;100.0;7.2
wifi-ic-339s00249-ipad-pro-10-5-ipad-2017-9-7;14228;100.0;24.0
wifi-ic-339s00446-ipad-2018-9-7-6e-generation;14227;100.0;14.4
wifi-ic-samsung-galaxy-s10-s10e-note10;14738;100.0;7.2
wifi-ic-samsung-galaxy-s8-s8;14734;100.0;6.0
wireless-charging-charger-ic-338s00817-iphone-13-pro;16280;100.0;4.93
wireless-fast-charging-ic-stpmb0-iphone-11;14585;100.0;8.15
xqisit-cable-apple-usb-vers-lightning-mfi-1-8-m-noir;20575;100.0;6.0
xqisit-cable-apple-usb-vers-lightning-mfi-1-8-m-rouge;20576;100.0;6.0
